CompanyMaster_FK_ID,ProductId,ProductName,Category,ProductType,Description,HSCode,IsConsumable,DefencePlatform,TechArea
206,,CASTINGS AND FABRICATION,,,,,,,
206,,Cast Iron Mould,,,,,,,
206,,Cast Iron Slag Pot,,,,,,,
1013,,Burnt Lime,,,,,,,
5706,,Fabric,,,,,,,
10460,,Waterproofing works,,,,,,,
15664,,Manpower Services,,,,,,,
6176,,civil works,,,,,,,
323,,CABLES FOR SUBMARINE,,,,,,,
2566,,ALUMINIUM ALLOY TUBES OR PIPES VARIOUS,,,,,,,
1571,,BIODIGESTER TANK,,,,,,,
7111,,TRANSPORTATION,,,,,,,
4750,,WELDING WIRE,,,,,,,
10598,,Tally Plates,,,,,,,
699,,Mechanical Power Transmission Equipment(30),,,,,,,
36,,Various Cotton and Synthetic Fabrics,,,,,,,
199,,cathod copper,,,,,,,
5319,,Light Fittings for submarine,,,,,,,
13351,,Flow Meter,,,,,,,
3298,,Air Compressor,,,,,,,
5713,,Survey Vessels,,,,,,,
14029,,FABRIC / CLOTH,,,,,,,
4054,,Incinerator,,,,,,,
2396,,ALUMINIUM MASTER ALLOY,,,,,,,
2335,,MAGNET,,,,,,,
12988,,MAGNET,,,,,,,
2787,,ALUMINIUM ALLOY,,,,,,,
972,,Various Coated Fabrics,,,,,,,
13899,,satellite communication system(SATCOM),,,,,,,
8658,,Fire Fighting equipment,,,,,,,
1862,,CORRUGATED FIBRE BOARD BOXES,,,,,,,
1847,,Various Non Woven and Synthetic Fabrics ,,,,,,,
15105,,"Fabrications, erection, electrical and piping works ",,,,,,,
1825,,Various Coated Fabrics,,,,,,,
13611,,FOAL Items,,,,,,,
2127,,Press Tools ,,,,,,,
15315,,FILTTERS,,,,,,,
14659,,"AIR RECEIVERS, HYDROPHORE TANKS ",,,,,,,
5847,,Various Plastic Slide Fastener ,,,,,,,
4637,,"POLYTHENE BAG, COLD ROLLED",,,,,,,
5760,,Life raft for submarine,,,,,,,
5760,,"LIFEBOAT,MOTOR(14258)",,,,,,,
10315,,CABLE ACCESSORY ASSY                    ,,,,,,,
124,,Various Cotton and Synthetic Fabrics ,,,,,,,
1456,,FIRE DETECTION SYSTEM,,,,,,,
15050,,PIPE FITTINGS AND PIPE MATERIALS,,,,,,,
14587,,manpower supply,,,,,,,
14584,,chequered plates ,,,,,,,
5759,,"Aircraft refueling, Ground Support Equipment",,,,,,,
7208,,Various Coated Fabrics,,,,,,,
2508,,CASTING,,,,,,,
14280,,Manpower Supply,,,,,,,
3221,,VALVES,,,,,,,
4546,,Alternators for Ships (Up to 1.5 MW),,,,,,,
10567,,Various Cotton and Dope Dyed Fabrics and Garniture items,,,,,,,
10332,,Alarm Monitoring System ,,,,,,,
1002,,Various Non Woven Fabrics,,,,,,,
4077,,fire alarm system,,,,,,,
32,,Various Cotton and Synthetic Fabrics,,,,,,,
703,,Various RUBBERISED Fabrics,,,,,,,
949,,Various Non Woven Fabrics,,,,,,,
1815,,Various Coated Fabrics,,,,,,,
942,,Various Non Woven Fabrics,,,,,,,
3851,,LONG RADIUS BENDS,,,,,,,
3873,,OVERHEAD CRANE ,,,,,,,
15346,,TRAVEL SERVICES,,,,,,,
12850,,PIPE FITTINGS AND PIPE MATERIALS,,,,,,,
3967,,VAPOUR DEGREASER ,,,,,,,
15129,,NDT SERVICES,,,,,,,
3272,,VALVES,,,,,,,
245,,Marine DG,,,,,,,
301,,Nickel Metal,,,,,,,
17,,Gear Box,,,,,,,
2324,,Manpower Services,,,,,,,
2746,,"ALL TYPES OF HR/CR/HRPO/GP, CRCA COILS & SHEETS",,,,,,,
19,,Freight forwarder,,,,,,,
2746,,ALL TYPES OF MS PIPES,,,,,,,
215,,Steel Plates and fittings,,,,,,,
9865,,"ALL TYPE OF CAPCELL, CROSSLINK POLYTHYLENE FOAM SHEET",,,,,,,
234,,Screw Pumps,,,,,,,
13427,,LID SEATING FOR BOXH-60/412-S4,,,,,,,
244,,Marine DG,,,,,,,
13427,,HANDLE&CLEAT FOR BOXH-60/412-S,,,,,,,
13427,,RIM FOR BOX H-60/BOX 412/S-4,,,,,,,
13427,,CORNER PLATE FOR BOX H-60,,,,,,,
345,,IMCS,,,,,,,
13427,,BRACKET FOR BOX H-60/412/S-4,,,,,,,
8590,,TESTING & CERTIFICATION OF CRANES,,,,,,,
555,,Gear Box,,,,,,,
13427,,GUIDE ANGLE FOR BOX C-51 A,,,,,,,
9279,,MANPOWER SERVICES,,,,,,,
9844,,MANPOWER SERVICES,,,,,,,
11670,,MANPOWER SERVICES,,,,,,,
11734,,MANPOWER SERVICES,,,,,,,
1116,,Pipe Fittings,,,,,,,
11810,,NDT INSPECTION ACTIVITIES,,,,,,,
12869,,SUPPLY OF STATIONERY ITEMS,,,,,,,
12968,,MANPOWER SERVICES,,,,,,,
12878,,MANPOWER SERVICES,,,,,,,
14287,,MANPOWER SERVICES,,,,,,,
15132,,MANPOWER SERVICES,,,,,,,
1275,,RO Plant,,,,,,,
15165,,SUPPLY OF SWEETS,,,,,,,
15169,,SUPPLY OF STATIONERY ITEMS,,,,,,,
1756,,Hydraulic Hose,,,,,,,
15219,,TAXI SERVICES,,,,,,,
15352,,SUPPLY OF STATIONERY ITEMS,,,,,,,
15657,,SUPPLY OF STATIONERY ITEMS,,,,,,,
1806,,Anti Vibration mount and rubber hoses,,,,,,,
13427,,HINGE AS PER DRG.NO.OFB/C/1410,,,,,,,
15664,,MANPOWER SERVICES,,,,,,,
8666,,ALL TYPES OF CRCA COIL/SHEETS AS PER IS:513,,,,,,,
8666,,GALVANISED COIL/SHEETS (PLAIN & CORRUGATED) AS PER IS:277,,,,,,,
8666,,MS PIPES & GI PIPES UPTO 400MM IN ALL THICKNESS,,,,,,,
14254,,Marine Automation,,,,,,,
2118,,ALUMINIUM ALLOY PLATES OF VARIOUS SIZES FOR PINAKA POD,,,,,,,
9736,,Valve,,,,,,,
1444,,PAINT R/M A/D O.GREEN ISC-220.,,,,,,,
15351,,Valves,,,,,,,
6196,,MANPOWER SERVICES,,,,,,,
8502,,Pipe and tank fabricators,,,,,,,
6986,,SHIP MANAGEMENT SERVICES,,,,,,,
4431,,"RUBBER GASKET, A , OFB/SK/712",,,,,,,
4431,,"VARIOUS SIZES OF O RING, SEALING RING, RUBBER MEMBERANES",,,,,,,
3284,,PUMPS,,,,,,,
5663,,SERVICES FOR M/C'ING OF CANISTER,,,,,,,
5663,,ANTI ROTATION KEY,,,,,,,
4602,,PUMPS,,,,,,,
1582,,Deck Covering,,,,,,,
5663,,BRACKET ASSEMBLY,,,,,,,
5663,,ELECTRO-HYDRAULIC SCISSOR STAND,,,,,,,
2472,,GASKETS,,,,,,,
5663,,CYLINDER FOR METAL CASE,,,,,,,
5663,,SHELL ASSY FOR AKASH SUSTAINER,,,,,,,
9884,,HELMET & FLOOD LIGHT,,,,,,,
10961,,PUMPS,,,,,,,
1582,,Fire detection system,,,,,,,
5663,,MATERIAL HANDLING TROLLEY,,,,,,,
5663,,SET OF COMPONENTS FOR CONTAINER,,,,,,,
6802,,SM SHEET 3.00x1250x2500MM 'D'K,,,,,,,
4118,,Fuel oil Purifiers,,,,,,,
6135,,Container Exploder,,,,,,,
6802,,HOT ROLLED LOW CARBON STEEL SHEET,,,,,,,
6802,,SM SHEET H.R. 2.5x1250x2500 MM,,,,,,,
189,,Pipes,,,,,,,
6135,,Filling PLug,,,,,,,
6935,,RUBBER GASKET 'A' OFB/SK/712,,,,,,,
6935,,STUD FOR CARRIER 13A / 16A,,,,,,,
6135,,Plug,,,,,,,
3756,,calibration services,,,,,,,
13229,,watermist systems,,,,,,,
11420,,Plug,,,,,,,
9,,Test Product,,,,,,,
9003,,FUEL OIL PURIFIER,,,,,,,
11420,,Detonator Holder,,,,,,,
11420,,Container Exploder,,,,,,,
2530,,STEEL ROUND 135.2.0MM DIA SSB 24,,,,,,,
11420,,Ring Nut,,,,,,,
11420,,Nose Plug,,,,,,,
12773,,LIFE BOAT,,,,,,,
2530,,PARTED BILLET F/498 F & SPECN.F-466,,,,,,,
6060,,CATHODIC PROTECTION SERVICES,,,,,,,
607,,"DECK MACHINERY REPAIR WORKS,  ENGINE OVERHAULING",,,,,,,
13055,,INSPECTION SERVICES,,,,,,,
13318,,PIPES AND FITTINGS,,,,,,,
12393,,Biometric Attendance,,,,,,,
13972,,HYDRAULIC POWER PACKS,,,,,,,
1672,,ANTI CORROSIVE COATING,,,,,,,
10850,,Magnesium Metal,,,,,,,
2530,,STEEL BILLET FOR 155 MM M-107,,,,,,,
6565,,VALVES,,,,,,,
13747,,FURNITURE ITEMS,,,,,,,
3313,,STEERING GEAR & ANCHOR CAPSTAN,,,,,,,
8788,,FASTENERS,,,,,,,
6022,,MACHINERY REPAIR WORKS,,,,,,,
6935,,BOTTOM CAP PROTECTOR FOR SHELL 155,,,,,,,
3262,,VACCUM TOILET SYSTEM,,,,,,,
12961,,ADVERTISING AGENCY,,,,,,,
3775,,HYDRAULIC POWER PACKS,,,,,,,
5079,,Thermocouple,,,,,,,
6935,,PROTECTIVE PLUG SK-7747/B,,,,,,,
9209,,FIRE FIGHTING ITEMS,,,,,,,
2838,,VALVES,,,,,,,
3346,,GEAR BOXES,,,,,,,
6196,,Provider of electrical items supplier,,,,,,,
6935,,PLASTIC CONTAINER FS-1778.,,,,,,,
3253,,VALVES & FITTINGS,,,,,,,
371,,STEEL FABRICATION WORKS,,,,,,,
4347,,FITTINGS & TANKS,,,,,,,
9493,,SUBMERSIBLE PUMPS,,,,,,,
6935,,PLASTIC CONTAINER FS-547 IN FZ 24A,,,,,,,
5085,,ODME PUMP,,,,,,,
6413,,STEEL FABRICATION WORKS,,,,,,,
6481,,100KN SERVO ELECTRICAL UTM,,,,,,,
4782,,BATTERY,,,,,,,
13987,,ELECTRICAL REPAIR WORKS,,,,,,,
6935,,PLASTIC CONTAINER DRG.NO.FS-3213,,,,,,,
2140,,FORGED FITTINGS,,,,,,,
13453,,Charge Carrier,,,,,,,
7835,,"SHED,ELECTRICAL SETUP SERVICE",,,,,,,
14571,,ENGINEERING SERVICES,,,,,,,
14843,,NDT SERVICES,,,,,,,
11606,,HORIZONTAL TAKE UP COILER,,,,,,,
199,,zinc ingot,,,,,,,
3279,,COMPRESSOR,,,,,,,
5855,,Hot Tops,,,,,,,
7694,,"FIRE DETECTION, FIRE FIGHTING SYSTEMS",,,,,,,
10358,,WHR PLANT,,,,,,,
5705,,cable hanger & Cable Trays,,,,,,,
14745,,MECHANICAL TOOLS,,,,,,,
12801,,ESET ANTIVIRUS,,,,,,,
5001,,Production of Trailer/Vechicle/Skid Mounted Diesel Generating set 2.5 KVA to 25o KVA,,,,,,,
2694,,MAGNESIUM PURE 99.8% (MG),,,,,,,
8715,,AVCAT FILTER WATER SEPARATOR,,,,,,,
7069,,Plastic Boxes,,,,,,,
13001,,SIEMENS PRODUCTS,,,,,,,
6651,,Cable Hanger & Cable Trays,,,,,,,
2694,,ZINC INGOT 99.95%,,,,,,,
8741,,"LED LIGHT FITTINGS, CABIN FANS, CONTROL PANELS",,,,,,,
7069,,Metal Tags,,,,,,,
3306,,VALVES,,,,,,,
3897,,GRINDING MACHINE,,,,,,,
13985,,Neutral Ramming Mass,,,,,,,
4009,,FIRE FIGHTING CHEMICALS,,,,,,,
539,,Electric Cable & Wires,,,,,,,
2694,,"SILICON PURE 98.5%,IS:2301-1987.",,,,,,,
10377,,Refractory Tundish,,,,,,,
6706,,NAVIGATION & COMMUNICATION EQUIPMENTS,,,,,,,
12294,,HVAC,,,,,,,
13272,,Degreasing Chemical,,,,,,,
10377,,Refractory Lining Bricks,,,,,,,
7191,,Fire Extinguisher,,,,,,,
13569,,BAR AND WIRE STRAIGHT LINE AND WIRE DRAWING EQUIPMENT,,,,,,,
4252,,ELECTRICAL EQUIPMENTS,,,,,,,
6415,,HT cable,,,,,,,
5087,,DIGITAL INCLONOMETER,,,,,,,
11606,,White Crystal Salt,,,,,,,
3694,,COPPER STRIP 0.1-0.02 & WIDTH 12 MM,,,,,,,
14474,,WINDOWS & DOORS,,,,,,,
13352,,Toner,,,,,,,
15013,,"FIRE ALARAM, PA,FIRE SUPPRESSION SYSTEM",,,,,,,
10884,,Cast Iron Moulds,,,,,,,
3261,,PIPE FITTINGS,,,,,,,
3694,,BR.STRIP 0.6MM (T) X 12MM (W) COIL,,,,,,,
14010,,SOLAR HOT WATER SYSTEM,,,,,,,
3694,,COVER OF OBTURATOR FS-2456A,,,,,,,
2255,,Ferro Silicon powder,,,,,,,
15058,,WATER TREATMENT SYSTEM,,,,,,,
12104,,Mild Steel Lining Formers,,,,,,,
10623,,Rubber Stud,,,,,,,
3694,,CUP TO OFAJ DRG.NO. FS-2457 A,,,,,,,
9166,,"HYDRALUICS, FLUID CONNECTORS",,,,,,,
3694,,SEALING DIAPHRAGM  FS-526,,,,,,,
9679,,CHAIN SLINGS,,,,,,,
12119,,Vacuum Pump Oils,,,,,,,
6207,,NOSIE AND VIBRATION ANALYSIS,,,,,,,
797,,FIRE BRICKS,,,,,,,
12778,,Refractory Mass,,,,,,,
14460,,NOSIE AND VIBRATION ANALYSIS,,,,,,,
13670,,SINUMERIK CABLE DISTRIBUTOR 6FX2006,,,,,,,
11152,,VALVES,,,,,,,
2605,,SOLAR PANELS SYSTEM,,,,,,,
9,,copper cathod,,,,,,,
13670,,"SIMODRIVE 611 POWER MODULE, 1 AXIS,",,,,,,,
12908,,CIVIL SUPPLIES,,,,,,,
2118,,AL.ALLOY ROUND 4.5 MM DIA,,,,,,,
13670,,SINAMICS/SIMODRIVE 611 BASIC LINE,,,,,,,
10255,,WELDING CONSUMABLES,,,,,,,
12813,,Stainless Steel Anchors,,,,,,,
3198,,PUMPS,,,,,,,
2118,,AL.ALLOY STRIP 3.5 MM(T) X 1 MTR(W),,,,,,,
6028,,"STEEL FABRICATION, ELECTRICAL, PIPING WORKS",,,,,,,
12847,,Refractory Lining Bricks,,,,,,,
3792,,FIRE FIGHTING ITEMS,,,,,,,
6571,,HEAVY DUTY BATTERIES,,,,,,,
9344,,"LED LIGHTS, FITTINGS",,,,,,,
2943,,PIPING WORKS,,,,,,,
61,,Diesel,,,,,,,
829,,STEEL FABRICATION WORKS,,,,,,,
12916,,Ballast Tank Chemical,,,,,,,
12587,,"CARTRIDGE HEATER, RATING:3KW,230V A",,,,,,,
1379,,SODIUM SILICATE,,,,,,,
6038,,DIGITAL GROUNDING SYSTEM,,,,,,,
12852,,MANPOWER SUPPLY,,,,,,,
2662,,COOLING HOSES,,,,,,,
13610,,machining of forged axle,,,,,,,
12836,,"PIPE FITTINGS, FLANGES",,,,,,,
13593,,VIBRATION ANALYSIS,,,,,,,
14157,,NETWORK SERVICE PROVIDER,,,,,,,
797,,REFRACTORY FIRE BRICKS,,,,,,,
15216,,Inflatable boat,,,,,,,
797,,REFRACTORY LINING BRICKS FOR 20 T/F,,,,,,,
2694,,Copper Cathode Electrolytic,,,,,,,
2609,,SCAFFOLDING,,,,,,,
14157,,COOLING TOWER MCC PANEL SERVICE,,,,,,,
6448,,SET OF SPARES CONSISTNG OF WATER,,,,,,,
13417,,VALVES,,,,,,,
13649,,ANNUAL MAINTENANCE CONTRACT,,,,,,,
14817,,COMPUTER ACCESSORIES,,,,,,,
13649,,THERMOSTAT TRANSFORMER PCB WITH,,,,,,,
6388,,FERRO VANADIUM,,,,,,,
2118,,COPPER STRIP 92 1MM X 4 0.2MM,,,,,,,
1574,,NON DESTRUCTIVE PENETRANT TEST KIT,,,,,,,
3915,,HYDRAULIC POWER PACKS,,,,,,,
14913,,S. G. IRON MOULD FOR 175 MM,,,,,,,
62,,diesel /petrol/LDO,,,,,,,
15307,,COLLECTION& TRANSPORTATION ORD ITEM,,,,,,,
2706,,C. R. GM Strips Size 1.05mm+/- 0.01mm Thick,,,,,,,
15085,,MICRO FUEL CELL,,,,,,,
15149,,CONVEYER ROLLERS,,,,,,,
2513,,CABLES,,,,,,,
2851,,TRANSIT PLUG DRG.CC100/SK/2105/A,,,,,,,
9062,,LED TUBE LIGHT WITH FULLY INTERGRAT,,,,,,,
2851,,CONVERSION OF BASE TO DRG ARDE 2149,,,,,,,
3859,,"MAIN ENGINES, GEAR BOXES, DG SETS",,,,,,,
12973,,Basic Ramming Mass,,,,,,,
15326,,HOT TOP BOARD,,,,,,,
2851,,CONV.OF 25MM (T) AL.SHEET TO BLANKS,,,,,,,
2623,,"PIPE FITTINGS, FLANGES",,,,,,,
4285,,WELDING ELECTRODES,,,,,,,
225,,BOTTOM POURING S.G IRON INGOT MOULD,,,,,,,
13390,,Dolamite,,,,,,,
15234,,VIM TUNDISH HEATING SYSTEM,,,,,,,
8547,,20 NB CERAMIC COATED CALORISED LANCING PIPE.,,,,,,,
9620,,"HULL, PIPING AND MACHINERY WORKS",,,,,,,
15349,,DESKTOP COMPUTER,,,,,,,
3287,,SCREW PUMPS,,,,,,,
2851,,TO CARRY OUT ZINC PLATING OPERATION,,,,,,,
3864,,CARBIDE TIPPED BAND SAW BLADE,,,,,,,
8620,,NDT SERVICES,,,,,,,
13222,,High Purity Nitrogen Gas,,,,,,,
13379,,VALVES,,,,,,,
13222,,Gas Acetylene,,,,,,,
14242,,DEPLOYMENT OF LABOURER,,,,,,,
199,,ZINC PURE 99.95% MIN.(ZN),,,,,,,
2706,,C.R. GM Strips Size 1.08mm+/-0.01mm Thick,,,,,,,
4148,,HEAT EXCHANGER,,,,,,,
15634,,Full Welding of MPV Hull,,,,,,,
15102,,GREY/BLACK CED COATING WITH POLISHING,,,,,,,
4637,,HDPE M 5018 L (18MFI) GRANULE,,,,,,,
12057,,"PARAFFIN WAX, SPECIAL JSS 9160-06",,,,,,,
2706,,C.R. GM Strips Size 1.57mm+0.015mm Thick,,,,,,,
13957,,SPARE PARTS XRF,,,,,,,
12057,,MINERAL JELLY JSS-8030-09:2021 REV4,,,,,,,
2706,,C.R. GM Strips Size 1.66+/-0.02mm Thick,,,,,,,
4637,,FIBRE GLASS REINFORCED POLYSTERENE,,,,,,,
2706,,C.R. GM Strips Size 0.56mm +0.02mm Thick,,,,,,,
11484,,Laptop,,,,,,,
2706,,C.R. GM Strips Size 1.70mm+0.03mm - 0.01mm Thick,,,,,,,
4637,,UV STABILISED PRE-COLOURED POLY,,,,,,,
14390,,Grinding Wheel Size 600X100X250,,,,,,,
14090,,REFRACTORY SLEEVES,,,,,,,
2219,,C.R. GM Strips to Size 1.05mm + /- 0.01mm Thick,,,,,,,
2219,,C.R. GM Strips to Size 1.66mm +/- 0.02mm Thick,,,,,,,
14152,,SPRING TO DRG PT NO. QX-341 F.C.,,,,,,,
14973,,Internal Shot Blasting Machine,,,,,,,
14152,,PLATFORM SPRING FOR 20 ROUND,,,,,,,
10268,,INDUSTRIAL X RAY FILM,,,,,,,
13272,,Inorganic neutral salts,,,,,,,
6448,,ELECTRONIC UNITS,,,,,,,
13649,,furnace  coil water cooled lead,,,,,,,
15109,,cyber security audit,,,,,,,
13311,,Portable Pneumatics Air gun,,,,,,,
14908,,Rotary Union,,,,,,,
6388,,ferro vanadium,,,,,,,
14086,,windows server,,,,,,,
13262,,Exothermic  topping compound,,,,,,,
14528,,Bi directional  lubrication pump,,,,,,,
9062,,60 watt LED street light,,,,,,,
10850,,Graphite electrode,,,,,,,
15006,,refractory runners,,,,,,,
13608,,Heavy duty chipping hammer,,,,,,,
14018,,Crank shaft for air compressor,,,,,,,
13646,,SLAG POT,,,,,,,
13847,,Transportation  of defence stores,,,,,,,
2287,,Spherical bearing,,,,,,,
13985,,Magnesite cement,,,,,,,
2694,,Nickel pure,,,,,,,
15591,,HIRING OF MANPOWER SERVICE,,,,,,,
14540,,BIMETALLIC BAND SAW BLADE,,,,,,,
12851,,Foundry coke,,,,,,,
2787,,solid alumunium wire,,,,,,,
2601,,ferro molybednum,,,,,,,
13802,,MONO BLOCK PUMP,,,,,,,
13800,,graphite stopper,,,,,,,
15097,,welding electrode,,,,,,,
1409,,fluoroscent magnetic powder,,,,,,,
13135,,QUALITY CERTIFICATION,,,,,,,
13093,,INSERT CNMG,,,,,,,
4637,,Zinc WIre,,,,,,,
9009,,powder ferrux,,,,,,,
13567,,FOSECO SOLOSIL,,,,,,,
13908,,welding electrode,,,,,,,
3864,,bimettalics bandsaw blade,,,,,,,
13648,,"STEEL TAPE BINDING 1/2""X22 SWG",,,,,,,
13648,,M.S.SQUARE BAR SIZE;30MMX30MMX5MTRS,,,,,,,
13648,,MILD STEEL ROUND 50 MM DIA,,,,,,,
13222,,GAS ACETYLENE IS:308-77,,,,,,,
13222,,ARGON GAS HIGH QUALITY 99.995%,,,,,,,
13222,,GAS OXYGEN IS:309-65,,,,,,,
13670,,PLAIN TURNING T.H.PSBNL3232-19,,,,,,,
2464,,STANNOUS SULPHATE FOR ELECTROPLATING,,,,,,,
11969,,S/F BODY FS-3249D :30MM GHASHA-HE/I,,,,,,,
2945,,BLIND RIVET TO DRG.FS-3035,,,,,,,
15311,,BIMETALIC BAND SAW BLADE 34X1.1X3/4,,,,,,,
10623,,ORING 171.7 X 5.3,,,,,,,
10623,,O RING 188 X 5.4,,,,,,,
10623,,O RING 191 X 5.4,,,,,,,
10623,,''O' RING 8.1 X 1.6 DRG.NO.FS-2882 A,,,,,,,
13272,,PHOSPHATING CHEMICAL,,,,,,,
13799,,COTTON WASTE WHITE TO IS 5485-1980,,,,,,,
11519,,ACID HYDRCHLORIC 265-1976.,,,,,,,
15308,,10 KVA UPS,,,,,,,
10302,,C.R. GM Strips Size 0.56mm +0.02mm Thick,,,,,,,
5689,,WASHER (RUBBER) FOR 250 KG BOMB BODY,,,,,,,
13834,,END JOINTING KIT 11KV 240 SQMM,,,,,,,
3029,,LOW CEMENT CASTABLE,,,,,,,
15065,,BUTTERFLY VALVE 6 INCHES,,,,,,,
14568,,PVC WATER TANK 500 LTRS,,,,,,,
13005,,FIRE BRICKS MAGNESITE,,,,,,,
1862,,PACKING CARTON,,,,,,,
13554,,Fire Bricks,,,,,,,
8850,,MACHINING OF TRACK LINK,,,,,,,
14230,,Ladle Cast 95,,,,,,,
4729,,WIRE NO.2 TO SIZ.0.5 MM (16 X 0.2),,,,,,,
14230,,Mag Chrome Steel Clad Bricks,,,,,,,
14230,,Side Wall Bricks,,,,,,,
14856,,STONE DUST,,,,,,,
11388,,TRANSIT PLUG CC-332B FOR 105 MM IFG,,,,,,,
13237,,DISPLACEMENT PUMP,,,,,,,
5335,,Appliances,,,,,,,
14288,,Dye Penetrant Test Chemicals,,,,,,,
11388,,PLASTIC RING TO FS-2031A FOR S-5KP,,,,,,,
14288,,Connectors and Cables,,,,,,,
6849,,Refrigerator,,,,,,,
7176,,Fabric,,,,,,,
11388,,TOP WASHER TO DRG.NO.FS-513 F,,,,,,,
2068,,MAGNESITE CROWN BRICKS,,,,,,,
11388,,SEALING WASHER FS-514 G,,,,,,,
14293,,Abrasive Garnet 80 Mesh,,,,,,,
11388,,SKIRT RING TO DRG NO FS-517 A,,,,,,,
10738,,Cloth,,,,,,,
13927,,HIRING OF MANPOWER SERVICE,,,,,,,
14406,,Circular Hot Saw Blades,,,,,,,
5406,,COMPUTER & ACCESSORIES,,,,,,,
10314,,Pipe Fittings,,,,,,,
15068,,CU.WIRE 22SWG(0.685MM DIA),,,,,,,
9311,,ELECTRONIC DRIVE,,,,,,,
10866,,Pipe Fittings,,,,,,,
14800,,Dry Lubricant Powder,,,,,,,
15068,,PAINT READY MIXED -TURQUISH BLUE.,,,,,,,
12928,,Steel Plates and fittings,,,,,,,
13462,,Pipe Fittings,,,,,,,
14857,,High Purity Flourspar,,,,,,,
13616,,Pipe Fittings,,,,,,,
9340,,COPPER BAND PROTECTOR FOR 155MM ERF,,,,,,,
9340,,COPPER DRIVING BAND PROTECTOR,,,,,,,
8449,,SPARES FOR DIESEL ENGINE/D.G.SETS,,,,,,,
14061,,CIVIL SUPPLIES,,,,,,,
15032,,Sil Plate Mass,,,,,,,
2401,,CONVERSION OF SEMI FINISHED SHELLS,,,,,,,
15131,,High Purity Flourspar,,,,,,,
3256,,PUMPS,,,,,,,
15689,,Immersion Sampler,,,,,,,
158,,COPPER CATHOD,,,,,,,
4003,,SHUTTER SPRING TO CQA(A) DRG.QX-344,,,,,,,
2006,,Zirconia Toughened Alumina Tiles,,,,,,,
4003,,STRIKER SPRING TO CQA DRG. QX-341,,,,,,,
4003,,DETENT SPRING TO CQA.DRG. QX-348,,,,,,,
3471,,FIRE DETECTION SYSTEM,,,,,,,
2136,,Machining of Low Alloy Tubes,,,,,,,
7043,,TRAVEL SERVICES,,,,,,,
196,,COPPER CATHOD,,,,,,,
12946,,CNC Machining,,,,,,,
10347,,CASTING NON FERROUS,,,,,,,
13016,,GRAPHITE ELECTRODE,,,,,,,
15545,,PAINTING WORKS,,,,,,,
4003,,ROTOR SPRING DRG. DET-14,,,,,,,
4650,,TROLLEY-HAND/PLATFORM/WHEEL BARROW,,,,,,,
12996,,Grinding and Polishing,,,,,,,
15545,,BLASTING AND CHIPPING WORKS,,,,,,,
14152,,SPRING PLATFORM 30 ROUNDS,,,,,,,
13905,,CONTROL PANELS,,,,,,,
2977,,COLD ROLLEDD TIN ANODE.,,,,,,,
13555,,Spares for Water Jet Cutting Machine,,,,,,,
1142,,POLYTHENE BAGS,,,,,,,
5653,,"MECAHNICAL SELAS FOR PUMPS, COMPRESSORS",,,,,,,
13288,,SHOP TOOL DRG MT 59,,,,,,,
13545,,HIRING OF DG SET,,,,,,,
1137,,CNC PLASMA PLATE & PROFILE CUTTING.,,,,,,,
12863,,STACK MONITORING,,,,,,,
15198,,STEEL FABRICATION WORKS,,,,,,,
10038,,FIBRE GLASS REINFORCED POLYSTERENE,,,,,,,
1731,,TRANSIT PLUG,,,,,,,
15358,,FORKLIFT SPARES,,,,,,,
10038,,SET OF COMPONENTS FOR 40 MM AMMN,,,,,,,
10038,,SET OF INJECTION MOULDS,,,,,,,
3864,,BIMETALIC BAND SAW BLADE,,,,,,,
11,,VALVES & FITTINGS,,,,,,,
6487,,PISTON PUMP,,,,,,,
9340,,SET OF INJECTION MOULDS,,,,,,,
9346,,BULLET RESISTANT HELMET,,,,,,,
2032,,REFRACTORIES,,,,,,,
1918,,RUBBER PRODUCTS,,,,,,,
9340,,DOUBLE CAVITY INJECTION MOULD,,,,,,,
2042,,REFRACTORY BRICKS,,,,,,,
13923,,PRINTERS,,,,,,,
12924,,X RAY FILM PROCESSOR,,,,,,,
3029,,HIGH AL.REFRACTORY CEMENT,,,,,,,
2443,,Nickel Niobium Master Alloy,,,,,,,
11388,,NYLON CORD,,,,,,,
1388,,QUICK LIME,,,,,,,
15183,,AIR COMPRESSORS,,,,,,,
15183,,AIR RECEIVERS,,,,,,,
14487,,CO2 GAS,,,,,,,
11388,,HDPE TYPE-I,,,,,,,
2443,,ALUMINIUM VANADIUM MASTER ALLOY (65:35),,,,,,,
23,,Appliances,,,,,,,
2368,,ALUMINIUM ROD 14 MM,,,,,,,
2787,,PURE ALUMINUM WIRE,,,,,,,
2601,,FERRO SILICON,,,,,,,
15033,,POL ANALYZER KIT,,,,,,,
15033,,GURANTEE DOCKING WORKS,,,,,,,
14985,,HEAT REGISTANCE SPLITR LEATHER GLOVE,,,,,,,
15033,,FITMENT OF AW FENDERS,,,,,,,
3123,,Hot Pressed Boron Carbide Tiles,,,,,,,
12352,,Gloves asbestos hand,,,,,,,
791,,LIME STONE,,,,,,,
6135,,CONE RING FOR TU-1111,,,,,,,
5741,,INSPECTION OF EMERGENCY GENERATOR,,,,,,,
31,,Outer Fabric Cover,,,,,,,
5975,,PULSE GENERATOR CARD,,,,,,,
2425,,HULL  PANEL  FABRICATION,,,,,,,
123,,Fabric,,,,,,,
5741,,DISPLAY CONTROL UNIT,,,,,,,
6135,,STEEL RING TO SPECN IS:2062,,,,,,,
2787,,CALCIUM SILICIDE CORED,,,,,,,
14673,,FOAM,,,,,,,
13624,,CI INGOT MOULD,,,,,,,
7190,,10 TON AUTOMATIC TONG,,,,,,,
14007,,"HPU, BOP AND DIVERTER CONTROL PANEL SYSTEM",,,,,,,
5193,,connectors,,,,,,,
15065,,STEAM STOP VALVE,,,,,,,
14007,,DC UPS WITH LITHIUM BATTERY,,,,,,,
13005,,REFRACTORY BRICKS,,,,,,,
11124,,PARACHUTE METAL COMPONENTS,,,,,,,
15097,,S.S.ELECTRODE,,,,,,,
15191,,ANNUAL SERVICE CONTRACT FOR CLEANING,,,,,,,
14646,,ADVERTISING AGENCY,,,,,,,
892,,FABRICATION,,,,,,,
3289,,VALVES,,,,,,,
1279,,RUBBER PRODUCTS,,,,,,,
2694,,Nickel Metal,,,,,,,
3042,,LIQUIDATION OF D448 LIABILITIES,,,,,,,
6601,,TAPES AND CORDAGES,,,,,,,
9002,,RIGID INFLATABLE BOAT,,,,,,,
9002,,RIB SPARES,,,,,,,
4414,,PARACHUTE METAL COMPONENTS,,,,,,,
13982,,ESR COPPER MOULD DIA,,,,,,,
2837,,INFLATABLE SEALS,,,,,,,
2837,,RAS/FAS SYSTEM,,,,,,,
2837,,"TOOLS, CONSUMABLE AND TEST KITS",,,,,,,
1900,,RUBBER PRODUCTS,,,,,,,
2587,,"2,6-DBPC",,,,,,,
11844,,WIND RIVER WORK BENCH,,,,,,,
9647,,"SEALING RING, BUSH, WIPER SEAL",,,,,,,
971,,NYLON FABRICS,,,,,,,
9649,,HIRING OF SERVICES FOR HEAVY MATERIAL HANDLING,,,,,,,
12934,,HIRING OF UNSKILLED LABOURERS,,,,,,,
13302,,HOT TOP INSULATING BOARD,,,,,,,
4383,,NBC ITEMS,,,,,,,
2746,,RUST FREE BRIGHT ANNEALED STEEL FLAT,,,,,,,
10067,,MEASURING TOOLS,,,,,,,
14011,,HIRING OF COOK,,,,,,,
9639,,polythene bags,,,,,,,
189,,BRASS/NON FERROUS ROD-EXTRUDED/NAVAL/HIGH TENSILE/COMMERCIAL,,,,,,,
4613,,HEADING NOSE,,,,,,,
13425,,OVERHAULING OF TURBO CHARGE,,,,,,,
7501,,ELECTRONICS,,,,,,,
13610,,CAST WHEEL DISC MACHINING,,,,,,,
5419,,HYDRAULIC FILTERS,,,,,,,
5888,,Rugged Laptops,,,,,,,
198,,NON FERROUS FLATS & SECTIONS,,,,,,,
13029,,SEAMLESS PIPES,,,,,,,
13610,,HIRING OF CNC,,,,,,,
14926,,WELDING SET,,,,,,,
10039,,ELECTRONIC ITEMS,,,,,,,
15380,,WATER PROOF TREATMENT,,,,,,,
21,,NYLON FABRICS,,,,,,,
3603,,EXPANSION BELLOW,,,,,,,
2239,,DIE BOX,,,,,,,
13920,,VALVES,,,,,,,
9369,,FILTERS/STRAINERS,,,,,,,
13920,,BRASS CONNECTORS,,,,,,,
3100,,FURNACE HEATING ELEMENTS,,,,,,,
995,,THREADS,,,,,,,
4539,,EXTERNAL COMMUNICATION (WIRELESS COMMUNICATION SYSTEM),,,,,,,
14269,,OVERHAULING OF FINGER BOARD SYSTEM,,,,,,,
13574,,PARACHUTE METAL COMPONENTS,,,,,,,
5979,,MECHANICAL CLEANING AND PAINTING WORKS,,,,,,,
4912,,"PROPELLER SHAFT ,STEERING GEAR",,,,,,,
5979,,ELECTRICAL REPAIR WORKS,,,,,,,
230,,HYDRAULIC VALVES,,,,,,,
2136,,Machining of Low Alloy Steel,,,,,,,
8611,,AIR CONDITIONING / VENTILATION,,,,,,,
2496,,DISPOSABLE IMMERSION THRM COUPLE,,,,,,,
972,,NYLON FABRICS,,,,,,,
13617,,FASTENERS,,,,,,,
3264,,PIPE FITTINGS,,,,,,,
6890,,PLC ACCESSORIES,,,,,,,
2118,,al master alloy,,,,,,,
224,,PIPES & TUBES ( STAINLESS STEEL),,,,,,,
5706,,NYLON FABRICS,,,,,,,
4967,,TELEPHONE EXCHANGE ANALOG AND DIGITAL CARDS,,,,,,,
5722,,"NAVIGATION, COMMUNICATION EQUIPMENT",,,,,,,
5722,,"ELECTRONICS, AUTOMATION EQUIPMENT",,,,,,,
2289,,PIPES & TUBES ( STAINLESS STEEL),,,,,,,
3225,,WATER COOLED POWERLEADS,,,,,,,
8960,,PLASTIC SLIDE FASTNER,,,,,,,
15521,,DRILLING TOOLS,,,,,,,
4523,,PIPES & TUBES ( STAINLESS STEEL),,,,,,,
15521,,PRODUCTIVITY IMPROVEMENT TOOLS,,,,,,,
1361,,TOLUOLE,,,,,,,
2913,,MOLTEN METAL TEMPERATURE INDICATOR SPARES,,,,,,,
3061,,CHAIN & SPROCKET,,,,,,,
14597,,OIL FILTER ELEMENT,,,,,,,
1433,,ADHESIVE,,,,,,,
14597,,OIL SEPARATOR ELEMENT,,,,,,,
14597,,COMPRESSOR OIL,,,,,,,
3401,,"CUTTING SET SPARES, ELECTRODES",,,,,,,
5169,,VALVES (COMMERCIAL) / COCKS (COMMERCIAL),,,,,,,
4259,,IMPULSE GENERATORS,,,,,,,
4259,,HIGH CURRENT TESTING EQUIPMENT,,,,,,,
4259,,"MG SETS, DVDF",,,,,,,
4259,,"ENERGY METERS, TRANSFORMERS, CABLES",,,,,,,
4443,,ELECTRONIC MEASURING & SPECIAL INSTRUMENTS,,,,,,,
2136,,Slab Machining of Steel and Titanium Materials,,,,,,,
6152,,ROOFING SHEETS,,,,,,,
8862,,TECHNICAL FABRICS,,,,,,,
11440,,ELECTRICAL REPAIR WORKS,,,,,,,
2979,,BOLTS & NUTS,,,,,,,
13033,,PAINTING WORKS,,,,,,,
15312,,NDT SERVICES,,,,,,,
7163,,HOSES / HOSE FITTINGS,,,,,,,
2099,,SUPPLY AND INSTALLATION COMMISSIONING OF SPARES FOR VERTICAL TURNING AND BORING MACHINE,,,,,,,
36,,NYLON FABRICS,,,,,,,
15261,,CENTRIFUGAL FANS,,,,,,,
314,,GENERATOR SPARES,,,,,,,
686,,WOOD,,,,,,,
2884,,SEAMLESS TUBES,,,,,,,
334,,FINISHING BLOCK ASSEMBLY,,,,,,,
2239,,Cutting and Embossing of High Alloy Steel,,,,,,,
2239,,Copper Coating of Low Alloy Steel,,,,,,,
5922,,CORRUGATED BOXES,,,,,,,
8670,,FRACTURE MECHANIC CLIP-ON COD GAUGE,,,,,,,
2997,,MACHINE TOOLS,,,,,,,
5126,,HT ADAPTER BOX,,,,,,,
2474,,Ring Rolling,,,,,,,
2287,,INCREMENTAL ENCODERS,,,,,,,
719,,MACHINE TOOLS,,,,,,,
12614,,PARACHUTE COMPONENTS,,,,,,,
6324,,MPCB OF VARIOUS RATING,,,,,,,
7466,,MACHINE TOOLS,,,,,,,
7273,,NDT-PAUT EQUIPMENT PROBES,,,,,,,
7572,,COMPUTER & ACCESSORIES,,,,,,,
7706,,COMPUTER & ACCESSORIES,,,,,,,
4393,,Machining of Special Steel Hollows,,,,,,,
2233,,SPARES AND SERVICE FOR SCREW AIR COMPRESSOR,,,,,,,
598,,NYLON FABRICS,,,,,,,
5171,,COMPUTER SOFTWARE,,,,,,,
6891,,SPARE CONTROLLER CARDS,,,,,,,
3632,,Machining of Titanium Long Slabs,,,,,,,
3632,,Machining and Parting of Austenitic Stainless Steel,,,,,,,
943,,THREADS,,,,,,,
559,,COMPUTER SOFTWARE,,,,,,,
3632,,Machining of Stainless Steel Rings Billets,,,,,,,
4594,,SPARE WATER COOLED POWER LEAD FOR SLAG MELTING SURFACE,,,,,,,
990,,NYLON FABRICS,,,,,,,
7708,,DIGITIZATION OF VARIOUS DRAWINGS,,,,,,,
3631,,Conversion of Low Alloy Steel Bars into Closed Die Forgings,,,,,,,
1000,,TAPES AND CORDAGES,,,,,,,
56,,DIGITIZATION OF VARIOUS DRAWINGS,,,,,,,
4752,,TAPES AND CORDAGES,,,,,,,
2898,,Conversion of Stainless Steel Bars into Closed Die Forgings,,,,,,,
9840,,STEER AXLE ASSEMBLY WITH CYLINDER PERTAINING FOR FORKLIFT,,,,,,,
2334,,CRUSHER,,,,,,,
1797,,RUBBER PRODUCTS,,,,,,,
6344,,EDM WIRE CUT SPARES,,,,,,,
6518,,"LABORATORY EQUIPMENTS ,NDT EQUIPMENTS",,,,,,,
4560,,Milling of Long Special Steel Slabs,,,,,,,
903,,RUBBER PRODUCTS,,,,,,,
4560,,Machining and Deep Hole Drilling of Titanium Tubes,,,,,,,
944,,TAPES AND CORDAGES,,,,,,,
1538,,CHEMICALS,,,,,,,
4560,,Slab Machining of Steel and Titanium Materials,,,,,,,
6891,,CONTROLLER CARDS FOR INSTRON,,,,,,,
4560,,Grinding and Polishing of various grade material plates,,,,,,,
1403,,CHEMICALS,,,,,,,
6024,,Machining of HP Valve Castings,,,,,,,
1539,,CHEMICALS,,,,,,,
310,,DIESEL GENERATING SET,,,,,,,
6324,,MOTOR PROTECTION CIRCUIT BREAKERS,,,,,,,
240,,DIESEL GENERATING SET,,,,,,,
10460,,Grinding and Polishing of various grade material plates,,,,,,,
1204,,AIR COMPRESSOR SPARES,,,,,,,
4546,,DIESEL GENERATING SET,,,,,,,
244,,DIESEL GENERATING SET,,,,,,,
4653,,RADIO REMOTE CONTROLLER SPARES FOR EOT CRANES,,,,,,,
12993,,Charge supports by scrap remelting,,,,,,,
10332,,DIESEL GENERATING SET,,,,,,,
8784,,SNATCH BLOCK ASSEMBLY FOR EOT CRANES,,,,,,,
1973,,SPARES FOR DIESEL ENGINE/D.G.SETS,,,,,,,
8211,,SCL XRF SPARES,,,,,,,
2874,,WIRE ROPE FOR EOT CRANES,,,,,,,
3408,,ELECTRIC HOIST BLOCK,,,,,,,
8474,,RUST LICK FOR BAR PEELING,,,,,,,
4783,,SPECIAL S-TYPE MINERAL INSULATED THERMOCOUPLE FOR TENSILE FURNACE,,,,,,,
5133,,SEMI CONDUCTOR FUSES,,,,,,,
6083,,PARACHUTE METAL COMPONENTS,,,,,,,
2368,,PARACHUTE METAL COMPONENTS,,,,,,,
1063,,THREADS,,,,,,,
31,,Fabric,,,,,,,
9678,,TAPES AND CORDAGES,,,,,,,
9920,,PARACHUTE METAL COMPONENTS,,,,,,,
1535,,TAPES AND CORDAGES,,,,,,,
2420,,PARACHUTE METAL COMPONENTS,,,,,,,
1426,,ADHESIVE,,,,,,,
32,,NYLON FABRICS,,,,,,,
5847,,TAPES AND CORDAGES,,,,,,,
1739,,RUBBER PRODUCTS,,,,,,,
339,,"ELECTRIC FANS,REGULATOR",,,,,,,
8357,,"ELECTRIC FANS,REGULATOR",,,,,,,
3461,,ELECTRIC AIR CONDITIONER,,,,,,,
296,,ELECTRIC AIR CONDITIONER,,,,,,,
4841,,FIELD INSTRUMENTD FOR NADCAP,,,,,,,
7211,,ELECTRIC BATTERY CHARGER,,,,,,,
6139,,MEASURING INSTRUMENTS,,,,,,,
4077,,ELECTRIC BATTERY CHARGER,,,,,,,
4556,,ELECTRIC BATTERY CHARGER,,,,,,,
2287,,SCAN MASTER EQUIPMENT SPARES,,,,,,,
4624,,ELECTRIC BLOWER,,,,,,,
4811,,INPHASE POWER TECHNOLOGIES SPARES,,,,,,,
2938,,"CABLE HANGER, CABLE TRAYS",,,,,,,
328,,ELECTRIC CABLE / WIRE,,,,,,,
8618,,CONSUMABLES FOR CARBON AND SULPHUR,,,,,,,
11211,,ELECTRIC CABLE / WIRE,,,,,,,
6770,,BEARINGS,,,,,,,
585,,ELECTRIC CABLE / WIRE,,,,,,,
9830,,NYLON WIRE CHIP BRUSH FOR FRIGGI BANDSAW MACHINE,,,,,,,
10981,,CNC  & Conventional  Machining,,,,,,,
9840,,SPARE PARTS PERTAINING TO GODREJ DIESEL FORKLIFT,,,,,,,
3011,,ELECTRIC CABLE / WIRE,,,,,,,
12639,,"Flame Retardant overall, Nato suites, Winter overall & Flying Jackets etc.",,,,,,,
4783,,MINERAL INSULATED THERMOCOUPLE K TYPE,,,,,,,
8738,,"“Design, Development & Production of Mechanical Runway Sweeper, Universal Bheema Trolley and Aircraft Towing Tractor” as per DGAQA Specification",,,,,,,
10377,,CERAMIC POURING FIXTURE FOR SKULL MELTING FURNACE,,,,,,,
4738,,CABLE / WIRE,,,,,,,
8622,,SPARES FOR SCANMASTER IUT EQUIPMENTS,,,,,,,
12051,,CABLE / WIRE,,,,,,,
5001,,"Production of Trailer/ Vehicle/ Skid Mounted Diesel Generating set 2.5 KVA to 250 KVA, Trailer 01 ton to 20 ton capacity 2/4/6 wheeled, Vehicle Platforms, Base interface 9 & 4.8 meter for Antenna, Trailer for Near Field Test Range (NFTR) and Installation Kits (for Rohini & Indra Radar).",,,,,,,
8277,,CABLE / WIRE,,,,,,,
3569,,SPARES FOR OPTICAL EMISSION SPECTROMETER OF STAGE LAB,,,,,,,
537,,CABLE / WIRE,,,,,,,
2758,,MEASURING INSTRUMENTS,,,,,,,
6526,,Salvage pump,,,,,,,
7194,,CABLE / WIRE,,,,,,,
8547,,THERMAL CUTTING LANCE,,,,,,,
2571,,Valves,,,,,,,
6587,,CABLE / WIRE,,,,,,,
4931,,BOGIE DRIVER GEAR BOX,,,,,,,
3916,,PUMPS,,,,,,,
9311,,ALLEN BRADLEY SPARES,,,,,,,
4472,,IT hardware and software,,,,,,,
592,,MAIN SWITCH BOARDS,,,,,,,
5013,,FURNACE HEATING ELEMENT,,,,,,,
4803,,MAIN SWITCH BOARDS,,,,,,,
12345,,Boot High Ankle PU Rubber Sole,,,,,,,
223,,MAIN SWITCH BOARDS,,,,,,,
3866,,ORIFICE PLATES,,,,,,,
12345,,Snow Boot,,,,,,,
1762,,ELECTRIC MOTORS,,,,,,,
402,,Pumps,,,,,,,
4800,,POWER CONRACTORS,,,,,,,
596,,EMERGENCY LIGHT / INVERTER / UPS,,,,,,,
1447,,ELECTRIC SERVO ACTUATORS AND ACCESSORIES,,,,,,,
4280,,"Plasma / Laser Cutting,Fabrication",,,,,,,
3695,,EMERGENCY LIGHT / INVERTER / UPS,,,,,,,
12634,,"PT Uniform (T-Shirt Half sleeves, Sports Shorts), Combat T-shirt OG",,,,,,,
9810,,SENSORS,,,,,,,
5503,,HEATING ELEMENT CLAMPING SUPPORTS,,,,,,,
8341,,Boot High Ankle PU Rubber Sole,,,,,,,
6277,,WEAR ADDITIVE LINER,,,,,,,
2848,,MECHANICAL SEALS FOR COOLING WATER PUMPS,,,,,,,
5335,,HEATING ELEMENT,,,,,,,
938,,Various Textile items,,,,,,,
4679,,PVC TELEPHONE CABLES,,,,,,,
6033,,Sacrificial Anode for Cathodic Protection,,,,,,,
5382,,SPARES FOR BISS UTM,,,,,,,
10314,,HEAT EXCHANGER,,,,,,,
13527,,STRIP FOR HANGER TRAY,,,,,,,
1765,,Poly-urethane Coating of Rolls,,,,,,,
13527,,COMPONENT HOLDER WITH KEY SMT-1061E,,,,,,,
15180,,PEDESTAL FAN,,,,,,,
48,,PT Shoes (Sports Footwear),,,,,,,
5038,,INTEGRATED PLATFORM MANAGEMENT SYSTEM (IPMS),,,,,,,
10533,,WIRE HARNESSING FOR POD ASSY.,,,,,,,
10433,,PT Shoes (Sports Footwear),,,,,,,
9979,,SPARES FOR UPGRADATION OF AUTO FEED SYSTEM,,,,,,,
13670,,"CONVERTER POWER MODULE ,SIGNAL CABLE",,,,,,,
1123,,PT Shoes (Sports Footwear),,,,,,,
1798,,FABRICS,,,,,,,
4090,,TUBE MOTOR TO DRG.NO.NASK-776/1,,,,,,,
2122,,STRUCTURAL STEEL,,,,,,,
3120,,VALVES,,,,,,,
6418,,Various Textile items including Gloves,,,,,,,
15489,,CAUSTIC SODA TO SPN IS-252:1991,,,,,,,
4665,,ELECTRONIC CONTROL,,,,,,,
3986,,PLATE FOR STRUT WITH PIN AS PER DRG,,,,,,,
2041,,HEARTH BRICKS,,,,,,,
1586,,First Field Dressing (FFD),,,,,,,
3986,,COUPLING ASSY.,,,,,,,
6815,,Blanket Superior OG,,,,,,,
3986,,BRACKET SMALL,,,,,,,
479,,LINERS FOR SHOT BLASTING MACHINE,,,,,,,
3986,,EYE BOLT LARGE,,,,,,,
4594,,WATER COOLED POWERLEADS,,,,,,,
3986,,BRACKET CORNER (L) ADRDE-1403-01-01,,,,,,,
951,,Socks ECC & Socks woollen (Special Two Layer),,,,,,,
10451,,AC and rfirigeration system,,,,,,,
1089,,Boot High Ankle PU Rubber Sole,,,,,,,
14307,,ACID HYDRCHLORIC 265-1976.,,,,,,,
13232,,BLANK COMP.STATIONARY,,,,,,,
2625,,CABLES,,,,,,,
2443,,ALUMINIUM MOLY NIOBIUM MASTER ALLOY,,,,,,,
3920,,NEW LIGHTING DISTRIBUTION BORD,,,,,,,
14307,,SULPHURIC ACID,,,,,,,
990,,Various Textile Items,,,,,,,
2443,,Nickel oxide sinter,,,,,,,
14307,,CAUSTIC SODA TO SPN IS-252:1991,,,,,,,
15319,,SPHERICAL ROLLER BEARING,,,,,,,
4096,,ELECTRIC ITEMS,,,,,,,
2443,,Nickel Yttrium,,,,,,,
994,,Various Textile surgical items,,,,,,,
13671,,CANNON TONER,,,,,,,
2443,,PURE VANADIUM METAL,,,,,,,
8387,,Thermal Insoles,,,,,,,
14442,,RADIO REMOTE CONTROL DEVICE FOR EOT RADIO REMOTE CONTROL DEVICE FOR EOT CRANE.,,,,,,,
2071,,Aluminium Bars,,,,,,,
6303,,"Rain Cape Poncho, Net Mosquito, Overall winter Complete",,,,,,,
5237,,"Positioning, Navigation & Timing and networking equipments",,,,,,,
2071,,Aluminium Pellets,,,,,,,
8956,,PRF/TOP SCREW TO OF CHANDA DRG.NO.,,,,,,,
2071,,Aluminium Ingots,,,,,,,
14715,,HIRING OF TRADE MATE (RIGGER) HIRING OF TRADE MATE (RIGGER) SKILLED,,,,,,,
8956,,PLUG 52 MM RECOVERY PROOF.SM/405.C,,,,,,,
15580,,TONER CARTG,,,,,,,
8956,,CONVERSION (FINISH MACHINING),,,,,,,
13660,,OPERATION & MAINTENANCE OF SEWAGE TREATMENT PLANT,,,,,,,
9650,,Ferro Titanium Powder,,,,,,,
9650,,FERRO VANADIUM Powder,,,,,,,
8850,,ADAPTER TO CQA DRG.02676-20011A02,,,,,,,
14243,,VARIABLE FREQUENCY AC DRIVE,,,,,,,
9650,,Ferro molybdenum powder,,,,,,,
8850,,S/F BODY FS-3249D :30MM GHASHA-HE/I,,,,,,,
9650,,Ferro Silicon powder,,,,,,,
8850,,CONVERSION OF SEMI FINISHED,,,,,,,
9650,,MANGANESE METAL POWDER,,,,,,,
15117,,BEARING,,,,,,,
9650,,Chromium Metal powder,,,,,,,
8850,,CONVERSION OF 155 MM ERFB SHELL,,,,,,,
999,,Socks ECC,,,,,,,
10330,,HEAT EXCHANGER,,,,,,,
8850,,CONVERSION OF 155 MM SLUG FORGED,,,,,,,
8780,,Socks ECC,,,,,,,
267,,HEAT EXCHANGER,,,,,,,
1847,,Sleeping Bag Special,,,,,,,
14022,,GRINDING WHEEL HOLDER,,,,,,,
999,,Combat T-Shirt OG,,,,,,,
5007,,DIAMOND PASTE FOR METALLOGRAPHY SAMPLE PREPARATION,,,,,,,
9619,,MUSICAL SYSTEMS,,,,,,,
56,,ERP/IT SERVICES,,,,,,,
1015,,Combat T-Shirt OG,,,,,,,
3020,,MS SS BENDS AND FITTINGS,,,,,,,
3061,,"Anchor Chain and Accessories 14 to 81mm, Rigging items(10-50mm), Anchor(150 -5000Kg) and Welded Steel Link Chain and Parts (8-81mm)",,,,,,,
1017,,Combat T-Shirt OG,,,,,,,
2835,,TUBE FOR DISTANCE TUBE FS-1161 D.,,,,,,,
10303,,RECTIFIER / TRANSFORMERS,,,,,,,
21,,Combat T-Shirt OG,,,,,,,
2835,,TAIL UNIT ASSY DRG.NO AAIW/BS-0071,,,,,,,
3374,,BEARINGS,,,,,,,
10217,,"TURBINE CLEANER, GAS TURBINE CLEANER",,,,,,,
33,,Combat T-Shirt OG,,,,,,,
2835,,NOZZLE TO DRG.NO.NASK-776/2/1,,,,,,,
1018,,"PT Uniform (T-Shirt Half sleeves, Sports Shorts)",,,,,,,
2835,,PLUG END CLOSING ASSY.,,,,,,,
7088,,"Steering Console, Bridge Bearing Repeater & Bridge Digital Repeater",,,,,,,
13519,,S G IRON MOULD,,,,,,,
461,,RECTIFIER / TRANSFORMERS,,,,,,,
598,,"PT Uniform (T-Shirt Half sleeves, Sports Shorts)",,,,,,,
2835,,SUPPORTING RING TO DRG.NO.FS-2760 E,,,,,,,
15446,,CLEANING OF FLOORS AS WELL AS PIT,,,,,,,
10433,,Boot Ankle Leather Printed Grain for General Purpose with laces Nylon Black 90cm,,,,,,,
918,,"PT Uniform (T-Shirt Half sleeves, Sports Shorts)",,,,,,,
14065,,LED LAMP,,,,,,,
2842,,SLIDE SHOE (84MM MK-III) 301075223,,,,,,,
1091,,Boot Ankle Leather Printed Grain for General Purpose with laces Nylon Black 90cm,,,,,,,
2627,,Anodes,,,,,,,
2842,,DISC QX-336 DC-35434-A DT 30-12-92,,,,,,,
1085,,"PT Uniform (T-Shirt Half sleeves, Sports Shorts)",,,,,,,
2842,,MAGAZINE FS-2935,,,,,,,
683,,UNIT LOAD FOR 155 MM CHARGE 8 & 9,,,,,,,
1084,,Combat T-Shirt OG,,,,,,,
5124,,MOVING APPLICATION CABLE AND CONDUIT FOR TEMPERATURE MEASUREMENT,,,,,,,
2842,,SAFETY LOCK ASSY.BW 6.042.512,,,,,,,
363,,ELECTRIC MEASURING & SPECIAL INSTRUMENT,,,,,,,
4874,,HYDRAULIC EQUIPMENT,,,,,,,
1017,,Underpant Woollen (Imp Ver),,,,,,,
5402,,ELECTRIC MEASURING & SPECIAL INSTRUMENT,,,,,,,
13917,,VVVF DRIVE,,,,,,,
13243,,SEMI GLOSSY BLACK PAINT,,,,,,,
1461,,"Paints, Primers, Epoxy Putty & Thinner (37 Types)",,,,,,,
14172,,"INSERT SCREW, INSERT FOR DRILLING, BORING BAR INSERT",,,,,,,
1018,,Underpant Woollen (Imp Ver),,,,,,,
13243,,PAINT READY MIX SEMI GLOSSY,,,,,,,
9696,,Non-Ferrous Centrifugal Castings,,,,,,,
13476,,STANDARD SAMPLE FOR CARBON STEEL,,,,,,,
1091,,Rucksack 70 ltrs,,,,,,,
14425,,POLYTHENE BAG-200X400X0.065MM.,,,,,,,
6367,,BREATHING APPARATUS,,,,,,,
13630,,AXLE MACHINING,,,,,,,
6415,,"CABLES, ELECTRIC SPARE PARTS LAMPS, LIGHTS",,,,,,,
4745,,CABLES,,,,,,,
1859,,WASHER FOR PT 25 DRG.NO.3-016919/50,,,,,,,
14788,,"CHEMICALS RELATED TO LABORATORY, PRODUCTION",,,,,,,
1859,,MAGAZINE TO OFAJ DRG.NO.FS-2635B,,,,,,,
1409,,ULTRASONIC TESTING,,,,,,,
468,,Rucksack 70 ltrs,,,,,,,
4716,,CABLES & CONNECTORS,,,,,,,
5662,,BRAKE LINING SHEET OF FRICTION,,,,,,,
10241,,INSTALLATION OF 4 QUADRANT DC DRIVES,,,,,,,
999,,Rucksack 70 ltrs,,,,,,,
3468,,BREATHING APPARATUS,,,,,,,
1323,,"ANTIMONY SULPHIDE, CALCIUM SILICATE, LEAD RED, BORON CARBIDE, MAGNESIUM POWDER, POTASSIUM BORON FLURIDE, CHARCOAL",,,,,,,
3165,,CONSUMABLES OF WATERJET CUTTING MACHINE,,,,,,,
6135,,LOCKING NUT DET-55,,,,,,,
1430,,BREATHING APPARATUS,,,,,,,
6135,,MAGAZINE TO OFAJ DRG.NO.FS-2635B,,,,,,,
3977,,PRESS GUIDE ASSEMBLY PARTS,,,,,,,
13605,,FACE RECOGNITION ATTENDANCE MACHINE,,,,,,,
4111,,FIRE HOSE / NOZZLES,,,,,,,
6286,,GRUMMET ASSEMBLY FOR 155MM AMN.,,,,,,,
5880,,ROTARY UNIONS FOR LEVELLER,,,,,,,
684,,DIETHYLPHTHLATE,,,,,,,
13933,,CARBIDE TIPPED BAND SAW BLADE,,,,,,,
9637,,FIRE EXTINGUISHER,,,,,,,
3298,,COMPRESSOR,,,,,,,
8434,,"Fused Passive Night Vision Device( Binocular/Monocular/Googles/Helmet, Thermal Weapon Sight, Multi Sensors, Electro Optic sight",,,,,,,
789,,DIETHYLPHTHLATE,,,,,,,
245,,FIRE FIGHTING PUMP,,,,,,,
5512,,PCB,,,,,,,
13706,,TONER CARTG,,,,,,,
3422,,INDUSTRIAL GASES,,,,,,,
5504,,SEM SPARES,,,,,,,
402,,FIRE FIGHTING PUMP,,,,,,,
5714,,MARINE CLOSED CIRCUIT TELEVISION SYSTEM (M-CCTV) SYSTEM,,,,,,,
1433,,ADHESIVE AND SEALANT,,,,,,,
13682,,TWO LEG CHAIN,,,,,,,
4650,,CHAIN PULLEY BLOCKS,,,,,,,
8494,,HYDRAULIC DISC BREAK,,,,,,,
5317,,Inertia Navigation System,,,,,,,
789,,GLYCERINE FOR NITRATION,,,,,,,
2036,,MAGNESITE RAMING MASS,,,,,,,
6526,,FIRE FIGHTING PUMP,,,,,,,
4105,,HARDWARE,,,,,,,
789,,ACETONE,,,,,,,
6448,,DIA WATER SPRAYES SHELL FOR SLAG MELTING FURNACE,,,,,,,
2088,,"MANUFACTURING OF STAINLESS STEEL, ALLOY STEEL, CARBON STEEL CAST & ROLLED PRODUCTS",,,,,,,
10538,,"PRIMER GASKET, PACKING FITMENT BOTTOM & TOM, SLIPING RING, TWIN CONTAINER, CARRIER-11A, CARRIER-12A, 84 MM TWIN CONTAINER",,,,,,,
2476,,BRASS WIRE EDM WIRE AND MACHINE,,,,,,,
2307,,HK GRADE ASTING FOR FURNACE,,,,,,,
1294,,PACKAGING,,,,,,,
256,,TAPER ROLLER BEARINGS,,,,,,,
3202,,FIRE FIGHTING PUMP,,,,,,,
444,,TONER TYPE 1230 D,,,,,,,
1129,,METALLIC CONTAINER,,,,,,,
2462,,HOSE PIPE,,,,,,,
1574,,RUST PREVENTIVE CHEMICAL,,,,,,,
14736,,LED BASED RECESS MOUNTING LIGHT,,,,,,,
1637,,FIRE EXTINGUISHER,,,,,,,
11512,,WHEEL CYLINDER ASSY,,,,,,,
5085,,FIRE DETECTION SYSTEM,,,,,,,
4666,,Electrical Panels LT/PLC/VFD,,,,,,,
12025,,NON WOVEN FILTER PAPER FOR FILTRATION OF COOLANT,,,,,,,
1610,,"LEAD TIN FOIL, LEAD SHEET, SOLDER ELECTRIC GRADE WIRE.",,,,,,,
1142,,WAXED CRAFT PAPER,,,,,,,
13429,,CANON NPG TONER CARTRIDGE,,,,,,,
10306,,FUZE SAFETY NO. 16 MK 2/2,,,,,,,
10306,,FUZE SAFETY NO-11,,,,,,,
12587,,HEATING ELEMENT MADE FOR NICHROME 80/20,,,,,,,
1413,,ZINC STEARATE,,,,,,,
1413,,BARIUM NITRATE,,,,,,,
9865,,CAPCELL WITH ADHESIVE,,,,,,,
1413,,STRONTIUM NITRATE,,,,,,,
1413,,BARIUM PEROXIDE,,,,,,,
7820,,FIRE DETECTION SYSTEM,,,,,,,
3470,,FIRE EXTINGUISHER,,,,,,,
3464,,FIRE EXTINGUISHER CHEMICALS & COMPOUNDS,,,,,,,
14420,,RC INK PRINT CANON,,,,,,,
13311,,AIR DIE GRINDER,,,,,,,
13311,,COLLET ASSEMBLY,,,,,,,
206,,"FORGINGS, CASTINGS & MACHINED COMPONENT",,,,,,,
13311,,PNEUMATIC HEAVY DUTY STRAIGHT TYPE,,,,,,,
13760,,HP LASERJET BLACK TONER,,,,,,,
13232,,BLANK CONTINUOUS STATIONARY FORM,,,,,,,
13805,,CUT OFF SAW MODEL GC,,,,,,,
13805,,BROACH TO DRAWING NO.CCT-400 D,,,,,,,
522,,CASTING,,,,,,,
13805,,SPARE FOR SHOT BLASTING MACHINE,,,,,,,
13805,,CONNECTOR FOR SHOT BLASTING MACHINE,,,,,,,
13805,,CONE FOR SHOT BLASTING MACHINE,,,,,,,
2899,,CASTING,,,,,,,
2225,,"CASTING STEEL,STAINLESS STEEL,ALLOY STEEL",,,,,,,
4340,,MODULAR PIPE TO PIE CONNECTOR,,,,,,,
4340,,MODULAR MALE CONNECTOR,,,,,,,
4340,,MODULAR DROPLET,,,,,,,
4340,,MODULAR  ELBOW,,,,,,,
707,,CASTING STEEL,,,,,,,
15019,,MAINTENACE CONTRACT OF 320KV REAL TIME,,,,,,,
2563,,"CASTING STEEL,STAINLESS STEEL",,,,,,,
15580,,TONER FOR LASER PRINTER,,,,,,,
158,,Aluminium,,,,,,,
13776,,STAMPS MADE OF HCHC ALLOY STEEL DIMENSION,,,,,,,
10292,,DIFFERENT FORGED ITEMS,,,,,,,
13691,,ELECTRONIC WEIGHING MACHINE WITH PEAK HOLD,,,,,,,
1140,,FORGED ITEMS,,,,,,,
4002,,TIME & IMPACT FUZE FFV-447 EMPTY ASY,,,,,,,
519,,FORGED ITEMS,,,,,,,
4002,,BANGALORE TORPEDO,,,,,,,
4002,,AFT CLOSURE INSULATOR (HEAT-551),,,,,,,
4002,,CARBON NOZZLE BLANK FOR 84 HEAT-551,,,,,,,
2926,,DIFFERENT FORGED ITEMS,,,,,,,
14401,,ANALYSIS OF WATER SAMPLE FOR VARIOUS PARA,,,,,,,
4002,,SAFETY LOCK ASSY -042-512 CB,,,,,,,
14465,,FLOOD LIGHT LED LUMINARIES OF 300 WAT,,,,,,,
2099,,FORGED ITEMS ( HEAVY FORGING),,,,,,,
1237,,LUBRICATION EQUIPMENT / FITTINGS,,,,,,,
14926,,SINGLE PHASE INVERTER WELDING MACHINE,,,,,,,
252,,GREASE LUBRICATION EQUIPMENT,,,,,,,
13266,,"ROTEX COUPLING SPIDER SIZE 75,65,55,48,42",,,,,,,
13264,,APLAB MODEL,,,,,,,
9062,,LED BULKHEAD LIGHT 10W,,,,,,,
9062,,LED ALUMI9NIUM BATTEN TUBE LIGHT,,,,,,,
7354,,AUTOCAD SOFTWARE,,,,,,,
14902,,WATER SOLUBLE CUTTING OIL FOR STEEL,,,,,,,
14902,,IBC TANKS CAP 1000 LTR.,,,,,,,
14902,,WATER SOLUBLE CUTTING,,,,,,,
458,,HIRE OF LORRY,,,,,,,
196,,ELECTOLYTIC CATHOIDE COPPER,,,,,,,
7324,,HIRE OF LORRY,,,,,,,
1272,,"FUZE, MINE, ANTI-TANK 1B/1C (EMPTY)",,,,,,,
6971,,HIRE OF LORRY,,,,,,,
14065,,LAMP LED 9 WATT LAMP,,,,,,,
1272,,CARRIER 12A ISV-470A ASY A FOR HEAT,,,,,,,
1272,,SET OF 6 COMP. OF ARMING DEVICE-551,,,,,,,
1272,,TWIN CONTAINER 520:9 DRG TRD 422155,,,,,,,
766,,DESKTOP COMPUT WITH INTEL I7,,,,,,,
19,,LUBRICANT & GREASE,,,,,,,
1272,,84 MM TWIN CONTAINER 520:8 PN 1202502,,,,,,,
14481,,XEROX BLACK MODEL NO.6510,,,,,,,
13608,,COLLET 6MM FOR PNEUMATIC AIR DIE,,,,,,,
62,,LUBRICANT & GREASE,,,,,,,
13675,,LABOUR CONTRACT FOR UN-SKILLED LAB.,,,,,,,
13400,,CUSTOMIZATION AND UPGRADATION OF TALLY SOFT.,,,,,,,
1249,,LUBRICANT & GREASE,,,,,,,
1522,,LUBRICANT & GREASE,,,,,,,
565,,MOBILE CRANES,,,,,,,
543,,MOBILE CRANES,,,,,,,
777,,BARYTES TYPE-2 :JSS-6810-51-2013,,,,,,,
208,,TROLLEY-HAND,,,,,,,
2695,,TYRE & TUBE,,,,,,,
8609,,FORKLIFT,,,,,,,
13787,,DIGITAL ROCKWELL HARDNESS TESTING,,,,,,,
415,,ACETYLENE,,,,,,,
1241,,ACETYLENE,,,,,,,
270,,HIGH PRESSURE EMPTY CYLINDER,,,,,,,
6214,,CHIPPING / PAINTING / CLEANING,,,,,,,
8631,,DRAWING / DESIGN / CONSULTANCY,,,,,,,
5720,,FITTING WORK ON SHIP,,,,,,,
3454,,ELECTRO PLATING,,,,,,,
3974,,FABRICATION,,,,,,,
11368,,FABRICATION ERECTION,,,,,,,
7247,,FABRICATION ERECTION,,,,,,,
6389,,GALVANIZING,,,,,,,
23,,Synthetic Fabric,,,,,,,
944,,Tapes & Cordages,,,,,,,
598,,Fabric Nylon,,,,,,,
124,,Fabric Nylon,,,,,,,
989,,Fabric Nylon Light Weight,,,,,,,
990,,Fabric Green 205 GSM,,,,,,,
7759,,Latex Foam Rubber sheet,,,,,,,
36,,Blended Fabric P.C.,,,,,,,
10567,,TAPES AND CORDAGES,,,,,,,
1535,,Tape Woven Nylon,,,,,,,
10294,,Avalanche Airbag,,,,,,,
6016,,Ladder Ice Wall Climbing,,,,,,,
1364,,Face Mask Antimine Universal Type,,,,,,,
1364,,Elbow & Knee Pads (For Infantry Soldiers),,,,,,,
1180,,Goggle (All Terrain),,,,,,,
1180,,Snow Goggle,,,,,,,
12391,,HELMET COMBAT FIBRE GLASS OLIVE GREEN,,,,,,,
12391,,HELMET COMBAT FIBRE GLASS SAND COLOUR,,,,,,,
12391,,HELMET CRASH DESPATCH RIDER MK-II OF SIZES 6 ½ ”,,,,,,,
12391,,HELMET CRASH DESPATCH RIDER MK-II OF SIZES 6 7/8”,,,,,,,
12391,,HELMET CRASH DESPATCH RIDER MK-II OF SIZES 7 1/4”,,,,,,,
12391,,HELMET CRASH DESPATCH RIDER MK-II OF SIZES 7 5/8”,,,,,,,
12391,,ELBOW PAD (FOR INFANTRY SOLDIERS),,,,,,,
12391,,KNEE PAD (FOR INFANTRY SOLDIERS),,,,,,,
9881,,Helmet Combat Fibre Glass OG & Sand Colour,,,,,,,
226,,Barrels 200 Ltrs,,,,,,,
892,,Saddle SU Pattern,,,,,,,
2713,,Barrels 200 Ltrs,,,,,,,
1115,,Elbow & Knee Pad (For Infantry Soldiers),,,,,,,
6601,,Three way Joint,,,,,,,
6601,,Four way Joint,,,,,,,
6601,,TWJ for roof pole,,,,,,,
6601,,Roof Pole without TWJ,,,,,,,
6601,,Universal Member,,,,,,,
6601,,Elbow Knee Pad (For Infantry Soldiers),,,,,,,
12240,,Barrels 200 Ltr Grade A type II,,,,,,,
999,,Tent High Altitude 10-12 Men,,,,,,,
999,,Elbow Knee Pad (For Infantry Soldiers),,,,,,,
1018,,Tent High Altitude 10-12 Men,,,,,,,
2706,,Medals 97 various,,,,,,,
1938,,Matress Glacier,,,,,,,
12579,,Jerrican Empty 20 Ltr,,,,,,,
12579,,Rod Avalanche,,,,,,,
12579,,Carrier Man Pack,,,,,,,
12579,,Stove Oil wickless No 100 Complete,,,,,,,
12579,,Pulley,,,,,,,
12579,,Kettle Camp Oval 13.6 Ltr Body,,,,,,,
12579,,Parat Medium SS with Lid,,,,,,,
12579,,Laundry Press Commercial Mk-2,,,,,,,
12579,,Container 1 Ltr SS with Lid,,,,,,,
12579,,Tumbler SS 300 ml,,,,,,,
5913,,Snow Goggles,,,,,,,
5913,,Goggle (All Terrain),,,,,,,
6566,,Karabiner Screw S type and P type,,,,,,,
3963,,Ladder Crevasse Crossing,,,,,,,
12724,,Ice Axe & Shovel,,,,,,,
1897,,Snow Goggles,,,,,,,
1897,,Goggle (All Terrain),,,,,,,
2364,,Utensil 26 Various items,,,,,,,
10567,,Elbow & Knee Pads (For Infantry Soldiers),,,,,,,
653,,Barrels 200 Ltrs Grade A Type 2,,,,,,,
2287,,SX TPU 3  MAKE - ABB,,,,,,,
2287,,HYDRAULIC SOLENOID VALVE,,,,,,,
13985,,REFRACTORY REPAIRING WORK,,,,,,,
13514,,WATER COOLER CUM FILTER DIRECT ON LINE ULTRA VIOLET,,,,,,,
13618,,CONVERSION OF INPUT MATERIAL I.E. AL ALLOY SWARF SUPPLIED IN MIXED GRADE INTO CASTING OF INGOT,,,,,,,
15386,,ALCOHOL BASED HAND SANITIZER ISOPROPYL,,,,,,,
2724,,C276 Scrap,,,,,,,
3789,,JACKET CONSISTING OF SAP & ASSOCIATED PARTS,,,,,,,
6310,,TITANIUM DIOXIDE POWDER,,,,,,,
12982,,U2 castings,,,,,,,
12993,,U2 castings,,,,,,,
14125,,Low Carbon Ferro Chrome (Commercial Grade),,,,,,,
14247,,U2 castings,,,,,,,
14468,,CRCA SCRAP,,,,,,,
2006,,Polymerized Ceramic kvi,,,,,,,
2172,,Aluminium Granules,,,,,,,
6987,,INSPECTION / TESTING,,,,,,,
2172,,Electrolytic copper cathodes,,,,,,,
2172,,Aluminium Ingots,,,,,,,
2172,,Aluminium Bars,,,,,,,
2594,,Aluminium Vanadium Master Alloy,,,,,,,
9313,,INSPECTION / TESTING,,,,,,,
2268,,REPAIR & SERVICING OF WELDING SET,,,,,,,
2594,,Aluminium Moly Titanium Master Alloy,,,,,,,
2594,,Nickel Magnesium Master Alloy,,,,,,,
2594,,NICKEL BORON MASTER ALLOY,,,,,,,
2594,,Nickel Yttrium,,,,,,,
3397,,REPAIR & SERVICING OF LIFT,,,,,,,
2594,,NICKEL CALCIUM,,,,,,,
2594,,NICKEL OXIDE,,,,,,,
3488,,REPAIR & SERVICING,,,,,,,
2224,,Fire extinguishers,,,,,,,
13969,,AMMONIUM PER SULPHATE AS/EXCEL R GRADE,,,,,,,
799,,PHOTO COPIER PAPER 75 GSM,,,,,,,
12793,,REPLACING OF WORN OUT 11 KV HT LINE GUARDING,,,,,,,
323,,Cables,,,,,,,
13039,,HEATING ELEMENT FOR SIDE WALL AS PER DRG NO,,,,,,,
13039,,INDUSTRIAL IMMERSION HEATER,,,,,,,
13720,,EVAPORATIVE AIR COOLER,,,,,,,
395,,Two wheelers vehicles,,,,,,,
13476,,AL ALLOY CRM 54*GS20J 4D OF AL SI ALLOY DISC,,,,,,,
8423,,SUPPLY AND INSTALLATION OF CONTROL MODULE,,,,,,,
3287,,Pumps,,,,,,,
8423,,SERVO DRIVE FILTER,,,,,,,
15108,,BATTERY UNIT DSQC 508 ABB,,,,,,,
15108,,ABB MAKE SERIAL MEASURING UNIT,,,,,,,
15118,,SCANNING AND DIGITISATION OF SERVICE BOOK,,,,,,,
1313,,Paints and related Products (58 Items),,,,,,,
1629,,MULTIMODE HAND GRENADE,,,,,,,
485,,MSS TX/RX TERMINAL M-II,,,,,,,
2997,,HATCHES,,,,,,,
1629,,BUND BLASTING DEVICE Mk-II,,,,,,,
363,,IAC MOD-C,,,,,,,
1629,,MINE ANTIPERSONNEL BLAST NIPUN,,,,,,,
4411,,"Test & Measurement Instruments, Safety Euipments",,,,,,,
6294,,REPAIR & SERVICING OF PUMP,,,,,,,
1629,,CARTG 30mm HEI & HET,,,,,,,
5860,,NON DESTRUCTIVE TESTING,,,,,,,
248,,PUMPS,,,,,,,
1629,,CARTG 23mm HEIT & APIT,,,,,,,
8209,,NON DESTRUCTIVE TESTING,,,,,,,
1629,,BICAT STRIP 1A/L,,,,,,,
4614,,D.G.SETS,,,,,,,
13148,,REPAIR / REPLACEMENT TO BE CARRIED OUT IN THE AUTOMATIC COMBINED PELLET MANUFACTURING LINE AS PER ATTACHED SPECN.,,,,,,,
1629,,GRENADE HAND No.90 Mk-3/L,,,,,,,
6499,,Cables,,,,,,,
28,,Texile,,,,,,,
1629,,DETONATOR 4 SEC DELAY 2A METALLIC,,,,,,,
9975,,SUB - ASSEMBLY OF DK. M/C COMPONENTS.,,,,,,,
30,,Textile,,,,,,,
5717,,ASSEMBLY INCLUDING ERRECTION & TESTING OF DK. MCY EQUPT.,,,,,,,
6715,,"FIRE ALARM, BEAM DETECTOR FLAME DETECTOR",,,,,,,
33,,Textile,,,,,,,
2893,,REPAIR & MAINTENANCE OF DIFFERENT MACHINERY,,,,,,,
43,,Textile,,,,,,,
9018,,REPAIR & MAINTENANCE OF DIFFERENT MACHINERY,,,,,,,
9376,,FIRING DEVICE ANTI PERSONNEL MINE 1B FOR MINE AP,,,,,,,
10113,,IT and Networking solutions,,,,,,,
2787,,ALUMINIUM WIRE 9MM DIA,,,,,,,
2787,,ALUMINIUM -TATANIUM MASTER ALLOY,,,,,,,
2787,,AL.TI.BORON MASTER ALLOY TOD WITH TITANIUM,,,,,,,
8610,,SHIP REPAIR (HULL WORK),,,,,,,
6840,,PPE EQUIPMENT,,,,,,,
2787,,ALUMINIUM -ZIRCONIM MASTER ALLOY,,,,,,,
2787,,ALUMINIUM -CHROMIUM MASTER ALLOY,,,,,,,
69,,Fuel,,,,,,,
9972,,SHIP REPAIR (HULL PREPARATION ETC.),,,,,,,
12857,,SOLID CARBIDE TWIST,,,,,,,
12857,,HELICAL DRILL,,,,,,,
14656,,RIBBON CARTRIDGES FOR DOT MATRIX PRINTER,,,,,,,
373,,AUTOMOTIVE,,,,,,,
106,,Medical chemical,,,,,,,
6379,,FABRICATED COMPONENT (LIGHT) / CLAMP,,,,,,,
12857,,TUNG CARBIDE DRILL,,,,,,,
12857,,FORM CUTTER,,,,,,,
712,,FABRICATED COMPONENT (B.BRIDGE),,,,,,,
121,,Chemica; Products,,,,,,,
1214,,FABRICATED COMPONENT (HEAVY),,,,,,,
8971,,SSM BRAHMOS,,,,,,,
140,,plastic products,,,,,,,
2051,,Paint (17 Types),,,,,,,
14989,,LOGITECH WIRELESS KEYBOARD & MOUSE,,,,,,,
145,,plastic products,,,,,,,
13207,,STAINLESS STEEL SHEET TO SPCN:AISI-304,,,,,,,
3168,,FABRICATED COMPONENT (HEAVY),,,,,,,
13207,,GUNMETAL ROUND,,,,,,,
146,,plastic products,,,,,,,
13207,,SET OF BELTS ANNEXURE-A,,,,,,,
12278,,INDUSTRIAL MACHINERY,,,,,,,
555,,GEARS,,,,,,,
179,,Steel Plates and fittings,,,,,,,
13046,,HOLLOW STEM FOR 400 MM DIA,,,,,,,
13046,,MANUFCTURING OF EXTRUSION DIE FOR DIA 400,,,,,,,
180,,Steel Plates and fittings,,,,,,,
13977,,PLASTIC EXTRUSION MACHINERY,,,,,,,
469,,Passenger vehicles,,,,,,,
10178,,ERMETO TYPE FITTINGS / FERRULE,,,,,,,
13046,,MANUFACTURING OF EXTRUSION DIE FOR DIA,,,,,,,
147,,"Defence Equipment, Weapon System, Sensors, Systems,  Munition, Simulators,Armoured ,High Mobility vehicle,Small Arms, Artillery Guns,UAV, Radars ,underwater vehicles,AWD,Shafting,Steering Gear etc.",,,,,,,
5089,,ERMETO TYPE FITTINGS / FERRULE,,,,,,,
15489,,CAUSTIC SODA PURE IN FLAKES FOR,,,,,,,
191,,Steel Plates and fittings,,,,,,,
15609,,SEALED NI-CD RECHARGABLE BATTERY,,,,,,,
14434,,OIL & FUEL CLEANLINESS MONITOR,,,,,,,
4917,,ARMOURED VEHICLE,,,,,,,
3723,,ERMETO TYPE FITTINGS / FERRULE,,,,,,,
194,,Wire rope sling,,,,,,,
2498,,STANNOUS SULPHATE IS-3026: 1991,,,,,,,
2498,,GINTHOX 982L OR EQUIVALENT,,,,,,,
3276,,FERRULE,,,,,,,
13626,,HIRING OF FREIGHT FORWARDING AGENT FOR COLLECTION FO CONSIGNMENT FROM WAGSTAAFF,,,,,,,
13626,,SERVICES FOR FOB SHIPPLING OF DEFENCE,,,,,,,
2498,,SODIUM STANNATE FOR ELECTRO PLATING,,,,,,,
2498,,ACID CHROMIC TRIOXIDE,,,,,,,
2045,,ROPE (HMPE/JACK STAY/ IN HAUL/ OUT HAUL),,,,,,,
211,,Pipe Fittings,,,,,,,
2498,,ZINC BASED PHOSPHATING SOLUTION,,,,,,,
5026,,ANODE / ICCP / AFAC / MGPS,,,,,,,
2498,,BRIGHTENER & ADDITIVE FOR ACID TIN,,,,,,,
213,,Pipe Fittings,,,,,,,
2627,,ANODE / ICCP / AFAC / MGPS,,,,,,,
2498,,COPPER CYANIDE AS PER IS-4847-2006,,,,,,,
222,,Vehicles,,,,,,,
6392,,GOLDEN YELLOW COLOUR DRY FILM BAY MARKING,,,,,,,
8909,,BINOCULAR,,,,,,,
8083,,AEROSTRUCTURES & AERO ENGINES,,,,,,,
236,,Gear Box,,,,,,,
8394,,CURTAINS,,,,,,,
249,,PUMPS,,,,,,,
251,,PUMPS,,,,,,,
8546,,GAS DETECTORS,,,,,,,
3986,,PROFINLE BRACKET FOR STRUT WITH PIN,,,,,,,
3986,,PLATE FOR STRUT WITH PIN AS PER DRG.NO.ADRDE,,,,,,,
3986,,BRACKET ANGULAR FOR STRUT,,,,,,,
1745,,RUBBER PRODUCTS,,,,,,,
277,,machinery for metallurgy,,,,,,,
3986,,T BRACKET FOR STRUT,,,,,,,
1416,,RESIN,,,,,,,
3986,,PIN BUS ASSEMBLY FOR STRUT,,,,,,,
3986,,COUPLING ASSY.CONTAINING,,,,,,,
282,,Washung machine,,,,,,,
285,,Quick closing valves,,,,,,,
12848,,TITANIUM CHILLED WATER CIRCULATION COIL,,,,,,,
12848,,POLYPROPYLENE HOT TREATMENT TANK,,,,,,,
12848,,FULLY SUBMERGED ACRYLIC,,,,,,,
288,,Manufacture of other special purpose machinery,,,,,,,
12848,,PORTABLE POLYPROPYLENE FILTRATION UNIT,,,,,,,
486,,TELECOMMUNICATIONS,,,,,,,
14290,,HAND PURCHES ALPHA SET,,,,,,,
14290,,HAND PURCHES NUMBER SET,,,,,,,
9654,,PACKAGING,,,,,,,
8964,,"BOATS, BARGES",,,,,,,
14290,,TRASPORT BASKET TO DRG.NO.SMF-625,,,,,,,
289,,Welding Machine,,,,,,,
14290,,CONTRACT FOR TIG WELDING OF TITANIUM JIGS,,,,,,,
14290,,SYNTHETIC FOAM SHEET,,,,,,,
5227,,Different types of Cables,,,,,,,
9002,,"BOATS, BARGES",,,,,,,
298,,Domestic appiances,,,,,,,
1444,,SYNTHETIC ENAMEL PAINT READY MIXED SHADE,,,,,,,
15448,,DURACELL PLUS AAA ALKALINE 1.5.V BATTERY,,,,,,,
304,,Calculator,,,,,,,
8782,,SAFETY EQUIPMENT,,,,,,,
13793,,SILICONE GREASE (SURCIL COMPOUND-77)),,,,,,,
13793,,RUST REMOVER WD-4,,,,,,,
2082,,BRASS / NON FERROUS ROD-EXTRUDED,,,,,,,
15662,,TESTING & EXAMINATION OF PRESSURE VESSELS,,,,,,,
4472,,IT hardware and software development,,,,,,,
15662,,LOAD TESTING & CERTIFICATION OF FORK LIFTER,,,,,,,
2282,,BRASS / NON FERROUS ROD-EXTRUDED,,,,,,,
4431,,O RING SIZE 8.1 X1.6,,,,,,,
15354,,LOADING / UNLOADING OF TRUCK IN OFK,,,,,,,
4248,,20 Types of cables,,,,,,,
4431,,SEALING RING TO CQA DRG.NO.3,,,,,,,
1839,,STEEL PACKAGE OF 125 MM FSAPDS PRACT.,,,,,,,
1403,,ZINC BASED PHOSPHATING SOLUTION,,,,,,,
13493,,PAINT POST OFFICE RED ENAMEL FINISH TO SPECN IS:133-1975,,,,,,,
4742,,Different types of cables,,,,,,,
10240,,"Spares for Air Router Surveillance Radar(ARSR), Integrated underwater Harbour Defence Surveillance System and Air & Missile Defence Radar System",,,,,,,
5705,,"Anti-Fouling Anti Corrosion Full System, Anti-Fouling Anti Corrosion Anodes, Replacement Anodes, Anti-Fouling Anti Corrosion Controller, Sacrificial Anodes",,,,,,,
8206,,HVAC Fabrication & Installation,,,,,,,
12396,,Lab Testing Instruments,,,,,,,
5282,,SERVICES,,,,,,,
9321,,SSR Comprising of Transceiver (TxRx) & ASR Sub Systems,,,,,,,
12135,,PLASTIC EXTRUSION MACHINERY,,,,,,,
8728,,FLANGES & FITTING,,,,,,,
8915,,LED/ SOLAR/ SPARK (12 Types) Lights,,,,,,,
5926,,CABLE TERMINAL,,,,,,,
1879,,RUBBER PRODUCTS,,,,,,,
2292,,HHJG,,,,,,,
12562,,CORROSIAN RESISTANCE MATERIAL,,,,,,,
1450,,Paints (16 Types),,,,,,,
1656,,COATING,,,,,,,
2292,,ARMOUR PLATE SIZE 68mm wide x 2 M long x thk 4 - 9 mm,,,,,,,
7157,,TELECOMMUNICATION,,,,,,,
212,,"COVERED MANUAL ARC WELDING ELECTRODE IS 814-2004, IS 1395-1982, IS 5206-1983, 1S 5511-1991 ( Excluding grd NiCu1, NiCu2,Ni, CuAl& CuSn1), IS 7303-1974( Excluding Cobalt & Chromium Base)",,,,,,,
5867,,MATTRESSES,,,,,,,
5885,,PAINT,,,,,,,
328,,"ELASTOMER, XLPE INSULATED, LFH SHEATHED ARMOURED AND UNARMOURED CABLES LFH CABLES (POWER, CONTROL, INSTRUMENTATION), DEGAUSSING CABLE and CABLES FOR BOND STRAP",,,,,,,
212,,"FLUX CORED WIRE AWS SFA- A5.20 E71T-1C : 2021 , JSS 3439-12: 2022 (Third rev) MIG FLUX CORED WIRE OF 18 % Cr, 8% Ni, 6%Mn",,,,,,,
212,,SAW FLUX AWS SFA- A5.17 : 2019,,,,,,,
212,,"SAW WIRE AWS SFA-A5.17 : 2019, AWS SFA-A-5.23: 2021",,,,,,,
5238,,Electrical cables (26 Types),,,,,,,
5818,,SERVICES,,,,,,,
261,,51Z4110247,,,,,,,
394,,Gas Turbine,,,,,,,
261,,BUSHING,,,,,,,
1667,,BLEACHING POWDER STABLE GRADE-I,,,,,,,
10567,,Tapes & Cordages,,,,,,,
684,,2ND SET OF 3 PLASTIC ITEMS FOR MMHG,,,,,,,
684,,7TH SET OF 3 ITEMS FOR MMHG,,,,,,,
9303,,PACKING BOTTOM ARDE/SK/1690 DET.2,,,,,,,
9303,,CAP AND LOCK BOTTOM,,,,,,,
9303,,CONTAINER PLASTIC NO. P-17 FOR PPLT,,,,,,,
9303,,TWIN CONTAINER 520:9 DRG TRD 422155,,,,,,,
14754,,GAS CHROMATOGRAPH,,,,,,,
1639,,CLADDING,,,,,,,
10415,,MAIN HOUSING 010 FOR MMHG,,,,,,,
10415,,TIME & IMPACT FUZE FFV-447 EMPTY ASY,,,,,,,
10415,,SPACER TO DRG. NO. TRD 2-2-2273,,,,,,,
13498,,ROTORY PERISTALTIC PUMP WITH MICROPROCESSOR BASED,,,,,,,
4596,,"Moulded case Circuit Breaker (MCCB),  Miniature Circuit Breaker, Industrial Plug and socket, Low Voltage Switchboards",,,,,,,
2036,,WHYTHEAT K SPL REFRACTORY CEMENT,,,,,,,
62,,DIESEL H P P,,,,,,,
2036,,COILCOAT REFRACTORY CEMENT OF CALDERYS,,,,,,,
15447,,2/2 LOGIC VALVE SHPL MAKE MODEL SLV-63,,,,,,,
15447,,PLUNGER FOR HIGH PRESSURE EMULSION PUMP,,,,,,,
15447,,OVERHAULING OF BILLET HOLDING HYDRAULIC CYLINDER,,,,,,,
8318,,HVAC,,,,,,,
13352,,CANON NPG-59 BLACK DRUM UNIT FOR CANON,,,,,,,
6608,,LABOUR CONTRACT FOR SKILLED LAB.,,,,,,,
14212,,METAL FIRE T.E.C. EXTINGUISHER 09 KG,,,,,,,
14624,,QUARTERLY MAINTENCE CONTRACT,,,,,,,
13301,,A4 SIZE LASER MFP,,,,,,,
7245,,PUMPS,,,,,,,
12952,,PUNCHER REPARING TUBLESS TYRE SEAL,,,,,,,
190,,MAGNESIUM POWDER,,,,,,,
12952,,ADHESIVE RUBBER PATCH FOR PUNCHER REPARING,,,,,,,
12952,,OVERHAULING OF TOYATA INNOVA,,,,,,,
5481,,BATTERIES,,,,,,,
12952,,REQD.FOR TATA TURCK SUPPLY & FITMENT OF WINDSHIELD GLASS,,,,,,,
12952,,REQD. FOR BACKHOE LOADER-SET,,,,,,,
5923,,REPAIRING/OVERHAULING OF ELECTRODYN,,,,,,,
7834,,"DIGITAL STORAGE OSCILLOSCOPE ,REAL TIME BANDSIDTH",,,,,,,
4109,,HYDRAULIC EQUIPMENT,,,,,,,
15290,,SSD HARD DISK,,,,,,,
15208,,PHOTO COPIER PAPER,,,,,,,
5182,,Weld Consumable,,,,,,,
5663,,SEALING ADAPTER FOR ANODISING OF SHELL BODY,,,,,,,
5149,,Lithium-Ion battery & In-house design & developed BMS,,,,,,,
690,,CRATE 13A WOODEN ISV-948,,,,,,,
15098,,TO CARRY OUT FINISHING RELATED ACTIVITIES DURING PRODUCTION,,,,,,,
15098,,SPARES FOR WELDING MACHINE,,,,,,,
690,,CRATE 12A WOODEN ISV-483A,,,,,,,
15098,,TECHNICAL ASSESSMENT SERVICES,,,,,,,
15098,,IGBT INVERTER BASE ARC WELDING MACHINE,,,,,,,
2182,,Different types of Cables,,,,,,,
690,,TIMBER M/H/C/CHIK/CHIR 19X75X1.5M,,,,,,,
15098,,AGIP MAKE ACER SO 10 EE LUBRICATION OIL,,,,,,,
690,,BOX W-131 MK-3/L WOODEN ISV-162A,,,,,,,
13016,,GRAPHITE SHAFT ASSEMBLY FOR RGI,,,,,,,
690,,TIMBER OF ANY SPECIES 20X170X1000M,,,,,,,
690,,TIMBER MANGO/ANY 25MMX110MMX1.7M,,,,,,,
15588,,GUM PASTE 150 ML,,,,,,,
6277,,ADDITIVE LINER (76.2) ARDE -1716/DET7,,,,,,,
1570,,GASKET,,,,,,,
1696,,WELDING GAS,,,,,,,
12322,,HYDRAULIC EQUIPMENT,,,,,,,
14425,,EMPTY TIN CONTAINER CAPACITY 500 ML,,,,,,,
14425,,PRINTING INK S.S.COMMET,,,,,,,
152,,INSULATION,,,,,,,
14425,,LDPE POLYTHENE BAG SIZE-200 MM,,,,,,,
14425,,CONTACT PIN NO O1 AS PER DRG.NO.FS-2802 A,,,,,,,
3844,,"Overhauling of Control Panels of Shishumar Class Submarine,Single Phase Preventer,Chilled water pump speed controller",,,,,,,
13288,,H.S.S.MACHINE TAP STRAIGHT FLUTE METIC,,,,,,,
13288,,HIGH SPEED SHORT MACHINE TAP,,,,,,,
13288,,BOTTOMING TAP M18,,,,,,,
8972,,PPE,,,,,,,
13288,,STEPPED DRILL TO DRG.NO.FS/T-1072,,,,,,,
13288,,MACHINE TAP TO DRG.NO FS/T-4066A,,,,,,,
594,,"SMAW/MMAW ELECTRODES FOR DMR 249A STEEL, SMAW/MMAW ELECTRODES FOR DMR 249B STEEL, SMAW/MMAW ELECTRODES FOR MILD STEEL, GTAW ELECTRODES, FCAW ELECTRODES, SAW FLUX",,,,,,,
8294,,ELECTRONICS / ELECTRICAL SYSTEMS,,,,,,,
6435,,SODA LIME,,,,,,,
320,,"Kranking-2020, Kranking -2022, Kranking -JSD24 VDC, Kranking-JSD 12VDC, Alternate adaptive power module(AAPM), Faradigm UCPPS, Faradigm flywheel, faradigm fuelcell,",,,,,,,
1418,,"BOATS, BARGES",,,,,,,
7185,,FILTERS / STRAINERS,,,,,,,
1000,,Tapes & Cordages,,,,,,,
5847,,PLASTIC SLIDE FASTENER,,,,,,,
36,,Fabric Nylon,,,,,,,
8960,,Tapes & Cordages,,,,,,,
1323,,BORON POWDER GR-1,,,,,,,
1323,,Ammonium Chloride,,,,,,,
1323,,Lead Ferrocynide,,,,,,,
1323,,SODIUM NITRATE GR-1 SIZE 125 MICRON,,,,,,,
8058,,LID FOR BEM IGNITER,,,,,,,
8058,,CUP AND LID FOR IGNITER AKASH BOOSTER,,,,,,,
8058,,IGNITER ASSEMBLY EMPTY,,,,,,,
8058,,SQUIB FOR SIGNAL FLARE,,,,,,,
8058,,BOOSTER IGNITER (EMPTY) 4T-20-20,,,,,,,
10415,,FUZE 213 MK-5(M-3),,,,,,,
647,,REPAIR & SERVICING OF LIFT,,,,,,,
4742,,ELECTRIC CABLE / WIRE,,,,,,,
1582,,"Deck Covering Products, High Pressure Sealant, Replaceable Deck Covering, Thermal Insulation Products (Hot & Cold Insulation), Adhesive and Sealant for Cold Insulation and Other",,,,,,,
2368,,FORGED ITEMS,,,,,,,
4540,,ELECTRIC MOTORS (NAVAL),,,,,,,
3876,,AIRCONDITIONING / VENTILATION,,,,,,,
2353,,"Paint RFU Finish Acid Alkali Resistance Chlorinated Rubber, Paint RFU Undercoat Synthetic Br./Spr, Paint RFU Priming Zinc Chromate Syn. Br./Spr., Paint RFU Finishing Fire Retardent Br./Spr., Paint RFU Non Slip, Varnish Gold Size, Paint RFU Finishing Heat Resisting Aluminium, Paint RFU Fin. Air drying Br. Spr. Syn. Enamel, Paint Epoxy Red Oxide Primer, Paint Epoxy Aluminium Primer, Paint RFU Priming Red Oxide of Fe and Zn, Paint Etch Primer Base, Paint Etch Primer Accelerator, Paint RFU Priming C",,,,,,,
11422,,SAND/GRIT/QUARTZ BLASTING,,,,,,,
10781,,BLOCK  FABRICATION.,,,,,,,
5902,,LUBRICATION EQUIPMENT / FITTINGS,,,,,,,
984,,INSULATING MATERIAL,,,,,,,
8303,,GENERAL ORDER SUPPLIER,,,,,,,
2677,,VALVES  / COCKS,,,,,,,
5892,,"CABLE HANGER, CABLE TRAYS",,,,,,,
3479,,FIRE DETECTION SYSTEM,,,,,,,
1222,,Oil C-70,,,,,,,
1222,,Oil OX-13,,,,,,,
9269,,DRAWING / DESIGN / CONSULTANCY,,,,,,,
10118,,CYLINDER,,,,,,,
1582,,FIRE RESISTANCE COATINGS,,,,,,,
1582,,U61200MH2010FTC206739,,,,,,,
9397,,CABLE GLANDS,,,,,,,
6992,,MODULAR ACCOMODATION,,,,,,,
1222,,Oil OX-52,,,,,,,
7195,,CABLE / WIRE (NAVAL PATTERNISED),,,,,,,
2357,,"CASTING STEEL,STAINLESS STEEL,ALLOY STEEL",,,,,,,
3831,,ELECTRONIC CONTROL  &   POWER PANEL,,,,,,,
5778,,ELECTRIC & ELECTRONIC SYSTEM,,,,,,,
9760,,SPARES FOR DIESEL ENGINE/D.G.SETS,,,,,,,
3671,,ACOUSTIC MARINE EXHAUST SYSTEM,,,,,,,
10236,,PLUMBING WORK,,,,,,,
1222,,Oil OM-36 (VG-32),,,,,,,
7922,,DRAWING / DESIGN / CONSULTANCY,,,,,,,
1958,,"Electric cables thin Wall insulated,  Electron Beam Cross-linked Irradiated cables, Fire Survival, High Temperature Zone and Fire Retardant Halogen Free Sheathed Electron Beam Cross-linked Irradiated cables, Cables, Electrical, Silicon Rubber Insulated, Limited Fire Hazard or Chlorosulphonated Polythene Sheathed Cable,  Special Purpose Electrical Cables   ( Sub-Miniature Electric Cables), Electrical, Elastomeric, Limited Fire Hazard Sheathed Cables, XLPE/ EPR/ Silicon Rubber Insulated, SHF1 or S",,,,,,,
3020,,PIPE FITTINGS,,,,,,,
2794,,SHELL 105 MM IFG SMOKE BE 3A(EMPTY),,,,,,,
2794,,SHELL 105 MM ILLG. MK-2A EMTPY,,,,,,,
2400,,MS RODS / ANGLES / CHANNEL / JOIST / BEAM SECTION,,,,,,,
8280,,ELECTRIC CABLE/WIRE,,,,,,,
6153,,GENERAL ORDER SUPPLIER,,,,,,,
1461,,PAINTS,,,,,,,
6415,,SUSPENSION STEEL WIRE ROPE 6X7 CORE,,,,,,,
6415,,ALLUMINUM STRIP SIZE 127MM X 0.1MM,,,,,,,
4281,,COMPONENTS & ACCESSORIES FOR ELECTRIC & ELECTRONIC SYSTEM,,,,,,,
6415,,SINGLE CORE TEFLON INSULATED SILVER,,,,,,,
1222,,Oil Om-58 (VG-46),,,,,,,
6415,,STEEL WIRE ROPE 3 MM FIBRE CORE,,,,,,,
947,,Double Layer Bonded Polyester Fleece in O.G Colour 145 cm width,,,,,,,
6559,,FABRICATED COMPONENT,,,,,,,
1222,,Protective PX-6,,,,,,,
8507,,CAPSTAN,,,,,,,
1413,,BARIUM CHROMATE,,,,,,,
1222,,Oil Mineral Hydraulic Buffer (OMHB),,,,,,,
1413,,AZO-ISO-BUTYL NITRILE (CH=3) 2 (CN),,,,,,,
1413,,CALCIUM OXALATE SIZE : 125 MICROMTR,,,,,,,
7774,,COMPUTER & ACCESSORIES,,,,,,,
1413,,LEAD THIOCYNATE 90 MICRON,,,,,,,
1222,,Oil OM-65,,,,,,,
1413,,MAGNESIUM OXIDE (AR) TYPE A SPECN.,,,,,,,
1413,,POTASSIUM NITRATE GR-I.,,,,,,,
1413,,SODIUM NITRATE GR.I SIZE 125 MICRON,,,,,,,
9977,,ELECTRONICS/ELECTRICAL SYSTEMS,,,,,,,
947,,Pile Fabric Acrylic and Polyester Blended Sliver Knitted with Polyester backing off-White 145 cm in,,,,,,,
1222,,Protective PX-2,,,,,,,
1413,,SODIUM OXALATE (PYROTECHNIC GRADE),,,,,,,
947,,Composite fabric of knitted & fleeced polyester black 260 GSM,,,,,,,
2120,,ROPE - WIRE,,,,,,,
10834,,SUPPORT DROGUE PARACHUTE 155MM NASC,,,,,,,
1222,,Oil Cutting ZX-1,,,,,,,
10834,,BASE CANISTER FOR 155MM NASCHEM,,,,,,,
10834,,SUPPORT PARACHUTE,,,,,,,
4432,,ELECTRONICS / ELECTRICAL SYSTEMS,,,,,,,
10834,,SET OF COMPO.FOR 155MM 24 KM,,,,,,,
10834,,BODY LOWER FOR 81MM MK-II,,,,,,,
11364,,FABRICATION,,,,,,,
285,,FILTERS / STRAINERS,,,,,,,
6864,,Different type of LED lights,,,,,,,
4424,,MACHINED COMPONENTS (LIGHT),,,,,,,
5856,,ELECTRIC CABLE/WIRE,,,,,,,
8862,,Fabric Nylon,,,,,,,
19,,Grease SG-240,,,,,,,
5009,,ELECTRIC CABLE / WIRE,,,,,,,
19,,Grease Molibdenu Disulphide,,,,,,,
19,,Grease LG-280 Grade-2,,,,,,,
995,,Threads,,,,,,,
2247,,"CASTING STEEL,STAINLESS STEEL,ALLOY STEEL",,,,,,,
19,,Grease XG-285,,,,,,,
522,,Super Rapid Gun Mount,,,,,,,
7078,,FABRICATION JOB,,,,,,,
2171,,GALVANIZING,,,,,,,
1655,,CABLE GLAND SEALING COMPOUND,,,,,,,
19,,Grease XG-279,,,,,,,
312,,"ABRASIVE CUTTER, GRINDING WHEEL",,,,,,,
13064,,Barrel Forgings,,,,,,,
19,,Grease XG-280 Grade-2,,,,,,,
5719,,FITTING & SPARES,,,,,,,
31,,Cloth PC Disp 220 GSM,,,,,,,
19,,Grease XG-340,,,,,,,
13064,,Forging of slides,,,,,,,
9480,,MAIN SWITCH BOARDS,,,,,,,
7383,,SUPPLY OF FRP PRODUCTS,,,,,,,
19,,Antiwear Hydraulic Oil VG-32 Extra Heavy Duty Type,,,,,,,
6601,,WEBBING POLYESTER UVR BLACK 40MM,,,,,,,
19,,Antiwear Hydraulic Oil VG-46 Extra Heavy Duty Type,,,,,,,
6876,,CABLE TIES,,,,,,,
345,,ELECTRIC BATTERY CHARGER,,,,,,,
1063,,SEWING THREAD SPUN POLYESTER OG,,,,,,,
19,,Antiwear Hydraulic Oil VG-68 Extra Heavy Duty Type,,,,,,,
4533,,LIGHT FITTINGS,,,,,,,
1682,,ADHESIVE USED FOR ASSY. SULUTION,,,,,,,
7176,,FABRIC NYLON 75 G U/D,,,,,,,
3006,,Dishwashing Machines,,,,,,,
9267,,COMPUTER & ACCESSORIES,,,,,,,
19,,Industrial Grease Lithium Base Regular Grade-2 (IGLBR Grade-2),,,,,,,
360,,Maintenance of Telephone Exchange EPABX,,,,,,,
1485,,PAINT,,,,,,,
3065,,S.S.PLATE & ROD,,,,,,,
19,,Grease LG-320 Grade-1,,,,,,,
2845,,Hiring of services for FRP coating of underwater shaft line,,,,,,,
19,,Grease XG-271,,,,,,,
3000,,EXPANSION BELLOW,,,,,,,
19,,Gear Oil SAE-140 EP Type Gl-5,,,,,,,
2354,,MS RODS ANGLES CHANNEL JOIST BEAM SECTION TQ.STEEL,,,,,,,
10834,,NOSE ASSY.FOR 3 KG.PRACTICE BOMB,,,,,,,
12364,,hiring of services for Detailed Design Activities for outfitting of P15B Ships,,,,,,,
19,,Industrial Grease Lithium Base Regular Grade-3 (IGLBR Grade-3),,,,,,,
215,,FORGING,,,,,,,
12421,,Mechanical wire brushing and oiling of tanks on P15B & P17A,,,,,,,
8556,,"BLASTING, SURFACE PREPARATION AND APPLICATION OF PAINTS ON P15B / P17A",,,,,,,
6144,,RESILIENT & SHOCK MOUNTINGS,,,,,,,
19,,Lithium Base Grease For Automotve Purpose Grade-1 (LBGA Grade-1),,,,,,,
1272,,CARRIER AMMN 17A FOR 81MM ILLG MKII,,,,,,,
1272,,AMMUNITION CONTAINER 69 A/L,,,,,,,
3262,,SHIP REPAIR,,,,,,,
1272,,STRIP CELLULOID SHEET 50 MM X 70 MM,,,,,,,
1272,,POLY PROPYLENE DISC FOR 51MM SMOKE,,,,,,,
1272,,HALF CUP FOR 120MM ILLG.,,,,,,,
1272,,AMMUNITION CONTAINER 75A (ASSY),,,,,,,
8670,,VIBRATION MEASUREMENT SOUND LEVEL MONITORING,,,,,,,
12457,,PIG IRON,,,,,,,
10874,,Stainless steel-plate,,,,,,,
10874,,PIPE,,,,,,,
345,,"Switchboards, Automated Power Management System (APMS), Battery Charger / Transformer Rectifier Unit (TRU), degaussing system, Tranformer, Starter Panel, Integrated Bridge system, Alarm Monitoring System, Gas detection system, Power Panel, Internal Communication System, CCTV System, Wind Speed & Direction System, Auto Transfer Switch, Helo Strater Rectifier, Admistrative LAN System.",,,,,,,
161,,"CASTING STEEL ,STAINLESS STEEL ,ALLOY STEEL",,,,,,,
10874,,Fittings,,,,,,,
639,,JACK (HYDRAULIC/MECHANICAL),,,,,,,
8670,,Laser Alignment Services for Propulsion Shafting System for P17A class ships,,,,,,,
2381,,ETHYL CELLULOSE (N-200) TO PISIONAL,,,,,,,
2381,,ETHYL CELLULOSE FOR PINAKA IGNITER,,,,,,,
12421,,"blasting, surface preparation and application of paints on P15B /P17A",,,,,,,
1703,,RUBBER-STRIPS/LIPS/GASKET,,,,,,,
3929,,VALVES,,,,,,,
14,,CLOTH PC DISP.220 GSM WITH ARMY LOGO 152 CM,,,,,,,
8556,,Blasting with Shot/Grit & Priming by one coat of epoxy primer on steel plates,,,,,,,
1709,,RUBBER-STRIPS/LIPS/GASKET,,,,,,,
5714,,SHIP REPAIR,,,,,,,
13480,,POTASSIUM PERCHLORATE POWDER,,,,,,,
7112,,ON-BOARD WORK,,,,,,,
12359,,Repair/Refurbishment of Techometer - GTG (P15B),,,,,,,
1912,,SUPPLY OF FRP PRODUCTS,,,,,,,
12421,,Tank Cleaning by Mechanical Means & Oiling of Tanks on Y–12707 of P-15B,,,,,,,
21,,FABRIC NYLON LIGHT WEIGHT 37 GSM 94 CMS. WIDE,,,,,,,
6555,,FUSES,,,,,,,
12359,,Repair/Refurbishment of A2 Card (01Nos)-P15B GTG,,,,,,,
1434,,PAINT,,,,,,,
1470,,APC NO.210 (NITROCELLULOSE LACQUER),,,,,,,
1470,,APC-217 (NC CONTENT - 10 TO 11%).,,,,,,,
1470,,PAINT BLACK SGF.STENCILLING & MARK,,,,,,,
1470,,PAINT GOLDEN YELLOW ISC NO.356,,,,,,,
2553,,"CASTING STEEL,STAINLESS STEEL & ALLOY STEEL",,,,,,,
1470,,PAINT OLIVE GREEN ISC NO.220,,,,,,,
1470,,PAINT SERVICE BROWN ISC NO.499,,,,,,,
1702,,RUBBER-STRIPS/LIPS/GASKET,,,,,,,
1470,,PAINT WHITE SEMI GLOSSY AIR DRYING,,,,,,,
1470,,PAINT OLIVE GREEN MATT FINISH,,,,,,,
1470,,PAINT BLACK SEMI GLOSSY,,,,,,,
1470,,PAINT WHITE FOR STENCILLING,,,,,,,
1470,,PAINT LIGHT BRUNSWICK GREEN ISC 225,,,,,,,
1470,,PAINT SIGNAL RED ISC.NO.537,,,,,,,
7581,,COMPUTER & ACCESSORIES,,,,,,,
1634,,A SET OF FIVE MATCH FUZEE SAFETY,,,,,,,
4147,,VALVES / COCKS,,,,,,,
8891,,ELECTRIC CABLE / WIRE,,,,,,,
9,,CERAMOL,,,,,,,
5777,,REPAIR & SERVICING,,,,,,,
557,,PAINTS,,,,,,,
9994,,FUZE 213 MK-5(M-3) FOR 81MM ILLG.,,,,,,,
8930,,DIESEL GENERATING SET,,,,,,,
789,,BUTYL METHA CRYLATE,,,,,,,
789,,HEXANE (COMMERCIAL GRADE),,,,,,,
5818,,PLUMBING WORK,,,,,,,
789,,LACTOSE MONOHYDRATED SIZE 125 MICRO,,,,,,,
789,,SODIUM NITRATE GR.I SIZE 125 MICRON,,,,,,,
789,,TITANIUM DIOXIDE (WHITE) ANATASE,,,,,,,
628,,NAVIGATION EXTERNAL & INTERNAL COMMUNICATION EUIP.,,,,,,,
789,,TOLUENE NITRATION GRADE TO SPECN.,,,,,,,
5087,,SHIP REPAIR,,,,,,,
789,,BORON POWDER GR.I,,,,,,,
4733,,GUN POWDER G-4,,,,,,,
605,,ELECTRODES,,,,,,,
4733,,GUN POWDER MEALED,,,,,,,
181,,PIPES & TUBES,,,,,,,
4733,,GUN POWDER G-20,,,,,,,
4733,,GUN POWDER G-40 TO SPECN.NO JSS-137,,,,,,,
4733,,GUN POWDER G-7 TO SPECN.NO JSS-137,,,,,,,
4733,,GUN POWDER SULPHER FREE SFG-90.,,,,,,,
4733,,GUN POWDER SMP,,,,,,,
4665,,MAIN SWITCH BOARDS,,,,,,,
5403,,ACOUSTIC MARINE EXHAUST SYSTEM,,,,,,,
1647,,BORON POWDER GR-I FOR AKASH IGNITER,,,,,,,
1636,,GUN POWDER SULPHUR FREE SMP,,,,,,,
1636,,GUN POWDER MEALED,,,,,,,
10233,,ELECTRONICS/ELECTRICAL,,,,,,,
1636,,GUN POWDER G-20,,,,,,,
1636,,GUN POWDER G-7 TO SPECN.NO.JSS-1376,,,,,,,
1636,,GUN POWDER G-40 TO SPECN.NO JSS-137,,,,,,,
1636,,GUN POWDER SULPHER FREE SFG-12.,,,,,,,
264,,CYLINDER - HYDRAULIC / PNEUMATIC,,,,,,,
1636,,GUN POWDER G-12 TO SPECN.NO JSS1376,,,,,,,
1636,,GUN POWDER SULPHER FREE SFG-90.,,,,,,,
1636,,POTASSIUM NITRATE GR-I.,,,,,,,
8083,,PLATFORM MANAGEMENT SYSTEM.,,,,,,,
1380,,ZIRCONIUM POWDER IS.12437/1988,,,,,,,
1380,,ZIRCONIUM NICKEL ALLOY POWDERED,,,,,,,
1380,,ZIRCONIUM NICKEL ALLOY 30:70,,,,,,,
2586,,STEEL,,,,,,,
2229,,PIPES & TUBES NON FERROUS,,,,,,,
5026,,"JUNCTION BOXES, SLIP RING ASSEMBLY, RUDDER GROUND BRAID, COFFER DAMS, BATTERY CHARGER, DISTRIBUTION BOX, POWER SUPPLY PANELS, ANTI FOULING ANTI CORROSION CONTROLLER, ANTI CORROSION ANTI FOULING ANODE",,,,,,,
5722,,NAVIGATION,,,,,,,
315,,ELECTRIC,,,,,,,
4862,,"Different type of Juction Boxes, Signal Enclosure QTTM, Signal Enclosure RBU, Automatic changover switching system, Combined Fuse Panel, Master control panel, Power panel, Battery Charger",,,,,,,
263,,GEARS,,,,,,,
3678,,HINGE,,,,,,,
28,,BLENDED FABRIC P.C.(67:33)UNDYED 93+2/-0 cm width,,,,,,,
68,,Multigrade ENgine Oil 10W30 EPL-4/EDL-7,,,,,,,
33,,FABRIC 410 GMS OG WP PV-DOPE DYED RIP STOP 148 CMS,,,,,,,
12921,,Fabric Nylon,,,,,,,
329,,"Electric Cables Thin-Wall Insulated; Electron Beam Cross-Linked Irradiated Cables, Fire Survival, High Temperature Zone and Fire Retardant Halogen Free Sheathed Electron Beam Crosslinked Electric Cables, Elastomer, XLPE Insulated, LFH Sheathed Armoured and Unarmoured Cables, LFH Cables / Def-Stan-61-12 (Part 31) (Power, Control, Instrumentation), Pressure Tight Cables, Degaussing Cable, Photo Voltaic (PV) Solar Cables Electron Beam Irradiated, Optical Fiber Cable,",,,,,,,
68,,Multigrade ENgine Oil 15W40 EPL-4/EDL-7,,,,,,,
68,,Multigrade ENgine Oil 20W50 EPL-4/EDL-7,,,,,,,
68,,Multigrade ENgine Oil 15W40 CI-4 Plus,,,,,,,
420,,"Crosslinked Polyethylene insulated PVC sheathed Cables For Working Voltage up to and including 1100V, Crosslinked Polyethylene insulated, Thermoplastic Sheathed Cables  PVC sheathed Cables For Working Voltage from 3.3 KV up to  and including 33KV, Crosslinked Polyethylene insulated, Thermoplastic Sheathed Cables  PVC sheathed Cables For Working Voltage from 66 KV up to  and including 220 KV, PVC Insulated Heavy Duty Electric Cables- For Working Voltage up to and including 1100 V",,,,,,,
4222,,"Navigation Lights, Action Alarm System",,,,,,,
338,,Batteries,,,,,,,
343,,Transfomers,,,,,,,
61,,Gear Lubricants Multipurpose 80W90 EP Type GL-5,,,,,,,
61,,Multigrade Engine Oil 15W40 API CI4 Plus(EDL-9),,,,,,,
12359,,Hiring of services for calibration of sensors fitted onboard on boat 2 and 4,,,,,,,
61,,ENKLO HVLP AH 46 (Zinc free) ex OEM,,,,,,,
61,,Multi Grade Engine Oil 15W40 API CH4 Combinde with MB 228.3 (EDL-7),,,,,,,
61,,Multi Grade Engine Oil 5W30 EDL-3,,,,,,,
561,,55 TYPES OF CABLES,,,,,,,
1323,,BARIUM HEXAFLUOROSILICATE,,,,,,,
61,,Multi Grade Engine Oil 10W40 API CH4 Combinde with MB 228.3 (EDL-7),,,,,,,
1323,,CALCIUM SILICIDE SIZE 63 MICROMETRE,,,,,,,
1323,,MAGNESIUM POWDER GR-5,,,,,,,
394,,"ST-1075 (1KW HF System), ST-500 (5KW HF System)",,,,,,,
61,,Fluid Automotive Transmission Type 'A' Suffix 'A',,,,,,,
61,,Multi Grade Engine Oil 10W30 EPL-4/EDL-7,,,,,,,
61,,Multi Grade Engine Oil 15W40 EPL-4/EDL-7,,,,,,,
61,,Multi Grade Engine Oil 20W50 EPL-4/EDL-7,,,,,,,
61,,Transmission Fluid F-10,,,,,,,
61,,Protective PX-6,,,,,,,
61,,Oil OX-13,,,,,,,
61,,Oil Minerar Hydraulic Buffer (OMHB),,,,,,,
61,,Grease Molybdinum Disulphide,,,,,,,
62,,Industrial Grease Lithium Base Regular Grade-3 (IGLBR Grade-3),,,,,,,
62,,Grease Molydenun Disulphied (GMD),,,,,,,
1470,,APC NO. 213,,,,,,,
62,,Grease XG-285,,,,,,,
1470,,APC 214 (VERN. OIL CLEAR) RD1177,,,,,,,
62,,Grease LG-280 Grade-2,,,,,,,
1470,,THINNER FOR PAINTS AND LACQUERS,,,,,,,
62,,Grease SG-240,,,,,,,
1470,,APC 215 (VERN. OIL BITUMIN) RD1219,,,,,,,
62,,Lithuim Base Grease Automotive Purpose Grade-1 (LBGA Grade-1),,,,,,,
62,,Grease Ciatim-201,,,,,,,
62,,Grease -271,,,,,,,
13680,,5TH SET OF 8 ITEMS FOR MMHG,,,,,,,
62,,Grease XG-279,,,,,,,
13680,,4TH SET OF 3 ITEMS FOR MMHG,,,,,,,
13680,,SHELL HEI EMPTY  -30 MM BPM-II,,,,,,,
10376,,"COPPER BALL 0.125"" +0.002"" FOR PR. 11",,,,,,,
10376,,NIPPLE BODY TO DRG. NO. 12282-1-0,,,,,,,
10376,,PARTITION TRD 1-2-2279 (84MM 551),,,,,,,
10376,,BOOSTER CUP & PIN FOR 84 MM HEAT-551,,,,,,,
10376,,HOUSING WITH PIN FINISHED FOR DET,,,,,,,
10376,,4TH SET OF 3 ITEMS FOR MMHG,,,,,,,
13059,,CABLE ELECTRIC CROSS SIZE 4 COREX 16SQ,,,,,,,
12137,,REMOTE OPERATOR MECHANISM,,,,,,,
6785,,"Paint RFU Priming Red Oxide of Fe and Zn, Paint Etch Primer Base (Wash Primer), Paint RFU Priming Chlorinated Rubber, Paint RFU Finish Acid Alkali Resistant Chlorinated Rubber, Paint RFU Undercoat Synthetic Br./Spr., Paint RFU Enamel Ext. Syn. Br./Spr., Epoxy Red Oxide Primer., Paint Epoxy Aluminium Primer.,Paint RFU Priming Zinc Chromate Syn. Br./Spr., Paint RFU Priming Zinc Chromate Syn. Br./Spr., Paint RFU Enamel Interior Brushing., Paint RFU Non Slip., Varnish Gold Size., Paint RFU Finishing",,,,,,,
12137,,"RUBBER INSERTION 3 MM (1/8"") THICK",,,,,,,
12137,,AC COOLING FAN,,,,,,,
2756,,X-RAY FILM CASSETTE 300MM X 400MM,,,,,,,
2756,,DARK ROOM ALARM TIMER,,,,,,,
2756,,X-RAY FILM CUTTER,,,,,,,
2756,,LEAD NUMBERS SET (0-9) SIZE-12,,,,,,,
2756,,LEAD LETTERS SET (A TO Z) SIZE-12,,,,,,,
598,,Fabric Nylon 66 breathable Polyurethane Coated 180 cms vide in digital Print similar to New Combat Uniform,,,,,,,
2756,,LEAD INTENSIFYING SCREEN 0.1 MM,,,,,,,
6892,,TOOLS,,,,,,,
13480,,POTASSIUM CHLORATE JSS 6810-58,,,,,,,
598,,INNER LINING KNITTED FABRIC OUTER JACKET POLYESTER 145 GSM WIDTH 150 CM MIN,,,,,,,
2045,,7 Types of Ropes,,,,,,,
2361,,BLANK FOR PLUNGER FOR 751,,,,,,,
2361,,PLUNGER BLANK FOR 84 HEAT-551,,,,,,,
598,,OUTER AND INNER SHELL NYLON FABRIC INNER JACKET NYLON 60 GSM WIDTH 150 CM MIN PANTONE SHADE NO 19 0511 TPX,,,,,,,
9994,,PYRO DELAY TUBE EMPTY,,,,,,,
9994,,ARMING PYRO DELAY (EMPTY) OF MMG,,,,,,,
3669,,DOORS WT/NWT,,,,,,,
9994,,TIME & IMPACT FUZE FFV-447 EMPTY ASY,,,,,,,
9619,,"Echo Sounder, EM Log, RTU, DDU, Under Water Telephone System, Battery Charger, Inverter, XBT Probe, AIDSS & ADSS",,,,,,,
9994,,PLUNGER TRD 1-1-3147,,,,,,,
4598,,ELECTRIC MOTORS,,,,,,,
9994,,EMPTY FUZE B-25M TO DRG.NASK 778 (P),,,,,,,
5090,,FABRICATED COMPONENT,,,,,,,
789,,TRICHLOROETHYLENE TECH TYPE 2 IS 245,,,,,,,
7176,,Fabric Nylon 220 GSM WH WR/OR 100 cms,,,,,,,
5711,,SHIP REPAIR,,,,,,,
789,,METHANOL TO SPECN-IS-517-1986,,,,,,,
789,,SODA CAUSTIC,,,,,,,
7176,,Fabric Nylon 66 breathable Polyurethane Coated 180 cms vide in digital Print similar to New Combat Uniform,,,,,,,
3678,,FABRICATED COMPONENT,,,,,,,
13387,,LINE MATRIX PRINTER 500 LPM,,,,,,,
4730,,CABLE GLANDS,,,,,,,
2292,,"BULB BAR SECTIONS, GMAW solid wire, Copper Coated SAW wire",,,,,,,
13263,,FLAME PROOF ROTARY SWITCH,,,,,,,
13263,,FLAME PROOF METALIC CONDUIT,,,,,,,
13263,,"FLAME PROOF JUNCTION BOX 3/4""",,,,,,,
13263,,"FLAME PROOF SWITCH SOCKET 3/4"" INLET",,,,,,,
990,,Fabric Nylon 66 breathable Polyurethane Coated 180 cms vide in digital Print similar to New Combat Uniform,,,,,,,
4733,,GUN POWDER SULPHUR FREE MEALED,,,,,,,
4733,,GUN POWDER G-12 JSS-1376-05:2019,,,,,,,
5410,,Light Weight Buoyant Bullet Proof Jacket,,,,,,,
9781,,Composite fabric of knitted & fleeced polyester black 260 GSM,,,,,,,
2353,,PAINTS,,,,,,,
10217,,LUBRICANT & GREASE,,,,,,,
3407,,PUMPS-CENTRIFUGAL,,,,,,,
4752,,FIBRE GLASS / TAPE,,,,,,,
2330,,AVIATION COMPRESSOR,,,,,,,
2395,,PIPES & TUBES NON FERROUS,,,,,,,
2620,,REPAIR & SERVICING OF PUMP,,,,,,,
2835,,MACHINED COMPONENTS (LIGHT),,,,,,,
6063,,COMPRESSOR,,,,,,,
3242,,PIPE FITTINGS,,,,,,,
2330,,Hydraulic Shock Absorber,,,,,,,
2774,,VALVES,,,,,,,
7800,,CNC PLASMA PLATE & PROFILE CUTTING.,,,,,,,
2330,,Plug Glow,,,,,,,
838,,Oil OX-52,,,,,,,
838,,Oil OX-13,,,,,,,
2330,,Injector,,,,,,,
838,,Oil C-70,,,,,,,
838,,Oil Mineral Hydraulic Buffer (OMHB),,,,,,,
8277,,Different types of cables,,,,,,,
2330,,Reciprocating Compressor,,,,,,,
836,,Protective PX-6,,,,,,,
836,,Protective PX-11,,,,,,,
836,,Oil OM-58,,,,,,,
836,,Oil OX-52,,,,,,,
836,,Oil C-70,,,,,,,
836,,Grease XG-280 Grade-2,,,,,,,
1297,,Oil OX-52,,,,,,,
1297,,Oil C-70,,,,,,,
1297,,DAFC-30 (Glycol Base Antifreeze Coolant),,,,,,,
1297,,DAFC-50 (Glycol Base Antifreeze Coolant),,,,,,,
1297,,Disinfectant Fluid (Black) Phenolic Type,,,,,,,
2330,,Auxiliary Set Engine Driven,,,,,,,
2330,,Glow Plug,,,,,,,
10594,,Protective PX-6,,,,,,,
10594,,Protective P-7,,,,,,,
2330,,Injector ‘Nozzle Oil Burner Automising’,,,,,,,
10594,,Oil OX-13,,,,,,,
1452,,"Paint RFU Finishing Exterior Synthetic Br/Spr various shades, Varnish Black Japan Type C, Thinner Antichill, Paint RFU Enamel Interior Brushing, Paint RFU Enamel Exterior Synt Br. / Spray, Fluorescent Paint, Paint RFU FR Brushing / Spraying, Paint Ready Mixed Aluminium Brushing Priming Water Resistant for Wood Work, Paint RFU HR Finishing Aluminium, Paint Coal Tar Epoxy, Epoxy Red Oxide Shop Coat Primer, Heavy Duty Non-Skid Paints, Thinner for Synthetic Paints and Varnishes for Aircrafts, Paint ",,,,,,,
10594,,Oil OX-52,,,,,,,
10594,,Universal Recoil Fluid,,,,,,,
2330,,Spring Assy,,,,,,,
10594,,Universal Recoil Fluid 80:20,,,,,,,
385,,PISTON,,,,,,,
10594,,Universal Recoil Fluid 75:25,,,,,,,
2330,,Rotor Blower with Bevel Gear Set,,,,,,,
385,,PISTON OIL COOLED GALLERY,,,,,,,
550,,DMR 249A Grade Steel Bulb Bar,,,,,,,
385,,PISTON PIN,,,,,,,
2330,,Turret Lock Installation and Locking Arrangements for Tank Mechanism,,,,,,,
401,,MAIN BEARING CAP BOLT,,,,,,,
10707,,Disinfectant Fluid Black grade-1A type Winter Emulsifying,,,,,,,
401,,CONNECTING ROD BOLT,,,,,,,
401,,CYLINDER HEAD BOLT,,,,,,,
401,,FLYWHEEL BOLT,,,,,,,
1702,,VALVE STEM SEAL,,,,,,,
2330,,Air Cylinder,,,,,,,
1774,,GASKET CYLINDER HEAD,,,,,,,
2468,,Outer Shell Fabric Outer Jacket Nylon 95g width 150 cm Min,,,,,,,
1648,,(i) Deltamethrin 2.5 % SC Flow (ii)Pyriproxyfen 0.5% GR,,,,,,,
2197,,ROCKER ARM,,,,,,,
2468,,INNER FILLING INSULATION MATERIAL OUTER JACKET THERMO PLASTIC POLYMER 110 GSM WIDTH 150 CM MIN,,,,,,,
2197,,TAPPET,,,,,,,
2468,,SET OF INNER FILLING INSULATION MATERIAL A AND B INNER JACKET THERMO PLASTIC POLYMER,,,,,,,
2575,,SEALING RING,,,,,,,
832,,(i) DAFC-30 (ii) DAFC-50,,,,,,,
6023,,RECTIFIER / TRANSFORMERS,,,,,,,
8217,,(i) BTI WP 5% (ii) BTI 5% AS,,,,,,,
5724,,SUPPLY OF FRP PRODUCTS,,,,,,,
2578,,FLYWHEEL CASTING,,,,,,,
4639,,MEASURING TOOLS & GAUGES,,,,,,,
2578,,FLYWHEEL HOUSING CASTING,,,,,,,
6632,,(i) DAFC-30 (ii) DAFC-50 (iii) DAFC-60,,,,,,,
2037,,VALVES,,,,,,,
2578,,EXHAUST MANIFOLD CASTING,,,,,,,
922,,PL.SLIDE FAS.LIGHT SP.DUTY CLOSED END 18 CM OG,,,,,,,
1847,,THERMAL BONDED BATTING POLYESTER 100 GSM 150 CM WIDTH,,,,,,,
355,,ELECTRONIC MEASURING,,,,,,,
1847,,POLY FILL 100 PERCENT POLYESTER 100 GSM WITH PRE QUILTED NON WOVEN WEB LINING WIDTH 150 CM MIN,,,,,,,
1313,,Various Paints (18 Items),,,,,,,
6840,,FIRE FIGHTING COAT / TROUSURE / JACKET & PAINT.,,,,,,,
4658,,WATER/OIL LEVEL CONTROLLER/INDICATOR,,,,,,,
8561,,DIESEL GENERATING SET,,,,,,,
1847,,FABRIC POLYESTER WHITE WIND CHEATER 115 GSM WIDTH 150CM MIN,,,,,,,
5707,,"BOATS, BARGES",,,,,,,
1847,,OUTER SHELL FABRIC OUTER JACKET NYLON 95 GSM LAMINATED WITH 15 MICRON TPU ON REVERSE SIDE WIDTH 150CM MIN PANTONE SHADE NO 19 0511 TPX,,,,,,,
6779,,FORGED ITEMS,,,,,,,
2582,,BOLT,,,,,,,
83,,Cyphenothrin 5% EC,,,,,,,
1847,,SET OF INNER FILLING INSULATION MATERIAL A AND B INNER JACKET THERMO PLASTIC POLYMER,,,,,,,
2582,,WASHER,,,,,,,
7717,,EXTERNAL COMMUNICATION (WIRELESS COMMUNICATION SYSTEM),,,,,,,
1847,,INNER FILLING INSULATION MATERIAL OUTER JACKET THERMO PLASTIC POLYMER 110 GSM WIDTH 150 CM MIN,,,,,,,
1847,,CLOTH POLYPROPYLENE OG 115 CM WIDE,,,,,,,
8537,,COMPONENT OF  TRUBINE,,,,,,,
4428,,Powder Cleansing,,,,,,,
5038,,CCTV,,,,,,,
7326,,DRAWING / DESIGN / CONSULTANCY,,,,,,,
98,,NN Di-Ethyl benzamide 12 % w/w Cream Mosquito Repellent,,,,,,,
2902,,GAS CUTTING & WELDING EQPT.,,,,,,,
6509,,TRACK RUBBER PAD 570,,,,,,,
5078,,ELECTRODES,,,,,,,
1647,,BORON WITH PURITY MIN 95 % 0.8 TO 0.9,,,,,,,
6509,,TRACK SHOE COMPLETE 570V,,,,,,,
207,,FABRICATION,,,,,,,
7736,,ELECTRONIC,,,,,,,
5476,,PRIMER CCC FOR 125 MM PRACTICE,,,,,,,
5476,,COMBUSTABLE COMPONENT FOR 125 MM,,,,,,,
9978,,FABRICATION,,,,,,,
5641,,LH WATER RADIATOR,,,,,,,
1258,,PAINT,,,,,,,
9031,,Pyrethrum 2% Extract,,,,,,,
5641,,RH WATER RADIATOR,,,,,,,
1129,,TAIL UNIT OF BOMB 250 KG,,,,,,,
3187,,HULL  BLOCK  FABRICATION,,,,,,,
1378,,Stable Bleaching Powder,,,,,,,
1129,,SET OF CARRIER 4A/L DRG NO-ISV-335A,,,,,,,
5641,,RADIATOR WATER LEFT HAND,,,,,,,
1129,,CARRIER 4A STEEL CIA/AMN/641 ISV335,,,,,,,
1129,,CARRIER 5A STEEL CIA/AMN/637 ISV336,,,,,,,
2947,,NON FERROUS FLATS & SECTIONS,,,,,,,
1129,,BOX H-60 MK-1 (INDIA),,,,,,,
1451,,THINNER FOR PAINTS AND LACQUERS,,,,,,,
9175,,COMPRESSOR,,,,,,,
1451,,APC NO.221 (VARNSH OIL STOVING) SPL,,,,,,,
2265,,FORGING,,,,,,,
10651,,Bifenthrin 10% WP,,,,,,,
10650,,ACID TARTRATE OF POTASSIUM,,,,,,,
10651,,Propoxure 20% EC,,,,,,,
485,,EXTERNAL COMMUNICATION,,,,,,,
2670,,551 AFT CLOSURE TO DRG. NO. 4101894,,,,,,,
2670,,SHELL HEI EMPTY 30MM AK-630,,,,,,,
2218,,STEEL PIPE,,,,,,,
598,,FABRIC NYLON 220 GSM WHITE WATER & OIL REPELLENT 100 CM,,,,,,,
3598,,SNORKEL,,,,,,,
2670,,BLANK FOR AFT CLOSURE-751,,,,,,,
2670,,AFT CLOSURE BLANK FOR HEAT-551,,,,,,,
8533,,FORGING,,,,,,,
3598,,JACKET,,,,,,,
2838,,VALVES/ COCKS,,,,,,,
7208,,FABRIC NYLON 66 BREATHABLE POLY URETHANE COATED DISRUPTIVE ARMY CAMOUFLAGE PATTERN 85GSM WIDE 180cm,,,,,,,
3598,,TANK EXTERNAL FOURTH,,,,,,,
2670,,SET OF 14 ITEMS WITH PERFORATED DISC.,,,,,,,
2670,,PLUNGER BLANK FOR 84 HEAT-551,,,,,,,
4555,,RECTIFIER / TRANSFORMERS,,,,,,,
2670,,BANGALORE TORPEDO 38MMX2M MK-2EMPTY,,,,,,,
3598,,TANK EXTERNAL OIL,,,,,,,
2670,,BOOSTER CUP & PIN FOR 84 MM HEAT-551,,,,,,,
2170,,FABRICATED COMPONENT,,,,,,,
3598,,TANK OIL REPLENSHING,,,,,,,
4668,,ELECTRIC / ELECTRONIC CONTROL  &   POWER PANEL,,,,,,,
7176,,FABRIC POLYESTER WHITE WIND CHEATER 115 GSM WIDTH 150CM MIN,,,,,,,
3598,,RING,,,,,,,
2670,,"BLANK FOR BODY OF PDM-155, DRG NO.",,,,,,,
5321,,ELECTRIC CABLE/WIRE,,,,,,,
7176,,OUTER SHELL FABRIC OUTER JACKET NYLON 95 GSM LAMINATED WITH 15 MICRON TPU ON REVERSE SIDE WIDTH 150CM MIN PANTONE SHADE NO 19 0511 TPX,,,,,,,
7176,,OUTER AND INNER SHELL NYLON FABRIC INNER JACKET NYLON 60 GSM WIDTH 150 CM MIN PANTONE SHADE NO 19 0511 TPX,,,,,,,
8886,,OIL ALUMINIUM CUTTING WITH PROPERTI,,,,,,,
3455,,ELECTRIC / ELECTRONIC CONTROL  &   POWER PANEL,,,,,,,
942,,PVC SHEET,,,,,,,
3598,,SHAFT DRIVEN,,,,,,,
9681,,PUMPS-CENTRIFUGAL,,,,,,,
9781,,Polyester fleece fabric knitted O G 150 cm min,,,,,,,
1218,,PAINT,,,,,,,
9781,,INNER LINING KNITTED FABRIC OUTER JACKET POLYESTER 145 GSM WIDTH 150 CM MIN,,,,,,,
3598,,SHAFT WITH GEAR,,,,,,,
3598,,PINION PLANET,,,,,,,
1045,,Yarn Wool Polyamide (80:20) 240 Tex OG,,,,,,,
1045,,Yarn Wool Polyamide (80:20) 240 Tex Red,,,,,,,
3598,,DISC THRUST,,,,,,,
10852,,FABRICATED COMPONENT,,,,,,,
4594,,CASTING,,,,,,,
9981,,HIRE OF BUS/CAR,,,,,,,
3599,,DRAWING / DESIGN / CONSULTANCY,,,,,,,
4172,,LUBRICANT & GREASE,,,,,,,
2292,,STEEL,,,,,,,
554,,ELECTRIC CABLE/WIRE,,,,,,,
9314,,FIRE DETECTION,,,,,,,
10232,,MODULAR ACCOMODATION,,,,,,,
10778,,CAP AND LOCK BOTTOM F1301-905060-P,,,,,,,
10778,,BASE PLATE 7.8 MM FOR HEAT/TPT,,,,,,,
10778,,BASE PLATE 8.5 MM FOR HE/ILLG,,,,,,,
7114,,WOOD,,,,,,,
10778,,SECURING RING F1301-044440-G,,,,,,,
8814,,FORGING,,,,,,,
191,,CASTING,,,,,,,
10778,,INSUL.HOUSING F-1301-905060-P,,,,,,,
10235,,BREATHING APPARATUS - COMPRESSED AIR/BELLOW TYPE,,,,,,,
7074,,ELEC. CABLING & FITTING,,,,,,,
2930,,"CABLE HANGER, CABLE TRAYS",,,,,,,
3336,,BEARING,,,,,,,
1836,,INSULATING MATERIAL,,,,,,,
8483,,COMPUTER SOFTWARE,,,,,,,
6851,,Machining components,,,,,,,
2367,,GALVANIZING,,,,,,,
10980,,FABRICATION,,,,,,,
6851,,Moulding,,,,,,,
2901,,"SHACKLES, HOOKS",,,,,,,
6851,,Fabrication,,,,,,,
513,,PIPE FITTINGS,,,,,,,
6851,,Electro Mechanical works,,,,,,,
5703,,FABRICATED COMPONENT,,,,,,,
2266,,BOLTS & NUTS,,,,,,,
4602,,PUMP,,,,,,,
5303,,MACHINED COMPONENTS,,,,,,,
5715,,FABRICATION,,,,,,,
9329,,PRINTING LETTER PRESS,,,,,,,
375,,STEEL,,,,,,,
9021,,FILTERS/STRAINERS,,,,,,,
147,,FORGING,,,,,,,
2102,,FABRICATED COMPONENT,,,,,,,
6328,,CHIPPING/PAINTING/CLEANING,,,,,,,
3544,,ELECTRODES,,,,,,,
193,,STEEL,,,,,,,
180,,CRANE,,,,,,,
1472,,PAINT,,,,,,,
8621,,"Power Distribution Board, Lighting Distribution Board, Auto Changeover Switch,  Shore Supply Connection Box, Energy Distribution Center, Starter Panels, Distribution Board, Emergency Switchboards, Junction Boxes, Automatic Power Factor Correction Panels, Bus Ducts, PCC Panel, MCC Panel",,,,,,,
8388,,"INSULATION OF PIPES, COMPARTMENTS",,,,,,,
8548,,DRAWING / DESIGN / CONSULTANCY,,,,,,,
8027,,VALUATION SERVICES AND SCRAP DISPOSAL,,,,,,,
7711,,ELECTRIC / ELECTRONIC CONTROL & POWER PANEL,,,,,,,
8484,,SAFETY SURVEILLANCE,,,,,,,
2351,,FABRICATED COMPONENT,,,,,,,
3179,,STEEL,,,,,,,
1939,,PAINT,,,,,,,
8306,,COMPOSITE SUPER STRUCTURE,,,,,,,
5690,,FABRICATED COMPONENT,,,,,,,
5024,,ELECTRONIC MEASURING & SPECIAL INSTRUMENTS,,,,,,,
7100,,TRANSPORT HIRE OF LORRY,,,,,,,
8875,,LOGISTIC SUPPORT,,,,,,,
3915,,ELECTRIC / ELECTRONIC CONTROL  &   POWER PANEL,,,,,,,
4909,,ELECTRODES,,,,,,,
3387,,NAVIGATIONAL LIGHTS,,,,,,,
6215,,FABRICATED COMPONENT,,,,,,,
256,,GEARS,,,,,,,
1226,,LUBRICANT & GREASE,,,,,,,
9671,,FIRE FIGHTING PUMP,,,,,,,
8023,,COMPUTER SOFTWARE,,,,,,,
8489,,REPAIR / CALIBRATION OF INSTRUMENTS,,,,,,,
2534,,FABRICATED COMPONENT,,,,,,,
2051,,PAINT,,,,,,,
1449,,PAINT,,,,,,,
3913,,PUMPS,,,,,,,
1648,,Deltamethrin 2.5 % SC Flow,,,,,,,
7715,,SAND/GRIT/QUARTZ BLASTING,,,,,,,
2457,,FORGING,,,,,,,
1648,,Pyriproxyfen 0.5 % GR,,,,,,,
3578,,SHIP REPAIR (ELECTRICAL WORK),,,,,,,
3308,,DIESEL GENERATING SET,,,,,,,
6216,,PLUMBING WORK,,,,,,,
832,,DAFC-30,,,,,,,
1994,,BULLET PROOF GLASS,,,,,,,
3449,,SHIP REPAIR (A.C. & REFRIGERATION PLANT ETC.),,,,,,,
832,,DAFC-50,,,,,,,
8217,,BTI WP 5%,,,,,,,
8413,,FLANGES (FERROUS),,,,,,,
8217,,BTI 5% AS,,,,,,,
2302,,ERW STEEL PIPE,,,,,,,
9345,,HEAD SET FOR FDR/CVR,,,,,,,
6632,,DAFC-30,,,,,,,
6632,,DAFC-50,,,,,,,
6632,,DAFC-60,,,,,,,
1313,,PAint RFU Finishing Air Drying Brushing/Spraying Synthetic Enamel Black,,,,,,,
1313,,H1(a)/8010-007482 Paint RFU Finishing Air Drying Brushing/Spraying Synthetic Enamel/Azure Blue ISC-104,,,,,,,
1313,,H1(a)/8010-007484 Paint RFU Finishing Air Drying Brushing/Spraying Synthetic Enamel/Azure Blue ISC-101,,,,,,,
1313,,H1(a)/8010-007485 Paint RFU Finishing Air Drying Brushing/Spraying Synthetic Enamel Light Buff SC-358,,,,,,,
1313,,H1(a)/8010-007486 Paint RFU Finishing Air Drying Brushing/Spraying Synthetic Enamel Deep Cream ISC-353,,,,,,,
1313,,H1(a)/8010-007487 Paint RFU Finishing Air Drying Brushing/Spraying Synthetic Enamel Eau-De-Nil ISC-216,,,,,,,
1976,,TUBULAR POLYTHENE ROLLS,,,,,,,
1313,,H1(a)/8010-007488 Paint RFU Finishing Air Drying Brushing/Spraying Synthetic Enamel See Green ISC-217,,,,,,,
7129,,AUTO SURFACER RAPID,,,,,,,
1313,,H1(a)/8010-007490 Paint RFU Finishing Air Drying Brushing/Spraying Synthetic Enamel Dark Admiralty Grey ISC-632,,,,,,,
1313,,H1(a)/8010-007489 Paint RFU Finishing Air Drying Brushing/Spraying Synthetic Enamel Middle Brunswick Green ISC-226,,,,,,,
5524,,DEW POINT AND RH INSTRUMENT,,,,,,,
2596,,AIR CONNECTOR,,,,,,,
2407,,BALANCE WEIGHT -8,,,,,,,
2596,,INTAKE MANIFOLD,,,,,,,
397,,EPE FOAM ROLL,,,,,,,
1313,,H1(a)/8010-007491 Paint RFU Finishing Air Drying Brushing/Spraying Synthetic Enamel Light Admiralty Grey ISC-697,,,,,,,
2843,,INTERCOOLER,,,,,,,
943,,SEWING THREAD SPUN POLYESTER OG,,,,,,,
2843,,OIL COOLER,,,,,,,
1313,,H1(a)/8010-007492 Paint RFU Finishing Air Drying Brushing/Spraying Synthetic Enamel Signal red ISC-537,,,,,,,
1313,,H1(a)/8010-007493 Paint RFU Finishing Air Drying Brushing/Spraying Synthetic Enamel White,,,,,,,
2863,,BOLT,,,,,,,
2863,,SCREW,,,,,,,
1313,,H1(a)/8010-007494 Paint RFU Finishing Air Drying Brushing/Spraying Synthetic Enamel Golden Yellow ISC-356,,,,,,,
1313,,H1(a)/8010-007495 Paint RFU Finishing Air Drying Brushing/Spraying Synthetic Enamel Green Grass ISC-218,,,,,,,
1313,,H1(a)/8010-007496 Paint RFU Finishing Air Drying Brushing/Spraying Synthetic Enamel dark Brow ISC-412,,,,,,,
1313,,H1(a)/8010-007497 Paint RFU Finishing Air Drying Brushing/Spraying Synthetic Enamel Red Oxide ISC-446,,,,,,,
1313,,H1(a)/8010-007498 Paint RFU Finishing Air Drying Brushing/Spraying Synthetic Enamel Middle Stone ISC-362,,,,,,,
1313,,H1(a)/8010-007499 Paint RFU Finishing Air Drying Brushing/Spraying Synthetic Enamel Olive Green ISC-220,,,,,,,
948,,SHIRTING ANGOLA DRAB,,,,,,,
971,,FABRIC NYLON,,,,,,,
3033,,BRACKET FUEL FILTER,,,,,,,
985,,FABRIC GREEN,,,,,,,
3033,,BRACKET MUFFLER,,,,,,,
3105,,PIN CAM FOLLOWER,,,,,,,
1003,,POLYESTER ROUND MESH,,,,,,,
1037,,BUTTON PLASTIC,,,,,,,
3191,,OIL PUMP,,,,,,,
3191,,WATER PUMP,,,,,,,
1038,,NICKEL COATED SNAP,,,,,,,
3195,,PISTON RING,,,,,,,
934,,FAB. OF NET MOSQUITO,,,,,,,
982,,Shirting Angola Drab Poly Wool 152 cm,,,,,,,
13047,,BLDC FAN CONTROLLER SUITABLE,,,,,,,
13047,,BRUSHLESS DC ELECTRIC CELING,,,,,,,
5877,,COTTON KNITTED SEAMLESS HAND GLOVES,,,,,,,
3228,,INTAKE VALVE,,,,,,,
13661,,STREP FILE (PLASTIC FOLDER),,,,,,,
13873,,PAPER CRAFT,,,,,,,
3228,,EXHAUST VALVE,,,,,,,
947,,INNER LINING KNITTED FABRIC OUTER JACKET POLYESTER 145 GSM WIDTH 150 CM MIN,,,,,,,
947,,Polyester fleece fabric knitted O G 150 cm min,,,,,,,
3372,,BALL BEARING,,,,,,,
7405,,ABHYAS MEMS BASED INTERNAL NAV SYS,,,,,,,
3372,,NEEDLE ROLLER BEARING,,,,,,,
990,,OUTER SHELL FABRIC OUTER JACKET NYLON 95 GSM LAMINATED WITH 15 MICRON TPU ON REVERSE SIDE WIDTH 150CM MIN PANTONE SHADE NO 19 0511 TPX,,,,,,,
990,,OUTER AND INNER SHELL NYLON FABRIC INNER JACKET NYLON 60 GSM WIDTH 150 CM MIN PANTONE SHADE NO 19 0511 TPX,,,,,,,
3496,,OIL FILTER,,,,,,,
13826,,PAPER MAP LITHO (A-4),,,,,,,
990,,CLOTH DRILL COTTON DISRUPTIVE PATTERN VAT PRINTED FOR BANDOLIERS WIDTH 142 CM MIN,,,,,,,
3496,,FUEL FILTER,,,,,,,
13724,,PIANO SWITCH SA 250V,,,,,,,
2951,,MILLING CUTTER,,,,,,,
3653,,INTAKE VALVE SEAT,,,,,,,
14223,,"ALU POWDER HV GR.1, 60BSS",,,,,,,
14223,,"ALU POWDER HV GR.1, 125M JSS-1370-03",,,,,,,
6690,,DOUBLE SIDED ADHESIVE TAPE,,,,,,,
3653,,EXHAUST VALVE SEAT,,,,,,,
832,,Hydroulic Break Fluid Heavy Duty Type-1,,,,,,,
832,,Oil Mineral Hydraulic Buffer (OMHB),,,,,,,
832,,Fluid Automotive Transmission Type 'A' Suffix A,,,,,,,
4053,,SPRING INTAKE VALVE,,,,,,,
832,,Gear Lubricants Multi purpose 80W90 EP Type GL-5,,,,,,,
14223,,"REFRIGERANT 113, GOAT 23844-79",,,,,,,
2481,,"ALU POWDER HV GR.1, 125M JSS-1370-03",,,,,,,
2481,,"ALU POWDER HV GR.1, 60BSS",,,,,,,
4176,,TUBE OIL SUPPLY,,,,,,,
2482,,COMBUSTABLE COMPONENT FOR 125 MM,,,,,,,
2482,,GUN POWDER G-12 FOR 125 MM FSAPDS PR,,,,,,,
2482,,GUN POWDER G-12 JSS-1376-05:2019,,,,,,,
2482,,GUN POWDER SUPLHUR FREE MEALED,,,,,,,
4176,,SPILL TUBE,,,,,,,
1636,,"BLACK POWER KZDP-2, GOST 1028-79",,,,,,,
4352,,CENTRIFUGAL OIL FILTER,,,,,,,
1636,,"BLACK POWER DRP-2, GOST 1028-79",,,,,,,
13350,,NICKEL PLATING SALT,,,,,,,
5109,,HOUSING WATER PUMP,,,,,,,
5109,,CONNECTOR,,,,,,,
1380,,ZIRCONIUM  METAL POWDER 3 MICRON TY-A,,,,,,,
5109,,CLUTCH OPERATING LEVER,,,,,,,
5109,,COVER,,,,,,,
15508,,HYLOMAR INSTANT GASKET,,,,,,,
5639,,CYLINDER LINER,,,,,,,
1433,,ARALDITE,,,,,,,
5639,,OIL COOLER COVER,,,,,,,
2245,,AFT CLOSURE BLANK FOR HEAT-551,,,,,,,
2245,,"EMPTY SWITCH NO,05",,,,,,,
5639,,GEAR CASE,,,,,,,
2245,,FUZE BASE TO DRG. NO.F1321-309410-F,,,,,,,
2245,,TRACER & IGNITER SHELL NO. 14MK6N,,,,,,,
2245,,CARTG EOFE 3 PIN NO.1 MK-3,,,,,,,
5649,,SHAFT ROCKER ARM,,,,,,,
5828,,RING GEAR,,,,,,,
5828,,GEAR RIM,,,,,,,
5650,,SCREW,,,,,,,
5650,,UNION PIECE,,,,,,,
5650,,CABLE CLIP,,,,,,,
5650,,CLAMP,,,,,,,
5829,,CLUTCH BOOSTER,,,,,,,
5918,,GAUGE OIL LEVEL,,,,,,,
6443,,CYLINDER LINER TUFFTRIDING,,,,,,,
8877,,TEMPERATURE SENSOR,,,,,,,
8877,,STOP SOLENOID,,,,,,,
10109,,GASKET BANJO,,,,,,,
10109,,SEALING RING,,,,,,,
14291,,EXHAUST PIPE FRONT,,,,,,,
14291,,EXHAUST PIPE REAR,,,,,,,
3598,,RACK TANK FRONT,,,,,,,
3598,,PLUG,,,,,,,
3598,,BOX FOR SPTA 3RD EXTERNAL,,,,,,,
3598,,LH MANIFOLD,,,,,,,
3598,,MANIFOLD AIRLINE,,,,,,,
3598,,BOX STOWAGE VEHICULAR,,,,,,,
3598,,TRACK COUPLING DEVICE,,,,,,,
3598,,VALVE FLOW CONTROL,,,,,,,
3598,,RH MANIFOLD,,,,,,,
3598,,CONNECTING LING RIGID,,,,,,,
3598,,DE-AERATION TANK,,,,,,,
3598,,ASSEMBLY LEVER  (130-046-560-044),,,,,,,
3598,,RATCHET WHEEL,,,,,,,
3598,,BRACKET ASSY LH,,,,,,,
3598,,LUG,,,,,,,
3598,,OIL CAN,,,,,,,
3598,,CAM SHAFT,,,,,,,
3598,,CYLINDER ASSY ACTUATING LINEAR.,,,,,,,
3598,,SPIDER UNIVERSAL JOINT VEHICULAR,,,,,,,
359,,ROBOT UPGRADATION CONTROLLER,,,,,,,
3598,,SHAFT INJECTION PUMP DRIVE,,,,,,,
3598,,PUMP HYDRAULIC RAM HAND DRIVEN,,,,,,,
3598,,PUMP HYDRAULIC RAM ASSY,,,,,,,
3598,,ASSY WATER TANK 55 LITERS,,,,,,,
218,,EXHAUST CAM SHAFT,,,,,,,
218,,INTAKE CAM SHAFT,,,,,,,
218,,THROW OUT DEVICE,,,,,,,
218,,WASHER,,,,,,,
218,,"STRAP , LOCKING",,,,,,,
688,,HANDHELD DIGITAL MULTIMETER,,,,,,,
218,,BUSHING,,,,,,,
9184,,"Rear Iron Sight for 716 Sig Aslt Rifle Cat Part No NIV, Rear Iron Sight",,,,,,,
218,,SHAFT PLANET PINION,,,,,,,
218,,BOLT,,,,,,,
3313,,CAPSTAN,,,,,,,
218,,SHAFT DRIVEN SUCTION PUMP GEAR,,,,,,,
392,,OFFSHORE PATROL VESSEL (OPV),,,,,,,
218,,SHAFT GEAR RIGHT HAND,,,,,,,
14409,,UNINTERRUPTED POWER SUPPLY WITH AUTOMATIC,,,,,,,
218,,SHAFT GEAR LEFT HAND,,,,,,,
14409,,TONER CARTRIDGE,,,,,,,
7273,,COMPUTER RADIOGRAPHY,,,,,,,
218,,RING,,,,,,,
251,,COMPRESSOR,,,,,,,
13537,,OVER EAR WIRED STEREO HEADSET WITH MICROIPHONE,,,,,,,
10204,,FREQUENCY TESTING MACHINE,,,,,,,
832,,DAFC-30 (Glycol Base Antifreez Coolant),,,,,,,
832,,DAFC-50 (Glycol Base Antifreez Coolant),,,,,,,
13933,,BAND SAW BLADE TO SPECN HSS BIMETALIC M42,,,,,,,
218,,FLANGE THRUST,,,,,,,
15410,,STEEL ROD TO SPECN SANDVIK 4C 27A,,,,,,,
15410,,CHEMICAL RESISTANT FRP LINING 3MM,,,,,,,
15410,,STAINLESS STEEL SHEET ANGLE SIZE 35 X 35 X 5,,,,,,,
1235,,Grease Molybdenum Disulphide,,,,,,,
218,,DISC THRUST,,,,,,,
9979,,UPGRADATION OF DIGIWEB SERVER,,,,,,,
1235,,Industrial Grease Lithuim Base Regular Grade-3 (IGLBR Gd-3),,,,,,,
13307,,BARE PUMP KSB MAKE MODEL ETN,,,,,,,
1235,,Grease LG-320 Grade-1,,,,,,,
218,,BUSHING REAR RIGHT HAND,,,,,,,
1235,,Grease LG-280 Grade-2,,,,,,,
14083,,GRACO NEEDLE ELECTRODE AS PER GRACO PART,,,,,,,
14083,,S.S.304 CONTAINER FOR READY MIX PAINT,,,,,,,
8725,,COMPRESSOR,,,,,,,
1235,,Gear Lubricant Multi purpose 80W90 EP Type GL-5,,,,,,,
218,,LOCK PIN,,,,,,,
1235,,Gear Lubricant Multi purpose 85W140 EP Type GL-5,,,,,,,
1235,,Gear Oil SAE-140 EP Type GL-5,,,,,,,
1235,,Oil OX-52,,,,,,,
1235,,Oil OX-13,,,,,,,
6788,,SPARES FOR COMPRESSOR,,,,,,,
1235,,Oil C-70,,,,,,,
218,,BODY,,,,,,,
9793,,IP67 PROTECTED FLAT ANVIL TYPE DIGITAL MICROMETER,,,,,,,
1235,,Protective PX-6,,,,,,,
9793,,BENCH VICE FOR EXT MEASURE WITH DIGITAL DISP.,,,,,,,
9793,,CALBRATION SERVICE AND REPAIR OF DIGITAL DIAL,,,,,,,
1207,,DECORATIVE LAMINATES,,,,,,,
9793,,ROBUST CONTRUCTION DIGITAL INDICATOR RANGE,,,,,,,
218,,SCREW,,,,,,,
4637,,SPARE PUMP FOR ROBOT WATER RECIRUCLATION,,,,,,,
2600,,DK.BHD.TUBE / GLAND / SOCKET.,,,,,,,
4987,,CNC WIRE CUT EDM MACHINE,,,,,,,
15605,,WHOLE JOB FOR REMOVAL OF GARBAGE,,,,,,,
15605,,LABOUR CONTRACT FOR UN-SKILLED LABOURERS,,,,,,,
2084,,DK.BHD.TUBE / GLAND / SOCKET.,,,,,,,
12266,,Rod Cleaning Small Arms CAT Part No. B1/1005-560440,,,,,,,
9087,,ANSYS SOFTWARE,,,,,,,
1232,,Gear Lubricants Multi Purpose 85W140 EP Type GL-5,,,,,,,
12965,,BIN FOR OVERFLOW MATERIAL CFF,,,,,,,
1232,,Oil OX-52,,,,,,,
12965,,BASKET FOR RINSING TO DRAWING NO.FS-845/3B,,,,,,,
218,,SHAFT STRAIGHT,,,,,,,
1232,,Oil OX-13,,,,,,,
3515,,BIN FOR HANDLING SCRAP,,,,,,,
313,,EXHAUST DETUNER ASSEMBLY OF TEST CELL,,,,,,,
387,,DOORS WT / NWT,,,,,,,
13767,,DRUM CARTRIDGE FOR XEROX,,,,,,,
1232,,Gear Lubricants Multi Purpose 80W90 EP Type GL-5,,,,,,,
2957,,EXPANSION BELLOW,,,,,,,
1232,,Grease XG-280,,,,,,,
1816,,EXPANSION BELLOW,,,,,,,
13595,,GRAPHITE SHAFT ASSEMBLY,,,,,,,
13595,,ROTOR ASSEMBLY FOR DEGASSING OF ERMAT,,,,,,,
3206,,EXPANSION BELLOW,,,,,,,
10737,,EXPANSION BELLOW,,,,,,,
9,,ELECTROLYTIC CATHOIDE COPPER CONFORMING,,,,,,,
65,,Multi Grade Engine Oil 10W30 API CF-4 (EDL-4),,,,,,,
6640,,FENDER (RUBBER),,,,,,,
65,,Multi Grade Engine Oil 15W40 API CF-4 (EDL-4),,,,,,,
6286,,CAPCELL WITH ADHESIVE SIZE 215 MM X 178,,,,,,,
4818,,FILTERS / STRAINERS,,,,,,,
65,,Multi Grade Engine Oil 20W40 EPL-4/EDL-4,,,,,,,
8715,,FILTERS / STRAINERS,,,,,,,
65,,Multi Grade Engine Oil 20W50 EPL-4/EDL-4,,,,,,,
13472,,4GB DDR-3 RAM,,,,,,,
7082,,DRAWING / DESIGN / CONSULTANCY,,,,,,,
65,,Gear Lubricants Multi Purpose 80W90 EP Type GL-5,,,,,,,
3563,,Magazine Assembly,,,,,,,
14488,,CARTRIDGE OF 3.1 RATION CONUNTERBALNCE VALVE SUN,,,,,,,
1684,,GASKET / PACKING,,,,,,,
6537,,FIRE DETECTION SYSTEM,,,,,,,
65,,"Fluid Automotive Transmission Type ""A"" Suffix A",,,,,,,
14488,,SUPPLY AND INSTALLATION OF OPENWELL SUBMERSIBLE,,,,,,,
14488,,REPAIRING WORK OF WATER PRESSURE BOOSTER,,,,,,,
65,,Multi Grade Engine Oil 50W40 API CH-4 Combined with MB 228.3 (EDL-7),,,,,,,
2848,,GASKET / PACKING,,,,,,,
65,,Multi Grade Engine Oil 10W30 EPL-4/EDL-7,,,,,,,
3864,,PREWELDED BIMETALLIC BAND SAW BLADES,,,,,,,
3864,,BAND SAW BLADE TO SPECN HSS BIMETALIC M42,,,,,,,
65,,Multi Grade Engine Oil 20W50 EPL-4/EDL-7,,,,,,,
3864,,METAL CUTTING BAND SAW BLADE,,,,,,,
48,,Boot Winter Furlined and Boot Flyer’s- MK-4.  Boot Flyer’s MK4 Aeromedical Specification -54( Modified-2024,,,,,,,
2230,,STEEL,,,,,,,
65,,Multi Grade Engine Oil 15W40 EPL-4/EDL-7,,,,,,,
13260,,TURNING SE COSIST OF APPLITE MAKE HOLDER,,,,,,,
5653,,MECHANICAL SEALS,,,,,,,
8939,,LASER SCANNERS & STRUCTURED LIGHT SCANNING SYSTEM,,,,,,,
6316,,STEEL,,,,,,,
7324,,TRANSPORTATION OF DEFENCE STORES,,,,,,,
2029,,INSULATING MATERIAL (CERAMIC),,,,,,,
9534,,FUEL BOWSER 10 KL CAPACITY,,,,,,,
6316,,GAS CUTTING & WELDING EQPT,,,,,,,
1686,,INSULATING MATERIAL,,,,,,,
5324,,COMPUTER & ACCESSORIES,,,,,,,
2000,,SUPPLY OF FRP PRODUCTS,,,,,,,
7075,,PROPELLER,,,,,,,
1236,,COMPRESSOR,,,,,,,
12328,,HEAT EXCHANGER,,,,,,,
9664,,INSULATION TAPE,,,,,,,
8669,,INDUSTRIAL RESIN,,,,,,,
6706,,NAVIGATION,,,,,,,
5683,,MACHINED COMPONENTS,,,,,,,
1446,,SHIP DECK COVERING,,,,,,,
1751,,RESILIENT & SHOCK MOUNTINGS,,,,,,,
9659,,FILTERS/STRAINERS,,,,,,,
9028,,RESILIENT & SHOCK MOUNTINGS,,,,,,,
9360,,CASTING,,,,,,,
4091,,RESILIENT & SHOCK MOUNTINGS,,,,,,,
6794,,PUMP - HAND,,,,,,,
3393,,FABRICATED COMPONENT,,,,,,,
1769,,RUBBER-STRIPS /LIPS /GASKET,,,,,,,
3973,,ELECTRIC LAMPS/TUBES,,,,,,,
6960,,FABRICATED COMPONENT,,,,,,,
463,,AUTO TELEPHONE SYSTEM,,,,,,,
7116,,MOBILE RADIO TRUNKING SERVICE,,,,,,,
4118,,WATER SEPARATOR,,,,,,,
3219,,CYLINDER - HYDRAULIC / PNEUMATIC,,,,,,,
1759,,RUBBER MOULDED ITEMS,,,,,,,
8651,,SPARES FOR DIESEL ENGINE/D.G.SETS,,,,,,,
2479,,CASTING,,,,,,,
3366,,Springs and other components,,,,,,,
9164,,CASTING,,,,,,,
9164,,HIRING OF DEHUMIDIFICATION EQUIPMENT,,,,,,,
8179,,THERMAL IMAGING CAMERAS,,,,,,,
1308,,STEEL,,,,,,,
5091,,RIG FOR CHECKING FEEDBACK OF SENSORS,,,,,,,
145,,JUNIOR EXECUTIVE CHAIR,,,,,,,
3763,,COOLAN FILTRATION SYSTEM,,,,,,,
5440,,ULTRASONIC CLEANING BATH,,,,,,,
4738,,CABLE 22 AWG,,,,,,,
2691,,STEEL BAR,,,,,,,
1936,,MOORING KIT-LCH,,,,,,,
363,,Radio and Satcom Subsystem,,,,,,,
5529,,AIR CONDITIONING / VENTILATION,,,,,,,
5798,,INFANTRY COMBAT VEHICLE,,,,,,,
363,,Antenna Subsystem,,,,,,,
363,,Communication Interface/Transfer Subsystem,,,,,,,
363,,Audio Subsystem,,,,,,,
1275,,FRESH WATER GENERATOR / DISTILLATION PLANT,,,,,,,
363,,DATA SYSTEM-1 CCMT,,,,,,,
363,,DATA SYSTEM-2,,,,,,,
363,,GMDSS Subsystem,,,,,,,
363,,OBS for ACCS,,,,,,,
363,,B&D Spares for ACCS,,,,,,,
363,,Documentation of ACCS,,,,,,,
4080,,BACK SHELL,,,,,,,
5343,,DUAL FILAMENT LANDING LIGHT,,,,,,,
1234,,TRANSFORMER OIL,,,,,,,
455,,armour panel,,,,,,,
3738,,SCAFFOLDING MATERIALS,,,,,,,
1739,,RUBBER SHEETS,,,,,,,
1802,,TUBE,,,,,,,
2350,,"Fore sight Assembly, Lock retainer etc.",,,,,,,
1415,,RUBBER MOULDED ITEMS,,,,,,,
194,,ROPE - WIRE,,,,,,,
15356,,Electrical Goods,,,,,,,
5345,,V/UHF ANTENNA,,,,,,,
424,,WIRE ROPE ASSY SINGLE LEG,,,,,,,
146,,ROPE,,,,,,,
1364,,"Butt plastic, Grip pistol, Plastic Magazinne Assembly etc.",,,,,,,
2427,,HOSES/HOSE FITTINGS (NAVAL PATTERNISED),,,,,,,
132,,TYRE FOR CHETAK HELICOPTER,,,,,,,
17,,GEAR BOX,,,,,,,
5155,,MACHINING OF 84MM RL MK-III VENTURI,,,,,,,
3305,,COUPLING/CLUTCHES,,,,,,,
7231,,"PLATE SLING FRONT, LEAF REAR SIGHT, SPRING BOLT LOCKING, PULL THROUGH etc.",,,,,,,
236,,COUPLING/CLUTCHES,,,,,,,
2245,,BRASS PRESSING FOR PR.1A/L MAGAZINE TO DRG 1896/1g,,,,,,,
2346,,BEARING,,,,,,,
10358,,FRESH WATER GENERATOR / DISTILLATION PLANT,,,,,,,
7088,,Steering Control Console (SCC) S51 ModX,,,,,,,
1570,,JOINTING/PACKING,,,,,,,
7088,,Bridge Equipment comprising of 1 x RAI,,,,,,,
4090,,VALVES,,,,,,,
7088,,Installation material for Steering Control,,,,,,,
1909,,"ASBESTOS JOINTING (WIRE/CLOTH), ROPE.",,,,,,,
685,,COOLING TOWER & SPARES,,,,,,,
2312,,DIFFERENT TYPES OF GAUGES FOR WEAPONS AND AMMUNITION COMPONENTS,,,,,,,
5156,,PLAIN PAPER PHOTO COPIER / CONSUMABLES/ SPARES,,,,,,,
7088,,On Board Spares for Steering Control Console,,,,,,,
2845,,CHOKFAST MATERIALS,,,,,,,
7088,,Base & Depot Spares for Steering Control,,,,,,,
12,,EBT Tap Hole Filling Mass,,,,,,,
9634,,SPRING,,,,,,,
7332,,PLAIN PAPER PHOTO COPIER / CONSUMABLES /SPARES,,,,,,,
1655,,ADHESIVE-NORMAL,,,,,,,
3525,,"LOCKING ELEMENT SIZE: 35 X 40, FOR BTP-80 TURRET. BTP 100 LOCKING ELEMENT SIZE: 40 X 45. SEAL KIT FOR POWER CHUCKING CYLINDER. TORQUE MOTOR,TYPE: TM100 ADU,DRG.NO.HT0A12BA01.02",,,,,,,
2336,,PIPE,,,,,,,
7088,,Technical Documentation for Steering Console,,,,,,,
48,,SAFETY SHOES,,,,,,,
3304,,ERW STEEL PIPE,,,,,,,
7088,,MINS2 (Inertial Navigation System),,,,,,,
10085,,JACKET  BULLET  PROOF.,,,,,,,
7088,,STD 22NX M Gyro Compass System,,,,,,,
2160,,PIPES & TUBES,,,,,,,
436,,INDUSTRIAL GLOVES,,,,,,,
1696,,"Production of Liquid Oxygen, Liquid  Nitrogen, High flying Breathing Oxygen, Dry Compressed Air, Nitrogen Technical (dry).",,,,,,,
7088,,Onboard Spares for Gyro Compass System,,,,,,,
3307,,CYLINDER - HYDRAULIC / PNEUMATIC,,,,,,,
95,,PAINTS,,,,,,,
7088,,Technical services/ STD 22 NXM GYRO,,,,,,,
5145,,"High Performance Wires, Cables & Sleeves",,,,,,,
234,,PUMPS,,,,,,,
58,,Graphite Electrodes,,,,,,,
1313,,PAINTS,,,,,,,
3121,,PUMPS,,,,,,,
532,,"Forging & Machining of Components of following Ferrous and Non Ferrous Alloys:- (a) Ferrous Alloy - Carbon Steel, Alloy Steel, Stainless Steel, Duplex Steel & Super Duplex Steel. (b) Non-ferrous Alloy -Titanium Alloy, Nickel Alloy & Aluminum Alloy.",,,,,,,
7088,,Bearing Repeater Compass (Bridge Analog,,,,,,,
1304,,PAINTS,,,,,,,
7088,,Integrated Tactical Auto Plotter (ITAP),,,,,,,
393,,PUMPS,,,,,,,
6785,,PAINTS,,,,,,,
1450,,PAINT HEAT RESISTANCE,,,,,,,
7088,,On Board Spares for Integrated Tactical,,,,,,,
121,,PAINTS,,,,,,,
5473,,WATER/OIL LEVEL CONTROLLER/INDICATOR,,,,,,,
5969,,SHOT BLASTING MACHINE & SPARE,,,,,,,
2321,,ELECTRONIC MEASURING,,,,,,,
9815,,PACKING BOX,,,,,,,
69,,BOILER WITH MOUNTING AND AUXILLIARIES,,,,,,,
394,,ELECTRONIC MEASURING,,,,,,,
7088,,Base & Depot Spares for Integrated Tactical,,,,,,,
14912,,Electrical equipments,,,,,,,
8720,,FLOWMETER,,,,,,,
11,,ALLOY STEEL,,,,,,,
7088,,Base & Depot Spares for Gyro Compass System,,,,,,,
4691,,FLOWMETER,,,,,,,
8299,,SLEEVE,,,,,,,
5106,,FLOWMETER,,,,,,,
7088,,Digital Repeater,,,,,,,
7088,,Bearing Repeater Compass,,,,,,,
8696,,FLOWMETER,,,,,,,
166,,MILD STEEL,,,,,,,
1901,,WELDING CABLE,,,,,,,
7088,,Plotting Table,,,,,,,
7088,,Technical Documents of Plotting table,,,,,,,
184,,MILD STEEL,,,,,,,
7088,,Test & Maintenance Computer (Tools),,,,,,,
4589,,ELECTRODES,,,,,,,
7088,,1 Set of OBS,,,,,,,
4958,,ELECTRODES,,,,,,,
7088,,1 Set of  B&D Spares,,,,,,,
2349,,MILD STEEL,,,,,,,
348,,ELECTRODES,,,,,,,
7088,,GYRO COMPASS STD 22M (GYRO unit),,,,,,,
212,,ELECTRODES,,,,,,,
2112,,ANTI CORROSIVE COATED TMT BARS,,,,,,,
145,,Material Handling equipment,,,,,,,
7088,,Technical Documentation,,,,,,,
594,,ELECTRODES,,,,,,,
7088,,Onboard Spares,,,,,,,
289,,ELECTRODES,,,,,,,
6415,,PAPER WRAPPING WAXED 112 X 100 MTRS,,,,,,,
1323,,MAGNESIUM POWDER TYPE-III,,,,,,,
1323,,MGNESIUM POWDER GRADE IX.,,,,,,,
1323,,RED LEAD FOR EXPLOSIVE AND PYROTECH,,,,,,,
1323,,SILICONE FINE JSS:9630-01 : 2001 DC,,,,,,,
1323,,TETRA NITRO OXANILIDE (TNO),,,,,,,
1323,,THIOKOL,,,,,,,
1323,,VITON B TO SPECN DU PONT VT 000.1,,,,,,,
1323,,ZIRCONIUM NICKEL ALLOY POWDERED,,,,,,,
1323,,LEAD DIOXIDE GRADE `B'JSS-6810-48,,,,,,,
8058,,BOTTOM RING FOR IGNITER 5b-43,,,,,,,
8058,,CART SIGNAL FLARE 26MM(EMPTY ASSY),,,,,,,
8058,,CUP MOULDED WITH PINS & LID PINAKA,,,,,,,
8058,,LID FOR PINAKA IGNITER,,,,,,,
8058,,SIGNAL FLARE (ASSY) FOR INDIAN NAVY,,,,,,,
1413,,MAGNESIUM CARBONAT LIGHT BASIC,,,,,,,
1413,,STRONTIUM OXALATE (MONOHYDRATED),,,,,,,
10834,,SHACKLE TO DRG.NO.05-4030-3100-2600,,,,,,,
14991,,POLY TETRA FLUORO ETHYLENE- POWDER,,,,,,,
14991,,RED PHOSPHORUS FOR 81MM ATAL,,,,,,,
1936,,SLING,,,,,,,
5924,,FASTENER,,,,,,,
2978,,FASTENER,,,,,,,
10319,,MEASURING INSTRUMENTS,,,,,,,
4613,,JIGS & FIXTURE,,,,,,,
2921,,SURFACE ANGLE PLATES,,,,,,,
1022,,UNIFORM,,,,,,,
10568,,GUM BOOT,,,,,,,
1108,,GUM BOOT,,,,,,,
3388,,VALVES,,,,,,,
247,,VALVES,,,,,,,
5182,,ELECTRODES,,,,,,,
4647,,"Dry type Transformer, Center tapped neutral transformer, Brushless Alternator with rectifier regulator unit",,,,,,,
3141,,SPRING RECUPERATOR  FOR BRL.ASSY FOR L-70,,,,,,,
3183,,GROUP SPTA / B & D SPARES OF AK-630M WITH A E D,,,,,,,
550,,STEEL PLATE & SHEET,,,,,,,
6184,,SWITCH BOARDS,,,,,,,
10427,,FABRICATED COMPONENT,,,,,,,
6708,,HOSES/HOSE FITTINGS,,,,,,,
8164,,PRINTING OFFSET,,,,,,,
2355,,FORGING,,,,,,,
9795,,PLUMBING,,,,,,,
6020,,LED LAMP,,,,,,,
3325,,EOT  CRANE,,,,,,,
161,,"a) Non Ferrous Precision Parts With Investment Casting Process (Air Melt And Vacuum Induction Melting) For Aluminum Alloy Of Grade 356, 356A, C355, LM25, 357 And ALL Grades Of Cobalt Based & Ni Based Alloys. b)  Non Ferrous Precision Parts With Investment Casting Process (Air Melt And Vacuum Induction Melting) For All Grades Of Low Alloy Steels, high Alloy Steels, Cast Iron, and Spheroid Graphite Iron.",,,,,,,
5964,,NAVIGATION,,,,,,,
5459,,MEASURING INSTRUMENTS,,,,,,,
757,,Mounting of Driver’s Instrument Panel,,,,,,,
2451,,BARREL MORTAR(FORGING) TO DRG.NO.F-2255,,,,,,,
3255,,CYLINDER - HYDRAULIC / PNEUMATIC,,,,,,,
3914,,FABRICATED COMPONENT,,,,,,,
9638,,"Production of Life Raft (4,6 & 10 Men) Heliraft (10 men) Single seater Life Raft, MLAS-1-OB Dinghy, PSN-1 Dinghy, Stoles inflatable, Composite Survival Pack, Personal Survival Pack, Inflatable Tents Helicopter Rescue Strop.",,,,,,,
757,,Tachometer Sending Unit D4,,,,,,,
3832,,WATER SEPARATOR,,,,,,,
757,,Switch V-45M,,,,,,,
2731,,COPPER SEAL & GASKETS,,,,,,,
757,,Air Cleaner Pressure Warning Device,,,,,,,
11495,,"Design, Development & Production of Non Metallic Parts like Inflatable seals, Canopy Seals, Hoses, Bellows, Diaphragms and Rubber O Rings.",,,,,,,
6990,,EPOXY ADHESIVE,,,,,,,
299,,"Design, Development & Production of Strategic Electronics, Radars, RF Systems and Microwave Electronics.",,,,,,,
757,,Temperature Warning Device,,,,,,,
8058,,"CLAMP,FOR VIBRATION TEST AT PKD.CONDITION IN X & Y",,,,,,,
3050,,"Development & Production of Non-Ferrous Metals & Machined Parts and for the process of Casting, Machining, Extrusion & Forging of Non-Ferrous Alloys.",,,,,,,
4942,,PVC / FRP - TUBES & FITTINGS,,,,,,,
2461,,"(i) Aerospace grade SS 304 wire braided smooth bore carbon charged PTFE inner core hose R160 240 Series, Operating Pressure -210 Bar. (ii) Aerospace grade SS braided carbon charged convoluted PTFE inner core hose R267 410 Series, Operating Pressure -25 Bar. (iii) Aerospace grade SS 304 wire braided smoothbore carbon charged PTFE inner core hose R157 660 Series, Operating Pressure -210 Bar.",,,,,,,
396,,DOORS WT/NWT,,,,,,,
11878,,Precision Approach Radar,,,,,,,
10313,,LUBRICANT & GREASE,,,,,,,
8939,,ELECTRIC & ELECTRONIC SYSTEM,,,,,,,
4668,,"Design,Development & Production of GPU-40 KVA, GPU 90 KVA, GPU DC 28V",,,,,,,
2121,,PIPE FITTINGS,,,,,,,
9178,,SHIP REPAIR (HULL WORK),,,,,,,
787,,CNC PLASMA PLATE & PROFILE CUTTING,,,,,,,
521,,CIVIL ENGINEERING PROJECT JOB,,,,,,,
6909,,Steels,,,,,,,
3293,,PUMPS-CENTRIFUGAL,,,,,,,
373,,"Production of Aircraft Refuellers (4KL,11KL,16KL,18KL, &27 KL) and medium recovery vehicle(MRV) 4X4",,,,,,,
2907,,Chest rifle (Packing box),,,,,,,
2444,,EXPANSION BELLOW,,,,,,,
3213,,"Design, Development & Production Of Filter (C Type Filter As Per Ei 1581 6th Edition)",,,,,,,
9920,,"Various Types of Mechanical Airworthy Standard Parts and Expendables such as Unions, Adaptors, Couplings, End Fittings, ""P' Clips, & Clamps, Union Back Shell, Connectors, Worm Clips, Latches, Trigger Locks, Hinges etc., Fasteners such as Forged and Machined Bolts, Screws, Studs, Grommets, Dome Nuts, Anchor Nuts, Nyl Stop Nuts, Nuts, Tab Lock Washers, Rivets, Pins, Collars, Split Pins, Inserts etc. in various Lengths and head Configurations using different aerospace grade materials and CNC Machin",,,,,,,
459,,LOGISTIC SUPPORT,,,,,,,
1469,,"Production of Primers, Thinners, Paints & Allied Paint Based Coatings.",,,,,,,
9071,,INSTALLATION OF ELECTRONICS/ELECTRICAL SYSTEMS,,,,,,,
2368,,Metallic Components,,,,,,,
15599,,FLOOD LIGHT 50 WATT LED SMD SUPPLY VOLTAGE 220,,,,,,,
3475,,FIRE EXTINGUISHER,,,,,,,
6235,,"Automatic Test Equipments, Special to Type test Equipment, Testers for Electrical/Avionics Systems, Air-fielding Lighting System & related spares, Avionics LRUs, Communication Equipments spares, Embedded Software for EW & Avionics, Mission Planning Software Flight Recorder Data Analysis Tools and G meter ( for Packing & Ground Use)",,,,,,,
4988,,WATER COOLER / PURIFIER,,,,,,,
4685,,"Holster, Sling Assembly",,,,,,,
6520,,CYLINDER - HYDRAULIC / PNEUMATIC,,,,,,,
1417,,INSULATING MATERIAL,,,,,,,
3366,,Metallic components,,,,,,,
998,,"Ground bases Anti-IR & Multispectral camouflage nets, Personal Camouflage Equipments, Parasols, PVC/PU coated textiles fabrics, Multispectral Camouflage Paints, Rusk sack for SKI troopers, Tarpaulins/Flame retardant  Tarpaulins, Sleeping Bags, Tents for all Terrains for defence applications.",,,,,,,
757,,Cable No 21 of Electric Speedometer,,,,,,,
8193,,"Design, Development, Production, Installation & services of Indigenous Electronics & Electrical products for defence airborne & ground applications.",,,,,,,
7707,,ELECTRIC / ELECTRONIC CONTROL  &   POWER PANEL,,,,,,,
5685,,Investment Castings,,,,,,,
757,,Light SLTS-77-01,,,,,,,
757,,Pressure Receiver ID-IT-6 (For Gear Box),,,,,,,
9696,,CASTING NON FERROUS,,,,,,,
2758,,DIAL BORE GAUGE WITH DIAL INDICATOR,,,,,,,
757,,Distributing Board RH,,,,,,,
7113,,CIVIL MAINTENANCE(CAT-A),,,,,,,
757,,Automatic Circuit Breaker AZR-6A,,,,,,,
8562,,BLASTING & PAINTING,,,,,,,
2156,,Ssteels (Raw material),,,,,,,
955,,UNIFORM,,,,,,,
757,,Distributing Board LH,,,,,,,
8569,,ELEC. CABLING & FITTING WORK ON SHIP,,,,,,,
3672,,OIL HOUGHTO GRIND 260,,,,,,,
2552,,Forgings,,,,,,,
757,,Mounting of Reduction Gear Unit with Electric Speedometer Sending Unit,,,,,,,
6161,,PLUMBING WORK ON BOARD SHIP,,,,,,,
6638,,FIRE EXTINGUISHER,,,,,,,
757,,Switch PPN-45,,,,,,,
3419,,Plastic Mouldings,,,,,,,
9631,,VALVES,,,,,,,
757,,Fuel Gauge Indicator 1360-19,,,,,,,
2039,,Packing box,,,,,,,
757,,Reduction Gear Unit with Electric Speedometer Sending Unit,,,,,,,
3326,,"CABLE HANGER, CABLE TRAYS",,,,,,,
757,,Button (KP-000SB),,,,,,,
2834,,Metallic components,,,,,,,
757,,Pressure Receiver 1D-IT-15,,,,,,,
3287,,PUMPS-GEAR/SCREW,,,,,,,
5772,,HULL  BLOCK  FABRICATION,,,,,,,
757,,Cable No 22 of Tacho Generator,,,,,,,
757,,Fuel Gauge Assy  (IT3-1S000SB),,,,,,,
757,,Panel Automatic Circuit Breakers,,,,,,,
6475,,VENTURI FASTNING STRAP BLANK(CASTING) DRG.IRCL 596,,,,,,,
3681,,Metallic components,,,,,,,
773,,PIPE FITTINGS,,,,,,,
757,,Mounting of Reduction Gear Unit Tacho Generator,,,,,,,
4216,,Metallic components,,,,,,,
757,,Storage Battery Fuse Box,,,,,,,
2095,,Investment Castings,,,,,,,
15622,,GRENADE BODY BLANKS TO  DRG NO M-11220.,,,,,,,
757,,Panel Control,,,,,,,
1900,,F R P BOAT,,,,,,,
757,,Double Pointer Universal Electronic Thermometer 2TUE-(i),,,,,,,
9898,,Metallic components,,,,,,,
4664,,"FLOOD LIGHT 100 WATT LED,S.M.D SUPPLY VOLTAGE 220V",,,,,,,
8760,,BILGE EDUCTOR,,,,,,,
757,,Automatic Circuit Breaker AZS-15,,,,,,,
2745,,Forgings,,,,,,,
6995,,ELECTRONICS/ELECTRICAL SYSTEMS,,,,,,,
757,,Light Indicator,,,,,,,
2209,,Investment castings,,,,,,,
4189,,FABRICATED COMPONENT,,,,,,,
2284,,Investment castings,,,,,,,
9973,,FABRICATED COMPONENT (HEAVY),,,,,,,
757,,Light FRM-1K,,,,,,,
3561,,FIRE EXTINGUISHER,,,,,,,
3908,,GALVANIZING,,,,,,,
757,,Pressure Sending Unit (0-6),,,,,,,
15347,,"DIGITAL VERNIER CALIPER, MEASURING RANGE :0-300 MM",,,,,,,
9268,,PUMPS-GEAR/SCREW,,,,,,,
757,,Pressure Sending Unit (0-15),,,,,,,
9238,,"ELECTRIC WHISTLE, HORN",,,,,,,
1884,,VALVES,,,,,,,
757,,Hull Electrical Equipment Kit ‘A’,,,,,,,
13232,,"CONTINUOUS STATIONERY,15""X12""X2 PART, 60 GSM.",,,,,,,
8641,,PRINTING LETTER PRESS,,,,,,,
757,,Turret Electrical Equipment Kit ‘A”,,,,,,,
248,,VALVES,,,,,,,
5238,,ELECTRIC CABLE/WIRE (COMMERCIAL),,,,,,,
323,,ELECTRIC CABLE/WIRE (COMMERCIAL),,,,,,,
757,,Unified Pressure Warning Device,,,,,,,
5146,,RECTIFIER / TRANSFORMERS,,,,,,,
986,,FABRICATED COMPONENT (HEAVY),,,,,,,
757,,Turret Electrical Equipment Kit ‘B’,,,,,,,
10248,,PACKING BOX,,,,,,,
2384,,Barrel blank of Tear Gas Gun,,,,,,,
9991,,COMPOSITE SUPER STRUCTURE,,,,,,,
757,,Ring Assy Electrical Contact,,,,,,,
9666,,"RUST, GREASE RE REMOVER",,,,,,,
3012,,Steel strip (Raw Material),,,,,,,
3853,,UNMANEED VEHICLES AND SYSTEMS,,,,,,,
757,,Hull Electrical Wires,,,,,,,
7210,,FASTENER,,,,,,,
757,,Turret Electrical Wires,,,,,,,
757,,Ring Assembly Electrical (TCRB) (BKY-330-2000TY),,,,,,,
757,,Relay (Starter Generator Relay RSG-10M1),,,,,,,
2361,,RETAINER TO DRAWING NO.9002-00-01-00-00-003-00TA,,,,,,,
757,,Switch Board Fire Control 902A,,,,,,,
2568,,Investment Castings,,,,,,,
1961,,DE-LINING OF LINED MOTOR TUBE MK-I,,,,,,,
1961,,CONV.MOTOR TUBE TO LINER ASSY.PINAK,,,,,,,
757,,Electromagnet 3M-74M (EM74M000SB),,,,,,,
2367,,Steel Strips (Raw Material),,,,,,,
1961,,CONV. OF TUNGSTEN SPHERES,,,,,,,
1961,,CON.MOTOR TUBE TO LINER ASSY.,,,,,,,
757,,Hull Electrical Equipment Kit ‘B’,,,,,,,
1961,,PELLET TUBE,,,,,,,
1961,,TUBE FOR RHE W 86030301010000200PA,,,,,,,
757,,Gyro Drift Indicator (GPK 59),,,,,,,
9478,,Ammunition,,,,,,,
3853,,Autonomous Underwater Vehicle For Mine Countermeasures,,,,,,,
757,,Converter – PAG-1F,,,,,,,
3853,,Autonomous Weaponsied Boat Swarm,,,,,,,
2156,,DIFFERENT  DIA OF RAW MATERIAL,,,,,,,
1424,,PHENOLIC RESIN PR-100 GR.ABR OR IVP,,,,,,,
4349,,Optical components,,,,,,,
2312,,BRASS RD CZ129 4.5 MM DIA,,,,,,,
2630,,Metal Injection Molding Components,,,,,,,
4425,,Portable Hydraulic Metal Cutter,,,,,,,
4425,,Portable Ionic Pulse Jet Cutting System,,,,,,,
167,,BALANCING MASS OF 60 DEGREE ANGLE,,,,,,,
2126,,Steel raw material,,,,,,,
167,,MFG.PROOF SHOT 155/77B.TO SM-959,,,,,,,
167,,CONV.OF 25MM (T) AL.SHEET TO BLANKS,,,,,,,
167,,CONV.ST.PLATE TO BLANK 239.5MM DIA,,,,,,,
2088,,Steel raw materials,,,,,,,
2490,,Investment Castings,,,,,,,
9303,,Plastic Molding components,,,,,,,
5537,,Optical components,,,,,,,
2447,,Forgings,,,,,,,
6475,,Investment Casting Components,,,,,,,
8193,,ELECTRONICS DEVICES,,,,,,,
145,,Plastic components,,,,,,,
15307,,TRANSPORATION OF DEFENCE GOODS,,,,,,,
1272,,Plastic Molding Components,,,,,,,
5515,,"Sights, Butt, Chronograph etc.",,,,,,,
1674,,CHEMICALS,,,,,,,
9916,,Countermeasures For Illegal Drones,,,,,,,
7989,,Motion Pattern Classification On Online /Active Data,,,,,,,
9446,,AI Based Satellite Image Analysis,,,,,,,
9796,,Dronaam Series Anti Drone System,,,,,,,
9796,,Countermeasures For Illegal Drones (RF Jammer Guns),,,,,,,
5936,,Integrated Mobile Camouflage System (IMCS),,,,,,,
7501,,4G/LTE Tactical LAN,,,,,,,
6924,,Powered Air Purifying Respirator,,,,,,,
11752,,Development Of Artificial Intelligence Based Training Modules For Technicians For Operation And Maintenance Of Su-30mki Aircraft,,,,,,,
7947,,Generation Of Quantum Secure Keys Between Two Nodes Connected Directly Over 200 Kms,,,,,,,
3093,,Fire Fighting Robot,,,,,,,
10231,,Portable RCS Measuring Device,,,,,,,
3471,,PBI Fire Fighting Suits,,,,,,,
3471,,Smart Compressed Breathing Apparatus,,,,,,,
8027,,Reduction Of RCS Of Naval Warships,,,,,,,
5395,,Remotely Piloted Airborne Vehicles,,,,,,,
12520,,Remotely Piloted Airborne Vehicles,,,,,,,
7401,,Underwater Navigation System For AUV,,,,,,,
7541,,4G/LTE Tactical LAN,,,,,,,
5483,,ELECTRONICS DEVICES,,,,,,,
3188,,Electronics Components,,,,,,,
3133,,Electronics Components,,,,,,,
4374,,Mechanical Components,,,,,,,
5240,,Electronics Components,,,,,,,
280,,Electronics Components,,,,,,,
15594,,"PENCIL GRINDER,MOTOR 1HP 30000 RPM,HOSE L 10 CM",,,,,,,
1230,,Multigrade Engine Oil 10W30 API CF-4 (EDL-4)),,,,,,,
4484,,LRU,,,,,,,
1230,,Multigrade Engine Oil 10W40 CH-4 Combined with MB 228.3(EDL-7),,,,,,,
9175,,REPAIR OF BAUER MAKE DEFECTIVE HP AIR COMPRESSORS,,,,,,,
1230,,Multigrade Engine Oil 20W40 EPL-4/EDL-7,,,,,,,
1230,,Multigrade Engine Oil 20W50 EPL-4/EDL-7,,,,,,,
1230,,Oil C-70,,,,,,,
1230,,Oil OX-13,,,,,,,
1230,,Industrial Grease Lithium Base Regular Grade-3(IGLBR Grade-3),,,,,,,
4486,,PCB: CB3064-V02.G5(197905),,,,,,,
1230,,Multigrade Engine Oil 15W40 CH-4 Combined with MB 228.3(EDL-7),,,,,,,
1230,,Grease LG-280,,,,,,,
1230,,Gear Lubricant Multi Purpose 80W90 EP Type GL-5,,,,,,,
1230,,Oil OX-52,,,,,,,
1230,,Protective PX-6,,,,,,,
1230,,Grease Molybdenum Disulphied,,,,,,,
1230,,Gear Lubricant SAE-140  Type GL-5,,,,,,,
567,,Security Services,,,,,,,
3955,,SERVICE CHARGES FOR RADIAGRAPHIC EXAM.OF AMMN F162,,,,,,,
591,,Cranes 60/20T,,,,,,,
10037,,AO-18/AK-630 DRG.NO.3-AO-18.001,,,,,,,
1230,,Multigrade Engine Oil 15W40 EPL-4/EDL-7,,,,,,,
1230,,Multigrade Engine Oil 15W40 API CI-4 Plus,,,,,,,
1961,,LAUNCHER TUBE ASSEMBLY,,,,,,,
1230,,Multigrade Engine  Oil 10W30 EPL-4/EDL-7,,,,,,,
1961,,FRP LAUNCHER TUBE ASSY.,,,,,,,
1961,,FRP LAUNCHER TUBE FOR DPICM PO,,,,,,,
1230,,"Fluid  Automotive Transmission  Type ""A"" Suffix ""A""",,,,,,,
1230,,Lithium Base Grease For Automotive Purpose Grade-1 (LBGA Grade-1),,,,,,,
12670,,M S PIPE 40X20+/-0.5X2MM,,,,,,,
3664,,"FILE 2ND CUT ROUND.SIZE:6""(150MM)",,,,,,,
5284,,WIRE HARNESSING OF POD,,,,,,,
4112,,"CHARGE, FIRE EXT. DRY POWDER 10 KG, DRY CHEMICAL POWDER 10 KG to Part No. K7/4710-000021",,,,,,,
4664,,LED 12 WATT BULB,,,,,,,
59,,Multigrade Engine Oil 10W30 EPL-4 / EDL-7,,,,,,,
4664,,LED 7 WATT BULB,,,,,,,
272,,DIFFERENT TYPE OF DRILL AND FILE,,,,,,,
4112,,"CHARGE, FIRE EXT. DRY POWDER 2 KG, DRY CHEMICAL POWDER 2 KG",,,,,,,
385,,PISTON 12 041,,,,,,,
2368,,STEEL SHEET COMPONENTS,,,,,,,
2368,,"PIN TYPE CABLE LUG, 185 SQMM",,,,,,,
4112,,"CHARGE, FIRE EXT. DRY POWDER 25 KG, DRY CHEMICAL POWDER, 25 KG",,,,,,,
2368,,MILD STEEL SQUER PIPES OF VARIOUS SIZES,,,,,,,
59,,Multigrade Engine Oil 15W40 EPL-4 / EDL-7,,,,,,,
59,,Multigrade Engine Oil 20W50 EPL-4 / EDL-7,,,,,,,
198,,"AL.ROD 17 MM +/-0.2MM DIA BS-1474 DESIG 2014-A""T4""",,,,,,,
1227,,Gear Lubricans Multi Purpose 80W90 EP Type GL-5,,,,,,,
437,,O G PAINT FOR POWDER COATING,,,,,,,
437,,B G PAINT FOR POWDER COATING,,,,,,,
1227,,Multi Grade Engine  Oil 10W30 API CF-4 ( EDL-4),,,,,,,
187,,BARREL MORTAR(SEAMLESS TUBE) AS PER DRG.NO.M-11499,,,,,,,
1227,,Multigrade Engine Oil 10W40  CH-4 Combined with MB 228.3 (EDL-7),,,,,,,
3664,,BANDSAW BLADES,,,,,,,
1227,,Multigrade Engine Oil 15W40  API CI-4 Plus,,,,,,,
1227,,Gear Lubricans Multi Purpose 85W140 EP Type GL-5,,,,,,,
1227,,Oil OM-36  (VG-32),,,,,,,
401,,JOINT HUB,,,,,,,
1227,,Oil C-70,,,,,,,
1208,,SILVER/ALUMINIUM PAINT,,,,,,,
1227,,Oil OX-13,,,,,,,
1227,,Oil OX-52,,,,,,,
1227,,Oil OM-58,,,,,,,
9979,,SERVO MOTOR FOR ECOFLAME GAS BURNER,,,,,,,
1227,,"Fluid Automotive Transmission Type ""A"" Suffix ""A""",,,,,,,
1227,,Gear Lubricant SAE-140 EP Type GL-5,,,,,,,
4873,,COMPRESSION TYPE CABLE LUG,,,,,,,
1227,,Multigrade Engine Oil 20W40  EPL-4 / EDL-4,,,,,,,
1227,,Multigrade Engine Oil 20W50 EPL-4 / EDL-4,,,,,,,
4411,,MULTIFUNCTION CALIBRATOR,,,,,,,
1227,,Multigrade Engine Oil 10W30 EPL-4 / EDL-7,,,,,,,
1227,,Multigrade Engine Oil 15W40 EPL-4 / EDL-7,,,,,,,
2400,,MILD STEEL SHEET COILS AND SHEET OF VARIOUS SIZES,,,,,,,
1227,,Multigrade Engine Oil 20W50 EPL-4 / EDL-7,,,,,,,
1227,,Transmission Fluid F-10,,,,,,,
1227,,Hydroulic Break Fluid Heavy Duty Type-1 (DOT-3),,,,,,,
4162,,COMPRESSION SPRINGS,,,,,,,
9062,,LED LUMINAIRE FOR FLOOD LIGHT,,,,,,,
603,,Forging and Machining of Super Ni,,,,,,,
277,,WRIST WATCH,,,,,,,
613,,Auction or selling of scrap,,,,,,,
657,,Filter Bags and Cages,,,,,,,
685,,Revamping of Cooling tower,,,,,,,
1976,,POLYTHENE BAG,,,,,,,
704,,Ceramics,,,,,,,
3590,,"P.B.CASTING 4""X2 3/4"" X 12""LENGHT",,,,,,,
711,,Super Cast Rods,,,,,,,
3590,,M.S. SHEET SIZE 1250 X 2500X 3,,,,,,,
719,,Lathe Machine,,,,,,,
158,,ALL TYPES OF ALLUMINIUM PROFILE,,,,,,,
797,,Magnesite Safety Bricks,,,,,,,
806,,Micanite Sheet,,,,,,,
2367,,"ALL TYPES OF MS FLATS, SHEETS, COIL, STRIPS",,,,,,,
59,,Multigrade Engine Oil 10W30 API CF-4 (EDL-4),,,,,,,
917,,Shot Peening Machine,,,,,,,
7152,,FRP LAUNCHER TUBE ASSY.,,,,,,,
59,,Gear Lubricant Multi Purpose 80W90 EP Type GL-5,,,,,,,
1188,,Annual Reports,,,,,,,
1201,,printing of Annual Reports,,,,,,,
2122,,"ALL TYPES OF MS PIPE, SHEET, COIL",,,,,,,
401,,GEAR WHEEL,,,,,,,
1204,,Air Compressor,,,,,,,
1470,,PAINT R/M A/D O.GREEN ISC-220.,,,,,,,
1282,,Fire Resistant Hydraulic Oil,,,,,,,
92,,PAINT RMP R/O Z/C A/D JSS 8010,,,,,,,
1287,,ESR Wacker Slag,,,,,,,
2438,,Mechanical Components,,,,,,,
92,,PAINT R/M A/D O.GREEN ISC-220.,,,,,,,
1301,,Water Treatment Chemicals,,,,,,,
92,,O G PAINT FOR POWDER COATING,,,,,,,
1311,,High Purity Flourspar Lumps,,,,,,,
1329,,Electromagnetic Flowmeter,,,,,,,
1744,,RUBBER PAD FOR UNIT LOAD,,,,,,,
1744,,RUBBER STRIP-IV FOR GP BOMB,,,,,,,
1341,,Descaling Salt,,,,,,,
1361,,Acetone,,,,,,,
401,,CAMSHAFT GEAR WHEEL,,,,,,,
1387,,Exothermic Powder,,,,,,,
436,,NATURAL SPLIT LEATHER GLOVES,,,,,,,
436,,N.SPLIT LEATHER GLOVES-350 MM,,,,,,,
1392,,Colloidal Silica,,,,,,,
1403,,Descaling Salt,,,,,,,
401,,GEAR INJECTION PUMP,,,,,,,
1407,,Nitrogen and Helium Gas,,,,,,,
7169,,HYDRAULIC OVERLOAD PROTECTION,,,,,,,
1433,,"Araldite GM 257, Aradur 140",,,,,,,
5294,,HDMI FIXED SWITCHER (4K),,,,,,,
1456,,Utility Piping Works,,,,,,,
6348,,COPPER COATED 0.8MM SOLID WIRE,,,,,,,
1457,,Water Proofing Works,,,,,,,
4564,,"Electronics, Sub-System",,,,,,,
401,,SERVO PUMP GEAR WHEEL,,,,,,,
2410,,CHRO ZIRC COPPER ROD 16 MM DIA,,,,,,,
1461,,Paints,,,,,,,
1574,,Bearings,,,,,,,
2504,,AL. WELDING/ FILLER WIRE,,,,,,,
1603,,Electric Hoist,,,,,,,
145,,ROAD BARRIERS,,,,,,,
1608,,Electric Wire Rope,,,,,,,
401,,COMPRESSOR GEAR WHEEL,,,,,,,
3085,,ASSEMD HINGE WITH PIN & PLATE,,,,,,,
11973,,Mechanical Components,,,,,,,
1610,,Pure LED or TIN Metal,,,,,,,
3085,,FRAMES FOR CARRIER 7A,,,,,,,
1641,,Grease,,,,,,,
401,,PINION,,,,,,,
1696,,Helium Gas,,,,,,,
1936,,Ployster Slings,,,,,,,
9205,,Precision machining components,,,,,,,
1976,,Ploythen sheets,,,,,,,
8886,,OIL HYDRAULIC SERVO SYSTEM 68,,,,,,,
2029,,Ceramic Fibre Modules,,,,,,,
3924,,SMPS / POWER SUPPLY MODULE,,,,,,,
401,,IDLE GEAR,,,,,,,
2030,,Arc Furance Ramping Mass,,,,,,,
2031,,Ramming Mass,,,,,,,
3637,,precision machining components,,,,,,,
3064,,SHEAR BLADES,,,,,,,
2036,,low cement castable LC 60,,,,,,,
401,,FAN SHAFT,,,,,,,
3637,,Precision machining components,,,,,,,
2041,,Abrassive Cutting wheels,,,,,,,
3538,,ARC WELDING ELECTRODE.,,,,,,,
2042,,Channel Bottom Powering set,,,,,,,
1662,,ADA - 1D,,,,,,,
401,,STUD BOLT,,,,,,,
1662,,RUSTODINE 62-170 JSS-8030-5-93,,,,,,,
2041,,Channel Bottom Powering Set,,,,,,,
1662,,PHOSDINE STARTER 62-07 IS-1279,,,,,,,
2061,,Abrassive Cutting Wheels,,,,,,,
8570,,INDUCTION MOTOR 3 HP(2.2KW),,,,,,,
2062,,ceramic fibre insulated funnel,,,,,,,
401,,SCREW,,,,,,,
2080,,DSR MDN Plates,,,,,,,
5606,,Precision machining components,,,,,,,
2088,,Low Alloy Steel,,,,,,,
2099,,Vertical Turning,,,,,,,
2106,,Low Alloy Steel,,,,,,,
5606,,Flow forming,,,,,,,
2122,,ERW Pipe Class,,,,,,,
1599,,Precision fabrication,,,,,,,
2233,,Spares,,,,,,,
1599,,precision machining components,,,,,,,
4208,,connectors,,,,,,,
401,,BOLT,,,,,,,
4054,,"Binding drawings, manuals and documents,Installation & commissioning spares,Shipboard incinerator",,,,,,,
8318,,"Electrical Control Panel,Honeycomb Filter ,VALVE CONTROL MANIFOLD",,,,,,,
3243,,"GLAND PACKING,BODY SEAL,STEM SEAL,STUD & NUT",,,,,,,
6701,,Optical Spectrometer,,,,,,,
8613,,"UNDERWAY CTD WITH SENSOR,ON BOARD SPARES",,,,,,,
3284,,Bilge/Fire Pump,,,,,,,
8915,,LED Flood Lights,,,,,,,
223,,REPAIR OF SIEMENS MAKE SERVO MOTOR,,,,,,,
10339,,ADHESIVE SPEB-7.,,,,,,,
2992,,HEAT TREATED  STEEL SHOT,,,,,,,
9035,,REPLACEMENT OF HATCH PLUGS,,,,,,,
184,,SM CRCA COIL 1.25x1250MM `D'K,,,,,,,
184,,MILD STEEL STEEL 1.6 MM THICK,,,,,,,
465,,Shifting of RAILTEL for DC relocation,,,,,,,
184,,SM CRCA COIL 1.00MM X 1080 MM,,,,,,,
184,,SM CRCA COIL 0.8MMx1000WIDTH,,,,,,,
229,,TWIST DRILL,,,,,,,
5354,,AMC of Canon make photocopier Machine,,,,,,,
4108,,ELECTRODE,,,,,,,
1226,,DIESEL ENGINE OIL 15W-40.,,,,,,,
1226,,SOLUBLE CUTTING OIL,,,,,,,
6352,,SOLID CARBIDE CUTTER DIA 8MM,,,,,,,
1516,,medicine,,,,,,,
2657,,CUP & BOLT FOR PRB DRUM,,,,,,,
2657,,CATCH AS PER DRG.OFB/C/1561,,,,,,,
2657,,MFG. & SUPPLY OF STEEL SHEET COMPONENETS,,,,,,,
6348,,ELECTRODES,,,,,,,
526,,"All type of Coil, Sheets & Pipes",,,,,,,
7417,,Enterprise Support Service for SAP S/W,,,,,,,
10353,,MFG. & SUPPLY OF STEEL SHEET COMPONENETS,,,,,,,
340,,20 WATT LED TUBE LIGHT,,,,,,,
7649,,MS office Software,,,,,,,
397,,"CR.LINK POLY.FOAM, CAPCELLS OF VARIOUS SIZES",,,,,,,
3951,,SERVICES FOR EWM MIG WELDING,,,,,,,
480,,WELDING SET 3 PHASE,,,,,,,
2933,,T & N COATED HSS DRILL.6.3 MM DIA,,,,,,,
5920,,PLAIN COPIER PAPER 210 X 297,,,,,,,
4652,,"CONTROL TRANSFORMER -440V HEAVY DUTY,ROTARY SWITCH ON/OF ,INDICATOR LAMP WITH HOLDER,POTENTIO METER /CURRENT",,,,,,,
2933,,TWIST DRILL OF 8.5 DIA IN MM X L,,,,,,,
2933,,H.S.S T/SHANK DRILL 32 MM DIA.,,,,,,,
719,,COMPLETE SPINDLE ASSEMBLY,,,,,,,
5003,,"CABLE CU 1.5 QMM, FLEXIBLE 2 C",,,,,,,
7282,,LEVER TYPE DIAL GAUGE,,,,,,,
2949,,ON BOARD SPARE,,,,,,,
3588,,ADAPTOR TO DRG.NO.02676-20011A02.,,,,,,,
7282,,MAGNETIC DIAL STAND,,,,,,,
3588,,MACHINING OF  COINING PUNCH FT-12J,,,,,,,
8664,,AL ALY DISC IS736-HP-20M 150 X 9.52,,,,,,,
5354,,MAINTENANCE OF EPABX,,,,,,,
864,,PAINT ENAMEL SYNTHETIC GREY,,,,,,,
5354,,ANALOG TRUNK CARD,,,,,,,
1364,,GRUMMET ASSEMBLY FOR 155MM AMN.,,,,,,,
4931,,ALUMINIUM CABLE - 25 SQMM,,,,,,,
1364,,PLUG 52MM ISX-377 DC-36785A 8-10-01,,,,,,,
1233,,OIL HYDRAULIC SERVO SYSTEM 68,,,,,,,
6005,,REFRIGERENT GAS  FLORON 22,,,,,,,
1208,,READY MIX PAINT DEEP BRONZE GREEN,,,,,,,
15528,,LIFTING PLUG (GULF CAP TYPE G),,,,,,,
838,,DIESEL ENGINE OIL 15W-40.,,,,,,,
838,,HYDRAULIC OIL VG-68,,,,,,,
9618,,RIVET (PIN) FOR CATCH C1,,,,,,,
9723,,"GAUGE THREAD,HEAY DUTY 10 TON FLAT HYDRAULIC JACK.RULE TYPE LEVELLING GAUGE TRIANGULAR,",,,,,,,
1641,,CUTTING OIL SOLUBLE IS 1115,,,,,,,
1258,,PAINT RMP R/O Z/C A/D JSS 8010,,,,,,,
1258,,"PAINT R/M, A/D, SIGNAL RED.",,,,,,,
1832,,GLASS FILLED PHENOLIC MOULDING,,,,,,,
1258,,PAINT R/M A/D O.GREEN ISC-220.,,,,,,,
2035,,REFRACTORY RUNNER CUP,,,,,,,
1832,,GLASS FIBRE FILLED MOULDING POWDER,,,,,,,
2257,,TRACTION BATTERY DRY UNCHARGED,,,,,,,
1641,,SILICON GREASE TUBE,,,,,,,
1641,,GREASE.,,,,,,,
1641,,HYDRAULIC OIL VG-68,,,,,,,
2380,,EXOTHERMIC POWDER FOR STEEL CASTINGS,,,,,,,
2447,,FORGING OF SUSPENSION LUG,,,,,,,
2504,,ALUMINIUM PURE INGOT,,,,,,,
3011,,WELDING CABLE,,,,,,,
3108,,OIL PUMP WITH MOTOR,,,,,,,
2326,,High Purity Flourspar,,,,,,,
4424,,BOLTS BLACK M16x75 MM LONG,,,,,,,
2320,,Ferro Vanadium,,,,,,,
2294,,tripod grab,,,,,,,
5284,,WIRE HARNESSING FOR POD ASSY.,,,,,,,
2289,,Seamless Tube,,,,,,,
5284,,WIRE NO. 1 ASSY. FOR 84 MM MK-III,,,,,,,
5284,,SOCKET CTA-CS CANNON FS-2921,,,,,,,
4666,,SERVO DRIVE POWER MODULE,,,,,,,
2269,,wellman furnace bogie castings,,,,,,,
6145,,BOX S-9 WOODEN FOR 140MM ROCKET,,,,,,,
6348,,WELDING ELECTRODE SIZE 4x450 MM,,,,,,,
6145,,PACKING AS PER DRG. NO. KHPK410026,,,,,,,
6145,,HARD BOARD FITMENT TO DRG.FS726,,,,,,,
2263,,"Castings, Heat Treatment, Machining",,,,,,,
6145,,WOODEN PACKING BOX SM-602,,,,,,,
6704,,SODIUM SILICATE FOR CO2 CORE,,,,,,,
3864,,BIMETALIC BAND SAW BLADE 34X1.1X3/4,,,,,,,
10893,,DETENT SLEEVE TOCQA DRG.3-016919,,,,,,,
7829,,PRINTER (LJP),,,,,,,
8481,,Mechanical Components,,,,,,,
2262,,Forging,,,,,,,
10893,,GASKET RING 3-024644/4.,,,,,,,
8881,,COMPLETE CHIP CONVEYOR SBCNC 60,,,,,,,
10893,,SPRING 3-024653/004,,,,,,,
2237,,Graphite Powder,,,,,,,
10893,,LEG SHAPED SAFETY LOCK 4-026601/24,,,,,,,
10893,,SAFETY CAP  4-026601/5.,,,,,,,
9650,,Ferro Molybdenum powder,,,,,,,
10893,,CONICAL SHUTTER DRG.NO.3-027321/2,,,,,,,
10893,,COVER OF OBTURATOR DRG. 3-027321/10,,,,,,,
10893,,SAFETY LOCK ASSY.BW 6.042.512,,,,,,,
10893,,MEMBRANE BW8.363.012 DC 37271-A.,,,,,,,
10893,,CAP BW8.635.541 DC NO.37327-A.,,,,,,,
10893,,BOOSTER SUBASSY.CQA(A)DRG.13021-0-0,,,,,,,
13685,,BATTERY 12 VOLTS 180 AH,,,,,,,
10893,,WASHER CLOSING DISC 13147-0-0.,,,,,,,
10893,,PRIMER CUP 6261-10-00-01,,,,,,,
10893,,PAD TO DRG. NO. 52-10-17,,,,,,,
13774,,R TYPE THERMOCOUPLE,,,,,,,
13826,,PHOTOCOPIER PAPER 210x297 MM,,,,,,,
1451,,"PAINT AZURE BLUE, SPRAYING, ISC 104",,,,,,,
1451,,AMMN.PROTECTIVE COMP.12,,,,,,,
1451,,VARNISH APC-224,,,,,,,
13938,,LOW CEMENT CASTABLE,,,,,,,
1451,,PAINT RFU AMMUNITION BITUMINOUS,,,,,,,
1451,,THINNER FOR SYNTHETIC ENAMEL PAINT.,,,,,,,
14492,,PVC PLAIN PIPE END 110 MM,,,,,,,
1451,,"PAINT TO IS:117-64,A/C GRAY",,,,,,,
1451,,PAINT READY MIXED AIR DRYING BRUSH,,,,,,,
14672,,CHAIN LINK M.S. GALVANIZED,,,,,,,
1451,,ETCH PRIMER AS PER IS:5666:2004,,,,,,,
1451,,"PARAFFIN WAX, SPECIAL JSS 9160-06",,,,,,,
15086,,BEARING - SKF,,,,,,,
10630,,CONV.OF BLANK TO SEMI FINISHED BODY,,,,,,,
10630,,TOP SCREW TO CQA(A)DRG. NO.5173924.,,,,,,,
10630,,NOSE ADAPTER ISX 387 OF 125MM,,,,,,,
10630,,STRIKER GUIDE FS-2470 C.,,,,,,,
10630,,MAGAZINE TUBE FS-2475B,,,,,,,
10630,,PLUG REAR TO ITV.52 DC(I)NO.35508-A,,,,,,,
15109,,CYBER SECRUITY AUDIT CERTIFICATION,,,,,,,
9344,,TRANS-RECTIFIER,,,,,,,
3838,,PIPE,,,,,,,
3835,,FM200 SYSTEM WITH ACCESSORIES,,,,,,,
1776,,Rubber,,,,,,,
5741,,PSI FOR MAIN PROPULSION,,,,,,,
1680,,84MM RL FIRING STAND (CQA/WPN/1833-GF-219300),,,,,,,
2834,,STRIKER 60 MM MORTAR,,,,,,,
3259,,SUPPLY & ERECTION OF FIRE PUMP & MOTOR,,,,,,,
3256,,Mech Seal for Darling Pump,,,,,,,
14732,,Electronics Components,,,,,,,
2451,,JOINT BAND DRG NO.1192A,,,,,,,
5213,,PIEZO ELEMENT TO SK.NO.OTF/PG/016.,,,,,,,
3007,,BASE PLATE (300X200X60) DRG.NO.LK 8731-4036/001,,,,,,,
11245,,Electronics Components,,,,,,,
2451,,OBLIQUE COUPLING DRG NO 23719,,,,,,,
10067,,Clinometer,,,,,,,
2451,,NEATLY DIE FORGED W SHAPE CAT1294/A,,,,,,,
3681,,84MM TPT PROJECTILE FFV-65(WITHOUT TRACER 56D),,,,,,,
14965,,Raw Materials,,,,,,,
2362,,"T105CR5 FORGED STEEL ,  210 MM DIA",,,,,,,
2362,,"TOOL STEEL T105CR5MN2, 100 MM DIA.",,,,,,,
2362,,FORGED T/STEEL 40NI6CR4MO3 230MM DA,,,,,,,
1208,,PAINTS,,,,,,,
6896,,Electronics Components,,,,,,,
9881,,FIRE HELMET,,,,,,,
3905,,Mechanical Components,,,,,,,
1870,,Mechanical  & Electronics Components,,,,,,,
315,,COMPLETE LED TUBE LIGHT SET( L=4'Ft 18 TO 20 WATT),,,,,,,
3792,,Fire Extinguisher,,,,,,,
7687,,AMC FOR C-SCAN SYSTEM(USED FOR UST OF BARREL 84 MM,,,,,,,
3143,,Mechanical Components,,,,,,,
7378,,FIRE HOSE,,,,,,,
8537,,LEG LEFT ASSY. TO DRG.NO.1015-001548(AMG-72799)F/C,,,,,,,
4296,,Electromechanical,,,,,,,
245,,"PUMP VK-524 A-T2 TO GOST:10392-89,ELECTRICMOTOR DM",,,,,,,
6658,,Electronics Components,,,,,,,
7140,,Electronics Components,,,,,,,
6917,,MACHINING OF WEAPON SEAT,,,,,,,
9886,,PAINTING,,,,,,,
8272,,Packing Material,,,,,,,
9379,,"Electronics, Sub-System",,,,,,,
13298,,Mechanical Components,,,,,,,
13862,,ELECTRONICS Sub-System,,,,,,,
14538,,Electric Light Equipment,,,,,,,
5114,,Ferritoscope with Probe,,,,,,,
8358,,Electromechanical,,,,,,,
15161,,Electronics Components,,,,,,,
12124,,ELECRICAL,,,,,,,
10506,,Mechanical Components,,,,,,,
12310,,Mechanical Components,,,,,,,
7578,,SERVICES,,,,,,,
15220,,Mechanical Components,,,,,,,
1268,,CHEMICALS,,,,,,,
4112,,"CHARGE, FIRE EXT. DRY POWDER 50 KG, DRY CHEMICAL POWDER, 50 KG to Part No. K7/4210-002880",,,,,,,
4112,,"CHARGE, FIRE EXT. DRY POWDER 75 KG, DRY CHEMICAL POWDER, 75 KG",,,,,,,
4112,,COMPOUND FOAM LIQUID AQUEOUS FILM FORMING TYPE 6 FREEZE PROTECTED TO MINUS 20?  C IN 20 LITRE CONTAINER,,,,,,,
4112,,"CHARGE, FIRE EXT. MECHNICAL FOAM 9 LITRE FOR HIGH ALTITUDE & SUB-ZERO TEMPERATURE CONDITION        UPTO  MINUS 15? C, AFFF 1000ml MIXED WITH ETHYLENE GLYCOL 2500 ml",,,,,,,
4112,,"CHARGE, FIRE EXT. MECH. FOAM 9 LITRE PLAIN TYPE, AQUEOUS FILM FORMING FOAM (AFFF) 550 ml",,,,,,,
4112,,FOAM LIQUID AQUEOUS FILM FORMING TYPE 6 FOR FIRE FIGHTING IN 20 LITRE CONTAINERFOAM LIQUID AQUEOUS FILM FORMING TYPE 6 FOR FIRE FIGHTING IN 20 LITRE CONTAINER,,,,,,,
478,,"Tyre Pneu Vehicular 11.00-20, 16PR, ST",,,,,,,
478,,"Tyre Pneu 12.00x20, 18 PR, CC, Reinforced to achieve load carrying capacity of 4050 Kg",,,,,,,
2560,,Trigger Housi,,,,,,,
478,,"Tyre Pneu 12.00x20, 18PR, SCH, Reinforced to achieve load carrying capacity of 4050 Kg",,,,,,,
478,,"Tyre Pneu Vehicular 355/90-20, 18PR, CC",,,,,,,
478,,"Tyre Pneu, 355/90-20, 18PR, SCH",,,,,,,
3034,,MIM Components,,,,,,,
478,,"Tire Pneu, Vehicular F78-15, 4PR, Rib & Lug",,,,,,,
2370,,MIM Components,,,,,,,
1870,,Guard Hand upper,,,,,,,
154,,Conversion of slab into Sheet/strip,,,,,,,
3562,,Forging of slides,,,,,,,
155,,Machining of super alloy Rings,,,,,,,
4913,,Magazine Assembly,,,,,,,
160,,Magnetic Rolls Separator,,,,,,,
5154,,IC Body,,,,,,,
1814,,Pad Butt,,,,,,,
4699,,Trigger locking system,,,,,,,
3630,,Bolt Carrier blank,,,,,,,
3791,,Telescopic sight,,,,,,,
2423,,HSS Rod,,,,,,,
168,,Steel Rod,,,,,,,
9670,,Store Lift,,,,,,,
8385,,Stock Butt,,,,,,,
4637,,Steels,,,,,,,
8434,,Night vision device,,,,,,,
13373,,"EXTINGUISHER FIRE, CO2, 22.5 KG CAPACITY, TROLLEY MOUNTED",,,,,,,
2083,,Forgings,,,,,,,
13373,,"EXTINGUISHER FIRE, CO2, 6.5 KG CAPACITY, SINGLE, CYLINDER, TROLLEY MOUNTED",,,,,,,
13373,,"EXTINGUISHER FIRE, MECHANICAL FOAM, 9 LITRE CAPACITY, (WITHOUT CHARGE)",,,,,,,
5810,,ROSLER CHIPS,,,,,,,
2438,,Gas Cylinder,,,,,,,
13373,,"EXTINGUISHER FIRE, DRY POWDER, 25 KG CAPACITY, DULY CHARGED, TROLLEY MOUNTED",,,,,,,
4886,,ship's electrical system,,,,,,,
15455,,SERVICES,,,,,,,
13373,,"EXTINGUISHER FIRE, DRY POWDER, 50 KG CAPACITY, DULY CHARGED, TROLLEY MOUNTED",,,,,,,
6475,,IC Catch Safety,,,,,,,
6475,,IC Receiver,,,,,,,
13373,,"EXTINGUISHER FIRE, DRY POWDER, 75 KG CAPACITY, DULY CHARGED, TROLLEY MOUNTED",,,,,,,
15143,,Electromechanical,,,,,,,
3803,,"COUPLING JIG - LUH, GASKET-P3 SENSOR",,,,,,,
6475,,IC Slide retracting,,,,,,,
13373,,"EXTINGUISHER FIRE, CO2, 2 KG CAPACITY, PORTABLE",,,,,,,
6475,,IC Cup,,,,,,,
6475,,Block Gas IC,,,,,,,
13373,,"EXTINGUISHER FIRE, CO2, 4.5 KG CAPACITY, PORTABLE",,,,,,,
6475,,IC Braket lighter,,,,,,,
6475,,IC Magazine tube locking,,,,,,,
6279,,RIVET,,,,,,,
6475,,IC Lever change,,,,,,,
460,,SHIP REPAIR,,,,,,,
6799,,DORNIER BLADE,,,,,,,
13988,,CONSUMABLES,,,,,,,
3689,,PAINTING SPRAY GUN - 650 ml,,,,,,,
8919,,"Tank Drinking Water, Vehicular, Stainless Steel, 2KL Capacity Mounted on 2.5 Ton, 4x4 TATA LPTA 715 TC/32 BS-III Vehicular Chassis",,,,,,,
13825,,CONSUMABLES,,,,,,,
577,,HOSPITAL,,,,,,,
13742,,PAINTS AND CONSUMABLES,,,,,,,
13715,,Raw Materials,,,,,,,
9255,,ELEVATORS & ESCALATORS,,,,,,,
7270,,Raw Materials,,,,,,,
9264,,Industry use Gases,,,,,,,
3536,,Digital Engine & Dynamometer Controller,,,,,,,
6473,,Electronics Components,,,,,,,
3099,,Machine spares and components,,,,,,,
7718,,Broadband Connectivity,,,,,,,
2045,,HMPE Ropes,,,,,,,
168,,Hot Rolled Bars 52CrMo V4,,,,,,,
180,,Manganese Alloy Steel Plates,,,,,,,
3153,,Electronics System- DRONE,,,,,,,
184,,Stainless Steel (304) Slabs,,,,,,,
3722,,"rack,furniture",,,,,,,
186,,SHAVING NIBS,,,,,,,
2080,,STEEL PLATE,,,,,,,
4009,,"CHARGE FIRE EXTINGUISHER MECHANICAL FOAM, 9 LITRE PLAIN AQUEOUS FILM FORMING FOAM (AFFF) 550 ML",,,,,,,
191,,Machining of Castings,,,,,,,
4009,,COMPOUND FOAM LIQUID AQUEOUS FILM FORMING TYPE 6 FREEZE PROTECTED TO MINUS 20 DEGEREE C IN 20 LITRE CONTAINER.,,,,,,,
4009,,"FOAM LIQUID, AQUEOUS FILM FORMING TYPE 6, FOR FIRE FIGHTING IN 20 LITRE CONTAINER",,,,,,,
4009,,"CHARGE, FIRE EXTINGUISHER MECHANICAL FOAM, 9 LITRE FOR HIGH ALTITUDE & SUB ZERO TEMPERATURE  CONDITIONS UP TO MINUS 15 DEGREE C, AFFF 1000 ML MIXED WITH ETHYLENE GLYCOL 2500 ML",,,,,,,
208,,Material Handling Truck,,,,,,,
4009,,"CHARGE, FIRE EXTINGUISHER MECHANICAL FOAM, 50 LITRE CAPACITY, AQUEOUS FILM FORMING FOAM (AFFF) 3 LITRE",,,,,,,
9932,,ammunition,,,,,,,
4009,,"CHARGE FIRE EXT, DRY POWDER 2KG DRY CHEMICAL POWDER 2KG",,,,,,,
4009,,"CHARGE, FIRE EXT, DRY POWDER 10 KG, DRY CHEMICAL POWDER 10 KG",,,,,,,
223,,Servo Motors 3 Phase,,,,,,,
4009,,"CHARGE FIRE EXT, DRY POWDER 25 KG, DRY CHEMICAL POWDER 25 KG",,,,,,,
9262,,flanges and pipe fittings.,,,,,,,
8474,,RUST LICK OIL,,,,,,,
4009,,"CHARGE, FIRE EXT, DRY POWDER 50 KG, DRY CHEMICAL POWDER 50 KG",,,,,,,
4009,,"CHARGE, FIRE EXT, DRY POWDER 75 KG, DRY CHEMICAL POWDER 75 KG",,,,,,,
8477,,Maintenance & Overhauling of Diesel Engine,,,,,,,
230,,Horizontal Band Saw machine,,,,,,,
3462,,High Pressume Pumps,,,,,,,
8526,,Consultancy for water system,,,,,,,
250,,Drip Irrigation system,,,,,,,
252,,Air Compressor and Receiver,,,,,,,
8547,,Thermal cutting lance,,,,,,,
8653,,TRUCK FIRE FIGHTING LIGHT (WATER TENDER),,,,,,,
8559,,Ultrasonic testing machine,,,,,,,
270,,High Pressure Gas Cylinder 7.0 Cu Mtrs,,,,,,,
8653,,TRUCK FIRE FIGHTING MEDIUM,,,,,,,
8595,,Electrical works,,,,,,,
8653,,TRUCK FIRE FIGHTING LARGE MK-VI,,,,,,,
8605,,DG EOT crane,,,,,,,
8653,,CRASH FIRE TENDER,,,,,,,
8653,,RAPID INTERVENTION VEHICLE,,,,,,,
2110,,WELDING,,,,,,,
8622,,Immersion ultrasonic testing equipment,,,,,,,
276,,Abrasive Cut Off Wheels,,,,,,,
8653,,"TANK, DRINKING, WATER VEHICULAR, STAINLESS STEEL, 2KL CAPACITY, MOUNTED ON 2.5 TON, 4X4 TATA LPTA 715TC/32, BS-III VEHICLE CHASSIS",,,,,,,
3474,,Fire Fighting System,,,,,,,
8653,,"TANK, DRINKING WATER VEHICULAR, STAINLESS STEEL, 5KL CAPACITY, MOUNTED ON 5/7.5 TONNE ASHOK LEYLAND STALLION MK-III, 4X4 CHASSIS",,,,,,,
8637,,PR Agency for IPO,,,,,,,
3486,,Corrugated Boxes,,,,,,,
284,,Machining of Discs,,,,,,,
8670,,Portable Insitu Metallography Microscope,,,,,,,
3785,,fire fighting and safety equipment,,,,,,,
10124,,"EXCAVATOR LOADER, WHEEL MOUNTED 8.5 TONNE UNDER THE GeM CATEGORY OF BACKHOE LOADER (V2) (Q2)",,,,,,,
287,,Shell Max Boiler,,,,,,,
5410,,BULLET PROOF JACKET,,,,,,,
8607,,Bit End LH,,,,,,,
296,,Floor Mounted Package Ducted Split Air Conditioner,,,,,,,
8607,,Bit End RH,,,,,,,
8607,,Track Shoe Assy,,,,,,,
8607,,Front Idler Assy,,,,,,,
518,,SLEEVE REAR,,,,,,,
8607,,Idler Front,,,,,,,
5030,,AXLE (PIN),,,,,,,
11943,,POLY SULPHIDE SEALANT,,,,,,,
3211,,HYDRAULIC SOLENOID VALVE,,,,,,,
10123,,voltage stabilizer and sustainable energy solutions,,,,,,,
5496,,HYGROMETER,,,,,,,
264,,MTD CUTTER BODY R5,,,,,,,
343,,Vacuum Circuit Breaker with motorized spring charging mechanism,,,,,,,
8867,,Renewal of oracle database ATS,,,,,,,
1522,,SILICOLEASE MOULD RELEASE AGENT,,,,,,,
8921,,Video Conferencing system,,,,,,,
2187,,ULTRA SEAL PC504/661 SEALANT,,,,,,,
348,,Welding Electrodes,,,,,,,
959,,GLASS CLOTH,,,,,,,
8951,,BOOM barrier with RFID card system,,,,,,,
354,,Battery for UPS,,,,,,,
8952,,Pre Feasibility report on carbon fibre project,,,,,,,
6367,,NBC RESPIRATORY MASK (SMALL),,,,,,,
3278,,Portable pump set,,,,,,,
8986,,ILL with firewall,,,,,,,
6367,,NBC RESPIRATORY MASK (MEDIUM),,,,,,,
360,,Desktop PC,,,,,,,
9033,,LPG,,,,,,,
9881,,SAFETY HELMETS,,,,,,,
9036,,Spares for articulated fork lift,,,,,,,
6367,,NBC RESPIRATORY MASK (LARGE),,,,,,,
6367,,"BREATHING APPARATUS, SELF CONTAINED, COMPRESSED AIR 30 MINUTES DURATION, 1200 LITRES CAPACITY",,,,,,,
4330,,SERVICES ON GEARBOX,,,,,,,
363,,VAPT Audit,,,,,,,
375,,Ambulance,,,,,,,
394,,Conversion of SuperNi Billets into Rings,,,,,,,
415,,Helium Gas,,,,,,,
461,,Furnace Blowers,,,,,,,
6338,,BACK SPOT FACING INSERT DIA 23,,,,,,,
3837,,"DECK COVERING, VINYL FLOORING",,,,,,,
4993,,Lead Acid batteries,,,,,,,
6480,,INSERT TURNING FOR STEEL,,,,,,,
4214,,"Chain Slings, Lifting Equipments",,,,,,,
3637,,FIANGE HEAD AND MOUNTING,,,,,,,
9312,,complete design solutions,,,,,,,
4156,,INSERT TURNING FOR STEEL,,,,,,,
465,,MBPS ILL CONNECTION,,,,,,,
482,,Super Alloy Scrap Grade N06625,,,,,,,
486,,AMC for HCL 2700 SO Server,,,,,,,
499,,Machining of SS Forgings,,,,,,,
525,,EOT Crane,,,,,,,
543,,Backhoe loader with Quick Coupler,,,,,,,
3379,,elevator and escalator,,,,,,,
3836,,Fire fighting nozzles,,,,,,,
9163,,Supply of valves,,,,,,,
9206,,Milling inserts and cutters,,,,,,,
9233,,Low cement castable LC-60,,,,,,,
9294,,Night camera,,,,,,,
9311,,Allen Bradley spares,,,,,,,
9346,,Bullet proof helmet,,,,,,,
2469,,Elevators and Escalator,,,,,,,
9423,,spares for spring coiling machine-Bearings,,,,,,,
9828,,Civil works,,,,,,,
9830,,Nylon wire chip brush,,,,,,,
9840,,Steer axle with cylinder,,,,,,,
8759,,LOGISTIC,,,,,,,
3575,,Lathe Machine,,,,,,,
9841,,Welding electrodes,,,,,,,
9854,,Arch Safety lining bricks,,,,,,,
3580,,Earplugs,,,,,,,
9979,,Signal cable,,,,,,,
10067,,Measuring tools-Feeler guage,,,,,,,
127,,TYRE PNEU 10.00X20 16 PR ST PATTERN,,,,,,,
10322,,DPT chemical cleaner,,,,,,,
127,,TYRE PNEU 355/90-20 18 PR CC PATTERN,,,,,,,
10429,,Insurance,,,,,,,
10798,,Ladle refractory bricks,,,,,,,
127,,TYRE PNEU 355/90-20 18 PR SCH PATTERN,,,,,,,
10807,,civil works,,,,,,,
127,,TYRE PNEU 12.00-20 18 PR CC PATTERN REINFORCED TO ACHIEVE LOAD CARRYING CAPACITY OF 4050 KG,,,,,,,
11872,,M2 rear lifting cylinder,,,,,,,
127,,TYRE PNEU 12.00-20 18 PR SCH PATTERN REINFORCED TO ACHIEVE LOAD CARRYING CAPACITY OF 4050 KG,,,,,,,
127,,TYRE PNEU 11.00-20 16 PR ST NYLON PATTERN,,,,,,,
127,,TYRE PNEU F-78-15 4PR NYLON RIB & LUG PATTERN,,,,,,,
127,,TYRE PNEU 9.00-20 14 PR ST PATTERN,,,,,,,
8692,,"EXCAVATOR LOADER, WHEEL MOUNTED 8.5 TONNE UNDER THE GeM CATEGORY OF BACKHOE LOADER (V2) (Q2)",,,,,,,
3614,,Densitometer,,,,,,,
5977,,SK MPS Global power supply,,,,,,,
3614,,Portable Hardness Tester,,,,,,,
478,,"Tyre Pneu Vehicular  10.00-20, 16PR, ST",,,,,,,
478,,"Tyre Pneu 7.00-15, 10PR, ST, Nylon",,,,,,,
478,,"Tire Pneu Vehicular 7.50 x 16, 12PR, ST",,,,,,,
478,,"Tyre Pneu 7.50 - 16, 16PR, ST",,,,,,,
478,,"Tyre Pneu 175/65 R14, 82T, Steel Belted Tube Type",,,,,,,
478,,"Tyre Pneu 175/65 R14, 82T, Steel Belted, T/L, A/T",,,,,,,
393,,A FRAME ASSEMBLY,,,,,,,
478,,"Tyre Pneu 165/80 R14, 85 S",,,,,,,
132,,TYRE (355 X 150 - 4PR) FOR CK H/C,,,,,,,
478,,"Tyre Pneu 195/65 R15, 91H, T/L",,,,,,,
3822,,SHAFT DROOP RESTRAINER,,,,,,,
3621,,Engineering Procurement and Construction Works,,,,,,,
478,,"Tyre Pneu 205/65R15, 94S Steel Belted Tubeless, All Terrain",,,,,,,
478,,"Tire Pneu Vehicular 195/80R15, 107Q, LT",,,,,,,
3624,,Machining of Steel Bars,,,,,,,
478,,"Tyre Pneu 215/75R15, 106S, LT Steel Belted Tube Type, All Terrain",,,,,,,
478,,"Tyre Pneu 235/75R15, 105S, Tube Type",,,,,,,
3624,,Tong Assembly,,,,,,,
478,,"Tyre Pneu 185/85 R16, 105Q, LT, Steel Belted, Tube Type",,,,,,,
3624,,Fabrication Assemblies,,,,,,,
5145,,24 AWG T/T SH-LIGHT WEIGHT CABLE,,,,,,,
478,,"Tyre Pneu 235/65R17, 104H, T/L",,,,,,,
5185,,CONNECTORS,,,,,,,
478,,Cover Pneu 9.00-20 Tread CC PLY 12 LPT/B,,,,,,,
8609,,PLATFORM TRUCK BATTERY OPERATED,,,,,,,
478,,"Tyre Pneu Vehicular 9.00-20, 14PR, ST",,,,,,,
3640,,Machining of Steel Assemblies,,,,,,,
478,,"Tyre Pneu Vehicular 10.00-20, 16PR, ST",,,,,,,
7406,,CATIA V5 R2021 Hybrid Design 2 (HD2),,,,,,,
3675,,Machining of Steels,,,,,,,
2859,,ARDROX 631 PRIMARY,,,,,,,
2476,,0.25mm BRASS WIRE WITH SUPER ALLOY,,,,,,,
478,,"Tyre 10.00-20, 16PR, SCH",,,,,,,
3735,,EOT Crane,,,,,,,
9092,,FILTER ELEMENT FOR HAWK AIRCRAFT,,,,,,,
3743,,Heating Furnace,,,,,,,
478,,"Tyre Pneu 12.00x20, 18PR, CC, Reinforced to achieve load carrying capacity of 4050 Kg",,,,,,,
7914,,"TEST SET, CAMU/ACP",,,,,,,
3753,,Fabrication of Steel Assemblies,,,,,,,
478,,"Tire Pneu Vehicular 14.00x20, 18PR, SCH, Tubeless along with matching O/L Ring 01 No Per Tyre",,,,,,,
3753,,Vacuum Pumps,,,,,,,
3862,,Refractory Hot Top Sleeves,,,,,,,
478,,"Tyre Pneu Vehicular 14.00x20, 18PR, SCH",,,,,,,
478,,"Tire Pneu Vehicular 14.00x20, 22PR, SCH",,,,,,,
9094,,DIGITAL MILLI-OHM METER,,,,,,,
478,,"Tyre Pneu Vehicular 15.00-21, 16PR, SCH, Double Chevron, Non Directional",,,,,,,
478,,"Tyre Pneu Vehicular 15.00x21, 12PR, SCH",,,,,,,
4785,,3.0 Volts Battery for DTC,,,,,,,
7142,,"SWITCH, PUSH, ETC",,,,,,,
478,,"Tire Pneu, Vehicular 7.50 - 16, Ply 6/8 SCH",,,,,,,
478,,"Tyre Pneu 9.00x16, 16PR, CC, Nylon",,,,,,,
194,,"LOCKING WIRE, DIA-0.8 MM",,,,,,,
478,,"Tyre Pneu 13.00R22.5, 154K, On-Off Road/Block Type Tread Pattern (XZL OR Equivalent)",,,,,,,
1281,,ACETONE,,,,,,,
478,,"Tyre Pneu 14.00-25, PLY 20 Nylon OTR Type",,,,,,,
478,,"Tire Pneu, Vehicular 185R14C, 8PR 102/100 R",,,,,,,
3369,,4TH CSB(HPC),,,,,,,
8354,,PIPE CONNECTION,,,,,,,
478,,"Tyre Pneu 165/80R14, 85 S",,,,,,,
2572,,HPT WORKING BLADE,,,,,,,
478,,"Tire Pneu, Vehicular 165/80 R15, 86S",,,,,,,
478,,"Tyre Pneu 195/65R15, 91H, T/L",,,,,,,
478,,"Tyre Pneu 235/70R16, 105S, Steel Belted, Tubeless, All Terrain.",,,,,,,
3975,,BALLAST WEIGHT (BLOCK CAST IRON 27 KG),,,,,,,
3540,,"CHARGE, FIRE EXT, DRY POWDER 1KG, CARBON DI OXIDE GAS CARTRIDGE 30g",,,,,,,
3540,,"CHARGE, FIRE EXT, DRY POWDER 2KG, CARBON DI OXIDE GAS CARTRIDGE 60g",,,,,,,
3540,,"CHARGE, FIRE EXT, WATER TYPE (GAS PRESSURE), CARBON DI OXIDE GAS CARTRIDGE 90g",,,,,,,
3540,,"CHARGE,  FIRE EXT, MECH FOAM 9LTR PLAIN/HIGH ALTITUDE & SUB ZERO TEMP CONDITIONS CARBON DI OXIDE GAS CARTRIDGE 120g",,,,,,,
3540,,"CHARGE, FIRE EXT, DRY POWDER, CARBON DI OXIDE GAS CARTRIDGE 200g",,,,,,,
3540,,"CHARGE, FIRE, EXT, DRY POWDER,  25KG/50KG/75KG CARBON DI OXIDE GAS CYLINDER 2KG",,,,,,,
3540,,"EXTINGUISHER FIRE, DRY POWDER 10KG CAPACITY (WITHOUT CHARGE)",,,,,,,
3540,,"EXTINGUISHER FIRE, WATER STORED AIR PRESSURE TYPE, 9LTR CAPACITY (SS BODY)",,,,,,,
3540,,"EXTINGUISHER FIRE, CARBON DI OXIDE WATER TYPE, 9LTR CAPACITY (WITHOUT CHARGE)",,,,,,,
3540,,"EXTINGUISHER FIRE, MECHANICAL FOAM, 9LTR CAPACITY (WITHOUT CHARGE)",,,,,,,
3540,,"EXTINGUISHER FIRE, CARBON DI OXIDE WATER TYPE, 50LTR CAPACITY TROLLEY MOUNTED (WITHOUT CHARGE)",,,,,,,
3540,,"EXTINGUISHER FIRE, CO2 2KG CAPACITY DULY CHARGED PORTABLE",,,,,,,
3540,,"EXTINGUISHER FIRE, CO2 4.5KG CAPACITY PORTABLE",,,,,,,
3540,,"EXTINGUISHER FIRE, CO2 6.5KG CAPACITY SINGLE CYLINDER TROLLEY MOUNTED",,,,,,,
3540,,"EXTINGUISHER FIRE, CO2 22.5KG CAPACITY TROLLEY MOUNTED DULY CHARGED",,,,,,,
3540,,"EXTINGUISHER FIRE, TWIN 6.5KG CO2 TROLLEY MOUNTED  MK-2",,,,,,,
3540,,"EXTINGUISHER FIRE, DRY POWDER, 25KG CAPACITY, DULY CHARGED TROLLEY MOUNTED",,,,,,,
3540,,"EXTINGUISHER FIRE, DRY POWDER, 50KG CAPACITY, DULY CHARGED TROLLEY MOUNTED",,,,,,,
3540,,"EXTINGUISHER FIRE, DRY POWDER, 75KG CAPACITY, DULY CHARGED TROLLEY MOUNTED",,,,,,,
3540,,"EXTINGUISHER FIRE, DRY POWDER, 2KG CAPACITY, DULY CHARGED",,,,,,,
7088,,Deconnectorisation for steering stand system,,,,,,,
7088,,Supply of  Rudder Indicator,,,,,,,
8607,,Track Roller Assy SF,,,,,,,
7088,,Supply of  Tiller side Rudder Bridge,,,,,,,
7088,,Supply of  Supply cable (PHP cable),,,,,,,
7088,,"Connecting Cable, Part No. 227800.0000.4",,,,,,,
7088,,POWER SUPPLY 160/24V DC 100W,,,,,,,
8607,,Track Roller Assy DF,,,,,,,
7088,,POWER SUPPLY 5V Part No.,,,,,,,
7088,,BITE PCB 2 Part No. 227700 7100 000,,,,,,,
6397,,BOOSTER SUBASSY.CQA(A)DRG.13021-0-0,,,,,,,
7088,,VMEBUS CPU PCB (GS-PRED) Part No.,,,,,,,
6397,,LOCKING NUT DET-55,,,,,,,
7088,,BACKUP INDICATOIN TRIM ACT Part,,,,,,,
6397,,MAGAZINE TO OFAJ DRG.NO.FS-2635B,,,,,,,
7088,,BACKUP INDICATION TRIM NOM Part No.,,,,,,,
6397,,CAP BW 8.635.063,,,,,,,
7088,,BACKUP INDICATION SR ACT Part No.,,,,,,,
7088,,BACKUP INDICATION HPF RISE ACT Part No.,,,,,,,
6397,,SAFETY LOCK ASSY.BW 6.042.512,,,,,,,
7088,,CABLE Part No. 130-608.11,,,,,,,
2368,,STEEL BAR 22 -0.052 MM DIA,,,,,,,
5529,,"HAT, SAT of Fire Warning system",,,,,,,
2368,,STEEL ROD 41 MM DIA. GR. 080M40,,,,,,,
5529,,"Overhaul, Repair, Re-connectorisation of Fire Warning /Fire Extinguisher",,,,,,,
5529,,Spares for overhauling of Fire Warning /Fire Extinguisher,,,,,,,
5529,,STW Spares for Fire Warning / Extinguish,,,,,,,
5529,,"Flash Light Red Watertight, Type -WBS-K",,,,,,,
5529,,Blue colour flash light,,,,,,,
5529,,Flash Light Blue Explosion proof,,,,,,,
5529,,Explosion Proof Loudspeaker,,,,,,,
5529,,"Siren watertight, Type: DS5 12V DC",,,,,,,
5529,,Spares for overhauling of Fire Warning /,,,,,,,
3366,,PHOSP.BRONZE WIRE BS2873EH DIA0.315,,,,,,,
3366,,ROTOR SPRING DRG. DET-14,,,,,,,
2758,,"DIAL INDICATOR 0-10 MM, 0.01 MM",,,,,,,
83,,Cyphenothrin 5 % EC,,,,,,,
4428,,POWDER CLEANSING,,,,,,,
98,,"N,N DIETHYLE BENZAMIDE 12%",,,,,,,
9031,,PYRETHRUM 2% EXTRACT,,,,,,,
1378,,STABLE BLEACHING POWDER,,,,,,,
8607,,Carrier Roller Assy,,,,,,,
8607,,"Roller, Carrier",,,,,,,
8607,,Edge Cutting/Cutting Edge,,,,,,,
1314,,(i) Deltamethrin 2.5 % SC Flow,,,,,,,
8607,,Joint,,,,,,,
8607,,Track Link Assy,,,,,,,
1314,,DIFLUROBENZURON 25%,,,,,,,
1412,,Deltamethrin 2.5 % SC Flow,,,,,,,
8607,,Link LH,,,,,,,
1412,,TEMEPHOS  50%EC,,,,,,,
8607,,Link RH,,,,,,,
8607,,"Bushing, regular",,,,,,,
1412,,MALATHION 50%EC,,,,,,,
8607,,Pin Regular,,,,,,,
8607,,Bushing Master,,,,,,,
8607,,Pin Master,,,,,,,
8607,,Guard Track Outer RH,,,,,,,
8607,,Guard Track Outer LH,,,,,,,
8607,,Guard Track Inner RH,,,,,,,
8607,,Guard Track Inner LH,,,,,,,
8607,,Drawbar Assy,,,,,,,
6543,,"FILE CABINET,ALMIRAH",,,,,,,
8607,,Lamp Guard Rear LH,,,,,,,
8607,,Cover Engine Guard,,,,,,,
9715,,SHIP MODEL,,,,,,,
8607,,"Support LH, Carrier Roller",,,,,,,
8607,,"Support RH, Carrier Roller",,,,,,,
8607,,Trunion,,,,,,,
814,,BAKERY PRODUCTS,,,,,,,
8607,,Track Roller DF,,,,,,,
8607,,Track Roller SF,,,,,,,
8607,,Inertia Brake Assy,,,,,,,
8607,,Band Inertia Brake,,,,,,,
8607,,Upper Brake Band Assly,,,,,,,
8607,,Bracket,,,,,,,
8607,,Lower Brake Band Assly,,,,,,,
8607,,Guard Inner RH,,,,,,,
8607,,Guard Inner LH,,,,,,,
8607,,Guard Outer RH,,,,,,,
8607,,Guard Outer LH,,,,,,,
8607,,Guide,,,,,,,
8607,,Latch Assly,,,,,,,
8607,,Support LH,,,,,,,
8607,,Roller Track SF,,,,,,,
8607,,Roller Track DF,,,,,,,
8607,,Band Brake,,,,,,,
8607,,"Track Shoe, Single grouser",,,,,,,
8607,,"Link LH, Track",,,,,,,
8607,,"Link RH, Track",,,,,,,
392,,BAILEY BRIDGE (GBB 30 FT),,,,,,,
5026,,INTEGRATED CATHODIC CONTROL PROTECTION SYSTEM,,,,,,,
285,,Ball cock B0005 6 14 15 16 17 26 47 48,,,,,,,
285,,OVERHAULING OF VALVES,,,,,,,
285,,SPARES FOR 20 VALVES,,,,,,,
4624,,Competent Watch keeping required for watch keeping of Ref Plant,,,,,,,
8607,,"Bushing, Regular",,,,,,,
121,,Scheme Paint,,,,,,,
8607,,"Pin, Regular",,,,,,,
8607,,"Bushing, Master",,,,,,,
8607,,Band Assly,,,,,,,
8607,,Roller Carrier,,,,,,,
8607,,Edge Cutting / Cutting Edge,,,,,,,
8607,,Guard Assly LH,,,,,,,
592,,Bow Sonar Dome,,,,,,,
8607,,Guard Assly RH,,,,,,,
8607,,Trunion Assy,,,,,,,
8607,,Support RH,,,,,,,
10347,,Emergency Line Valves,,,,,,,
8607,,Scraper LH,,,,,,,
8607,,Scraper RH,,,,,,,
3449,,Procurement of Services for Watch keeping of AC Plants,,,,,,,
8607,,Brake Assly,,,,,,,
8607,,"Inertia Brake, Drum",,,,,,,
7088,,NVG Compatible Helicopter Deck Lighting and Landing Aids Suite (HVLAS),,,,,,,
8607,,Pin,,,,,,,
236,,Procurement of wire rope isolator for project,,,,,,,
8607,,Transmission Assy,,,,,,,
8607,,Bushing Assy,,,,,,,
8607,,Bushing,,,,,,,
8607,,"Shaft, Front Idler",,,,,,,
8607,,Front Idler Bearing Assy RH Outer and LH inner,,,,,,,
8607,,Bearing RH,,,,,,,
8607,,Plate,,,,,,,
1297,,DAFC-30,,,,,,,
8607,,Front Idler Bearing Assy LH Outer and RH inner,,,,,,,
1297,,DAFC-50,,,,,,,
8607,,Bearing,,,,,,,
222,,VEHICLES,,,,,,,
8607,,Guide RH Outer and LH inner,,,,,,,
8607,,Guide LH Outer and RH inner,,,,,,,
8607,,Bolt,,,,,,,
8607,,"Shaft, Track Roller",,,,,,,
1479,,PAINT RFU FIN MATT AIR DRY BR/SPR OLIVE GREEN,,,,,,,
469,,VEHICLES,,,,,,,
8607,,"Shaft, Carrier Roller",,,,,,,
1479,,PAINT RFU FIN MATT OLIVE GREEN,,,,,,,
8607,,Collar,,,,,,,
1479,,PAINT RFU FIN STOWING WAR EQPT BR/SPR,,,,,,,
8607,,"Cover, Shaft",,,,,,,
8607,,Brace Assy,,,,,,,
1479,,PAINT READY MIXED PRIMING RED OXIDE ZINC CHROME AMMUNATION AIR DRYING MATT FINISH BR/SPR,,,,,,,
1619,,LIP SALVE,,,,,,,
8607,,"Case, Transmission",,,,,,,
1619,,URF PLAIN,,,,,,,
6366,,"ELECTRIC -LIGHT,PANEL,GASKET",,,,,,,
1619,,URF 75:25,,,,,,,
1619,,URF 80:20,,,,,,,
8607,,Cover,,,,,,,
8607,,Fork Gear Shift 1st,,,,,,,
8607,,Fork Gear Shift 2nd,,,,,,,
8607,,Fork Gear Shift 3rd,,,,,,,
4649,,CURRENT CONTROL,,,,,,,
8607,,Fork Gear Shift 4th,,,,,,,
8607,,Shaft Gear Shift Fork 1st,,,,,,,
8607,,Shaft Gear Shift Fork 2nd,,,,,,,
8607,,Shaft Gear Shift Fork 3rd,,,,,,,
8607,,Shaft Gear Shift Fork 3rd Forward 4th,,,,,,,
1616,,URF PLAIN,,,,,,,
8607,,Plunger,,,,,,,
8607,,Lever,,,,,,,
1616,,URF 75:25,,,,,,,
8607,,Shaft,,,,,,,
5339,,"barcode technology, security and surveillance, and enterprise communication",,,,,,,
1616,,URF 80:20,,,,,,,
8607,,"Cage, Bearing",,,,,,,
1267,,PROPOXURE 20%EC,,,,,,,
354,,IT SERVICES,,,,,,,
8607,,Gear A 22 Teeth,,,,,,,
8607,,Coupling,,,,,,,
8607,,"Shaft, Main",,,,,,,
8607,,Gear B 3rd 30 Teeth,,,,,,,
8607,,Gear C 2nd 37 Teeth,,,,,,,
11878,,defense and aerospace electronics solutions provider.,,,,,,,
8607,,Gear D Reverse 1st 44 Teeth,,,,,,,
2388,,charges silicon metal powder,,,,,,,
8607,,Gear E Forward 1st 42 Teeth,,,,,,,
2388,,CHARGES SILICON METAL GRANUEL,,,,,,,
8607,,"Cover, Bearing",,,,,,,
533,,STABLE BLEACHING POWDER,,,,,,,
73,,ZINK OXIDE SIZE 63 MICROMETRE IS,,,,,,,
8607,,"Shaft, Counter",,,,,,,
8607,,Washer,,,,,,,
8607,,Gear E Forward 40 Teeth,,,,,,,
699,,CAPSTAN,,,,,,,
1443,,MALATHION TECHNICAL 95%,,,,,,,
8607,,Gear C Forward 32 Teeth,,,,,,,
8607,,"Gear H Forward 2nd, 25 Teeth",,,,,,,
1443,,MALATHION 50% EC,,,,,,,
8607,,"Gear I Forward 1st, 20 Teeth",,,,,,,
395,,two-wheeler manufacturer,,,,,,,
376,,automobile manufacturer,,,,,,,
190,,MAG.POWDER GR-XI FOR EXP & PYROTECH,,,,,,,
8607,,"Shaft, Intermediate",,,,,,,
8607,,Gear J Reverse 29 Teeth,,,,,,,
684,,CARRIER AMMN 17A FOR 81MM ILLG MKII,,,,,,,
8607,,Gear K Reverse 3rd 34 Teeth,,,,,,,
525,,various types of cranes,,,,,,,
8607,,"Gear L Reverse, 2nd 27 Teeth",,,,,,,
8607,,Gear M Reverse 1st 20 Teeth,,,,,,,
8607,,"Rod, Piston",,,,,,,
8607,,Sprocket,,,,,,,
2002,,variety of glass products,,,,,,,
8607,,"Shaft, Sprocket",,,,,,,
8607,,"Shaft, Center",,,,,,,
8607,,"Cover LH, Track Frame, Center",,,,,,,
8607,,"Cover RH, Track Frame, Center",,,,,,,
15290,,1 TB SSD HARD DISK DRIVE.,,,,,,,
8607,,Cage Bearing,,,,,,,
1121,,NIGHT VISION GOGGLES,,,,,,,
8607,,Pressure Plate,,,,,,,
8607,,Pilot Recoil spring,,,,,,,
8607,,Drum Brake,,,,,,,
8607,,Lock,,,,,,,
8607,,"Pinion, First",,,,,,,
1208,,PAINT FIN.OLIVE GR.STOV.BR/SPRAY(ISC 298 IS:5-2000,,,,,,,
5818,,Flushing of BIB System,,,,,,,
8607,,"Piston, Recoil Spring",,,,,,,
5880,,"CRANES,engineering services & equipment rental",,,,,,,
8607,,Flange,,,,,,,
5818,,FLUSHING OF HYRDAULIC FLEXIBLE HOSES,,,,,,,
8607,,Cage Bearing Sprocket,,,,,,,
5818,,Flushing of Hydraulics System,,,,,,,
5818,,Pressure Testing of Pipes,,,,,,,
5818,,Installation of Valves,,,,,,,
8607,,"Rod, Track adjusting front",,,,,,,
8607,,Yoke LH,,,,,,,
4086,,AO-18/AK-630 DRG.NO.3-AO-18.001,,,,,,,
8607,,Yoke RH,,,,,,,
2156,,STEEL SPECN.ASTM STD.A681-94/D2 MAT,,,,,,,
5818,,Installation  of Pipes,,,,,,,
2156,,TOOL STEEL AISI H-13 80 MM DIA,,,,,,,
6484,,"3D measurement and imaging solutions, including portable measurement arms, laser trackers, laser scanners, and related software",,,,,,,
3955,,RADIOGRAPHY EXAMIN. OF FUZE 162,,,,,,,
9161,,fire safety equipment and systems,,,,,,,
5818,,Fabrication of Pipes,,,,,,,
147,,"CONV.P/BILLET AK100 DRG F-535A,F538",,,,,,,
5818,,Overhaul of Valves,,,,,,,
5818,,Bending of Pipes,,,,,,,
68,,OIL CUTTING SOLUBLE KOOLKUT 40 S,,,,,,,
14465,,"70 SQMM.1100V,4 C.XLPE INSULATED ARMOURED AL-CABLE",,,,,,,
68,,DIESEL LPP (LDO) IS:1460/2000.,,,,,,,
194,,CONNECTOR FOR PALLET STRUCTURE ASSY,,,,,,,
8607,,"Shaft, Main Clutch",,,,,,,
194,,WIRE ROPE TO DRG.NO 2.6.02-01-03-07,,,,,,,
5818,,PIPE CLAMP-STONO 045444,,,,,,,
8607,,"Lever, Main clutch",,,,,,,
5818,,Drain valve for exhaust shut off valve,,,,,,,
3664,,BIMETALIC BAND SAW BLADE 34X1.1X3/4,,,,,,,
8607,,Joint (K) Main Clutch lever,,,,,,,
5818,,Fittings for Pipe No: 4672-10-6a,,,,,,,
14926,,PORTABLE ELECTRIC WELDING MACHINE HAVING SINGLE PH,,,,,,,
5157,,"machinery and equipment,Manufacture of other electrical equip ment",,,,,,,
917,,PAINT CELL EQUIPMENT,,,,,,,
8607,,Case Transmission,,,,,,,
8862,,Coated and Treated Fabrics,,,,,,,
8607,,Bracket Front,,,,,,,
8607,,Pin Dowel,,,,,,,
8607,,Bracket Rear,,,,,,,
8607,,Plunger Interlock,,,,,,,
8607,,Plug,,,,,,,
8607,,"Bracket, Inner",,,,,,,
5031,,connectors and cable assemblies,,,,,,,
8607,,"Bracket, Outer",,,,,,,
8607,,"Bracket, Carrier Roller",,,,,,,
5975,,POWER CABLE,,,,,,,
8607,,"Pin, Dowel",,,,,,,
476,,HSS TAP ( M6 X 1 MM / SILVER CUT TIN COATED ),,,,,,,
8607,,Shaft Bevel Gear,,,,,,,
8607,,Spacer,,,,,,,
8607,,Retainer,,,,,,,
5115,,power control systems and related equipment,,,,,,,
8607,,Hub,,,,,,,
8607,,"Drum, Clutch Inner",,,,,,,
3677,,FINAL PROTECTIVE SYNTHETIC CELL FOR FILTER MIST,,,,,,,
8607,,Gear & Pinion set,,,,,,,
8607,,Link,,,,,,,
3836,,fire safety equipment and solutions,,,,,,,
8607,,Plate Pressure,,,,,,,
9648,,"A.M.C.OF LIFT,GSF REGD.NO.7929.",,,,,,,
8607,,Cover Assy,,,,,,,
8607,,Idler Bracket Assy,,,,,,,
6104,,CENTRIFUGAL SEPARATOR FOR HSD OIL,,,,,,,
8607,,Cage Bearing RH,,,,,,,
5768,,OPERATOR CHAIR,,,,,,,
8607,,Shaft Main,,,,,,,
8607,,Cage,,,,,,,
8607,,Holder,,,,,,,
14437,,HAND HELD METAL DETECTOR,,,,,,,
0,,lip salve,,,,,,,
8607,,"Gear Forward, Driven",,,,,,,
8607,,"Gear Reverse, Driven",,,,,,,
8607,,Race Inner,,,,,,,
8607,,Gear,,,,,,,
1641,,"ENG.OIL SERVO SUPER MULTI 20W/40 OR MAK MG 20W/40. BRAKE FLUID GIRLING(RED) CASTROL MAKE. CUTTING OIL SERVOCUT ""S""/ SEROL-B / KOOL KUT-""40 S OIL SERVO SYSTEM 32/ HYDROL-32. TRANSFORMER OIL HV GRADE. SPECN NO. 335-1983.",,,,,,,
8607,,Gear Guide,,,,,,,
8607,,Gear Coupling,,,,,,,
0,,ascorbic acid,,,,,,,
8607,,Nut,,,,,,,
0,,polyvitamin capsules,,,,,,,
8607,,Stopper,,,,,,,
8607,,Shaft Intermediate,,,,,,,
3977,,OIL PES-3,,,,,,,
283,,RECUPERATOR SPRING  OF L-70,,,,,,,
8607,,Gear Driven Forward,,,,,,,
8607,,Gear Driven Reverse,,,,,,,
8607,,Gear Reverse,,,,,,,
8607,,Piston,,,,,,,
8607,,"Gear, Driven 1st",,,,,,,
10483,,LIP SALVE,,,,,,,
8607,,Shaft Counter,,,,,,,
8607,,"Gear, Driven forward",,,,,,,
8607,,"Gear, Driven 4th",,,,,,,
8607,,"Gear, Driven 2nd",,,,,,,
8607,,Fork Assy,,,,,,,
8607,,Shift Sub,,,,,,,
8607,,"Fork, Gearshift",,,,,,,
8607,,Plate Lock,,,,,,,
8607,,"Shaft, Gearshift fork 5th",,,,,,,
8607,,"Fork, Gearshift fork 5th",,,,,,,
8607,,"Shaft, gear shift fork, Forward and Reverse",,,,,,,
8607,,"Lever, gear shift fork, Forward and Reverse",,,,,,,
8607,,"Boss, gear shift fork, Forward and Reverse",,,,,,,
8607,,"Shaft, gear shift fork, 3rd & 4th",,,,,,,
8607,,"Lever, gear shift fork, 3rd & 4th",,,,,,,
8607,,"Shaft, gear shift fork, 1st & 2nd",,,,,,,
8607,,"Lever, gear shift fork, 1st & 2nd",,,,,,,
8607,,Lever Change,,,,,,,
8607,,Shaft Inter Lock,,,,,,,
8607,,"Lever, gear shift fork, Forward & Reverse",,,,,,,
8607,,Lever Gear Shift,,,,,,,
8607,,Lever F-R,,,,,,,
8607,,Gate,,,,,,,
8607,,Key,,,,,,,
8607,,Gear Shift Fork Assy,,,,,,,
8607,,Bearing Assy,,,,,,,
1156,,BARRIER BAG FOR M91 AND M92,,,,,,,
1173,,BLEACHED COTTON LINTER,,,,,,,
1299,,BLEACHED COTTON LINTER,,,,,,,
1636,,"GUN POWDER, G-12",,,,,,,
6704,,ALUMINIUM VANADIUM MASTER ALLOY,,,,,,,
6704,,"AL./TI MASTER ALLOY,TI 4.5 TO 5.5%",,,,,,,
8607,,Seal,,,,,,,
2761,,AL.ALLOY ROUNDS 14.5MM DIA W/O PGG,,,,,,,
3681,,JOINT BAND DRG NO.1192A,,,,,,,
2482,,"GUN POWDER ,G-12",,,,,,,
766,,Kiosk Processor,,,,,,,
3681,,SEALING ADAPTER FOR ANODISING,,,,,,,
8607,,Seat,,,,,,,
3681,,PIN TO PART NO. QX-254,,,,,,,
3681,,CAP TO PART NO. QX-438,,,,,,,
3681,,SEPTUM TO CQA(AMMN.)DRG. NO.QX-338,,,,,,,
3681,,EXTENSION TO OFAJ DRG.NO.FS-2759C.,,,,,,,
1752,,Bullet Proof Glass,,,,,,,
8607,,"Bushing, Front Idler",,,,,,,
8607,,"Bearing, Front Idler",,,,,,,
10623,,ELECTRODE E-717 SIZE:5MM DIA X450MM,,,,,,,
4733,,"GUN POWDER, G-12",,,,,,,
5182,,ELECTRODE E-717 SIZE:5MM DIA X450MM,,,,,,,
8607,,Bracket RH,,,,,,,
8607,,Bracket LH,,,,,,,
8607,,Yoke,,,,,,,
10483,,N N DIETHYL BENZAMIDE 12%W/W,,,,,,,
5476,,CCC SET  M-91,,,,,,,
10483,,OFWS,,,,,,,
8607,,"Plate, Guide",,,,,,,
13272,,PHOSPHATING CHEMICAL FOR STEEL SHEL,,,,,,,
5476,,CCC SET M-92,,,,,,,
8607,,Plate Guide,,,,,,,
1205,,BOLT,,,,,,,
605,,AL.ALLOY FILLER WIRE 1.6 DIA.NG-61,,,,,,,
8607,,Bracket Assy RH,,,,,,,
605,,BRASS TIG WELDING WIRE DIA. 2.4 MM,,,,,,,
8607,,Bracket Assy LH,,,,,,,
605,,ELECTRODE E-717 SIZE:5MM DIA X450MM,,,,,,,
8607,,Guide Spring,,,,,,,
2868,,ANTI ROTATION KEY,,,,,,,
2868,,REAR COVER ASSY.*-01-01-09-000-00XA,,,,,,,
2868,,NOZZLE CLOSURE RING TO DNAI,,,,,,,
2868,,LOCK BOX,,,,,,,
1208,,PAINT READY MIX SEMI GLOSSY TO IS:,,,,,,,
8607,,FWD & Reverse Lever Assly,,,,,,,
8607,,"Drum, Inertia Brake",,,,,,,
11237,,AL.ALLOY ROUND BAR 5MM DIA W/O PGG,,,,,,,
1228,,HYDRAUNYCOIL FH 19,,,,,,,
3046,,BODY TO DRG.13119-0-0,,,,,,,
4517,,CORDLESS SOLDERING IRON,,,,,,,
1641,,HYDRAULIC OIL HLP-68/VG-68.,,,,,,,
8607,,Brace,,,,,,,
8607,,Counter Shaft Assly,,,,,,,
2722,,TRI CLAD AL/ST TRAN.JNT,,,,,,,
14172,,SOLID CARBIDE ROD10MM15 MICRON,,,,,,,
14172,,CARBIDE INSERT TCMT 16 T3 04-UM,,,,,,,
14172,,NEGATIVE BASIC SHAPE CARBIDE INSERT,,,,,,,
8607,,Intermediate Shaft Assy,,,,,,,
6490,,Oscilloscope,,,,,,,
13512,,PHOSPHATING CHEMICAL FOR STEEL SHEL,,,,,,,
8607,,Main Shaft Assy,,,,,,,
8607,,Final Drive Pinion Assy,,,,,,,
3211,,AIR DRIVEN HYD PP,,,,,,,
8607,,"Flange, Brake Drum",,,,,,,
8607,,Bracket Assy,,,,,,,
6386,,PLASTIC FILM BAG FOR BMCS,,,,,,,
106,,SAFETY SHOE,,,,,,,
5289,,RUBBER HAMMER DRG.NO.IM-0218,,,,,,,
8607,,Sprocket Shaft Assy,,,,,,,
8607,,Sprocket Support Assy,,,,,,,
1461,,PAINT PRIMING REDOXIDE ZINC CHROME,,,,,,,
8607,,Brg. Cage Assy LH,,,,,,,
8607,,Brg. Cage Assy RH,,,,,,,
613,,VALUATION OF THREE LOTS OF MIXED SCRAP,,,,,,,
8607,,Cage Brg. LH,,,,,,,
6482,,INSPECTION,,,,,,,
2997,,CONV.OF ZN PLATED M/T TO LINED M/T,,,,,,,
8607,,Rod,,,,,,,
1862,,CORR.FIBREBOARD P/CORTON FS-2376 E.,,,,,,,
8113,,AL LOCK  8MM TRUSS HD,,,,,,,
1308,,H T ROLLED STEEL FLAT 25 MM DIA.,,,,,,,
1308,,ALLOY TOOL STEEL H-13 115 MM DIA,,,,,,,
8607,,Pin Centre,,,,,,,
591,,Design & drawing,,,,,,,
8607,,"Key, Thrust",,,,,,,
7273,,Latest Generation PAUT-UFD with TFM M/C.,,,,,,,
7102,,Sea Freight Charges,,,,,,,
9682,,CHEMICAL&METALLOGRAPHIC TEST,,,,,,,
10346,,3 MM THICK CERAMIC CLOTH,,,,,,,
9758,,"Spare Parts,ANTI-CORROSIVE CORTEC,INHIBITOR CORROSION",,,,,,,
6339,,Air Driven Pump,,,,,,,
2751,,hydraulic tools and solutions,,,,,,,
3614,,Gauge Part,,,,,,,
6425,,FAX MACHINE,,,,,,,
49,,Sandals,,,,,,,
4666,,Aqua Gas On-site Oxy-Hydrogen Fuel Gas,,,,,,,
8206,,LOCKER,,,,,,,
8358,,Optimizer  Storage System,,,,,,,
9003,,FUEL OIL CENTRIFUGE,,,,,,,
6401,,PROCUREMENT OF HD SETTOP BOX,,,,,,,
5385,,Copper Power Cable Armoured,,,,,,,
7110,,RECTIFICATION OF BAND BRAKE OF AC OF GSL,,,,,,,
5331,,3D TOTAL STATION WITH ACCESSORIES,,,,,,,
1078,,BOILER SUIT,,,,,,,
8971,,BRAHMOS PRACTISE MISSILES,,,,,,,
7372,,Procurement of HHMD,,,,,,,
187,,PIPE,,,,,,,
8559,,Portable Ultrasonic Flaw Detector,,,,,,,
1639,,insulation solutions,,,,,,,
1641,,variety of lubricating oils and greases,,,,,,,
11734,,LED DISPLAY_ACCES.,,,,,,,
785,,PLM Software & License,,,,,,,
3224,,Valve,,,,,,,
1791,,NBC DECONTAMINATION SUIT,,,,,,,
7162,,Pipe,,,,,,,
10328,,Manufacturing & Supply Railing,,,,,,,
8637,,EXTENSION OF EXISTING PR/IR SERVICES,,,,,,,
4232,,"FILTER-MODIFICATION OF SIAS FILTER,SHIP SIDE AIR FILTER UNIT",,,,,,,
1170,,XEROX PAPER,,,,,,,
9642,,SPARE GEARBOX,,,,,,,
9632,,Stage High Flow DA Pressure Regulator,,,,,,,
10267,,shaped disc,,,,,,,
7586,,ELECTRONIC EQUIPMENT,,,,,,,
10267,,"Blind flange For control valve , Manuf.",,,,,,,
5569,,SERV_FREIGHT & TRANST,,,,,,,
10267,,"STEEL ROPE, Manuf. Code: D9448",,,,,,,
10267,,"Tension Belt coating, Manuf. Code: D1253",,,,,,,
10267,,Rail; Drg No: 1861-702-016-120,,,,,,,
6763,,VHF set,,,,,,,
10267,,Roller Chain; Drg No: 1861-702-016-180,,,,,,,
10267,,EM LOG ROD ANDCONNECTING JOINT,,,,,,,
4190,,PIPES,,,,,,,
15355,,Complete overhaul/ refurbishment and upgradation of ISUS System,,,,,,,
15355,,"Set of Cables, Installation Material ISUS System",,,,,,,
15355,,Set of On Board Spares of ISUS 90-84(A),,,,,,,
15355,,Technical Supervision for installation of ISUS System,,,,,,,
2666,,HOSE LINE,,,,,,,
8519,,Dehumidification,,,,,,,
6932,,"AIR,SEA  FREIGHT CHARGES",,,,,,,
5092,,B&D_LED DRIVER PCB,,,,,,,
8498,,SOFTWARE SUPPORT ENGINEER,,,,,,,
8746,,PHOTOGRAMMETRY SOFTWARE LIC,,,,,,,
5520,,DGPS (Satellite based),,,,,,,
2328,,ABRASIVE CUTTING MACHINE,,,,,,,
2360,,CONVERSION OF INGOTS TO BREACH RINGS.,,,,,,,
2367,,Cold Rolled Steel Strips for EDS Cutting Machines,,,,,,,
2380,,Exothermic Powder or Anti piping Compound,,,,,,,
2404,,MACHINING OF BOMB SHELL PRODUCTS,,,,,,,
2434,,SUPPLY OF DRUGS/MEDICINES,,,,,,,
2476,,0.25mm dia Brass wire for EDM wire and machine,,,,,,,
2488,,CONVERSION OF CAST IRON REJECTED ELECTRODE / INGOT MOULD SCRAP INTO GOOD CAST IRON MOULDS,,,,,,,
2491,,ZINC COATED BRASS WIRE,,,,,,,
2555,,Conversion of MDN 10-1-1 ingot to final component,,,,,,,
2573,,5T EAF Shell Refractory Lining Bricks,,,,,,,
2585,,Conversion of Titanium Scrap into Ferro Titanium,,,,,,,
2621,,Supply of Gouging Rods,,,,,,,
2758,,SUPPLY OF MEASURING INSTRUMENTS .,,,,,,,
2763,,HOT TOP FOR G TYPE MOULD`,,,,,,,
2774,,SUPPLY OF MOTORIZED BUTTERFLY VALVES,,,,,,,
2806,,Procuremetn of Cast IronMould Coating Paint,,,,,,,
2820,,SUPPLY OF STRUCTURAL STEEL,,,,,,,
3877,,Air Conditioner,,,,,,,
3916,,Vacuum Pumps,,,,,,,
2982,,JOINT PIN,,,,,,,
3925,,Liquified Gas Storage Tanks,,,,,,,
2982,,STUD M 8 X 50,,,,,,,
3157,,Cooling Fan of X-Ray M/c.,,,,,,,
5282,,MULTIMETER,,,,,,,
2982,,BOLT M18 X 1.5 X 75-6H,,,,,,,
2982,,STUD M14 X 50,,,,,,,
2800,,BASE FRAME,,,,,,,
2982,,STUD M 10 X 42,,,,,,,
3141,,WASHER 8T65G06 GOST 6402-70,,,,,,,
2982,,BOLT M8x20,,,,,,,
2982,,STUD M6 X 32,,,,,,,
2982,,GENERATOR ATTACHING BOLT (BOLT),,,,,,,
2982,,BUSH FOR CO.ROD SMALL END,,,,,,,
2982,,NUT M 10,,,,,,,
2982,,PIN OF ARTICULATED CON ROD ASSY,,,,,,,
2982,,TIGHTENING STUD,,,,,,,
2982,,BEARING CAP FASTENING STUD,,,,,,,
2982,,CYLINDER HEAD ATTACHING STUD.,,,,,,,
3183,,AUTOMATIC F.I.P.ADV.ANGLE COUP,,,,,,,
3183,,HYDRAULIC CYLNDER,,,,,,,
3141,,WATER PUMP,,,,,,,
3141,,REGULATOR LEVER,,,,,,,
8812,,DEEP GROOVE S/ROW BALL BEARING 205K,,,,,,,
8812,,DOUBLE ROW SPERICAL ROLLER BEARING,,,,,,,
596,,POWER SUPPLY UNIT,,,,,,,
8812,,BEARING(304K),,,,,,,
8812,,BALL BEARING 6205Z,,,,,,,
2663,,COVER,,,,,,,
2663,,INTAKE MANIFOLD,,,,,,,
2663,,LEVER,,,,,,,
202,,BEARING 6-112 L ETY 500 - 65,,,,,,,
120,,MISSILES,,,,,,,
348,,"AL.WELDING FILLER WIRE DIA 3MM, D 20",,,,,,,
120,,SURFACE TO AIR MISSILE,,,,,,,
202,,BEARING 292228 MT ETY 500-65,,,,,,,
120,,UNDER WATER WEAPONS,,,,,,,
120,,COUNTER MEASURE DISPENSING SYSTEM,,,,,,,
3366,,SPRING,,,,,,,
3366,,VALVE SPRING,,,,,,,
6793,,BREATHER SYSTEM MOUNTING,,,,,,,
120,,LAUNCHER,,,,,,,
345,,NMEA buffer unit,,,,,,,
1805,,RUBBERISATION OF SUPPORT ROLLER,,,,,,,
731,,SPRING 700-38-110,,,,,,,
6275,,BEARING,,,,,,,
6275,,THRUST BEARING SHELL (LOWER).,,,,,,,
480,,ELECTRODE FOR MILD STEEL PART NO.220435,,,,,,,
11589,,"machinery, equipment and supplies",,,,,,,
147,,TURBO COMPRESSOR INSTALLATION,,,,,,,
147,,CRANK SHAFT(WITH FLYWHEEL),,,,,,,
2872,,Proof Machining of Inconel 100 Grade Castings.,,,,,,,
7407,,"Software publishing, consultancy and supply ,software, operating systems software,",,,,,,,
2874,,SUPPLY OF WIRE ROPE FOR EOT CRANES,,,,,,,
2837,,"AIR TICKET/CONVEYANCE & HOTEL CHARGES ,STW/TRIAL/COMMISIONING OF WATERJET,SERVICE ENGINEER",,,,,,,
262,,FORKED CONNECTING ROD SHELL,,,,,,,
2335,,EPM (Electro-Permanent Magnetic) pelting handling equipment,,,,,,,
12215,,INSURANCE,,,,,,,
3310,,HYDRAULIC  FILTER,,,,,,,
9716,,"PORTABLE, SUBMERSIBLE PUMP",,,,,,,
6104,,MOUNTING OF CENTRIFUGAL OIL CLEANER,,,,,,,
2885,,WIRE ROD MILL BLANK ROLLS PASS GROOVING,,,,,,,
2932,,Machining of special steels Extruded & Annealed tubes,,,,,,,
6104,,ASSY CENTRIFUGAL OIL CLEANER,,,,,,,
2956,,SUPPLY OF DAMPER VALVE ACTUATOR,,,,,,,
2834,,DELIVERY VALVE ASSY,,,,,,,
2997,,DIESEL OPERATED FORKLIFT TRUCKSOF 5.0 T & 10T LIFTING CAPACITY.,,,,,,,
6719,,DYE PENETRANT ITW MAKE (MAGNA FLUX),,,,,,,
363,,INTEGRATED COMMAND CONTROL AND COMMUNICATION SYSTEM,,,,,,,
8533,,Forging For Body,,,,,,,
8533,,Forging For Drum RH & LH,,,,,,,
4663,,HIRING OF 100 KVA PORTABLE DG SET DURING UNDOCKING OF Y-12653 At MbPT,,,,,,,
8533,,Forging For Housing,,,,,,,
6174,,"Requirement of Electrical and Weapon Outfitting for P17A""",,,,,,,
2818,,Forging,,,,,,,
8569,,"Outsourcing of comprehensive work package consisting of plate cutting, Block Construction, outfitting (Hull, Engg & Elec), blasting & priming",,,,,,,
2783,,Intermediate Gear Forging,,,,,,,
9501,,"SHIPBORNE RADAR , INSTALLATION MATERIALS AND ACCESSORIES ,CABLE ASSEMBLIES ,ON BOARD SPARES",,,,,,,
2783,,Forging For Flange Front R.H,,,,,,,
2783,,Forging For Front Flange LH,,,,,,,
2783,,Forging For Body,,,,,,,
564,,Wristwatch,,,,,,,
4495,,Installation of Tachogenerator,,,,,,,
7193,,Cyber Vulnerability Scan.  Cyber Security Audit First Stage,,,,,,,
4495,,Electromagnet YEK-80,,,,,,,
4495,,Electromagnet EM-46,,,,,,,
4495,,Electromagnet MPB,,,,,,,
574,,LF Circuit,,,,,,,
7308,,"Programming of Motorolla ,Radio Repairing of Motorola Sets&Charging  HANDS FREE COMMUNICATION KIT ,Portable VHF set ,D,VHF RADIO,",,,,,,,
487,,Hydraulic Coupling With Shaft,,,,,,,
487,,Suction Pump Assy,,,,,,,
310,,Digital AC Servo Drive,,,,,,,
257,,Cylindrical Roller Bearing NJ/307/M,,,,,,,
257,,Cylindrical Roller Bearing NU 210 M,,,,,,,
257,,Cylindrical Roller Bearing NUP412,,,,,,,
257,,Radial Roller Bearing 92412 ZH,,,,,,,
3016,,Pressure Ring Forging,,,,,,,
3016,,Forging For Washer Thrust,,,,,,,
3232,,Bearing 782726 or 782726M,,,,,,,
3029,,90K Mortar Refractory,,,,,,,
3232,,Single Row radial Ball Bearing 6-1000926L,,,,,,,
3099,,VERTICAL MILLING MACHINE,,,,,,,
3232,,Radial Roller Bearing 42307L,,,,,,,
3232,,Radial Roller Bearing 92412 ZH,,,,,,,
3125,,"Supply, Erection and Commissioning of Strip Polishing Machine",,,,,,,
3144,,SUPPLY OF 6-HI MILL BACKING BEARING ASSEMBLY.,,,,,,,
3150,,"EPC for Design, Supply, Fabrication ad Erection of Industrial shed for VARL 300 Skull Melting Furnace through PEB system",,,,,,,
519,,Forging For Bushing,,,,,,,
3180,,UPPER SHELL EBT BALCONY PANEL,,,,,,,
519,,Forging For Gear of Delivery Pump,,,,,,,
3204,,"EPC CONTRACT FOR DESIGN, SUPPLY, INSTALLATION AND COMMISSIONING OF 10 KLD(STP) FOR ARMOUR UNIT AT IMT ROHTAK",,,,,,,
3215,,"SUPPLY, ERECTION & COMMISSIONING OF 2"" DIA. HIGH PRESSURE HYDRAULIC HOSES WITH 'SAE' END FITTINGS.",,,,,,,
3223,,SUPPLY OG RETRO-FIT OF HYDRAULIC POWER PACK,,,,,,,
2752,,Set of Components For Mech Structure,,,,,,,
3238,,SUPPLY OF BUTTERFLY VALVES,,,,,,,
3240,,High Pressure Water Jet Crucible Cleaning Unit,,,,,,,
3183,,Hydraulic Couplig with shaft,,,,,,,
3287,,AMC FOR DIFFERENTIAL SCANNING CALORIMETER,,,,,,,
3295,,SUPPLY OF REFRIGERATED AIR DYER ALON WITH FILTER ELEMENTS,,,,,,,
3298,,SPARES FOR ELGI MAKE COMPRESSOR,,,,,,,
3141,,Casting For Body of Delivery Pump,,,,,,,
3141,,Impeller Pump Centrifugal,,,,,,,
3374,,SUPPLY OF BEARINGS AS PER SCOPE OF SUPPLY AT ANNEXURE-1,,,,,,,
3384,,VACUUM ANNEALING OF TITANIUM BILLETS,,,,,,,
3141,,Bracket,,,,,,,
3401,,"Supply of Cutting set spares,electrodes and single phase portabke welding machine.",,,,,,,
3141,,Body,,,,,,,
3141,,Housing Body,,,,,,,
3141,,RIB,,,,,,,
3141,,Casting For Body of LH Suction Pump,,,,,,,
3141,,Casting For Body of RH Suction Pump,,,,,,,
9878,,DIGITAL TORQUE WRENCH 0.6 - 13.5 KGF.M,,,,,,,
7520,,DIGITALIZATION FOR BEVEL GEAR REDUCTION,,,,,,,
955,,ELECTRICAL SAFETY SHOE LEATHER BROWN,,,,,,,
2933,,TAP HAND & SHORT,,,,,,,
8212,,PRINTED CIRCUIT BOARD,,,,,,,
2557,,2ND LH SUPPORT OF ROAD WHEEL ARM,,,,,,,
6029,,"HELIUM GAS   PURITY (VOL%) 99.996,",,,,,,,
273,,SPANNER DOUBLE ENDED OPEN JAW,,,,,,,
4406,,MICROMETER INTERNAL 3 LINE CONTACT,,,,,,,
606,,ROAD WHEEL(MACHINED),,,,,,,
6536,,Brass Wire for CNC EDM Wire Cut Machine,,,,,,,
6621,,Graphite Electrodes 350mm Dia,,,,,,,
6653,,Cable trays and conduits,,,,,,,
6708,,Rubber Expansion Bellow,,,,,,,
6750,,Servers,,,,,,,
6773,,Pump control panels,,,,,,,
6783,,Processing of Platinum and platinum Rhodium Scrap into Pure Platinum wire,,,,,,,
6890,,Automation software,,,,,,,
6891,,vernier calipers,,,,,,,
6892,,Vernier Calipers,,,,,,,
6967,,Mullite based insulation bricks,,,,,,,
147,,ROAD WHEEL WITH SOLID RUBBER,,,,,,,
3099,,SUPPLY AND INSTALLATION OF X-AXIS LM GUIDE WAYS FOR BFW VMC,,,,,,,
120,,SECOND OVERHAULING OF UNIFIED LAUNCHER,,,,,,,
233,,TA IN M/C OF CYL.HEAD COVER LH,,,,,,,
233,,GEAR,,,,,,,
120,,HK CONNECTOR TO DRG.NO.9II56.08.030,,,,,,,
120,,LIVE KONKURS-M MISSILES,,,,,,,
6331,,SPRAYER ASSY,,,,,,,
6331,,DELIVERY VALVE ASSY,,,,,,,
6476,,BEARING ETY 500-65,,,,,,,
1323,,ANTIMONY SULPHIDE,,,,,,,
1083,,GASKET,,,,,,,
345,,EM Log system,,,,,,,
1323,,ALUMINIUM POWDER HEAVY,,,,,,,
10330,,COVER BUSH,,,,,,,
10330,,ASSY OF THRUST BEARING SHELLS,,,,,,,
4665,,NLCP System,,,,,,,
520,,PISTON WITH RING (R2),,,,,,,
7088,,Auto Telephone System,,,,,,,
2670,,PRIMER 1 A/L (EMPTY),,,,,,,
520,,PISTON PIN PLUG,,,,,,,
2670,,FUZE DA 117 (EMPTY),,,,,,,
5085,,Draught Sensors along with flange,,,,,,,
2809,,ALUMINIUM POWDER,,,,,,,
8544,,SS LOCKING PIN,,,,,,,
2809,,MAGNESIUM POWDER,,,,,,,
8323,,ISO SURVEILLANCE AUDIT,,,,,,,
3061,,Bower Anchor,,,,,,,
9375,,CONTAINER WITH DISC CLOSING,,,,,,,
251,,REFRIGERATION PLANT,,,,,,,
3120,,Hull Valves,,,,,,,
246,,BEARING 292228 MT ETY 500-65,,,,,,,
2845,,RO PLANT,,,,,,,
246,,RADIAL CYLINDRICAL ROLLER BEARING,,,,,,,
10332,,Main Engine,,,,,,,
10332,,Gear Box,,,,,,,
9994,,NOSE FUZE A670M (EMPTY),,,,,,,
11666,,INTAKE MANIFOLD,,,,,,,
10332,,CPP SHAFTING,,,,,,,
11666,,BREATHER PACKING,,,,,,,
592,,HELO LANDING GRID,,,,,,,
9994,,FUZE A670M COMPONENTS,,,,,,,
8311,,MOORING CAPSTAN CONFIRMING,,,,,,,
8682,,FLEXIBLE HOSE,,,,,,,
8427,,OPERATIONALIZE OF HYD ALIGNER,,,,,,,
1403,,ANTIMONY SULPHIDE,,,,,,,
8682,,HOSE (FROM OILPUMP TO COC),,,,,,,
6184,,Main Switch Board,,,,,,,
2808,,COMMON BLANK FOR BEARING RACES,,,,,,,
5711,,HULL VALVES,,,,,,,
9664,,TAPE ADHESHIVE FABRIC,,,,,,,
2924,,CYLINDER LINER (T-90),,,,,,,
2924,,CYLINDER LINER CASTING,,,,,,,
3348,,BEARING 12302 B1 ETY 500-65,,,,,,,
3348,,DEEP GROOVE S/ROW BALL BEARING 205K,,,,,,,
8970,,V/UHF Radio Rack,,,,,,,
4003,,PLUNGER SPRING,,,,,,,
4003,,VALVE SPRING SMALLER,,,,,,,
3078,,AFFF Concentrate,,,,,,,
2088,,STEEL BRT 18X2H4MA 45 MM DIA.,,,,,,,
2088,,STEEL ROUND 18X2H4MA DIA 25MM,,,,,,,
3675,,NEOPRENE RUBBER SHEET,,,,,,,
3131,,Fixed Fire Fighting System,,,,,,,
5705,,Cathodic Anti Fouling (ICAF) system,,,,,,,
7247,,HANGAR SHUTTER,,,,,,,
392,,MAURITIUS OFFSHORE PATROL VESSEL (MOPV),,,,,,,
6516,,UV Blaster,,,,,,,
9051,,BOLT,,,,,,,
4118,,FO PURIFIER,,,,,,,
9051,,ADAPTOR STUD,,,,,,,
683,,BOX M-41A FOR BARMINE PACKING,,,,,,,
6170,,Repair of IRL Davit,,,,,,,
3262,,STP-VTS System,,,,,,,
683,,MOP FOR 155 MM ERFB BT,,,,,,,
3318,,RADIAL CYLINDRICAL ROLLER BEARING,,,,,,,
240,,Diesel Alternator(DA) system,,,,,,,
3318,,DOUBLE ROW SPERICAL ROLLER BEARING,,,,,,,
561,,EBXL EED,,,,,,,
213,,Steering Gear,,,,,,,
9619,,Echo Sounder System,,,,,,,
3183,,ACTUATING CYLINDER SPECIFICATIONS,,,,,,,
9195,,Repair & Restoration,,,,,,,
8720,,Level Gauges,,,,,,,
4419,,TOOTHED RIM,,,,,,,
5777,,Main Diesel Engine,,,,,,,
2914,,Portable Davit,,,,,,,
2986,,TA IN MACHINING OF CYL.HEAD LH,,,,,,,
4077,,Light control Panel system,,,,,,,
2986,,ADJUSTING RACK,,,,,,,
5092,,LED Light Fixture,,,,,,,
3243,,"BALL VALVES (LINE VALVES), SDNR VALVE (LINE VALVES) AND BUTTERFLY VALVES (LINE VALVES)",,,,,,,
3746,,HAD-T UNDERCUT ANCHOR,,,,,,,
9265,,TOOLS FOR EMERGENCY DIESEL GENERATOR,,,,,,,
2811,,CLAMP,,,,,,,
2677,,HULL VALVES,,,,,,,
628,,"Compact GMDSS Suite, Satellite Communication & Survival Craft System",,,,,,,
2811,,WASHER 8T,,,,,,,
9681,,AVCAT PUMPS,,,,,,,
8574,,LED Tube light fittings,,,,,,,
248,,Fresh water Pumps with Hydrophore Tanks,,,,,,,
557,,EPOXY ACRYLIC POLYSILOXINE E PAINT.,,,,,,,
7371,,ASM BPVC,,,,,,,
485,,Mobile Satellite Series Terminal MK,,,,,,,
557,,EPOXY THINNER,,,,,,,
8601,,PACKING RING,,,,,,,
8601,,COPPER ASBESTOS SEALING RING 16x22,,,,,,,
257,,BEARING 42305 M ETY 500-65,,,,,,,
9062,,9W round shapes LED,,,,,,,
5639,,CYLINDER LINER CASTING,,,,,,,
5639,,CYLINDER LINER (T-90),,,,,,,
9912,,AMC,,,,,,,
373,,AMC FOR NEW MULTIPURPOSE FIRE TENDER,,,,,,,
6291,,Video IP Phones,,,,,,,
5982,,DGP-2201-002-Control,,,,,,,
3213,,MAIN OIL FILTER,,,,,,,
3213,,THIRD SLOT TYPE FILTERING SECT,,,,,,,
4461,,NWT DS SCREENED DOOR,,,,,,,
5587,,GEAR,,,,,,,
8432,,"CABLE ASSY-W6 , DISPLAY",,,,,,,
5587,,CLUSTER GEAR,,,,,,,
8432,,"CABLE ASSY-W10, SIGHT",,,,,,,
3199,,COVER FROM COMMUTATOR SIDE ASSY.,,,,,,,
3569,,"ANNUAL MAINTENANCE CONTRACT FOR SHUTTER, SPARK STAND, BWG-RIG",,,,,,,
1312,,"HELIUM GAS   PURITY (VOL%) 99.996,",,,,,,,
6892,,CLAMP ON GROUND RESISTANCE TESTER,,,,,,,
1242,,ZINC ANTI SEIZE THREAD COMPOUND,,,,,,,
9160,,SERVICE FOR LIQUIDATION,,,,,,,
5481,,Soldering,,,,,,,
494,,LIQUIDATION,,,,,,,
8452,,Consultant,,,,,,,
8331,,BOLT & NUTS,,,,,,,
9406,,DESIGN & FABRICATION,,,,,,,
319,,WIRE ROPE FOR EOT CRANES DIA:22MM,,,,,,,
8702,,LIQUIDATION,,,,,,,
332,,PVC INSULATED 4 CORE X 1.5SQ.MM CABLE,,,,,,,
605,,IMPREGNATION SEALANT PC 504 66IF FOR,,,,,,,
1768,,RAIN COAT WITH CAP.,,,,,,,
61,,Hydraulic oil,,,,,,,
315,,"LED BULB,9 WATT,RATED VOLTAGE : 230 VOLT",,,,,,,
6893,,Medicine,,,,,,,
9632,,WELDING POWDER WIRE 2.8MM GOST 26101-84,,,,,,,
5284,,GCS INDIGENOUS HARNESSES AS PER TABLE 1,,,,,,,
4987,,SPARES FOR WEDM MODEL:ENOVA-2S.CNC,,,,,,,
3141,,REDUCER WITH FILTER ASSY,,,,,,,
10202,,Events,,,,,,,
519,,FIRST BEARING BODY FORGING,,,,,,,
5129,,"PCB BOARD 36W, SMD LED TYPE 2835",,,,,,,
1876,,DISC WITH OUTER TEETH,,,,,,,
719,,RECONDITIONING AND REPAIR OF HMC 800,,,,,,,
2311,,"38XC,GOST:4543-71,HOT ROLLED",,,,,,,
211,,STATIC RECTIFIER: SPEC:INPUT SUPPLY415+,,,,,,,
563,,ASSY. INLET VALVE WITH DISC LOCK,,,,,,,
3582,,PNEUMATIC TYPE IMPACT WRENCH HALF INCH,,,,,,,
10291,,Association,,,,,,,
563,,ASSY. EXHAUST VALVE WITH DISC LOCK,,,,,,,
1222,,INDUSTRIAL PURPOSE LITHIUM BASE GREASE-,,,,,,,
1701,,HOSE,,,,,,,
394,,UPPER RACE RING 675-57-276,,,,,,,
2473,,GASKET,,,,,,,
8921,,IT,,,,,,,
229,,HSS T/S DRILL DIA:5.5MM. IS:5103,,,,,,,
8812,,SPHERICAL ROLLER BEARING 22213E,,,,,,,
6374,,SILICON CARBIDE CRUCIBLE.,,,,,,,
2063,,SEALING WASHER,,,,,,,
9206,,INSERT CARBIDE DCMT 11T308-P40 COATED,,,,,,,
2063,,SEALING RING,,,,,,,
3766,,BUSH BODY ASSY,,,,,,,
4395,,ALUMINIUM ARMOUR PLATE-CUT BLANKS,,,,,,,
4664,,"MCB WITH ISI MARK, SINGLE POLE AMPS: 20",,,,,,,
3766,,IDLE GEAR WITH BUSH ASSY,,,,,,,
373,,FRONT FLANGE LH,,,,,,,
263,,LARGE GEAR TRAIN SUB ASSY,,,,,,,
263,,IDLE GEAR WITH BUSH ASSY,,,,,,,
2368,,STEEL 40,,,,,,,
243,,ASSY EXHAUST VALVE WITH DISC LOCK,,,,,,,
243,,ASSY VALVE EXHAUST WITH DISC LOCK,,,,,,,
8642,,SHIPYARD,,,,,,,
3695,,PORTABLE FIRE EXTINGUISHER AS PER BS-EN3,,,,,,,
7176,,Fabric Nylon 75 GSM White PU Coated 152 cms,,,,,,,
7176,,100 PERCENT POLYESTER MICROFILAMENT WOVEN FABRIC JUNGLE GREEN 70 GSM WIDTH 150CM MIN,,,,,,,
1351,,"HELIUM GAS   PURITY (VOL%) 99.996,",,,,,,,
124,,CLOTH PLAIN WEAVE POLYESTER & COTTON KHAKI 137 CM,,,,,,,
3001,,COVER,,,,,,,
3001,,BREATHER ASSEMBLY,,,,,,,
2663,,BRANCH PIPE,,,,,,,
5108,,CNAL,,,,,,,
6905,,HSS MACHINE TAPS M8X1.25 - 6H.,,,,,,,
8663,,GEAR (FORGING),,,,,,,
8663,,CLUSTER GEAR FORGING,,,,,,,
202,,BEARING 80018 OR 6-80018,,,,,,,
401,,MODIFIED WATER PUMP ASSY,,,,,,,
62,,"LIQUID PETROLEUM GAS,(LPG)",,,,,,,
401,,STUD M8 X 38,,,,,,,
2758,,THREAD PLUG GAUGE M36X1.5-7H.,,,,,,,
3061,,CRANE CHAIN AND HOOKS/SLING TO DRG NO 54,,,,,,,
5778,,OXY-ACETYLENE CUTTING NOZZLE SIZE:6 FOR,,,,,,,
19,,AIRLIFTING OF IMPORT STORES FROM ABROAD,,,,,,,
2156,,"38XC,GOST:4543-71,HOT ROLLED/FORGED",,,,,,,
5971,,ASSY MANIFOLD INTAKE,,,,,,,
6629,,AL.CHEQ PL 5X1220X2500MM GR:52000 IS:737,,,,,,,
6488,,ALKALINE INDUSTRIAL BATTERY - LR20XWA,,,,,,,
7381,,WASHER,,,,,,,
8317,,Events,,,,,,,
7381,,NOZZLE APPARATUS,,,,,,,
6266,,BEVEL GEAR,,,,,,,
8495,,GASKET,,,,,,,
1685,,POTASSIUM NITRATE,,,,,,,
8495,,SEALING RING(PACKING RING),,,,,,,
6441,,"SUR.TREATMENT,ELECTRO-FERRETIC.LACQ OF SMALL ARMS COMPONENTS",,,,,,,
2083,,GEAR (FORGING),,,,,,,
393,,TWIN TOP ROLLER WITH MTG BOLTS & WASHERS,,,,,,,
2083,,THRUST FLANGE,,,,,,,
1702,,FLEXIBLE HOSE,,,,,,,
1702,,RING,,,,,,,
363,,CABLE ASSY-2(COMMANDER TANK),,,,,,,
147,,DISC WITH HUB ASSY.,,,,,,,
2467,,CAP,,,,,,,
2467,,GEAR,,,,,,,
522,,HULL BOTTEM FRONT PLATE,,,,,,,
2303,,"ELECTROMAGNETIC CLUTCH EKR 1Z ORIGINAL {ZE} 24 V. CLUTCH PLATE-INNER, SIZE:OD-150MM X ID-117MM X 2MM CLUTCH PLATE-OUTER WITH BREAK LINER. REPAIRING OF ELECTROMAGNETIC CLUTCH EKR 1Z.",,,,,,,
1743,,ASSY SEAL,,,,,,,
1743,,SEALING RING ASSEMBLY.,,,,,,,
8986,,200 MBPS INTERNET LEASED LINE 1:1,,,,,,,
8533,,GEAR (FORGING),,,,,,,
8533,,CLUSTER GEAR FORGING,,,,,,,
194,,SLING FLEXIBLE STEEL WIRE ROPE WITH,,,,,,,
3232,,BEARING 92305 M ETY 500-65,,,,,,,
7264,,HONNING OPERATION OF REAR TUBE AS PER DRG.M-11760 HONNING OPERATION OF FRONT TUBE AS PER DRG.M-11759,,,,,,,
3232,,BEARING70-42205DI(ETY 500-65),,,,,,,
3664,,FILE ENGINEERS' FLAT BASTARD,,,,,,,
272,,TAP HAND & SHORT,,,,,,,
1870,,TRANSIT PLUG TO DRG.NO.NAI(J)502/3 IN F/C. PROTECTING RING TO DRG.NO.F13O3-O2729O B F/C,,,,,,,
600,,FORGING FOR BR.BASE TO DS CAT.NO.1O1O-OO1323,,,,,,,
3887,,FORGING FOR LEVER FIRING DS CAT NO.1010-001332,,,,,,,
2346,,S.R.D.G. BALL BEARING.NO:6202 ZZ.,,,,,,,
15276,,"PVC(SWR) PIPE 110MM DIA SINGLE SOCKET,3 METRE (L).",,,,,,,
3183,,Synchro Resolver 2.5 Watt,,,,,,,
3183,,Torsion Bar,,,,,,,
3183,,Cock Distribution,,,,,,,
5284,,Set of Circular Connectors,,,,,,,
5284,,Junction Box SS316,,,,,,,
6892,,DIGIMATIC OUTSIDE MICROMETER 150MM-300MM,,,,,,,
10067,,DIGITAL MEASURING INSTRUMENTS WITH DATA,,,,,,,
6766,,FAN,,,,,,,
10349,,BEARING SH8,,,,,,,
4159,,CUP SPRING TO PART NO.3241776 FOR BYSTR-,,,,,,,
2807,,HIGH PRESSURE MERCURY VAPOUR LAMPS,,,,,,,
5504,,PREVENTIVE MAINTENANCE WITH CALIBRATION,,,,,,,
3473,,WIRELESS SMOKE DETECTION AND ALARM,,,,,,,
2834,,CHARGING DEVICE (ASSEMBLY DRAWING),,,,,,,
477,,AUTOMATIC LUBRICATION UNIT ALU25,,,,,,,
574,,Optical sending unit OD1-1C,,,,,,,
1522,,VISIBLE TYPE CLEANER SELF SPRAYING,,,,,,,
6342,,"POLYURETHENE TUBE , SIZE-OD 6MM,COLOUR-",,,,,,,
1268,,TECH SEALANT RDL 840,,,,,,,
2553,,RING RACE UPPER,,,,,,,
4082,,CHROME ADDITIVE FOR CHROMIUM PLATING,,,,,,,
3268,,MULTI STAGE CENTRIFUGAL PUMP WITH MOTOR,,,,,,,
7105,,HIRING OF 50 MT TRAILER FROM,,,,,,,
7096,,HIRING OF 50MT LOW BED TRAILER WITH RAMP,,,,,,,
4666,,SINAMICS S120 DOUBLE MOTOR MODULE-18A,,,,,,,
3709,,CARBIDE ROTARY BURRS A5,,,,,,,
5182,,"COATED METALLIC ELECTRODES OF 18% CR,",,,,,,,
7212,,ASBESTOS MILL BOARD 1X1X1THICK 5MM,,,,,,,
212,,WELDG ROD FOR WASHING 10G/3.15MM DIA,,,,,,,
3076,,PORTABLE FIRE EXTINGUISHER AS PER BS EN3,,,,,,,
1325,,15 X 15 ABRASIVE STRAIGHT CUT TRIANGLE,,,,,,,
605,,AUST.SOLID WELDING WIRE 1.4MM DIA.,,,,,,,
427,,TURRET PNEUMATIC EQUIPMENT 675-04-Cb1,,,,,,,
800,,PRE HEATER ASSY.,,,,,,,
2954,,MICRO-TOP ELEMENT,,,,,,,
6476,,TAPER  ROLLER  BEARING 170X95X45.5,,,,,,,
6543,,"EXECUTIVE TABLE,PEDESTAL,WOODEN SHELF/CA",,,,,,,
3544,,WELDING ELECTRODE TO SIZE 3.15 SPECN,,,,,,,
11,,ROAD WHEEL ARM 765-33-128,,,,,,,
2982,,BOLT M6X74,,,,,,,
1083,,COPPER-ASBESTOS PACKING RING 12X18,,,,,,,
2982,,STUD M6X45,,,,,,,
2982,,NUT M14X1.5,,,,,,,
2982,,VALVE SEAT,,,,,,,
3941,,BEARING 308 OR 6-308 GOST 8338-75,,,,,,,
4086,,LINK BELT FOR CARTRIDGE 12.7MM,,,,,,,
2982,,STUD M 8 X 40,,,,,,,
2982,,BOLT M8 - 6g X 25,,,,,,,
2982,,STUD M12 X 60,,,,,,,
2982,,STUD M12 X 84,,,,,,,
2982,,STUD(M8 X 50),,,,,,,
2982,,STUD M 6 X 32,,,,,,,
2982,,STUD M 8 X 30,,,,,,,
2982,,BUSH OF CON.ROD BIG END,,,,,,,
8951,,SMART CARD PRINTER,,,,,,,
2982,,STUD M8 X 38,,,,,,,
2982,,STUD M8 X 72,,,,,,,
2982,,STUD M9 X 32,,,,,,,
2982,,STUD M8 X 48,,,,,,,
2982,,STUD M 6 X 21,,,,,,,
2790,,"LEVER,GEAR RIM",,,,,,,
2982,,COUPLING STUD,,,,,,,
2982,,STARTING VALVE BUSH,,,,,,,
2982,,STUD CYLINDER BLOCK,,,,,,,
252,,COUPLING ELEMENT UH 3067,,,,,,,
2982,,STUD M8 X 35,,,,,,,
4495,,SENDING UNIT ASSEMBLY DRAWING,,,,,,,
3183,,FIP DRIVE COUPLING ASSY,,,,,,,
2095,,BRACKET,,,,,,,
6658,,ROTARY CONVEYOR 2.5  BT 0.05,,,,,,,
3183,,HYDRAULIC PISTON,,,,,,,
3183,,HYDRAULIC CYLINDER,,,,,,,
7597,,RELAY BOX KP1-1C,,,,,,,
202,,BEARING 210 ETY 500-65,,,,,,,
202,,BEARING 42305 M ETY 500-65,,,,,,,
202,,DEEP GROOVE SINGLE BALL BEARING,,,,,,,
338,,LEAD ACID TRACTION BATTERY,,,,,,,
202,,BEARING 6-36207 L ETY 500),,,,,,,
202,,BEARING 25-207 BTI ETY 500,,,,,,,
298,,DIGITAL EARTH TEST CLAMP,,,,,,,
202,,BEARING70-42205DI(ETY 500-65),,,,,,,
202,,BEARING 92305 M ETY 500-65,,,,,,,
202,,RADIAL CYL ROLLER BEARING,,,,,,,
2504,,05% ALUM.BERYLLIUM MASTER ALLOY-10-50gm,,,,,,,
202,,BEARING 6-204 ETU 500,,,,,,,
202,,BALL BEARING 6205Z,,,,,,,
479,,STEEL SHOTS SIZE:1 MM DIA IS:4606-1968,,,,,,,
202,,BEARING 12302 B1 ETY 500-65,,,,,,,
202,,DEEP GROOVE S/ROW BALL BEARING 205K,,,,,,,
145,,"MOBILE CONTAINER FOR SOLID WASTE (HDPE),",,,,,,,
202,,DOUBLE ROW SPERICAL ROLLER BEARING,,,,,,,
202,,BEARING 292208 M ETY 500-65,,,,,,,
2257,,"BATTERY HEAVY DUTY TRACTION 36V 300AH,",,,,,,,
202,,BEARING(304K),,,,,,,
4573,,REPAIRING OF INTEGRATED SPINDLE OF HMC,,,,,,,
316,,DIODE MODEL NO.AMDS 7000/04-AMR 1902 024,,,,,,,
6709,,12MMX6X36 STEEL CORE WIRE ROPE,,,,,,,
223,,"REPAIRING OF SIEMENS OPERATOR PANEL,",,,,,,,
3141,,PISTON,,,,,,,
3141,,PIN (SHAFT) WITH LEVER,,,,,,,
3141,,BUSH,,,,,,,
1072,,INDUSTRIAL SAFETY SHOE,,,,,,,
13680,,PRIMER 1 A/L (EMPTY),,,,,,,
3141,,SPRING LEVER,,,,,,,
7282,,VERNIERCALIPER DIGITAL 0-300MM.,,,,,,,
13680,,FUZE DA 117 (EMPTY),,,,,,,
3141,,NUT,,,,,,,
3141,,VALVE GUIDE,,,,,,,
2322,,QUARTZ SILICA SAND GR:425/212 (g24290),,,,,,,
3141,,SPRING,,,,,,,
3141,,WASHER,,,,,,,
10376,,PRIMER 1 A/L (EMPTY),,,,,,,
3141,,WASHER 10T,,,,,,,
7716,,ANNAUL MAINTENANCE CONTRACT (AMC),,,,,,,
3141,,BEARING,,,,,,,
10376,,FUZE DA 117 (EMPTY),,,,,,,
3141,,DELIVERY VALVE SPRING,,,,,,,
5761,,ANGLE PIECE DRG NO.MC/ARM/006 87-D-20-5,,,,,,,
10376,,FUZE DA5A (EMPTY),,,,,,,
3141,,SHAFT WITH IMPELLER,,,,,,,
3232,,"BALL BEARING 76-77-0067 KS15, ETY-100-3",,,,,,,
10376,,VARIOUS COMPONENT OF KB-30 PRIMER,,,,,,,
10630,,FUZE DA5A (EMPTY),,,,,,,
3141,,WATER PUMP DRIVE TORSION BAR,,,,,,,
3141,,END PLUG FORGE CONVERTED FROM AL BAR,,,,,,,
684,,H-60 STEEL PACKING BOX,,,,,,,
684,,BOX C-51A FOR PACKING,,,,,,,
3141,,HOUSING,,,,,,,
764,,FAN MOTOR,,,,,,,
684,,BOX C-53A,,,,,,,
684,,BOX M-41A FOR BARMINE PACKING,,,,,,,
684,,CONTAINER RK33,,,,,,,
11,,STEEL BILLETS 200MMRCS+15,,,,,,,
11,,STEEL ROUND 18X2H4MA DIA 25MM,,,,,,,
10365,,LED FLAME PROOF WELL GLASS LIGHT FITTING,,,,,,,
1451,,VARIOUS PAINTS FOR AMMUNITION,,,,,,,
6753,,CYLINDER HEAD COVER RH,,,,,,,
6753,,FUEL PUMP DRIVE HOUSING,,,,,,,
2754,,METALIC BOXES FR PACKING,,,,,,,
2754,,BODY AND CASE FOR KB-30 PRIMER,,,,,,,
3200,,PRESSURE WARNING DEVICE CD SPECIFICATION,,,,,,,
1641,,LUB.OIL SERVO WAY 68(IOC)/OR EQUIVALANT),,,,,,,
401,,NITRIDING OF CYLINDER LINERS,,,,,,,
5881,,CYLINDER BLOCK CRANK CASE,,,,,,,
1679,,CUSHION LID DRIVER'S HATCH,,,,,,,
5645,,OIL PUMP GEAR,,,,,,,
5645,,OIL PUMP DRIVE GEAR,,,,,,,
594,,"COATED METALLIC ELECTRODES OF 18% CR,",,,,,,,
5645,,STEEL PACKING CASE/CONTAINER,,,,,,,
7180,,INLET CAMSHAFT FORGING,,,,,,,
7180,,EXHAUST CAM SHAFT FORGING,,,,,,,
8543,,BRASS-LC59-1 36mm,,,,,,,
8543,,BRONZE BPAX9-4 45MM DIA,,,,,,,
8543,,ALU. BRONZE ROD DIA 55MM,,,,,,,
8543,,BRASS-LC59-1. 30 MM DIA.,,,,,,,
62,,KEROSENE,,,,,,,
62,,CALIBRATION FLUID,,,,,,,
61,,KEROSENE,,,,,,,
61,,L.S.H.F. H.S.DIESEL,,,,,,,
8256,,STUD M10 x125,,,,,,,
8256,,STUD M9X38,,,,,,,
5809,,FORGING FOR INSERTION,,,,,,,
6476,,GREASE,,,,,,,
6793,,VENTILATION SYSTEM CRANK CASE,,,,,,,
6793,,OIL SEPARATOR ASSY,,,,,,,
6793,,AIR DISTRIBUTOR ASSY,,,,,,,
5960,,EXHAUST CAMSHAFT,,,,,,,
5960,,INLET CAM SHAFT,,,,,,,
5960,,INTAKE CAMSHAFT,,,,,,,
5960,,EXHAUST CAMSHAFT(DISTRIBUTION SHAFT,,,,,,,
5960,,TA FOR MACHINING OF EX.CAM SHAFT,,,,,,,
5960,,TA FOR MACHINING OF IN. CAM SHAFT,,,,,,,
6104,,INJECTOR,,,,,,,
6104,,ROTOR BODY ASSEMBLY,,,,,,,
6104,,FILTER HOUSING,,,,,,,
6104,,ROD,,,,,,,
6104,,ROTOR ASSEMBLY,,,,,,,
6104,,CENTRIFUGAL FILTER.,,,,,,,
11666,,BREATHER ASSEMBLY,,,,,,,
61,,SERVO SUPER MULTI GRADE OIL 20W50,,,,,,,
61,,LUBREX 22 PRESERVATION OIL,,,,,,,
61,,HIGH SPEED DIESEL OIL (GR.HSD),,,,,,,
61,,SERVO GUARD 30,,,,,,,
3401,,OXYGEN GAS MULTI-STAGE REGULATOR ESAB,,,,,,,
2933,,M35(HSS) P/S END MILLS 12X12X53X101MM.,,,,,,,
2233,,AMC FOR 3NOS.OF AIR COMPRESSORS,,,,,,,
6854,,CANON MULTIFUNCTION MACHINES MFM MODEL,,,,,,,
8812,,"BEARING B-80018 ETY 500,GOST 7242-81",,,,,,,
3183,,HYDRAULIC SHOCK ABSORBER 765-32-CD116,,,,,,,
56,,NAVIGATIONAL SET SATELLITE GPS 9312A W/B,,,,,,,
2368,,STEEL SHEET SIZE:2.50X1250X2500 MM,,,,,,,
2913,,:IMMERSION PYROMETER MICROPROCESSOR,,,,,,,
3141,,SPRING WASHER A10 TO IS:3063-1994 GALVAN,,,,,,,
401,,WATER PUMP,,,,,,,
401,,MAIN CONNECTING ROD,,,,,,,
1313,,CAM IRR DARK BROWN ISC 412 PAINT,,,,,,,
401,,CAP(COVER) OF MCR,,,,,,,
401,,WATER PUMP ASSY,,,,,,,
5284,,TURRET ELEC.WIRES TO DRG.NO.675-97-Cb5,,,,,,,
401,,"ASSY, PACKING UNITS",,,,,,,
401,,ASSY COCK,,,,,,,
401,,ASSY PACKING DISC,,,,,,,
202,,BEARING 80202 GOST 7242-81 ETY 500,,,,,,,
6051,,COOLANT FILTER CARTRIDGE,,,,,,,
3141,,REDUCING VALVE SPRING,,,,,,,
4406,,MACHINE CUTTING TORCH FOR ACETYLENE,,,,,,,
3141,,CAP,,,,,,,
3141,,ATOMISER(SPRAYING NOZZLE),,,,,,,
3141,,WASHER 6T,,,,,,,
3141,,SHAFT IMPELLER ASSY,,,,,,,
3141,,BOLT,,,,,,,
3141,,GUIDE BUSHING,,,,,,,
3141,,CUP,,,,,,,
3141,,ELBOW,,,,,,,
3141,,AIR INTAKE HEATING UNIT ASSY,,,,,,,
3141,,CRANK SHAFT FLY WHEEL,,,,,,,
3141,,FUEL FEED PUMP,,,,,,,
3141,,EXHAUST MANIFOLD,,,,,,,
3141,,SPRING RING,,,,,,,
3141,,PUMP ELEMENT,,,,,,,
3141,,WASHER 8T,,,,,,,
3141,,BUSH FOR CONNECTING ROD BIG END,,,,,,,
3141,,LOCK SPRING,,,,,,,
3141,,THRUST BEARING UPPER,,,,,,,
3141,,RETAINING RING,,,,,,,
3141,,SWIVEL ELBOW WITH REDUCING VALVE ASSY,,,,,,,
3141,,BUSH FOR CO.ROD SMALL END,,,,,,,
3141,,DISC SPRING WASHER,,,,,,,
3141,,BEARING BUSH,,,,,,,
3141,,INJECTOR WITH FILTER,,,,,,,
336,,BATTERY 12V 120AH,,,,,,,
2663,,SEATS TO DRG NO.675-18-Sb3.CQA(ICV)/QAI,,,,,,,
6029,,HELIUM GAS CONFIRMING TO INTERNATIONAL,,,,,,,
991,,HANDLE - MBT ARJUN MK1A,,,,,,,
8575,,PLUG 765-05-426,,,,,,,
3942,,BOLT M6.8g X 35.46.019 TO GOST:7795-70,,,,,,,
3141,,SECOND SPRING OF REGULATOR,,,,,,,
3141,,DELIVERY VALVE ASSY,,,,,,,
3141,,PLUG,,,,,,,
3148,,IR SENSOR KIT AS PER ENCLOSED LIST,,,,,,,
2080,,HSAP 10X2000X4300MM TO CDA 99:2018 CLASS,,,,,,,
3141,,BUSH FOR CON ROD SMALL END(R1 SIZE),,,,,,,
9206,,C.TURNING INSERT DNMG 150608-TK35/GC435,,,,,,,
3141,,SPRAY TIP ASSY,,,,,,,
3141,,FIRST SPRING GOVERNOR,,,,,,,
2577,,AL.BRONZE BUSHING 765-33-19/c,,,,,,,
3141,,GOVERNOR BODY ASSEMBLY,,,,,,,
3141,,"LEVER,ROLLER",,,,,,,
3141,,PLUNGER SPRING,,,,,,,
1351,,HELIUM GAS CONFIRMING TO INTERNATIONAL,,,,,,,
3141,,LOCKING RING,,,,,,,
3141,,GASKET,,,,,,,
3141,,INCLINED SHAFT CASING LH,,,,,,,
3141,,HOOP,,,,,,,
9264,,LASER PRE-MIXED GAS OF SPECIFICATION,,,,,,,
4159,,COUPLING D=8H7/9F7 PART NO:504233.,,,,,,,
3141,,VALVE BODY,,,,,,,
3141,,MODIFIED WATER PUMP ASSY,,,,,,,
7930,,DUAL GIGA ETHERNET ROUTER WITH 4 PORTS,,,,,,,
3141,,DISCHARGING VALVE SPRING (DELIVERY),,,,,,,
68,,"LIQUID PETROLEUM GAS,(LPG)",,,,,,,
3141,,BLOCK,,,,,,,
19,,SERVO SPIN -12,,,,,,,
393,,REPAIR OF TRANSMISSION 765-CD117,,,,,,,
3366,,LOCKING RING,,,,,,,
3664,,M42 BIMETALIC BAND SAW BLADE 13X0.9X6TPI,,,,,,,
3366,,DELIVERY VALVE SPRING,,,,,,,
147,,CONVERSION OF ESR STEEL BILLETS,,,,,,,
147,,FLY WHEEL FORGING,,,,,,,
147,,ROTOR SUPER CHARGER ASSY,,,,,,,
147,,CRANK SHAFT,,,,,,,
147,,MAIN CONNECTING ROD,,,,,,,
147,,EXHAUST PIPE,,,,,,,
147,,CRANK SHAFT (FORGING),,,,,,,
147,,CYLINDER LINER (FORGING),,,,,,,
147,,VENTURI Z-23,,,,,,,
262,,ARTICULATED CONNECTING ROD SHELL,,,,,,,
262,,FORKED CONNECTING ROD SHELL(PAIR),,,,,,,
262,,ASSY OF BEARING SHELL (INSERT)R1,,,,,,,
10349,,BEARING W-8 GOST3635-78/79 toETY 500-65,,,,,,,
5937,,INFLATABLE AIR SPLINT FOR LEG (ANKLE),,,,,,,
2552,,FORGING SECTOR 765-47-414,,,,,,,
6969,,Service Provider for Transportation,,,,,,,
6970,,Service Provider for Transportation,,,,,,,
3580,,FEMALE I.Es SAFETY SHOES,,,,,,,
6978,,Service Provider for Transportation,,,,,,,
5778,,HIGH SPEED OXY ACETYLENE CUTTING NOZZLES,,,,,,,
7043,,Taxi Hiring,,,,,,,
7052,,Service Provider for Transportation,,,,,,,
2156,,ST INGOT 225MAX OR SQ200X1000 L SPROCKET,,,,,,,
7058,,Service Provider for Transportation,,,,,,,
8959,,ASSY PARASOL TO DRG.NO.6795-208-CB6850,,,,,,,
7075,,Ship Building,,,,,,,
7071,,Taxi Hiring,,,,,,,
6753,,COVER 675-93-Cb105,,,,,,,
262,,ASSY OF CONNECTING ROD SHELL R1,,,,,,,
262,,UPPER INSERT(R1)/LOWER INSERT (R1),,,,,,,
262,,UPPER & LOWER BEARING SHELL,,,,,,,
6488,,LIMIT SWITCH TYPE.NO.SG01R-552-M,,,,,,,
7102,,Service Provider for Transportation,,,,,,,
4226,,ZINC COATED BRASS/COPPER EDM WIRE 0.25MM,,,,,,,
7108,,Service Provider for Transportation,,,,,,,
7109,,Service Provider for Transportation,,,,,,,
6766,,SPRING 765-33-CD107,,,,,,,
272,,HSS TAPER SHANK TWIST DRILLS 4X43X124MM.,,,,,,,
7162,,Trader Of Steel Pipe,,,,,,,
7180,,Spares for Godrej and Voltas,,,,,,,
3141,,BOOSTER PUMP ASSY,,,,,,,
7190,,Manufacturer of Slab Handling Tong,,,,,,,
233,,CYLINDER HEAD LH,,,,,,,
233,,TA IN MACHINING OF CYL. JACKET RH,,,,,,,
7200,,Lan Service Provider,,,,,,,
233,,TA IN M/C OF CYL.HEAD LH,,,,,,,
233,,UPPER CRANK CASE CASTING (ZERO-PROVI),,,,,,,
233,,TA IN M/C OF CYL. HEAD RH,,,,,,,
7273,,Air conditioner and  quality Control Equipments,,,,,,,
233,,TA IN MACHINING OF CYL.JACKET LH,,,,,,,
233,,CYLINDER HEAD RH,,,,,,,
7323,,CCTV Security,,,,,,,
233,,TA IN M/C OF CYL. HEAD COVER RH,,,,,,,
3709,,TUNGSTAN CARBIDE ROTARY BURRS DIA=12MM,,,,,,,
7332,,Photocopier Machine Provider,,,,,,,
233,,TA M/C OF CYL. HEAD COVER LH,,,,,,,
233,,CYLINDER HEAD RH & LH,,,,,,,
8085,,DRILLING HEAD FOR GUN MOUNTING.,,,,,,,
7366,,CADS Software,,,,,,,
233,,TA IN MACHINING OF CYL.HEAD RH,,,,,,,
7371,,"ISO Certification, ASTM",,,,,,,
7833,,RENEWAL OF SEQRITE EPS TOTAL 3 YEARS,,,,,,,
2553,,UPPER RACE RING 675-57-276,,,,,,,
7382,,Electronics,,,,,,,
6275,,ASSY OF THRUST BEARING SHELL (R1),,,,,,,
6275,,THRUST BEARING SHELL (UPPER).,,,,,,,
6275,,BEARING SHELL UPPER ASSY.,,,,,,,
6275,,ASSY OF THRUST BEARING SHELLS,,,,,,,
12953,,IT Service,,,,,,,
6275,,BEARING SHELL LOWER ASSY.,,,,,,,
8256,,STUD M6 X 24,,,,,,,
8256,,STUD M9 X 32,,,,,,,
8256,,STUD M8 X 38,,,,,,,
8256,,STUD M8 X 48,,,,,,,
8256,,STUD M 8 X 28,,,,,,,
8256,,STUD M12 X 60,,,,,,,
8256,,STUD M8X36,,,,,,,
8256,,STUD M8 X 40,,,,,,,
8256,,STUD M6 X 26,,,,,,,
8256,,STUD M 8 X 46,,,,,,,
8256,,STUD M8 X 32,,,,,,,
8256,,STUD M10 X 52,,,,,,,
276,,"EMERY CLOTH,11""X9"",SMOOTH",,,,,,,
6275,,GEAR UNIT BUSH,,,,,,,
705,,HIGH ALUMINIUMNA REFRACTORY(PHOSPHORIC),,,,,,,
7626,,"CCTV, Fiber Net Service",,,,,,,
7631,,Cyber Security Audit Tool,,,,,,,
6704,,DIE COAT INSULATING TYPE FOR FEEDER AREA,,,,,,,
7633,,Manpower,,,,,,,
7635,,Network Infrastructure,,,,,,,
13476,,CRM 31X7835-11A (COPPER ALLOY) AND PHOSPHOR BRONZE,,,,,,,
7639,,ERP Solution Provider,,,,,,,
7640,,Service Provider for Electronics,,,,,,,
8362,,Quality Equipment,,,,,,,
3681,,BRASS RD 6MMX2300MM CuZn37 IS:4413-81,,,,,,,
1282,,"INDUSTRIAL QUENCHING OIL-20A GOST 20799-75,EQUIVAL",,,,,,,
229,,DIFFERENT SIZE OF CARBIDE  DRILL AND TWIST DRILL,,,,,,,
61,,"CUTTING OIL SERVOCUT ""S""/ SEROL-B / KOOL KUT-""40 S",,,,,,,
14877,,DIFFERENT TYPES OF SOLID CARBIDE END MILL CUTTERR,,,,,,,
7642,,Magnetic Property Measuring Equipment,,,,,,,
7659,,Software System,,,,,,,
1976,,POLYTHENE BAG SK M-6332/1,,,,,,,
7745,,Oracle Software Update,,,,,,,
8220,,Sample Testing Lab,,,,,,,
766,,INFORMATION KIOSKS,,,,,,,
8451,,Consultancy,,,,,,,
8452,,External Expert Consultancy,,,,,,,
8457,,Job Contract,,,,,,,
3141,,COMPRESSION PISTON RING,,,,,,,
3141,,T-PIECE,,,,,,,
3141,,VALVE,,,,,,,
3141,,VALVE GUIDE(STANDARD SIZE),,,,,,,
3141,,SPRING DISC FILLING IN VALVE,,,,,,,
3141,,SPRAY TIP,,,,,,,
3141,,REGULATOR SPRING SECOND,,,,,,,
3141,,SUB ASSY REDUCING VALVE,,,,,,,
3141,,PACKING SPRING,,,,,,,
3141,,SPRAYER ASSY,,,,,,,
3141,,VALVE SEAT,,,,,,,
3141,,VALVE SPRING SMALLER,,,,,,,
3141,,CASING OF INCLINED SHAFT LH,,,,,,,
3141,,INJECTOR SPRING,,,,,,,
3141,,INLET BRANCH PIPE,,,,,,,
3141,,GOVERNOR SPRING,,,,,,,
3141,,BUSHING,,,,,,,
3141,,RH INCLINED SHAFT CASING,,,,,,,
8986,,AUTO TELEPHONE SYSTEM,,,,,,,
2834,,DECONTAMINATION SET TDP,,,,,,,
4967,,AMC for IT devices,,,,,,,
3141,,CHECK VALVE SPRING,,,,,,,
2056,,Submersible Pump,,,,,,,
3141,,SPRING OF SHUT-OFF VALVE,,,,,,,
9647,,PROPELLER,,,,,,,
3141,,LARGER SPRING,,,,,,,
3141,,INCLINED SHAFT CASING-RH,,,,,,,
213,,STEERING GEAR WITH ACCESSORIES,,,,,,,
282,,'A' BRACKET,,,,,,,
3141,,ASSY COCK,,,,,,,
280,,B&D_Hinge Pin,,,,,,,
3990,,WEAPON SYSTEMS,,,,,,,
3141,,RING 1B 42 GOST 13941-68,,,,,,,
3141,,ring,,,,,,,
3141,,SLIDE VALVE SPRING,,,,,,,
3141,,ASSY PACKING DISC,,,,,,,
3141,,TIE - ROD,,,,,,,
3508,,PRECESION  MACHINED  COMPONENTS,,,,,,,
3141,,SPRAYER (INJECTOR ASSY),,,,,,,
7111,,HIRE OF LORRY,,,,,,,
3141,,BUSH OF CON. ROD BIG END,,,,,,,
3141,,BUSH OF CONNECTING ROD BIG END,,,,,,,
1222,,LUBRICANT & GREASE,,,,,,,
3141,,PIN TYPE HEATER PLUG ASSY,,,,,,,
3141,,JET(ASSY),,,,,,,
3141,,BACK VALVE,,,,,,,
3141,,BI-METAL RING,,,,,,,
3141,,COUPLING SPRING,,,,,,,
3141,,BUSH R1,,,,,,,
3141,,OBLIQUE SHAFT BUSHING,,,,,,,
3141,,INCLINED SHAFT GEAR BEARING,,,,,,,
3141,,BALL BEARING BOX,,,,,,,
3141,,SHAFT WITH LEVER,,,,,,,
9682,,CHEMICAL & METALLOGRAPHIC TEST,,,,,,,
3141,,SHIELD,,,,,,,
3141,,SERVO PISTON SPRING,,,,,,,
3141,,LARGE VALVE SPRING,,,,,,,
3141,,THRUST RING,,,,,,,
3141,,CYL. HEAD COVER LH,,,,,,,
3141,,T-JOINT DURING ASSY,,,,,,,
7101,,packers and mover,,,,,,,
2501,,SCREW,,,,,,,
2173,,CASTING,,,,,,,
3141,,CYL.HEAD COVER RH,,,,,,,
3141,,"ASSY, PACKING UNITS",,,,,,,
8315,,STOCK / ACCOUNTING RELATED ACTIVITY,,,,,,,
3141,,LH INCLINED SHAFT CASING,,,,,,,
3141,,BACK VALVE SPRING,,,,,,,
3141,,LOCK RING,,,,,,,
3141,,SPACER ASSY,,,,,,,
3141,,STARTING VALVE BUSH,,,,,,,
3141,,DISC WASHER,,,,,,,
3141,,PUSH ROD ASSY,,,,,,,
3141,,DISTANCE BUSHING,,,,,,,
3141,,SPACER,,,,,,,
6331,,TIE ROD,,,,,,,
6331,,PIN OF ARTICULATED CON ROD ASSY,,,,,,,
6331,,SPRAY TIP,,,,,,,
6331,,BALL,,,,,,,
6331,,SPRING,,,,,,,
6331,,ASSY OF CONTROL RACK,,,,,,,
6331,,REGULATOR SPRING FIRST,,,,,,,
6331,,DISCHARGING VALVE SPRING (DELIVERY),,,,,,,
6331,,WASHER 14T 65G 06 GOST 6402-70,,,,,,,
6331,,FIRST SPRING GOVERNOR,,,,,,,
6331,,FUEL PUMP SHAFT,,,,,,,
6331,,ASSY FILTER,,,,,,,
6331,,SECOND SPRING OF REGULATOR,,,,,,,
6331,,SPRAY TIP NUT,,,,,,,
6331,,INJECTOR WITH FILTER,,,,,,,
6331,,FUEL INJECTION PUMP SHAFT,,,,,,,
6331,,STEEL 12XH3A 45 MM DIA,,,,,,,
6331,,GASKET,,,,,,,
2328,,AEROSOL LIQUID 1 LITRE (IN BOTTLE/CAN),,,,,,,
392,,BAILEY BRIDGE SWBB_200FT,,,,,,,
392,,BAILEY BRIDGE SWBB_30FT,,,,,,,
392,,BAILEY SUSPENSION BRIDGE BSB_200FT,,,,,,,
1203,,PURCHASING OF 1) 1K CONTACTLESS CARD-300,,,,,,,
392,,BAILEY SUSPENSION BRIDGE BSB_240FT,,,,,,,
392,,BAILEY SUSPENSION BRIDGE BSB_280FT,,,,,,,
392,,BAILEY SUSPENSION BRIDGE BSB_320FT,,,,,,,
392,,BAILEY SUSPENSION BRIDGE BSB_360FT,,,,,,,
392,,BAILEY SUSPENSION BRIDGE BSB_400FT,,,,,,,
344,,EXHAUST FAN,,,,,,,
392,,MAN PORTABLE ASSAULT  BRIDGE (MPAB),,,,,,,
6331,,FUEL PUMP ASSY,,,,,,,
392,,BAILEY BRIDGE EWBB_200FT,,,,,,,
1684,,GASKET 765-06-828,,,,,,,
392,,GBB 30 FT  BAILEY BRIDGE,,,,,,,
6331,,FILTER,,,,,,,
6331,,DELIVERY VALVE SPRING,,,,,,,
6331,,FUEL INJECTION PUMP(HK-12M),,,,,,,
6331,,SEALING RING ASSEMBLY.,,,,,,,
6331,,LOWER SPRING PLATE,,,,,,,
6331,,WASHER,,,,,,,
6331,,LIMITER SCREW,,,,,,,
6331,,TAPPET (PUSHER),,,,,,,
6331,,GOVERNOR CROSS,,,,,,,
6331,,FILTERING ELEMENT,,,,,,,
6331,,RING 1B 42 GOST 13941-68,,,,,,,
6331,,FUEL PUMP BODY,,,,,,,
6331,,SPRAYER (INJECTOR ASSY),,,,,,,
6331,,AUTOMATIC F.I.P.ADV.ANGLE COUP,,,,,,,
6331,,FUEL INJECTION PUMP HK-12M,,,,,,,
6331,,TAPPET,,,,,,,
6331,,GOVERNOR SLOTTED DISC,,,,,,,
6331,,RING WOOD SCREW,,,,,,,
6331,,OIL PUMP ASSEMBLY.,,,,,,,
6331,,PIPE ASSY,,,,,,,
6331,,AIR STARTING SYSTEM PIPE LINE,,,,,,,
6331,,SPACER,,,,,,,
520,,PISTON PIN,,,,,,,
520,,PACKING RING PISTON,,,,,,,
520,,PISTON WITH RING ASSY,,,,,,,
520,,OIL CONTROL PISTON RING,,,,,,,
520,,COMPRESSION RING,,,,,,,
520,,COMPRESSION PISTON RING,,,,,,,
520,,ASSY PISTON PIN WITH END CAP,,,,,,,
520,,"OIL SLINGER ,OIL CONTROL RING PISTON",,,,,,,
520,,OIL CONTROL PISTON RING WITH EX,,,,,,,
520,,OIL CONTROL RING WITH EXPANDER  ASSY,,,,,,,
520,,PISTON ASSEMBLY UTD-20,,,,,,,
3145,,RACE UPPER-SEMI MACHINED(T90),,,,,,,
520,,PISTON OIL SLINGER RING,,,,,,,
520,,PISTON R2,,,,,,,
520,,PISTON WITH RINGS ASSY,,,,,,,
2330,,VALVE ASSY,,,,,,,
520,,PACKING RING PISTON R2,,,,,,,
1236,,"COATED METALLIC ELECTRODES OF 18% CR,",,,,,,,
520,,PACKING RING PISTON R1 SIZE,,,,,,,
520,,OIL SLINGER /OIL CONTROL RING PISTON,,,,,,,
5289,,OIL PRIMING PUMP MEH-2C WITH ELECTRIC,,,,,,,
520,,OIL SCRAPER PISTON RING,,,,,,,
9062,,LED FLOOD LIGHT-30 WATTS IP67 FOR CNC MC,,,,,,,
520,,PISTON WITH RING (R1),,,,,,,
2997,,ANNUAL MAINTENANCE CONTRACT FOR GODREJ,,,,,,,
2303,,DRIVING DISK ASSY,,,,,,,
5809,,"CHEEK,CARRIER PLANET",,,,,,,
520,,PISTON,,,,,,,
520,,PISTON WITH RING,,,,,,,
520,,CYLINDER LINER (T-90),,,,,,,
3657,,SOLID CARBIDE DRILL DIA 16MM,,,,,,,
8682,,HOSE JOINT,,,,,,,
3990,,ORDNACE QF 120 MM TK GUN MK III,,,,,,,
8682,,HOSE FROM OIL PUMP TO OIL CLEANER,,,,,,,
1976,,POLYTHENE COVER 450 X 280 X 0.2MM,,,,,,,
8682,,HOSE,,,,,,,
5641,,INLET VANE  DEVICE,,,,,,,
8682,,FUEL SUPPLY FLEXIBLE HOSE,,,,,,,
8682,,FUEL PIPE LINE(FUEL TUBING ASSY),,,,,,,
2546,,CARRIER,,,,,,,
2546,,CARRIER CHEEK,,,,,,,
2546,,THRUST RING,,,,,,,
8682,,FUEL PIPE LINE (FUEL TUBING ASSY),,,,,,,
8682,,FUEL PIPE LINE ASSY,,,,,,,
2276,,COVER ASSY.,,,,,,,
2276,,WIRE ROPE ASSY.,,,,,,,
8682,,FLEX.HOSE FOR FUEL (TO FUEL FILL),,,,,,,
8682,,FUEL FILTER FLEXIBLE HOSE,,,,,,,
414,,ANR HEAD GEAR 2 MTS CABLE LENGTH,,,,,,,
8682,,FUEL TUBING ASSY,,,,,,,
3433,,PRIMER PERCUSSION,,,,,,,
3433,,PROP.NC.1066 FOR 40 MM L/70,,,,,,,
8682,,FUEL SUPPLY FLEXIBLE HOSE ASSY,,,,,,,
3433,,125 MM FSAPDS/T (PMT VERSION),,,,,,,
3433,,CARTRIDGE PP-3(MODIFIED) ELECTRIC,,,,,,,
3433,,SQUIB.PP3,,,,,,,
405,,GCS INDIGENOUS ASSEMBLY-BACKUP BATTERY,,,,,,,
394,,COVER,,,,,,,
4242,,ELECTRICALLY HEATED OVEN,,,,,,,
61,,AUTOMOTIVE GEAR OIL SAE VISCOSITY GRADE,,,,,,,
61,,RADIATOR COOLANT,,,,,,,
3673,,RELAY PEC47,,,,,,,
3673,,CABLE NO.2,,,,,,,
3673,,RELAY PEC48A PC4.590.201,,,,,,,
2568,,SUPPORT,,,,,,,
229,,SOLID CARBIDE DRILL DIA 10.2 THRO COOLAN,,,,,,,
229,,DRILL TWIST HSS M35 PARALLEL SHANK LONG,,,,,,,
2367,,SHEET STEEL GR:15-4-II,,,,,,,
5419,,PRESS. LINE FILTER ELE 0400 DN 010 BN4HC,,,,,,,
7432,,ANSYS(MECHANICAL AND CFD) WITH 3 HPC PAC,,,,,,,
5504,,MAINTENANCE CONTRACT FOR 3D CMM MACHINE,,,,,,,
8682,,PIPE,,,,,,,
8682,,PIPE FOR SUPPLY OF OIL TO FUEL PUMP,,,,,,,
8682,,"PIPES,R.H.BANK OF CYLINDER",,,,,,,
8682,,PIPE LINE (OIL FILTER TO MAIN CLY),,,,,,,
8682,,PIPE TO FUEL PUMP,,,,,,,
8682,,PIPE LINE,,,,,,,
8682,,PIPE FEEDING OIL TO CAMSHAFT RH ASS,,,,,,,
8682,,PIPE FEEDING OIL TO CAMSHAFT LH ASS,,,,,,,
8682,,PIPE ASSY,,,,,,,
8682,,HIGH PRESSURE FUEL TUBING,,,,,,,
8682,,HIGH PRESSURE FUEL PIPE LINE ASSY.,,,,,,,
8682,,HIGH PRESSURE PIPE LINE,,,,,,,
8682,,HEATING PIPE UPPER R.H.,,,,,,,
8682,,HEATING PIPE LOWER R.H.,,,,,,,
3348,,BEARING(304K),,,,,,,
3348,,BALL BEARING 6205Z,,,,,,,
3348,,BEARING 42305 M ETY 500-65,,,,,,,
3348,,BEARING 92305 M ETY 500-65,,,,,,,
563,,VALVE DISC LOCK,,,,,,,
563,,ASSY VALVE INTAKE WITH DISC LOCK,,,,,,,
1019,,Parachute Tactical Assault- Main (PTA-M),,,,,,,
1019,,Parachute Tactical Assault- Reserve (PTA-R),,,,,,,
1019,,Parachute Paratroop Type- Main (PTR-M),,,,,,,
1019,,High Altitude Parachute (HAP),,,,,,,
1019,,Combat Free Fall Parachute (Ram Air 9 Cell Para),,,,,,,
1019,,Heavy Drop Parachute System for AN-32 Aircraft,,,,,,,
1019,,Heavy Drop Parachute System P-7,,,,,,,
1019,,Brake Parachute for SU-30 Aircraft,,,,,,,
1019,,Brake Parachute for MiG-21 Aircraft,,,,,,,
1019,,Brake Parachute for MiG-23 Aircraft,,,,,,,
1019,,Brake Parachute for MiG-29 Aircraft,,,,,,,
1019,,Brake Parachute for Jaguar Aircraft,,,,,,,
1019,,Pilot Parachute for Kiran Aircraft,,,,,,,
1019,,Pilot Parachute for Jaguar Aircraft,,,,,,,
1019,,Parasail,,,,,,,
1019,,Parachute for Illuminating Ammunition,,,,,,,
1019,,Float Assembly for K M Bridge,,,,,,,
1019,,Inflatable Boat Geminicraft,,,,,,,
394,,Hindustan-228 Aircraft,,,,,,,
394,,Multi-role Aircraft,,,,,,,
394,,GPS GLONASS GAGAN Inertial Navigation System,,,,,,,
394,,Inertial Navigation and Global Positioning System,,,,,,,
394,,Multi Functional Display System,,,,,,,
394,,Head Up Display,,,,,,,
394,,Flight Data recorderCockpit Voice RecorderCombi Recorder,,,,,,,
394,,Digital Audio Management Systems,,,,,,,
394,,Solid State Data Video Recorder,,,,,,,
394,,COMBINED INTERROGATOR AND TRANSPONDER,,,,,,,
394,,IFF MK XII S Transponder with ADS-B Out,,,,,,,
394,,VORILSMARKER RECEIVER,,,,,,,
394,,ADVANCED TACTICAL AIR NAVIGATION,,,,,,,
394,,SELCAL DECODER,,,,,,,
394,,DISTANCE MEASURING EQUIPMENT,,,,,,,
394,,MULTIMODE NAVIGATION SYSTEM,,,,,,,
394,,VHF ATC Radio,,,,,,,
394,,VHF or UHF Tactical Radio,,,,,,,
394,,Air Data computer,,,,,,,
394,,Radio Altimeter,,,,,,,
394,,Main Wheel,,,,,,,
394,,Nose Wheel,,,,,,,
394,,Brake Unit,,,,,,,
394,,Transformer rectifier Unit,,,,,,,
2961,,TURRET PNEUMATIC EQUIPMENT 675-04-Cb1,,,,,,,
1019,,Brake Parachute for LCA (Tejas) Aircraft,,,,,,,
1019,,Stabilizing Parachute System SP-36,,,,,,,
1019,,Boat Reconnaissance Pneumatic 3 Men 2A,,,,,,,
5182,,WELDING ELECTRODE TO SIZE 3.15 SPECN,,,,,,,
1019,,Equipment Cargo Aerial Delivery Parachute Supply Dropping 8.5 m,,,,,,,
1019,,Boat Assault Pneumatic Light Weight 1A,,,,,,,
1019,,"Pilot Parachute for PSM Series 3, 4 & 5 for MIG Aircraft",,,,,,,
6476,,BEARING 8100 GOST 6874-75 ETY 500,,,,,,,
1019,,Parachute System for Air Droppable Container,,,,,,,
1019,,Parachute Recovery System for PTA Lakshya Mk-II,,,,,,,
1019,,Parachute System for FIAM of Advanced Light Weight Torpedo,,,,,,,
1019,,Parachute System for Supersonic Missile Assisted Release of Torpedo,,,,,,,
1019,,Splint Inflatable,,,,,,,
1019,,Trouser for Danger Building,,,,,,,
1019,,Coat for Danger Building,,,,,,,
1019,,Coat Combat Disruptive with/without Logo,,,,,,,
1019,,Trouser Extreme Cold Climate,,,,,,,
1019,,Multi Purpose Rain Poncho with Mattress,,,,,,,
5171,,"GYROSCOPE, RATE SINGLE AXIS (ELEVATION)",,,,,,,
1019,,Multi Purpose Rain Poncho,,,,,,,
1019,,Poncho Glacier,,,,,,,
1019,,Defence Uniform,,,,,,,
1019,,Pilot Parachute for MIG-29 Aircraft,,,,,,,
2790,,TRACK ASSY TO DRG NO. 675-35-CD9,,,,,,,
1019,,Pilot Parachute for Mirage-200 Aircraft,,,,,,,
1019,,Pilot Parachute for SU-30 Aircraft,,,,,,,
1116,,CU-NI FITTINGS,,,,,,,
1116,,MS FITTINGS,,,,,,,
1116,,BRASS FITTINGS,,,,,,,
541,,HYDRAULIC SHOCK ABSORBER 765-32-CD116,,,,,,,
4602,,PORTABLE SUBMERSIBLE PUMP,,,,,,,
9884,,FLOOD LIGHT BATTERY OPERATED,,,,,,,
35,,"O-RING,PART.NO:4-71121-22-801-0.",,,,,,,
9884,,HELMET WITH HEAD LAMP,,,,,,,
3536,,Eddy Current Dynamometer,,,,,,,
424,,ROPE,,,,,,,
6565,,SDSL VALVES,,,,,,,
6565,,SDNR VALVES,,,,,,,
289,,WELDING ELECTRODE TO SIZE DIA 4MM,,,,,,,
3313,,STERN TUBE,,,,,,,
3313,,RUDDER,,,,,,,
3313,,RUDDER STOCK,,,,,,,
3313,,NECK BEARING,,,,,,,
3313,,ACCOMODATION LADDER,,,,,,,
3313,,MOORING CAPSTAN,,,,,,,
3313,,ELECTRO HYDRAULIC ARICULATED,,,,,,,
3313,,TILLER ARM,,,,,,,
244,,MAIN ENGINE,,,,,,,
215,,SDSL VALVE,,,,,,,
215,,SDNR VALE,,,,,,,
215,,BALL VALVE,,,,,,,
215,,BUTTERFLY VALVE,,,,,,,
215,,GM VALVE,,,,,,,
1072,,Combat Uniform,,,,,,,
234,,OSD PUMP,,,,,,,
234,,FO TRANSFER PUMP,,,,,,,
234,,LO TRANSFER PUMP,,,,,,,
234,,AVACAT TRANSFER PUMP,,,,,,,
234,,BILGE PUMP,,,,,,,
234,,BILGE AND BALLAST PUMP,,,,,,,
1072,,Coat Combat (Digital Print),,,,,,,
234,,FIRE PUMP,,,,,,,
234,,HYDROPHORE PUMP,,,,,,,
1072,,Rain Cape Multipurpose (Poncho),,,,,,,
1756,,GASKET,,,,,,,
3279,,EMERGENCY COMPRESSORS,,,,,,,
3279,,HIGH PRESSURE AIR COMPRESSORS,,,,,,,
4347,,CU-NI FITTINGS,,,,,,,
1072,,Coat ECC (Improved Version),,,,,,,
4347,,MS FITTINGS,,,,,,,
4347,,FABRICATED FITTINGS,,,,,,,
4347,,TANKS,,,,,,,
4347,,SS FITTINGS,,,,,,,
4347,,ERMETTO FITTINGS,,,,,,,
1072,,Cap Balaclava (OG) Improved Version,,,,,,,
3284,,BILGE AND BALLAST PUMP,,,,,,,
3284,,HYDROPHORE PUMP,,,,,,,
3284,,EMERGENCY FIRE PUMP,,,,,,,
3284,,CENTRIFUGAL PUMPS,,,,,,,
1072,,Mattress ECC,,,,,,,
3284,,FO TRANSFER PUMP,,,,,,,
3284,,LO TRNSFER PUMP,,,,,,,
3284,,AVACAT TRANSFER PUMP,,,,,,,
6849,,TV,,,,,,,
6849,,IRON,,,,,,,
6849,,WASHING MACHINE,,,,,,,
6849,,Appliances,,,,,,,
1072,,Boot High Ankle PU Rubber Sole,,,,,,,
9736,,SDSL VALVE,,,,,,,
9736,,SDNR VALE,,,,,,,
9736,,BALL VALVE,,,,,,,
9736,,BUTTERFLY VALVE,,,,,,,
9736,,GM VALVE,,,,,,,
1072,,Snow Boot,,,,,,,
9736,,STORM VALVE,,,,,,,
1072,,Modular Gloves,,,,,,,
1072,,Rucksack 90 L,,,,,,,
1072,,Bag Kit Universal MK-II,,,,,,,
3298,,EMERGENCY AIR COMPRESSORS,,,,,,,
1072,,Bullet Resistant Jacket,,,,,,,
3261,,PIPE CLAMP,,,,,,,
3261,,BULK HEAD PEICE,,,,,,,
3261,,SOUNDING PIPE,,,,,,,
1072,,Bullet Resistant Vest,,,,,,,
3261,,SET IN FLANGE,,,,,,,
3261,,SET ON FLANGE,,,,,,,
1072,,Ballistic Helmet,,,,,,,
3261,,SLIP ON FLANGE,,,,,,,
3261,,FLANGES,,,,,,,
3261,,MS PIPE,,,,,,,
1072,,Light Weight Sleeping Bag(-50°C),,,,,,,
10077,,SDSL VALVE,,,,,,,
10077,,SDNR VALE,,,,,,,
10077,,GM VALVE,,,,,,,
10077,,BALL VALVE,,,,,,,
1072,,Tent Extendable Frame Supported (TEFS),,,,,,,
1072,,Tent Arctic Medium MK-II,,,,,,,
1756,,PIPE HOSE,,,,,,,
1756,,NEOPRENE RUBBER,,,,,,,
1756,,NATURAL CELLULOSE FIBRE GASKET,,,,,,,
1072,,Equipment Cargo Aerial Delivery(ECAD) Supply Drop Parachute 8.5 Mtr.,,,,,,,
234,,B&D SPARES,,,,,,,
234,,ONBOARD SPARES,,,,,,,
1072,,Multiple Element Net Assembly,,,,,,,
299,,RF products,,,,,,,
346,,Cable harness,,,,,,,
689,,Chemical consumables,,,,,,,
1209,,Labels and name plates,,,,,,,
7,,Cement and clinker products,,,,,,,
139,,Folding commode chair,,,,,,,
151,,EMS facility with PCB Assembly,,,,,,,
210,,Telecom Equipment,,,,,,,
233,,Aluminium casting,,,,,,,
259,,bearings,,,,,,,
241,,precision manufacturing,,,,,,,
1920,,Sleeves and Boots,,,,,,,
2881,,Racks,,,,,,,
5691,,Hold down Assembly,,,,,,,
2630,,Plating and painting,,,,,,,
498,,Design and development of custom built Electronics systems,,,,,,,
266,,Airborne handling Systems,,,,,,,
278,,Machinary for mining construction,,,,,,,
290,,BTP and BTS wire harness and looming,,,,,,,
308,,High precision Engineering solution,,,,,,,
317,,"Analysers,Anodes and cathode, filtration ,gas diffusion electrodes",,,,,,,
328,,"XLPE CABLES,PVC CABLES,ELASTOMERIC CABLES,",,,,,,,
349,,DIGITAL MULTIMETER,,,,,,,
354,,IT SERVICES AND ENGINEERING PRODUCTS,,,,,,,
355,,"TELESCOPIC MASTS,TRIPODS,POWER ELECTRONIC",,,,,,,
403,,MOLDING OF ABS PLASTICS,,,,,,,
412,,SOLAR PHOTOVOLTAIC POWERPLANT SOLUTION,,,,,,,
452,,"SERVERS,WORKSTATION,DATA STORAGE",,,,,,,
463,,NETWORK CLOUD AND SECURITY SOLUTIONS,,,,,,,
469,,AUTOMOBILES,,,,,,,
470,,ALLOY STEEL CASTINGS,,,,,,,
472,,INDUSTRIAL AND COMMERCIAL INSULATION MATERIALS,,,,,,,
475,,MANAGEMENT SERVICES,,,,,,,
484,,QUALITY ALUMINIUM EXTRUDED PRODUCTS,,,,,,,
485,,CONNECTORS,,,,,,,
499,,"TESTING OF FUELING MACHINE COLUNS,SHUTTLE STATION",,,,,,,
506,,DIGITAL SIGNATURE,,,,,,,
497,,"SPECTRUM ANALYSERS,SIGNAL GENERATORS",,,,,,,
510,,IT solutions,,,,,,,
514,,Expertise in learning and people solution,,,,,,,
525,,EOT cranes and Gantry cranes,,,,,,,
543,,Construction Equipment,,,,,,,
567,,Security and Intelligence service,,,,,,,
575,,E waste recycling and refurbishing,,,,,,,
588,,cryogenic and non cryogenic equipment,,,,,,,
634,,"Digital projectors, Home theater etc",,,,,,,
649,,"Material Handling, Euro Pallets & Metal Pallets",,,,,,,
685,,"cooling towers, air-cooled heat exchangers, and air-cooled steam condensers",,,,,,,
693,,"specializes in medical accessories, traffic safety products, and assembles laser cameras and breath analyzers",,,,,,,
698,,"Equipment for cotton testing, evenness testing, and spindle monitoring systems,",,,,,,,
700,,Double Sided PCB. Printed Circuit Board. Solar Printed Circuit Board. Prototype Paper PCB. Power Circuit Board. Single Side PCB. Custom Circuit Board. Double Side Prototype PCB.,,,,,,,
713,,"Racks, enclosures, and accessories for computer, electronic, and communication equipment",,,,,,,
716,,"Material handling equipment, particularly cranes and hoists",,,,,,,
723,,"Sheet metal components, press tools, and jigs & fixtures",,,,,,,
726,,"Meters, testers, sensors, and calibration equipment",,,,,,,
737,,Axle Suspension Bearing for Traction Motors,,,,,,,
741,,"high voltage transformers, pulse transformers, high voltage connectors, and spark gaps",,,,,,,
793,,"high voltage transformers, pulse transformers, high voltage connectors, and spark gaps",,,,,,,
768,,3D Printing · SLS Sinterstation · MK Vaccum Casting · Rapid Vaccum Casting · Reaction Injection Moulding · Investment Casting Foundry,,,,,,,
793,,"solar solutions, IT services, and specific industrial equipment.",,,,,,,
796,,"solar photo voltaic systems , solar power plant, solar street light",,,,,,,
833,,"Flexible Matte PVC Sheets, Stainless Steel Round Ducting Systems, and Electric Air Blowers",,,,,,,
841,,"Communication Intelligence (COMINT) and Electronic Warfare (EW) systems, as well as cyber and network security solutions.",,,,,,,
845,,"dairy, edible oils, and processed foods.",,,,,,,
881,,Power Control Center; Motor Control Center; Power Distribution Panel; Auto Power Factor Control Panel; Synchronization Panel ...,,,,,,,
882,,"variety of computer-related products. These include HP Laserjet printers, HP laptops, Dell Alienware laptops, Dell Inspiron laptops, Dell XPS laptops, and computer paper",,,,,,,
897,,"textiles and apparel products. These include fabrics for clothing, uniforms, and home textiles, as well as ready-to-wear garments.",,,,,,,
915,,Felt Sheets · Parachute Fabric · Viscose Yarn · Wedding Chair Cover · Sequin Embroidery.,,,,,,,
935,,"Boats, Aircraft parts, Aircraft & Other Products",,,,,,,
959,,"fiberglass fabrics, carbon fiber fabrics, Teflon coated fabrics, PTFE and silicone coated fabrics,",,,,,,,
969,,"various types of water purification and distribution systems, as well as specialized equipment like bioreactors, fermenters, and pure steam generation systems.",,,,,,,
983,,"bearings, oils (transformer, gear, spindle, hydraulic), and industrial greases",,,,,,,
1024,,SPACEFARING TECHNOLOGIES PRIVATE LIMITED,,,,,,,
1081,,"spray painting, metal coating, and various finishes like metallic, glossy, and matt.",,,,,,,
1082,,"Supplier of Foam,Rexine & PU Products",,,,,,,
1094,,Zip Lock Bags. Anti-Static Films. Shrink Film. Stretch Film. PP Flexible Straws. Barrier Film. Bags Pouches and Liners. Air bubble film. Hygiene products .,,,,,,,
1099,,Printing Machine Paper Cutting Stick. Printer Absorbent Cotton. Technova UV Uniwash Printing Chemical. AB Color Recording Graphic Art Printing Film. Offset Press Roller Wash. 2 Ply Offset Printing Rubber Blanket. Uv Wash 60. Varn Anti Setoff Powder.,,,,,,,
1108,,Heat and Oil Resistant Safety Shoes,,,,,,,
1128,,"including plywood, wooden boxes, pallets, and custom furniture",,,,,,,
1131,,"plywood, blockboards, flush doors, and decorative laminates",,,,,,,
1152,,"engine covers, console panels, wheel arch liners, and various other parts",,,,,,,
1161,,"payment cards, smart wearables, and RFID solutions",,,,,,,
1182,,provides creative solutions across new and traditional. With over 30 years of experience,,,,,,,
1183,,ENERTECH COMNET PRIVATE LIMITED,,,,,,,
1193,,"Membrane Keypads, Graphic Overlays, and PU Dome Stickers",,,,,,,
1206,,"air bubble rolls, tapes, packaging films, and more",,,,,,,
1210,,"security holograms, holographic labels, and holographic packaging films",,,,,,,
1243,,"offers refining, recovery, coins, bars, precious metal chemicals, electroplating chemicals, and jewelry findings.",,,,,,,
1266,,"anti-cancer medicines, paracetamol tablets, and Disprin products",,,,,,,
1271,,"resistors, inductors, and potentiometers",,,,,,,
1292,,"bleaching powder, hydrochloric acid, caustic soda, degreasing chemicals, and hydrated lime",,,,,,,
1301,,"chemicals for swimming pools, reverse osmosis (RO) systems, cooling towers, boilers, and other industrial applications",,,,,,,
1327,,"matrix resin systems, adhesives, insulating resins, varnishes, and construction chemicals",,,,,,,
1333,,"epoxy hardeners, wooden hangers, school stationery, laminates, and crack fillers",,,,,,,
1352,,"industrial and medical gases, including liquid and gaseous oxygen, liquid and gaseous nitrogen, and carbon dioxide",,,,,,,
1327,,"Electrical insulation, adhesives & resins, corrosion protection, and construction chemicals",,,,,,,
1333,,"Epoxy hardeners, wooden hangers, school stationery, laminates, and crack fillers",,,,,,,
1333,,"epoxy hardeners, wooden hangers, school stationery, laminates and crack fillers",,,,,,,
1339,,Innovation | Excellence | Quality · Sticky Floor Heating Mat · Undertile Heating Cables/Underfloor Heating Cables · Laminate Floor Heating Mat · Floor Heating,,,,,,,
1374,,"power cables, control and signaling cables, aerial bunched cables, mining cables, and thermocouple compensation cables",,,,,,,
1383,,"sanitary ware, pipe fittings, plastics, and chemicals",,,,,,,
1442,,"cable carriers, chain-suitable cables, conveyor systems, guideway protection, and ready-to-connect cable carrier systems",,,,,,,
1447,,"Geared servo motors, electric and linear actuators, and solenoids.",,,,,,,
1484,,"Universal VLSI Evaluation Boards, FPGA based products (like the FPGA Vertex and FPGA Spartan modules), and RFID based access control systems",,,,,,,
1523,,"membrane keypads, capacitive switches, and sealed keyboard panels",,,,,,,
1605,,"cleaning machines, floor & wall cleaners, furniture maintenance, laundry products, and washroom maintenance & hygiene solutions",,,,,,,
1638,,"synthetic oils, synthetic greases, silicone grease, specialized sprays, and vacuum oils and greases",,,,,,,
1650,,"ADHESIVE TAPES FOR THE ELECTRICAL, ELECTRONICS",,,,,,,
1665,,"RO plants, zeolite powder, electric control panels, and more",,,,,,,
1683,,Waste Management Service,,,,,,,
1690,,"Industrial Chemicals, Butane Gas",,,,,,,
1695,,"Online & Offline UPS, Voltage Stabilizers, Integrated Solar UPS and Battery Chargers",,,,,,,
1717,,"automobile parts, hydraulic hoses, rubber sheets, and various industrial hoses",,,,,,,
1726,,"integrated EMI/ NBC protected static and mobile Shelters, Rapid Deployment Soft Shelters, Integrated Field Shelters",,,,,,,
1759,,"custom molded rubber, plastic, and composite components",,,,,,,
1761,,Globe Valves · Gate Valves / Sluice Valves · Check Valves / NRV · Ball Valves · Strainers · Butterfly Valves · Pressure Reducing Valves,,,,,,,
1777,,"Returnable Rack prototypes, aluminum fabrications",,,,,,,
1786,,"ESD control products, and industrial equipment",,,,,,,
1792,,high-performance rubber components,,,,,,,
1824,,"Pull Handles, Rubber Products, Metal Hinges",,,,,,,
1857,,"shoe molds, ryles tubes, plastic caps and closures, plastic lids, and door stoppers",,,,,,,
1874,,"hydraulic seals, pneumatic seals, shaft seals, oil seals, rotary seals, mechanical face seals, aircraft seals, and various static seals",,,,,,,
1893,,Plastic Products,,,,,,,
1962,,ASSEMBLY MACHINING OF SIDE PLATE RH ASSY,,,,,,,
4793,,MAGNETIC GUIDED JOINTED SCALE,,,,,,,
7597,,REPAIR AND REVALIDATION OF AVWD,,,,,,,
3528,,SET OF 15 TYPES OF SPARES FOR INGERSOLL,,,,,,,
4028,,CALIBRATION OF SLIP GAUGE SETS.,,,,,,,
6727,,TRACK ASSEMBLY TO DRG.NO.FICV-35-CB9,,,,,,,
8128,,SUPPLY AND INSTALLATION OF FANUC MT LINK,,,,,,,
476,,M35(HSS) MACHINE TAP M10 X 1.5-7H.,,,,,,,
2745,,COVER 765-31-51,,,,,,,
835,,SOLVENT FOR DILUTING ALCOHOL BASED GRAPHITE,,,,,,,
3969,,BUMP PAD TO DRG NO.CV570 0118 9067,,,,,,,
6465,,BRUSH CUTTER MACHINE,,,,,,,
1641,,K-SMART PREMIUM SCREW COMPRESSOR OIL,,,,,,,
4066,,FLEXIBLE ARM TAPPING EQUIPMENT 350RPM,,,,,,,
3262,,Sewage Treatment Plant,,,,,,,
3262,,B&D Spares,,,,,,,
8574,,MCB DB (DISTRUBITION BOARD) SINGLE POLE,,,,,,,
9971,,Protable Marking Machine,,,,,,,
9971,,Metal Marking Machine,,,,,,,
9971,,integrated marking machine,,,,,,,
9971,,laser marking machine,,,,,,,
9971,,scribing marking machine,,,,,,,
9971,,E-Mark Battery Operated Portable Marking Machine,,,,,,,
9971,,E-Mark XL Battery Operated Portable Marking Machine,,,,,,,
9971,,E1 P123 Portable Marking Machine,,,,,,,
9971,,E10 R I113D Deep Marking machine,,,,,,,
9971,,E10 I53 Dot Peen Marking Machine,,,,,,,
9971,,E10 I63S Scribing Marking Machine,,,,,,,
9646,,HOT BOX CORE MAKING RESIN WITH CATALYST.,,,,,,,
9975,,Machine Dies,,,,,,,
9975,,Machine Moldes,,,,,,,
9975,,Precision machined Gears,,,,,,,
9975,,precision machined tools,,,,,,,
9975,,Loco components,,,,,,,
9884,,Flash Hoods & Gloves,,,,,,,
9884,,V Belts,,,,,,,
9884,,Fenders,,,,,,,
9884,,Turnbuckles,,,,,,,
9884,,Cargo Leashings,,,,,,,
9884,,GASKETS,,,,,,,
9884,,Sealents,,,,,,,
9884,,Fibre Glass Grating,,,,,,,
9884,,Life Jackets,,,,,,,
9884,,Lifebouy ring solas,,,,,,,
9884,,lifebuoy light MOB,,,,,,,
9884,,EEBD,,,,,,,
9884,,Fire Hose,,,,,,,
9884,,FLANGES,,,,,,,
9884,,Fire Fighting items,,,,,,,
9884,,Rigging and lifting appliances,,,,,,,
9884,,Nauticle Equpments,,,,,,,
7390,,Attendence Punching Machine,,,,,,,
7390,,Attendence Punching software,,,,,,,
4602,,Portable Non Submersible Pumps,,,,,,,
4406,,NC Spares,,,,,,,
4406,,CNC Spares,,,,,,,
2330,,WASHER FLAT 765-06-718,,,,,,,
216,,FORGING FOR BRACKET 765-33-50-2K,,,,,,,
8939,,CALIBRATION AND AMC FOR VELOCITY,,,,,,,
3971,,ELECTRONIC HEAVY DUTY DISPENSING PUMP,,,,,,,
414,,DIGITAL CONTROL HARNESS(DCH) FOR BMP-II,,,,,,,
7162,,ST SH 1.5X1250X2500MM GR-DD IS:513-86,,,,,,,
2318,,PHOTO COPYING PAPER SIZE:A2,,,,,,,
3673,,PLUG 2PM G 22 B 4 SCH 3E2 GEO.364.14,,,,,,,
2367,,ST STRIP 2X152.4XSTD L GR:75C6IS:2507H&T,,,,,,,
158,,INGOTS OF 99.7% PRIMARY AL COMPOSITION,,,,,,,
5641,,RADIATOR & COOLERS 765-03-K6,,,,,,,
6324,,"REVERSING SWITCH 3LAO.205-3YA,16A,415V.",,,,,,,
5861,,"EJECTOR AND AIR CLEANER, DRG-675-10-CD2",,,,,,,
254,,TRACK ASSY TO DRG NO. 675-35-CD9,,,,,,,
2451,,CRANK 765-31--50,,,,,,,
8177,,REPAIR & SERVICE OF PENTRA ES60 HORIBA,,,,,,,
61,,TRANSFORMER OILCONFORM NO TO IS 335-199,,,,,,,
8587,,PIPES AND FITTINGS,,,,,,,
555,,PIPING WORKS,,,,,,,
10336,,PIPES AND TUBES,,,,,,,
561,,CABLES,,,,,,,
4424,,CUTTING TOOLS,,,,,,,
418,,"CIVIL, ELECTRICAL WORKS",,,,,,,
4965,,JUNCTION BOX (JB),,,,,,,
4965,,MAGNETIC FLOAT LEVEL SENSOR,,,,,,,
4965,,SECRA AUTO CONTROL SYSTEM,,,,,,,
4965,,DC TO AC CONVERTER,,,,,,,
9209,,FIRE EXTINGUISHERS,,,,,,,
3544,,WELDING CONSUMABLES,,,,,,,
10598,,BRASS PLATES,,,,,,,
6638,,HOSE IMPERMEABLE WITH INSTANTANOES COUPLING,,,,,,,
6638,,FB 5X FOAM MAKING BRANCH PIPE,,,,,,,
6638,,AFFF SYSTEM,,,,,,,
6638,,NOZZLE JET SPRAY,,,,,,,
6638,,IN LINE FOAM IDUCTOR,,,,,,,
6638,,NOZZLE SPRAY JET,,,,,,,
1906,,"extruded and cast nylon products, POM (Polyoxymethylene) components, polycarbonate, polysulfone, PEEK (Polyetheretherketone) products",,,,,,,
1907,,"Plastic bags, film rolls, and EVA films",,,,,,,
1943,,Stern Thruster · Stern Thruster Extension Kit · Stern Thruster Tunnel · FRP Modular Toilet · FRP Panels · PU Moulded Foam.,,,,,,,
1945,,"High-precision, multi-cavity plastic injection molds",,,,,,,
1969,,3D printing and related services,,,,,,,
1982,,"customized rubber products, sealing accessories, oil seals, and O-rings",,,,,,,
1996,,"PU Foam, Pu Foam Sheet & Foam Sheet",,,,,,,
2002,,"laminated safety glass, tempered glass, heat strengthened glass, and specialty glass like bulletproof and bend glass",,,,,,,
2054,,"machine enclosures, cable carriers, electrical cabinets, electrical panel boards, and telescopic covers",,,,,,,
2057,,HEAVY STEEL FABRICATION · STEEL TUBES & PIPES · STEEL POLES · POLYMER PIPES · LED LIGHTS · STEEL STRUCTURES · HEAVY STEEL FABRICATION,,,,,,,
2063,,"carbon brushes, carbon products, and components made from materials like carbon fiber composites and silicon carbide",,,,,,,
2069,,high-precision aluminium castings,,,,,,,
2069,,high-precision aluminum castings,,,,,,,
2070,,"Nickel and Nickel-based speciality alloys, along with other industrial products",,,,,,,
2076,,"structural glazing, aluminium doors and windows, and electrical contracting.",,,,,,,
2077,,precision metal components,,,,,,,
2090,,"pharmaceutical products, including drug intermediates, fine chemicals, and specialty chemicals",,,,,,,
2152,,"aluminum and zinc die castings, sheet metal pressed components, and LED lighting solutions",,,,,,,
2198,,"Anti Vibration Mount, U Rubber Beading, Anti Vibration Buffer, Heavy Duty Shock Absorber Buffer",,,,,,,
2236,,automotive & defense component,,,,,,,
2407,,fine tungsten wires and fine molybdenum wires,,,,,,,
2424,,"aluminium extrusion products, including profiles, sections, and solids",,,,,,,
2426,,extensive range of aluminium profiles and sections,,,,,,,
2469,,Lifts|Elevators and Escalator Manufacturing,,,,,,,
236,,Gear box,,,,,,,
4912,,Steering Gear and Fin Stabilizer,,,,,,,
2293,,"environmental test chambers, including climatic test chambers, corrosion test chambers, and thermal shock chambers",,,,,,,
2459,,"Hybrid Metals offers tin/lead alloys, solder anodes, lead-free solders, various fluxes, cleaning chemicals, and PCB fabrication chemicals.",,,,,,,
2614,,"Stainless Steel Spray Nozzles. Rs 8,000 / Piece. ... Dry Fog Humidifier. Rs 50,000 / Piece. ... High Pressure unloading Valve. Rs 5,50,000 / Piece. ... Air Automizer Mist Nozzle. Get Best Price. Non Return Valve. Get Best Price. Jet Spray Nozzle For Marine. ... Industrial Spiral Nozzle. ... IPX3 IPX4 Spray Nozzle.",,,,,,,
2664,,Electrochlorination Unit · Chlor Alkali Electrolyzers · Cathodic Protection · DSA Anodes · Electrolytic Scale Remove,,,,,,,
2740,,"KritiScan X-Ray Scanning Systems, NuvoScan and DepScan under vehicle scanning systems, to AI based video analytics solutions such as TrafficMon",,,,,,,
2750,,"fasteners, including bolts, nuts, screws, and studs",,,,,,,
2887,,HEX HEAD SCREW · SOCKET HEAD ALLEN CAP SCREW · HEX HEAD BOLT HALF THREAD · HEX LOCK NUT · HEX FLANGE NUT · HEX NYLOCK NUT · COUNTERSUNK PHILIPS SELF ..,,,,,,,
2894,,"timing systems, ground support systems, on-board systems, industrial products, and MIL-STD Bus systems",,,,,,,
2916,,"defense-related products, particularly electromechanical systems and components, as well as additive manufacturing solutions",,,,,,,
2953,,"environmental simulation systems, heating technology solutions, and air-conditioning & cleanroom technology",,,,,,,
3050,,"magnesium products, including castings, extrusions, forgings, and wrought products",,,,,,,
3248,,designs and manufactures high vacuum equipment and optical components,,,,,,,
3356,,"coordinate measuring machines (CMMs), video measuring machines, height gauges, and in-process gauging systems",,,,,,,
3395,,"Pushpak designs and manufactures products for Aerospace, Defense, and Industrial sectors,",,,,,,,
3414,,Precision Mass Products is the most trusted Pressure and Temperature instrument manufacturers,,,,,,,
3500,,"industrial mixing equipment, blenders, dispersers and dryers",,,,,,,
3532,,"ESD control, antistatic & cleanroom products",,,,,,,
3577,,"Aviation Ground Support Equipment (GSE), Material Handling Equipment, and Aerial Access Equipment",,,,,,,
3624,,"Cold Rolling Mills, Slitting Lines (both CR and HR), Re-Winding Lines, Cut-to-Length Lines, and Coil Handling Equipment",,,,,,,
3629,,"desktop shredders, binders, laminators, money counting machines",,,,,,,
3639,,"solutions for disaster prevention, cyber security, GPS vehicle tracking, and drone manufacturing",,,,,,,
3654,,"test rigs, hydraulic systems, cooling systems, and lubrication systems",,,,,,,
3675,,"fluid systems, control systems, and components for defense and naval systems",,,,,,,
3689,,"spray painting equipment, paint booths, custom auto painting machines",,,,,,,
3701,,"etching machines, cleaning systems, stripping machines, and specialized equipment for both PCB and solar panel production",,,,,,,
3705,,"BOPs (Blowout Preventers), valves, chokes, and other related equipment",,,,,,,
3850,,"measuring instruments, hand tools, automation systems, and die molds.",,,,,,,
3878,,"PCB (Printed Circuit Board) design and fabrication, SMT (Surface Mount Technology) assembly, cable harness assembly, and complete subsystem packages",,,,,,,
3907,,"Additive Manufacturing (AM) services and solutions, particularly in 3D printing and related technologies",,,,,,,
4076,,"Dc Motor, Notebook, Printed Leaflet, Religious Books, Electrical Transformer, Power Rectifier",,,,,,,
4078,,Security & Surveillance Systems. GPS CLOCK. ... Intelligent Traffic Enforcement System. RADAR BASED SPEED ENFORCEMENT SYSTEM. ... Electronic Components. (KCCL as Subsidiary Company) ... Hearing Aid. SHRAVAN MINI. ... LED Lighting. LED 5W.,,,,,,,
4079,,General Purpose Relays,,,,,,,
4104,,"high-resolution displays, video conferencing equipment, and digital signage",,,,,,,
4125,,precision sheet metal components for the engineering and construction equipment segments,,,,,,,
4133,,"tilt sensors, digital compasses, encoders, EMI shielding solutions, and servo systems",,,,,,,
4173,,"CNC machined parts, assembly jigs, fixtures, and specialized tools.",,,,,,,
4195,,"AC-DC power supplies, DC-DC converters, and power distribution units",,,,,,,
4290,,"frequency control products for telecommunication, military and space applications",,,,,,,
4291,,"systems for Weapon Onboard, Ground, and Ship-borne/Submarine applications",,,,,,,
4333,,"connectors, battery lids, MEMS headers, and other customized glass-to-metal seals",,,,,,,
4375,,high precision machine components and fabricated structures,,,,,,,
4438,,"antennas, capacitors, filters, safety lights, and various electric circuit components",,,,,,,
4463,,"RF coaxial connectors, cable assemblies, antennas, fiber optic components, and multipin connectors",,,,,,,
4488,,"structured cabling, wireless solutions, security and surveillance systems, and facility management services",,,,,,,
4509,,Command Control · Public Safety · Software · Services · SCADA & ANALYTICS · Visualization · Data Historian · Analytics · Mobility Solution · IoT Solution,,,,,,,
4510,,"embedded PCs, PC add-on cards, evaluation boards, microcomputer trainers, protocol analyzers, test & measurement instruments, and universal device programmers.",,,,,,,
4513,,"enclosures, racks, and stamped components",,,,,,,
4542,,"enclosures, power distribution, and climate control solutions",,,,,,,
4571,,"metallized film capacitors (Polyester, Polycarbonate, PPS, Polypropylene) in various types",,,,,,,
4644,,"hand tools, fasteners, precision components, and material handling equipment",,,,,,,
4674,,Printed Circuit Boards (PCBs) and related services,,,,,,,
363,,composites and software solutions.,,,,,,,
363,,medical electronics,,,,,,,
363,,passive night vision devices,,,,,,,
363,,Electronic Voting Machines,,,,,,,
363,,airport solutions,,,,,,,
363,,railways & metro solutions,,,,,,,
363,,network & cyber security,,,,,,,
363,,"space electronics including satellite integration,",,,,,,,
363,,energy storage products including e-vehicle charging stations,,,,,,,
4746,,"insulated electric wires and cables, coaxial cables, flat multicore cables, and PTFE sleeves",,,,,,,
4747,,"PTFE Wire, PTFE Cables",,,,,,,
4757,,BGA Rework Station,,,,,,,
4893,,PCB layout design,,,,,,,
4979,,"digital LED clocks, time difference measurement systems, NTP master servers, and industrial computing solutions",,,,,,,
4996,,"Switch Mode Power Supplies, AC-DC Converters, DC-DC Converters, Industrial Automation equipment, and more",,,,,,,
5037,,"semiconductors, connectors, capacitors, resistors",,,,,,,
5055,,diverse range of cutting-edge electronic products,,,,,,,
5072,,"glass lenses, injection molded plastic lenses, anti-reflection coatings",,,,,,,
5077,,"piezo electric ring elements, spherical elements, and piezoelectric plates, as well as PZT transducers for ultrasonic cleaners",,,,,,,
5117,,"current sensors, AC drives, and environmental monitoring solutions",,,,,,,
5124,,"electrical and mechanical components, building and construction materials, and facility management services",,,,,,,
5174,,high-precision PCB assembly and integrated system solutions,,,,,,,
5216,,"Battery Charger, Rectifiers, Measuring Equipment, Land Line Phones, Bridge Rectifier, Solar Power",,,,,,,
5248,,Advanced Packaging | IC & Discrete | CMOS Image Sensor | LED / Photonics ; Advanced Metrology | Full Automated ; Semiconductor Testing? ; SEM Solutions,,,,,,,
8569,,RENEWAL OF INTERNAL TANK PLATES AND STRUCTURES,,,,,,,
8569,,Fabrication of  pipes of different sizes,,,,,,,
8569,,Fittings required for fabrication pipes,,,,,,,
8569,,Stern Tube,,,,,,,
8569,,Forward Hydroplane,,,,,,,
8569,,Fabrication & installation of Fore Body,,,,,,,
8569,,Fabrication of  Non HY80 Foundation & St,,,,,,,
8569,,Installation of Non HY80 Foundation & St,,,,,,,
8569,,Anode fabrication & Installation,,,,,,,
8569,,FABRICATION & INSTALLATION OF SONARDOME,,,,,,,
3449,,"SPARES OF AC CONDENSER AND COMPRESSOR, PAINTS FOR AC & REFRIGERATION PLANT",,,,,,,
3449,,A/C SYSTEM REMOVAL,,,,,,,
3449,,A/C SYSTEM REINSTALL,,,,,,,
3449,,A/C SYSTEM OVERHAUL,,,,,,,
3449,,A/C SYSTEM FUNCTIONAL CHECKS/TRIALS,,,,,,,
3449,,REFRIGERATION SYSTEM REMOVAL,,,,,,,
3449,,REFRIGERATION SYSTEM REINSTALL,,,,,,,
9642,,BOW THRUSTER,,,,,,,
3449,,REFRIGERATION SYSTEM OVERHAUL,,,,,,,
2722,,BI-METALLIC STRIP,,,,,,,
9003,,FO PURIFIER,,,,,,,
4912,,Steering Gear System,,,,,,,
3449,,REF. SYSTEM FUNCTIONAL CHECKS/TRIALS,,,,,,,
2318,,PHOTO COPIER PLAIN PAPER ROLLS,,,,,,,
5761,,G.M. Cups for 5.56mm Ammunition,,,,,,,
1434,,Anti Corrosive - Sigmacover 630,,,,,,,
6628,,SEMICONDUCTOR FUSE 200AMPS,,,,,,,
1434,,Anti Corrosive-Sigmaguard 425,,,,,,,
1434,,Anti Corrosive-Sigmaguard 720,,,,,,,
5761,,G.M. Cups for 7.62mm NATO,,,,,,,
1434,,Primer - Sigmacover 280,,,,,,,
5761,,Brass Cups for 5.56mm Ammunition,,,,,,,
1434,,Sigma Alphagen 650 (Black),,,,,,,
8682,,PIPE LINE ASSY.,,,,,,,
5761,,G.M. Cups for 9mm Ammunition,,,,,,,
1434,,Sigma Alphagen 650 (Brown),,,,,,,
1434,,Sigma Alphagen 650 (Red Brown),,,,,,,
5761,,G.M. Cups for AK-47 Ammunition,,,,,,,
1434,,Sigmacover 280 YELLOW GREEN,,,,,,,
2678,,"GEAR WHEEL(OPN. 10,30) SEMI MACHINED",,,,,,,
2678,,FLANGE FRONT L.H,,,,,,,
2678,,"DRUM (OPN. 10,20) SEMI MACHINED FORGING",,,,,,,
1434,,Sigmacover 525,,,,,,,
1434,,Sigmacover 630 (Black),,,,,,,
3065,,SPRING 700-38-1661,,,,,,,
1434,,Sigmacover 630 (GREY),,,,,,,
2438,,Advanced Navigation Systems,,,,,,,
1434,,Sigmacover 630 (Red Brown),,,,,,,
1434,,Thinner for Anti Corrosive Paints,,,,,,,
3973,,"LED HIGH BAY LIGHT OF 180WATT,230V,50HZ",,,,,,,
1434,,Thinner Sigma 91-92,,,,,,,
1434,,Thinner for Primer 91-92,,,,,,,
2438,,Mount Assy For Assault Rifle,,,,,,,
1434,,Thinner for Tie Coat Paints,,,,,,,
1434,,Thinner for Anti Fouling paints,,,,,,,
1434,,Underwater Paint Scheme (Long Life),,,,,,,
5108,,FILTER F-10 SPECIFICATIONS,,,,,,,
5108,,SENDING UNIT B-2,,,,,,,
5108,,RELAY REGULATOR P15M-3C ASSEMBLY,,,,,,,
5108,,ACTUATING UNIT PYC-15M,,,,,,,
2808,,DISC,,,,,,,
2808,,GEAR(ANNULUS),,,,,,,
2808,,RING,,,,,,,
810,,ZIRFLOR (ZIRCON FLOOR),,,,,,,
2808,,BOOSTER,,,,,,,
62,,HYD OIL SERVO SYSTEM HLP - 46(IOC/ OR,,,,,,,
62,,SYNTHETIC COMPRESSOR OIL ISO GRADE VG100,,,,,,,
62,,HY HDX MG 20 W 50,,,,,,,
62,,GREASE SERVO CIATUM 201,,,,,,,
4484,,Fire Control System – Kavach,,,,,,,
1240,,RADIATOR COOLANT,,,,,,,
5108,,POWER SUPPLY SYSTEM TO DRG.NO.675-89-CD2,,,,,,,
6483,,"MCCB, 100AMPS,",,,,,,,
6483,,"MCCB 630A, 3POLE, 415V, 50HZ AC",,,,,,,
6483,,"MCCB,(TYPE: DPX3 THERMAL MAGNETIC) 3POLE",,,,,,,
2285,,STRAP,,,,,,,
2285,,DRIVE BODY (CASTING),,,,,,,
3011,,COPPER WELDING CABLE,,,,,,,
5161,,PILOT OPERATED RELIEF VALVE BG-03-P-32,,,,,,,
5161,,"3/8"" PRES RELIEF VALVE YBT-02-F-X-C-1080",,,,,,,
8697,,DIODE MODEL NO.AMDS 7000/04-AMR 1902 024,,,,,,,
5161,,"1/8""PILOT OP. CHECK VALVE MPW-01-2-40H01",,,,,,,
5161,,GEAR PUMP PG0-640-S-2-P-V-R-10-80,,,,,,,
8697,,THYRISTOR MODULE,,,,,,,
230,,HYDRAULIC PUMP,,,,,,,
4401,,BH ELEVATION DRIVE,,,,,,,
4401,,CYLINDER WITH VALVE,,,,,,,
4401,,DELIVERY PUMP ASSY,,,,,,,
8691,,DISC,,,,,,,
8691,,"BUSHING,UPPER/LOWER",,,,,,,
6184,,Distribution Box,,,,,,,
6184,,Rectifier cum battery charger,,,,,,,
6184,,External supply pannel,,,,,,,
4484,,Fire Control System T90 – Power Unit (PU) & Automatic Control Unit (ACU),,,,,,,
4484,,CREW – Libra,,,,,,,
4484,,CREW Equipment – Leo,,,,,,,
4484,,CREW – CRIS,,,,,,,
4484,,CREW Equipment – Aqua,,,,,,,
13977,,Cable Deck Tube & Bulkhead Tubes,,,,,,,
8358,,IP Cameras- MSL-IPCD4K-IR40 : 4K Smart Outdoor Dome Camera,,,,,,,
280,,Mil Grade Control System,,,,,,,
4451,,LAN network and server room at DND (SSG),,,,,,,
280,,MIL Qualified Rugged Displays,,,,,,,
7586,,Wide format multifunctional printer,,,,,,,
280,,Command & Control Console/System,,,,,,,
280,,High Performance Embedded Computing System,,,,,,,
280,,Import Substitution Sub-Systems,,,,,,,
280,,Tank Imaging Components & Sub Assemblies,,,,,,,
280,,Rugged Tri-Pods & Quadri-Pods,,,,,,,
387,,Destroyer,,,,,,,
280,,Turret Stabilization Systems,,,,,,,
280,,Military Winches,,,,,,,
280,,Red Dot Reflex Sight,,,,,,,
280,,IR Lenses for Night Vision Thermal Imaging,,,,,,,
5208,,"Supply, Installation, testing, Commissioning of Workstation, Cad Plotter, Displays, Multifunction Machine and VC Equipment",,,,,,,
280,,Silicon carbide Mirrors,,,,,,,
280,,Germanium Lenses,,,,,,,
280,,Zinc Sulphide Lenses,,,,,,,
5761,,GM  Tube  154.69 mm,,,,,,,
5761,,Cu.  Tube   149 mm,,,,,,,
5761,,Cu.  Tube  143 mm,,,,,,,
1348,,Halogen free flame retardant compounds,,,,,,,
5761,,Cartridge Case for 130mm HE,,,,,,,
1348,,Polyvinyl chloride compounds,,,,,,,
5761,,Cartridge Case for 105mm IFG,,,,,,,
1348,,Polyethylene Compounds,,,,,,,
5761,,Range of Die Casting Products,,,,,,,
1348,,XLPE Compound- Cross-linked polyethylene compounds,,,,,,,
1348,,HDPE Coating,,,,,,,
1348,,Adhesives,,,,,,,
8618,,COMBUSTION TUBE (PART NO:772-905),,,,,,,
1348,,BLS Polymers' solutions for Cable Filling Compounds,,,,,,,
1348,,PE Compound,,,,,,,
1674,,Waterproofing Coatings,,,,,,,
1674,,Cement Modifiers,,,,,,,
1674,,Construction Sealants,,,,,,,
1674,,Crack Filling Compounds,,,,,,,
1674,,Admixtures,,,,,,,
3133,,Circuit Breakers,,,,,,,
3133,,Terminal Boxes,,,,,,,
208,,SET OF SPARES FOR JOST MAKE BATTERY,,,,,,,
3133,,"Time Relays, Indicators",,,,,,,
3133,,Electro-pneumatic Valves,,,,,,,
3133,,Instrument Panels,,,,,,,
3133,,Distribution Panels,,,,,,,
3133,,Junction Boxes,,,,,,,
3133,,Testers,,,,,,,
3133,,Control Units,,,,,,,
3133,,Relay Boxes,,,,,,,
3133,,Distribution Boxes,,,,,,,
3133,,Sensors,,,,,,,
3133,,Printed Circuit Board,,,,,,,
5761,,155 MM HE SHELL,,,,,,,
5761,,TAIL UNIT 1A,,,,,,,
5761,,FUZE B-429 E,,,,,,,
5761,,68 MM A/C ROCKET,,,,,,,
5761,,PRIMER GUV-7,,,,,,,
5761,,FUZE A-670 M,,,,,,,
5761,,84 MM MK-III AMMUNITION,,,,,,,
5761,,BOAT TAIL 155 MM,,,,,,,
5761,,105 MM SHELL M1,,,,,,,
5761,,130 MM HE SHELL 1B,,,,,,,
5761,,155 MM ERFB SHELL,,,,,,,
5761,,125 MM HE SHELL,,,,,,,
5798,,INFANTRY COMBAT VEHICLE BMP-II,,,,,,,
5798,,INFANTRY COMBAT VEHICLE BMP-IIK,,,,,,,
5761,,BRIDGE BAFH AND ITS COMPONENTS,,,,,,,
5761,,BRIDGE KM AND ITS COMPONENTS,,,,,,,
5761,,ALUMINIUM ALLOY RODS,,,,,,,
5798,,ARMOURED AMBULANCE TRACKED VEHICLE (AATV),,,,,,,
5761,,AL-CU ALLOY RODS,,,,,,,
5761,,125 MM SCCC,,,,,,,
5798,,CARRIER MORTAR TRACKED (CMT),,,,,,,
5761,,76.2 STEEL CC,,,,,,,
5761,,84 MM MK-II CC,,,,,,,
5761,,84 MM MK-III CC,,,,,,,
5761,,AK-100 STEEL CC,,,,,,,
5798,,CRN91,,,,,,,
5761,,PINAKA ROCKET MK-1,,,,,,,
5761,,PINAKA GUIDED ROCKET,,,,,,,
5798,,ARMOURED ENGINEER RECONNAISSANCE VEHICLE (AERV),,,,,,,
9,,copper,,,,,,,
277,,lathe mod,,,,,,,
437,,paints,,,,,,,
838,,oil products,,,,,,,
171,,forging,,,,,,,
6449,,CATALYST FOR UCC POLITEC 800C M/S FOSECO,,,,,,,
225,,NACO PRODUCTS,,,,,,,
704,,CERAMICS,,,,,,,
797,,CERAMICS,,,,,,,
1142,,GRAPHITE,,,,,,,
15086,,BEARINGS,,,,,,,
5137,,"TELESCOPIC BRUSH,M18X1.5 INSERTION",,,,,,,
5137,,ILLUMINATED PUSHBUTTON WITH LED-BLUE,,,,,,,
1809,,GASKET,,,,,,,
1809,,RUBBER SHOCK ABSORBER,,,,,,,
4611,,COMPRESSED AIR HOSE,,,,,,,
2921,,"CAST IRON STRAIGHT EDGE ""I"" SECTION",,,,,,,
6770,,ANGULAR CONT BALL BEARING 7011CD/P4ADB D,,,,,,,
6770,,DEEP GROOVE BALL BEARING 61826 2RS1,,,,,,,
4414,,LH BOTTOM,,,,,,,
154,,PLATE STEEL GR:30XGCA,,,,,,,
154,,SHEET GR:30XGCA-3 GOST:11269-76,,,,,,,
478,,NYLON FRONT TYRE 7.50X16-16PR WITH TUBE,,,,,,,
478,,"PNEUMATIC REAR TYRE 10X20, 16PR LUG TYPE",,,,,,,
208,,REAR AXLE SHAFT FOR BATTERY OPERATED,,,,,,,
208,,CONTACT KIT FOR DC88 (CHOPPER CONTROL),,,,,,,
208,,HYDRAULIC WHEEL CYLINDER KIT-BR/4WE-11KT,,,,,,,
1776,,INSULATING MAT MADE OF ELASTOMER FOR,,,,,,,
8537,,HYDRAULIC SHOCK ABSORER OF 6TH R.H SUSPE,,,,,,,
253,,RESISTOR BOXES ASSY,,,,,,,
10063,,RING,,,,,,,
5085,,Auto Telephone System,,,,,,,
7088,,HVLAS system,,,,,,,
363,,"ACCS, SDR TAC, SDR NC, LINK II MOD III",,,,,,,
345,,"Main Switch board, APMS, IBS, etc.",,,,,,,
3594,,Forging For Bushing,,,,,,,
3594,,Steel Forging For Gear,,,,,,,
3594,,Forging For Nut,,,,,,,
3594,,Forging For Cap,,,,,,,
3594,,Forging For Gear Unit(Stamping),,,,,,,
3594,,Forging Cover (Stamping),,,,,,,
3594,,Forging For Gear,,,,,,,
3594,,Forging for Lever Coupling,,,,,,,
3594,,Worm Wheel(Forging),,,,,,,
3594,,Forging For Cover of suction Pump,,,,,,,
202,,Bearing 6-32118DT,,,,,,,
202,,Radial Roller Bearing,,,,,,,
202,,Ball Bearing 16028,,,,,,,
202,,Ball Bearing 3210,,,,,,,
202,,Single Row Radial Ball Bearing,,,,,,,
387,,CADET TRAINING SHIPS,,,,,,,
202,,Radial Roller Bearing 210M,,,,,,,
202,,Single Row Rad Ball 6028,,,,,,,
186,,TOP CLAMPING EXTERNAL PARTING TOOLHOLDER,,,,,,,
202,,Ball Bearing 16030,,,,,,,
186,,SOLIDE CARBIDE PS ALPHA 4 DRILL,,,,,,,
186,,FACE MILL CUTTER,,,,,,,
387,,NEXT GENERATION OFFSHORE PATROL VESSEL,,,,,,,
202,,Rad Roller Bearing 12308,,,,,,,
387,,FAST PATROL VESSEL,,,,,,,
8342,,RECESSED MOUNTED LED LUMINARIE,,,,,,,
202,,Radial Roller Bearing 92412,,,,,,,
4003,,SPRING,,,,,,,
1083,,Gasket 675-55-98,,,,,,,
1083,,Gasket,,,,,,,
251,,ASSY SUSPENSION 2-7 STN (RH),,,,,,,
251,,END COVER,,,,,,,
251,,ASSY TRACK ADJUSTER  LH,,,,,,,
2126,,"38XC,GOST:4543-71,HOT ROLLED",,,,,,,
2126,,"20X2H4A,GOST:4543-71,HOT ROLLED",,,,,,,
4061,,Spring,,,,,,,
6415,,1.5 TON CAPACITY COMPRESSOR,,,,,,,
6415,,"PANEL COMPACT FAN, 230V AC 50HZ,RPM:2800",,,,,,,
6451,,"`U'-DRILL DIA 33.50, SH.DIA 40,OAL 199MM",,,,,,,
6451,,INSERT CARBIDE,,,,,,,
8111,,PDMC-3YR MU OFFLINE,,,,,,,
550,,"HIGH ACCURACY SHAPED STEEL PROFILE,",,,,,,,
550,,"PROFILE NO:2364-01,STEEL GRADE-1",,,,,,,
550,,"HOT PRESSED, SHAPED STEEL PROFILE,",,,,,,,
10102,,CONTROL PANEL AND SIGNALING UNIT P13,,,,,,,
592,,TRANCHE I MRLS (CONSISTS OF 12 ITEMS),,,,,,,
592,,AUXILIARY PUMP,,,,,,,
2088,,"38XC,GOST:4543-71,HOT ROLLED",,,,,,,
2200,,SLITTING CUTTER DIA200MM THICK 7-8MM,,,,,,,
6733,,FAN ASSY,,,,,,,
2834,,SRCR Dummy,,,,,,,
6733,,DRIVER'S SEAT,,,,,,,
2834,,Barrel Assy,,,,,,,
2834,,Body,,,,,,,
1145,,COMPUTER STATIONERY DESIGNATON:3PLY,,,,,,,
4808,,HMI INTERFACE WITH USB MINI HOPE,,,,,,,
310,,Electric Sub System,,,,,,,
310,,AC Servo Drive,,,,,,,
5826,,ARMATURE ASSY,,,,,,,
5826,,MOUNTING OF ELECTRICAL COMPONENTS OF,,,,,,,
310,,AC Servo Motor,,,,,,,
5826,,DISTRIBUTION BOX  KP 175-3C,,,,,,,
5826,,STARTER GENERATOR,,,,,,,
3143,,Precision Components,,,,,,,
3143,,Hydraulic Parts,,,,,,,
3143,,Oil & Gas Parts,,,,,,,
3143,,Hydraulic Spool,,,,,,,
4349,,Thin Film Equipment,,,,,,,
4349,,Thin Films & Optics Components,,,,,,,
381,,LEAF SPRING,,,,,,,
926,,TOOL BOX,,,,,,,
4349,,Diamond-like Carbon (DLC) Coatings,,,,,,,
4349,,Hybrid Micro Circuits,,,,,,,
4349,,Specialized Equipment,,,,,,,
381,,FRONT LEAF SPRING,,,,,,,
381,,REAR LEAF SPRING,,,,,,,
4349,,EMI Shielding,,,,,,,
2126,,En-2E INGOT (SPECIAL-OFMK),,,,,,,
2933,,PVD Coated SET of Hand Tap,,,,,,,
4349,,Laser Safety Glasses,,,,,,,
4349,,Night Vision Optics,,,,,,,
926,,ENGINE COVER ASSEMBLY,,,,,,,
926,,BRAKE LAMP BRACKET,,,,,,,
935,,CONV.MOTOR TUBE TO LINER ASSY.PINAK,,,,,,,
935,,CONV. OF TUNGSTEN SPHERES,,,,,,,
4349,,Thin Film Heaters,,,,,,,
935,,RHE WARHEAD (EMPTY) PINAKA RKT,,,,,,,
8790,,OIL FILTERING UNIT STATIC MICRON FILTRAT,,,,,,,
13247,,BAND SAW BLADE 32X1.1X4MM,,,,,,,
4349,,Optical Filters,,,,,,,
2147,,BACKBONE TUBE FLANGE,,,,,,,
2147,,CROWN GEAR FORGING,,,,,,,
2147,,SLEEVE FORGING,,,,,,,
2147,,SPACER FORGING,,,,,,,
2147,,BRAKE CAM LEVER FORGING,,,,,,,
13274,,BIMETALIC BAND SAW BLADE 34X1.1X3/4,,,,,,,
13274,,BAND SAW BLADE 4860X41X1.3X 3/4 TPL,,,,,,,
4349,,Precision Prisms,,,,,,,
4349,,Fibre Optic Reflectors,,,,,,,
1398,,PHENOLIC RESIN PR-100,,,,,,,
1398,,ALUMINIUM-COPPER MASTER ALLOY 47-53,,,,,,,
4349,,Titanium Scan Mirror,,,,,,,
15194,,TESTING AND SURVEY OF RADIO COMMUNICATION EQPT.,,,,,,,
15194,,ND SURVEY OF NAVIGATION EQP,,,,,,,
2204,,HOUSING ASSEMBLY,,,,,,,
2204,,FORKED KING PIN LH CASTING,,,,,,,
5031,,WIRE NO. 1 ASSY. FOR 84 MM MK-III,,,,,,,
4349,,Tribological Coatings,,,,,,,
2204,,FORKED KING PIN RH CASTING,,,,,,,
2204,,SWINGING FORK CASTING,,,,,,,
1972,,BALLISTIC CAP OFAJ DRG.NO.FS-2771 C,,,,,,,
4349,,Laser Optics,,,,,,,
2711,,AL.ALLOY SHEET SPECN AMG6 1.5X1250X2500,,,,,,,
424,,WIRE ROPE,,,,,,,
2548,,SWINGING FORK CASTING,,,,,,,
4349,,Black Absorber Coating,,,,,,,
2548,,SWIVEL PIN LH CASTING,,,,,,,
6451,,PVD COATED INSERT FOR HARDENED SURFACE,,,,,,,
2548,,PIVOT RH CASTING,,,,,,,
4349,,Glass and Aluminium Reflectors,,,,,,,
2548,,LEFT CONSOLE,,,,,,,
2548,,RIGHT CONSOLE,,,,,,,
2548,,BRAKE GIRDER,,,,,,,
4349,,Periscope Prisms,,,,,,,
2548,,FORKED KING PIN LH,,,,,,,
2548,,FORKED KING PIN RH,,,,,,,
4349,,Transparent heaters,,,,,,,
4349,,AR Coated Zinc Sulphide Domes,,,,,,,
4349,,IR Blockers,,,,,,,
519,,BIG PULLEY PIN (FORGING),,,,,,,
519,,SLIDING BLOCK HALF (FORGING),,,,,,,
519,,GUIDE BLOCK (FORGING),,,,,,,
519,,TWO ARMED LEVER FORGING,,,,,,,
4349,,Reticles,,,,,,,
519,,YOKE FORGING,,,,,,,
519,,CROSSWISE PROPELLER SHAFT FORGING,,,,,,,
519,,FRONT STEERING ARM RH (FORGING),,,,,,,
519,,FRONT STEERING ARM LH (FORGING),,,,,,,
519,,REAR STEERING ARM RH (FORGING),,,,,,,
519,,STEERING LEVER LH FORGING,,,,,,,
519,,YOKE BED,,,,,,,
519,,AUX HOOK FORGING,,,,,,,
519,,DRIVEN PROPELLER SHAFT FORGING,,,,,,,
519,,DAMPER BRACKET FORGING,,,,,,,
519,,SHOCK ABSORB BRACKET,,,,,,,
519,,FORGED EYE,,,,,,,
519,,D SHACKLE,,,,,,,
519,,S HOOK FORGED,,,,,,,
519,,LOCK FLANGE FORGING,,,,,,,
519,,SHOCK ABSORBER CONSOLE FORGING,,,,,,,
519,,UPPER STRG.BRG.HOUSING (FORGING),,,,,,,
519,,REAR CAB BRACKET (FORGING),,,,,,,
519,,STOP FLANGE (FORGING),,,,,,,
519,,SRRING SUPPORTING SHELL FORGING,,,,,,,
519,,DISK GEAR HUB FORGING,,,,,,,
519,,SHORTER EYE OF STRUT LH,,,,,,,
519,,SHORTER EYE OF STRUT RH,,,,,,,
1802,,INNER TUBE WITH VALVE,,,,,,,
1802,,FLAP [11.25X21],,,,,,,
15315,,PORTABLE LUB OIL TEST KIT,,,,,,,
1072,,Coat Combat disruptive with Indian Army Logo,,,,,,,
1072,,High visibility Winter Jacket,,,,,,,
1072,,Rain Jacket with integrated hood and trouser,,,,,,,
1072,,Jacket ECC,,,,,,,
1072,,Trouser ECC N/P,,,,,,,
1072,,Cap Glacier,,,,,,,
1072,,Jacket & Trouser wind cheater,,,,,,,
1072,,Gaiters Glacier,,,,,,,
1072,,Poncho Glacier,,,,,,,
1072,,Boot Crampon,,,,,,,
4374,,Precision Positioning Systems,,,,,,,
4374,,Tripods,,,,,,,
4374,,Tripod: STHIR-D 50X100 (50 KG),,,,,,,
1774,,FLEX PLATE,,,,,,,
4374,,Tripod: STHIR-D 25X100  (25 KG),,,,,,,
1774,,GASKET,,,,,,,
2575,,GASKET,,,,,,,
2575,,RING,,,,,,,
2893,,HYDRAULIC ITEMS,,,,,,,
4374,,Tripod: STHIR-D 25X100 L (25 KG),,,,,,,
4374,,Tripod: STHIR-D 25X55 (25 kg),,,,,,,
3191,,3-STAGE OIL PUMP,,,,,,,
10678,,Paints,,,,,,,
3191,,THREE-STAGE OIL PUMP ASSY.(6*6),,,,,,,
4374,,Tripod: STHIR-D 25X200 (25 KG),,,,,,,
3191,,3-STAGE OIL PUMP ASSY FOR PINAKA ENGINE,,,,,,,
3191,,PUMP HOUSING,,,,,,,
3191,,PUMP BODY,,,,,,,
4374,,Tripod: STHIR-D 15X100 L (15 KG),,,,,,,
3191,,PUMP SHAFT,,,,,,,
3191,,DRIVE GEAR WHEEL,,,,,,,
3191,,PUMP GEAR WHEEL,,,,,,,
34,,HELICAL SPRINGS,,,,,,,
4374,,Tripod: STHIR-D 10X200 (10 KG),,,,,,,
3191,,OUTER PUMP GEAR WHEEL,,,,,,,
3191,,SIDE VALVE,,,,,,,
3191,,OIL PUMP(NON EURO),,,,,,,
4374,,Tripod: STHIR-D 10X150 (10 KG),,,,,,,
2982,,Insert Screw Thread,,,,,,,
3191,,BUSH,,,,,,,
3191,,PUMP DRIVE GEAR,,,,,,,
3191,,COVER BUSH,,,,,,,
4374,,Pan & Tilt Heads,,,,,,,
6239,,Body for 105 PD,,,,,,,
2578,,FLY WHEEL HOUSING CASTING,,,,,,,
4374,,Pan and tilt head: KONFINE-D 50 (Positioning Head),,,,,,,
2578,,FLYWHEEL (CASTING),,,,,,,
2228,,Manufacturing and Supply of Components,,,,,,,
4374,,Pan and tilt head: KONFINE-D 25 (Positioning Head),,,,,,,
2596,,LOWER COVER,,,,,,,
2596,,CLUTCH  HOUSING,,,,,,,
2596,,CLUTCH CASE,,,,,,,
68,,Fluid Automotive Transmission,,,,,,,
2596,,FRONT COVER,,,,,,,
68,,Cutting Oil For TOSS,,,,,,,
371,,FABRICATION STRUCTURES,,,,,,,
2863,,PLUG,,,,,,,
4374,,Ball Head: SMERIN-D 10 (Positioning Head),,,,,,,
68,,Oil Servospin22,,,,,,,
2863,,REDUCTION CONNECTOR,,,,,,,
68,,Oil Servocut 945,,,,,,,
4215,,"fiber optics, test and measurement equipment, calibration services, and other products like tour packages, computer-related items, and consultancy services",,,,,,,
2863,,RING CONNECTOR DOUBLE,,,,,,,
4374,,Ball Head: SMERIN-D 25 (Positioning Head),,,,,,,
68,,Servo system 46,,,,,,,
2863,,GIRDER,,,,,,,
4227,,"vacuum pumps and systems, including oil-sealed rotary vane pumps, dry multistage vacuum pumps, roots boosters, and diaphragm pumps",,,,,,,
2863,,BRACKET WITH MKS CTNG,,,,,,,
2863,,SENSOR HOLDER,,,,,,,
2863,,RADIATOR SHEET,,,,,,,
2863,,COVER PLATE WITH MKS CTNG,,,,,,,
2863,,AIR ESCAPE COVER,,,,,,,
4374,,Tactical Bipods: RAME-V 175X350 (Versatile),,,,,,,
4082,,ZINC ANODO 99%,,,,,,,
2863,,COVER RIGHT,,,,,,,
2863,,GIRDER COVER,,,,,,,
648,,MAIN WINCH ASSY,,,,,,,
2863,,RING CONNECTOR M16,,,,,,,
3681,,Service Screw,,,,,,,
4374,,Tactical Bipods: RAME-Q 175X350 (Quick),,,,,,,
2863,,CONNECTION,,,,,,,
2863,,BANJO CONNECTION,,,,,,,
6549,,Straight Cup Type 6 Grinding,,,,,,,
4374,,Riflescopes,,,,,,,
2863,,HOLDING CLAMP,,,,,,,
2863,,CABLE CLIP,,,,,,,
8764,,Door Frame Metal Detector,,,,,,,
2863,,CLAMP,,,,,,,
4374,,Tactical Riflescope: NISHON-VR 8-40X (Fixed Scope),,,,,,,
7586,,Notebook PC,,,,,,,
7586,,AIRPODS 3rd Gen,,,,,,,
2863,,BRACKET ASSY WITH MKS CTNG,,,,,,,
4374,,Tactical Riflescope: NISHON-FD 8X (Variable Scope),,,,,,,
2863,,"HOLDER , LH",,,,,,,
2863,,UNION PIECE,,,,,,,
9184,,Upper Gauging Shaft,,,,,,,
4374,,Binoculars,,,,,,,
9184,,Manu & Supply of LEG,,,,,,,
2863,,TUBE ASSY,,,,,,,
2863,,SCREW FOR HEAD & CYLINDER,,,,,,,
1072,,Shoe Oxford,,,,,,,
61,,Hydraulic Oil Servo System 32,,,,,,,
61,,Fluid Automotive Transmission,,,,,,,
1072,,Anti Skid Shoes,,,,,,,
5108,,Relay Regulator P15 M,,,,,,,
7367,,ENDPOINT Protection Software,,,,,,,
208,,Battery Operated Platform Truck,,,,,,,
1072,,Gloves Outer Gloves Inner (GOGI),,,,,,,
3348,,Roller 111.5x10,,,,,,,
3348,,Single Row Radial Thrust 46305L,,,,,,,
1072,,Gloves Leather white lined,,,,,,,
3348,,Needle Brg NRB556825,,,,,,,
3348,,Radial Roller Bearing 12308,,,,,,,
1072,,Rucksack 70 L,,,,,,,
3348,,Radial Roller Brg 292124L,,,,,,,
3033,,INNER GIRDER,,,,,,,
1072,,Duffle Trolley Bag,,,,,,,
7336,,KEENSERT M6X10,,,,,,,
1072,,Infantry Combat Kit,,,,,,,
3033,,AIR ESCAPE CCVER,,,,,,,
7336,,Inst Tool KEENSERT KNCM4,,,,,,,
3033,,CLAMP,,,,,,,
3033,,COVERING SHEET,,,,,,,
7169,,Gear Pump KF 0/4,,,,,,,
1072,,Tactical Backpack 50 L,,,,,,,
3033,,CLAMPING SLEEVE W/O MKS,,,,,,,
3033,,SIDE COVER SHEET RH,,,,,,,
6536,,"KRIICUT ""FALCON"" EDM WIRE",,,,,,,
3033,,SIDE COVER SHEET LH,,,,,,,
3033,,REAR COVER SHEET LH,,,,,,,
3033,,FRONT COVER SHEET RH,,,,,,,
3033,,OIL SUPPLY TUBE,,,,,,,
1072,,Tactical Backpack 30 L,,,,,,,
10344,,Job Work For Drilling 4Hole,,,,,,,
3033,,GIRDER,,,,,,,
3033,,CONNECTING EXHAUST PIPING,,,,,,,
3033,,ADJUST PLATE - BRACKET,,,,,,,
3033,,PLATE CLUTCH BOOSTER,,,,,,,
3033,,FRONT COVER,,,,,,,
3033,,HOLDER,,,,,,,
1072,,Backpack OG 40 L,,,,,,,
2752,,Machining of Carrier,,,,,,,
3033,,COVER,,,,,,,
3033,,REAR COVER SUB ASSY LH,,,,,,,
3033,,FRONT COVER SUB ASSY,,,,,,,
7834,,Digital Storage Oscilloscope,,,,,,,
3411,,Disc Type Shaping Cutter,,,,,,,
3411,,10ST SIDED PULL Type Broach,,,,,,,
3033,,GIRDER ASSY INTERCOOLER,,,,,,,
3033,,PLATE LEFT,,,,,,,
7,,Printed Circuit Board,,,,,,,
2412,,PHOSP. Bronze Rod Dia 110,,,,,,,
2412,,PHOS. Bronze Rod Dia 50MM,,,,,,,
1072,,Bullet Resistant Jacket (NIJ Level IV),,,,,,,
3033,,PLATE RIGHT,,,,,,,
3033,,LOWER COVER OF RADIATOR,,,,,,,
3033,,COVER ASSY INTERCOOLER REAR ASSY,,,,,,,
290,,Automated Test Equipment,,,,,,,
3033,,COOLER PLATE ASSY,,,,,,,
3766,,Steel Casting for ARC Elevating,,,,,,,
3033,,COVER ASSY LEFT ASSY,,,,,,,
373,,Stallion Flatbed Floor Assy,,,,,,,
5761,,Ammunition Container Box H2 A (Steel),,,,,,,
3033,,CPMPRESSORE COVER HOLDER,,,,,,,
223,,Repair Charges for 828D,,,,,,,
3033,,HOLDER LH ASSY,,,,,,,
1072,,Bullet Resistant Jacket for Canine,,,,,,,
3033,,GIRDER RH ASSY,,,,,,,
10341,,Radially Slotted Lapping Plate,,,,,,,
5761,,STEEL CASTING FOR BRACKET,,,,,,,
3033,,COVER ASSY RIGHT ASSY,,,,,,,
5761,,BRACKET DRG. No. GCF/50/39490,,,,,,,
3033,,SHIELD,,,,,,,
5761,,RECOIL BUFFER YOKE,,,,,,,
5761,,CASTING HUB,,,,,,,
3033,,PLATE ASSY ALTERNATOR,,,,,,,
5761,,TRAIL SPADE,,,,,,,
6475,,Casting For Cup,,,,,,,
5761,,BEARING HOUSING,,,,,,,
3033,,LOWER SHEET OF RADIATOR,,,,,,,
5761,,TRACK ASSEMBLY FOR T-90 TANK,,,,,,,
5761,,STEEL CASTING DRUM,,,,,,,
5761,,STEEL CASTING OF MUZZLE BRAKE,,,,,,,
5761,,PORTAL PLATE,,,,,,,
2083,,Forging For Flange,,,,,,,
3033,,COVER PLATE RIGHT ASSY,,,,,,,
5761,,STEEL CASTING FOR HOUSING BLOCK,,,,,,,
2083,,Steel Forging 5 157 994-3,,,,,,,
3033,,COVER PLATE LEFT ASSY,,,,,,,
373,,Automotive Components for MPV 4x4 MK V as per Annxr.,,,,,,,
2083,,Forging For Disc Thrust,,,,,,,
5761,,MOUNTING BRACKET,,,,,,,
5761,,FINAL COVER DRIVE,,,,,,,
5761,,TRACK GUIDE,,,,,,,
5761,,HSLD 450 KG AERIAL BOMB BODY HE,,,,,,,
5761,,HE A/C 1000 LBS MK-11 AERIAL BOMB BODY,,,,,,,
485,,"Satellite Communication, Embedded Systems, Signal Processing, Network management",,,,,,,
5761,,BOMB 250 KG HSLD EMPTY HE ASSY,,,,,,,
5761,,CRADLE,,,,,,,
525,,"double girder cranes, single girder cranes, jib cranes, gantry cranes and provides maintenance",,,,,,,
5761,,IDLER WHEEL BRACKET,,,,,,,
5761,,HATCH COVER,,,,,,,
6005,,"Gases like Hydrocarbon, Electronic, High Purity Gases, Refrigerant Gases",,,,,,,
13821,,"roller bearings, power transmission products, ball bearings, lubrication tools, bearing accessories, condition monitoring products, maintenance products, and seals",,,,,,,
5761,,"FORGING OF RODS, ROUNDS, FLATS OF ASSY",,,,,,,
3188,,Ground Support Equipment (GSE),,,,,,,
5761,,SHOCK ABSORBER,,,,,,,
5761,,FLANGE,,,,,,,
3188,,Electronic Line Replaceable Units (LRUs),,,,,,,
5761,,BASE OF L.H. HATCH,,,,,,,
726,,HTA INSTRUMENTATION PRIVATE LIMITED,,,,,,,
3188,,Electronic LRU: Standby Altitude Sensor Unit (ALTSU),,,,,,,
498,,"design, development, assembly and testing of Ruggedized Custom Built Electronic Hardware & Software solutions",,,,,,,
5761,,HEAD TO DRG. No. 4-025998-002,,,,,,,
3188,,Electronic LRU: Pressure Sensor Unit (PSU),,,,,,,
5761,,TRACK LINK ASSY,,,,,,,
3033,,rear cover sub assy,,,,,,,
634,,re Harness Design and Manufacturing · EDA Support · PCB Design and Manufacturing,,,,,,,
3033,,AIR ESCAPE COVER,,,,,,,
5761,,FLARE TRIP WIRE MK1/L EMPTY,,,,,,,
5761,,INTERNAL & EXTERNAL DISC,,,,,,,
3033,,INTAKE MANIFOLD FRONT LH,,,,,,,
5761,,PROTECTIVE STRAP,,,,,,,
3033,,PLATE FRONT RIGHT 6X6,,,,,,,
5761,,PORT HOLE 187.10.241/C,,,,,,,
470,,"manufacturer of high-quality alloy steel castings for petrochemicals, oil refineries, steel",,,,,,,
3188,,Electronic LRU: Air Data Interface Unit (ADIU),,,,,,,
3033,,EXHAUST MANIFOLD ASSY,,,,,,,
5761,,BASE MANTLET,,,,,,,
317,,Analyzers & Detectors,,,,,,,
1036,,CANOPY ASSY,,,,,,,
3033,,ALTERNATOR BRACKET SHEET,,,,,,,
1036,,TARPAULIN ASSY,,,,,,,
499,,Ball Screws & Roller Screws · Space · Defence & Aerospace · Oil & Gas · Power · Clean Energy · Ball Screws & Roller Screws.,,,,,,,
3033,,RADIATOR SHEET ASSY,,,,,,,
3188,,Electronic LRU: Navigation Sensor Unit,,,,,,,
5761,,STEEL CASTING OF FORK,,,,,,,
3188,,Electronic LRU: Air Data Computer (ADC),,,,,,,
13752,,"electrical control and distribution panels, along with related products like bus ducts and enclosures",,,,,,,
1842,,FIBRE GLASS WOOL,,,,,,,
6239,,"njection molding, sheet metal, rubber, fabrication and sub assemblies",,,,,,,
3033,,REAR COVER SHEET RH ASSY,,,,,,,
1842,,UPPER INTAKE MANIFOLD,,,,,,,
1842,,AIR INTAKE SYSTEM,,,,,,,
3033,,REAR COVER ASSY,,,,,,,
346,,Cable and Wire Harness Assemblies,,,,,,,
1842,,ASSY. FRP REAR CABIN,,,,,,,
3188,,Electronic LRU: Air Data Unit (ADU),,,,,,,
567,,"Security, Cash Logistics, and Facility Management Services",,,,,,,
3188,,Ground Support Equipment,,,,,,,
3188,,Ground Support Equipment: Fuel Tank Leak Tester,,,,,,,
13680,,"road rollers, asphalt plants, and various types of sensors",,,,,,,
3188,,Ground Support Equipment: Air Speed Indicator (ASI),,,,,,,
10302,,"mmunition, Automotive, Switchgear, Electronics, Communications, Electrical, Locks",,,,,,,
2144,,SWIVEL ELBOW (672553),,,,,,,
3188,,Ground Support Equipment: Pitot Static Test Equipment,,,,,,,
2144,,FLANGE (6751056),,,,,,,
2144,,FLANGE (765102416),,,,,,,
2144,,LEVER E&A (765101543),,,,,,,
3188,,Ground Support Equipment: Pitot Static Leak Tester,,,,,,,
2144,,STOPPER (765102386),,,,,,,
3188,,Ground Support Equipment : Oxygen Booster,,,,,,,
3188,,Ground Support Equipment : Nitrogen Booster,,,,,,,
2144,,LEVER (765102407),,,,,,,
5761,,TAIL UNIT 1111 MODIFIED & UNMODIFIED,,,,,,,
3188,,Ground Support Equipment: Oxygen Charging Trolley,,,,,,,
2144,,LEVER (76510409),,,,,,,
5761,,TAIL UNIT TB-250 MODIFIED & UNMODIFIED,,,,,,,
2144,,LEVER A & E (76510925),,,,,,,
3188,,Ground Support Equipment: Nitrogen Charging Trolley,,,,,,,
5761,,TAIL UNIT 2211 MODIFIED & UNMODIFIED,,,,,,,
5761,,"RETARDER TAIL UNIT FOR 1000 LBS, 450 KG & 250 KG",,,,,,,
5761,,TAIL UNIT FOR 500 KG & 1000 KG GP BOMB,,,,,,,
3188,,Ground Support Equipment: nflation Apparatus,,,,,,,
3188,,Ground Support Equipment: Altitude Indicator,,,,,,,
3188,,Ground Support Equipment: Digital Pressure Indicator,,,,,,,
2953,,"environmental simulation, heating technology, and air-conditioning technology",,,,,,,
5761,,TU 107 FOR 1000 LBS,,,,,,,
3587,,"Trailers , Tip trailers, Tippers",,,,,,,
2345,,GEAR SHIFT ROD ASSY,,,,,,,
3188,,Cable Harnesses,,,,,,,
5761,,MUZZLE ATTACHMENT FOR 38 MM GAS GUN GRENADE LAUNCHER,,,,,,,
2345,,SPEEDOMETER DRIVE,,,,,,,
2345,,REAR SUPPORTING ROD,,,,,,,
2912,,Gauges & Instruments · Clamping Devices & Elements · Machine Tools & Accessories · Honing Tools Jigs & Fixtures · Jig Bushes & Liners,,,,,,,
2345,,U BOLT,,,,,,,
5761,,MAGAZINE 20 ROUNDS FOR RIFLE 5.56 MM,,,,,,,
3188,,MIL 1553 Data Bus coupler,,,,,,,
2733,,"CNC Milling & Turning Machines, Grinding Solutions, Additive Manufacturing, EDM/Wire Cut Machines, Metal Forming",,,,,,,
2345,,SOCKET WRENCH ASSY,,,,,,,
3188,,MIL 1553 Couplers: Single Stub,,,,,,,
3038,,"primarily designs, manufactures, and services actuators, including servo and electromechanical actuators, as well as related components like manifold blocks, valves, and hydraulic power packs",,,,,,,
2345,,SOCKET WRENCH ASSY (BIG NUT M 32),,,,,,,
5761,,MAGAZINE ASSY 30 ROUNDS ARDE SK-2689 FOR LMG 5.56 MM,,,,,,,
2345,,PIN ASSY,,,,,,,
3188,,MIL 1553 Couplers: Dual Stub,,,,,,,
5761,,SCREEN ASSY 1ST 2ND & 3RD FOR T-90,,,,,,,
2345,,PIN &SHIM KIT OF DIFF&INTERAXLE(5 ITEMS),,,,,,,
3188,,MIL 1553 Couplers: Three Stub,,,,,,,
5761,,"CELL ASSY T72, T90",,,,,,,
2345,,BUSH,,,,,,,
3188,,MIL 1553 Couplers : Four Stub,,,,,,,
2345,,HINGE YOKE,,,,,,,
3188,,MIL 1553 Couplers: Six Stub,,,,,,,
5761,,RAKOV'S LINK LOADING MACHINE,,,,,,,
3188,,MIL 1553 Couplers: Eight Stub,,,,,,,
5761,,"UPPER & LOWER HAND GUARD, GRIP PISTOL, FIXED BUTT FOR TAR",,,,,,,
2345,,SOCKET WRENCH ASSY(NUT M 30),,,,,,,
5761,,STAB ASSY 125 MM HEAT,,,,,,,
5761,,FIN ASSEMBLY FOR SHELL 125 MM HE,,,,,,,
5761,,105 MM LONG RANGE CHAFF ROCKET,,,,,,,
5761,,105 MM MEDIUM RANGE CHAFF ROCKET,,,,,,,
3039,,RAIL CHANNEL SUPPORT LH,,,,,,,
3039,,RAIL CHANNEL SUPPORT RH,,,,,,,
3039,,ENGINE TUNNEL MODIFICATION KIT FOR LV,,,,,,,
3039,,ASSY FITMENT OF CLUTCH FOR REAR CABIN,,,,,,,
3039,,"REAR MUDGUARD PART, RH",,,,,,,
3039,,"REAR MUDGUARD PART, LH",,,,,,,
3039,,CROSS BEAM ASSY.,,,,,,,
3039,,SEAT ASSY,,,,,,,
3039,,METTALIC TOOL BOX,,,,,,,
3039,,PLATFORM ASSY,,,,,,,
3045,,WIPER MOTOR(REAR CABIN),,,,,,,
3045,,REAR CABIN IMPROVED,,,,,,,
3218,,MUDGUARD LH,,,,,,,
3218,,MUDGUARD RH,,,,,,,
1072,,Vehicle Armouring for 'C' type vehicle,,,,,,,
3218,,DISTANCE TUBE,,,,,,,
3218,,REAR SIDE SHEET,,,,,,,
1072,,Light Weight Sleeping Bag (-20° C),,,,,,,
1072,,Light Weight Sleeping Bag (+8° C),,,,,,,
1072,,Tent Arctic Small,,,,,,,
1072,,Tent High Altitude,,,,,,,
1072,,Tent Arctic Large,,,,,,,
3870,,BRAKE CYLINDER FRONT AXLE – II (RH) ASSY,,,,,,,
3870,,BRAKE CYLINDER FRONT AXLE – II (LH) ASSY,,,,,,,
3870,,BRAKE CYLINDER (FRONT AXLE-I),,,,,,,
3870,,BRAKE CYLINDER (REAR AXLES),,,,,,,
3980,,FRONT BUMPER ASSY,,,,,,,
3980,,CABLE PULLEY HOLDER,,,,,,,
4419,,REAR LH JOURNAL ASSY (OPRN 60),,,,,,,
4419,,PIVOT ASSY RH (OPRN 60),,,,,,,
4419,,SLEEVE,,,,,,,
4419,,REAR RH JOURNAL ASSY (OPRN 60),,,,,,,
4419,,FRONT PIVOT ASSY LH (OPRN 60),,,,,,,
4419,,TWO ARM LEVER ASSEMBLY,,,,,,,
4419,,FRONT PIVOT ASSY RH OPN 60,,,,,,,
4419,,FRONT PIVOT ASSY LH OPN 60,,,,,,,
4419,,FORGED KING PIN RH,,,,,,,
4419,,FORGED KING PIN LH,,,,,,,
4419,,HOUSING C/W SCREWS ASSY FOR MACHINING,,,,,,,
4419,,TWO ARMED LEVER ASSY,,,,,,,
5589,,"REAR HINGE,T145M",,,,,,,
5660,,RIGHT HAND WIPER ARM,,,,,,,
5660,,WIPER ARM,,,,,,,
5660,,WIPER  SWF 107.799,,,,,,,
5699,,AIR TANK 40 LTRS,,,,,,,
5699,,AIR RESEVOIR -20-15-300-C-00-A3,,,,,,,
5699,,FRONT LEAF SPRING,,,,,,,
5699,,LEAF SPRING.REAR,,,,,,,
5836,,WINCH DRIVE ASSY,,,,,,,
5836,,"WINCH ASSY, COMPLETE",,,,,,,
8531,,"WINCH ASSY, COMPLETE",,,,,,,
10559,,COUPLING KNORR I/89124 (4B78033),,,,,,,
10559,,PRE-SELECTOR LEVER,,,,,,,
10559,,REDUCTION PRE-SELECTOR,,,,,,,
10559,,AIR INTAKE SYSTEM,,,,,,,
10559,,REDUCTION PRE-SELECTOR /443 853 111 868/,,,,,,,
12739,,RING CONNECTOR,,,,,,,
12739,,RING CONNECTOR DOUBLE (MICHELLIN),,,,,,,
12739,,HOLLOW SCREW,,,,,,,
12739,,T-COUPLING,,,,,,,
12739,,TUBE NECK T,,,,,,,
12739,,TEE 10X6X10,,,,,,,
12739,,T NECK,,,,,,,
12739,,T NECK JS 6,,,,,,,
12739,,T-NECK JS 5,,,,,,,
12739,,TEE 10X10X8,,,,,,,
12739,,BENT TUBE,,,,,,,
12739,,ELBOW 16X16 (BENT U TUBE),,,,,,,
9975,,WINCH DRIVE ASSY,,,,,,,
9975,,PROPELLER SHAFT,,,,,,,
3033,,COVER(6*6),,,,,,,
3033,,GIRDER ASSY,,,,,,,
3033,,"INTAKE MANIFOLD, FRONT, RH",,,,,,,
3033,,"SHIELD ASSY, TURBO",,,,,,,
3033,,COVER VEHICULAR COMPONENT,,,,,,,
3033,,"SHIELD- RH, TURBO",,,,,,,
3033,,BRACKET ASSEMBLY,,,,,,,
3033,,"INNER GIRDER, ASSY",,,,,,,
3033,,COVER TURBINE LEFT(6*6),,,,,,,
3033,,COVER ASSY INTERCOOLER REAR(6*6),,,,,,,
3033,,SUPERCHARGER BRACKET ASSY,,,,,,,
3033,,AIR -ESCAPE COVER,,,,,,,
3033,,"FRONT COVER SUB ASSY, RH",,,,,,,
3033,,"FRONT COVER SHEET ,LH, ASSY",,,,,,,
3033,,"UPPER COVER SHEET, ASSY",,,,,,,
3033,,DEAERATION ASSY,,,,,,,
3033,,RADIATOR SHEET,,,,,,,
3033,,FRONT COVER- CENTRAL,,,,,,,
3033,,REAR INTERCOOLER COVER,,,,,,,
3033,,NECK,,,,,,,
3033,,"INTAKE MANIFOLD, REAR, RH",,,,,,,
3033,,TENSIONING HOLDER,,,,,,,
3033,,FRONT MANIFOLD -RH,,,,,,,
3033,,EXHAUST. TUBE RIGHT FRONT,,,,,,,
3033,,"INTAKE MANIFOLD, FRONT, LH",,,,,,,
3033,,"INTAKE MANIFOLD, REAR,LH",,,,,,,
3033,,SHEET CENTRAL,,,,,,,
3033,,"GIRDER, RH",,,,,,,
3033,,STOPING LEVER,,,,,,,
3033,,TUBE CONNECTING ASSY .,,,,,,,
3033,,LOWER AIR DUCT ASSY,,,,,,,
2582,,BOLT M10*125,,,,,,,
2843,,INETRCOOLER RIGHT,,,,,,,
2843,,INTERCOOLER LEFT,,,,,,,
2843,,INTERMEDIATE COOLER,,,,,,,
2843,,INTERCOOLER RH,,,,,,,
2843,,INTERCOOLER LH,,,,,,,
4352,,MONOBLOCK ASSY,,,,,,,
4352,,RUNNER,,,,,,,
4352,,BELLOW,,,,,,,
4352,,MONO BLOCK CONTROL,,,,,,,
4352,,OIL FILTER ASSY,,,,,,,
5946,,"DISPOSABLE THERMOCOUPLE""U""TIPS.TY:PT/PT",,,,,,,
5649,,SEALING RING,,,,,,,
5649,,VALVE SPRING CUP OD 1.1.1,,,,,,,
5649,,"PIN, CLUTCH OPERATING",,,,,,,
9212,,HIRING OF SKILLED CONTRACT LABOURS,,,,,,,
3484,,CHECK VALVE (BACK PRESSURE VALVE),,,,,,,
5649,,COVER TO THRUST BEARING,,,,,,,
5649,,INSERT,,,,,,,
5649,,"BALL SOCKET, CLUTCH OPERATING",,,,,,,
284,,SET OF 1 GEARHEAD(ID.NO.114860),,,,,,,
5649,,PLUNGER,,,,,,,
5649,,VALVE PLUNGER,,,,,,,
5639,,CYLINDER,,,,,,,
5094,,IMMERSION PYROMETER MICROPROCESSOR,,,,,,,
5639,,CYLINDER /DO100900V/,,,,,,,
5109,,SUSPENSION BRACKET RH,,,,,,,
4751,,TELESCOPIC DAMPER,,,,,,,
2490,,CASTING ROD TO DRG NO:765-05-384,,,,,,,
5109,,BEARING BUSH,,,,,,,
4751,,FOG HEADLAMP 891017-2,,,,,,,
5109,,CLUTCH SLEEVE,,,,,,,
4751,,AIR PRESSURE GAUGE /JUGO 281.25.329/,,,,,,,
5109,,INTERMEDIATE PIECE,,,,,,,
4751,,WATERTIGHT HEAD LAMP DIA 160 MM,,,,,,,
5585,,SERVICING OF TATA SUMO VEHICLE TS EJ2442,,,,,,,
5109,,COMPRESSOR HOLDER,,,,,,,
4751,,STEERING BOOSTER WITH JOINT,,,,,,,
5109,,"FRONT HINGE BRACKET, RH",,,,,,,
5109,,"FRONT HINGE BRACKET, LH",,,,,,,
4751,,TRIPPER,,,,,,,
4097,,IMPREGNATION SEALANT PC 504 66IF FOR,,,,,,,
5109,,SUSPENSION BRACKET LH,,,,,,,
4751,,LED REAR COMBINATIONAL LAMP - RH,,,,,,,
5109,,INTERMEDIATE PIECE FOR,,,,,,,
4751,,LED REAR COMBINATIONAL LAMP - LH,,,,,,,
4751,,CLOSURE AND INSERT SET 6008F+1337A PAR,,,,,,,
5442,,FIRING CONTROL AND SWITCHINGUNIT BY25-2C,,,,,,,
5109,,CON ROD PRE-M/C OPN 10,,,,,,,
4751,,WIPER MOTOR,,,,,,,
6316,,"PCB-MAIN,PART.NO:ED-99-14(P.T.AC/DC) FOR",,,,,,,
4751,,MULTI FUNCTION SWITCH-SWF,,,,,,,
10109,,"WEDGE FRAME/5870 MM,",,,,,,,
4751,,REDUCTION PRE-SELECTOR /443 853 111 868/,,,,,,,
6399,,FAN 773-82-Cb106,,,,,,,
4751,,CYN. FOR STOP ENGINE,,,,,,,
4751,,CABEL KIENZLE 2159-80-01-0750 - SPEEDO M,,,,,,,
4053,,SPRING,,,,,,,
2874,,"STEEL WIRE ROPE, DIA:14MM, MAKE:USHA MAR",,,,,,,
4053,,VALVE  SPRING,,,,,,,
4751,,PRELIMINARY FUEL FILTER,,,,,,,
4751,,BATTERY ISOLATOR SWITCH RELAY-DOUBLE POL,,,,,,,
5329,,"FUSE CP-5,30V TY 16-522-001-82",,,,,,,
4751,,STEERING BOOSTER,,,,,,,
499,,BALL SCREW AND NUT ASSEMBLY CLASS C3,,,,,,,
4751,,VIEW FINDER /14-20-131/,,,,,,,
4053,,SPRING TENSION,,,,,,,
4053,,SPRING W/O MKS CTNG,,,,,,,
4751,,LEVER WINDOW DROPER,,,,,,,
2935,,HYDRAULIC HAND PALLET TRUCK (TRALLY),,,,,,,
14291,,EXHAUST MANOFOLD CONNECTION,,,,,,,
4751,,REVALUTION COUNTER,,,,,,,
14291,,"EXHAUST PIPE, FRONT LEFT",,,,,,,
14291,,"EXHAUST PIPE, FRONT RIGHT",,,,,,,
4751,,STROBE LAMP (AMBER),,,,,,,
14291,,"EXHAUST PIPE, REAR LEFT",,,,,,,
4751,,CLUTCH VALVE 611006002,,,,,,,
2708,,RADIATOR & COOLERS 765-03-K6,,,,,,,
14291,,"EXHAUST PIPE, REAR RIGHT",,,,,,,
4751,,STARTOR SWITCH WITH STEERING LOCK,,,,,,,
10109,,PLUG,,,,,,,
3319,,ELECTRONIC DIGITAL MICROMETER 25-50MM,,,,,,,
4751,,SPEEDO METER,,,,,,,
10109,,"BUSH, RUBBER",,,,,,,
10109,,RUBBER WASHER,,,,,,,
4751,,REDUCTION PRE-SELECTOR/4438531118,,,,,,,
10109,,RUBBER BUSHNG,,,,,,,
2794,,TRACK ASSY TO DRG NO. 675-35-CD9,,,,,,,
8877,,SENSOR / 380 060 01 /,,,,,,,
5775,,TWIST LOCK WITH BACK PLATE,,,,,,,
2447,,HOLDER 765-31-72,,,,,,,
5650,,SCREW FOR HEAD AND CYLII,,,,,,,
9747,,PVC INSU-FLEXIBLE 4COREX2.5SQ.MM CABLE,,,,,,,
5650,,AIR ESCAPE COVER,,,,,,,
9013,,REAR SUPPORTING ROD,,,,,,,
5650,,COVER RIGHT,,,,,,,
9013,,Rear Supporting Rod,,,,,,,
5650,,SLEEVER MKS COATING,,,,,,,
9013,,SUPPORTING BAR,,,,,,,
5650,,BRACKET ASSY. WITH MKS CTNG,,,,,,,
5650,,GIRDER,,,,,,,
4969,,"LED HIGH BAY LIGHT OF 180WATT,230V,50HZ",,,,,,,
10112,,"REAR HINGE,T145M",,,,,,,
5650,,GIRDER COVER,,,,,,,
5650,,PLUG,,,,,,,
5650,,REDUCTION CONNECTOR,,,,,,,
5614,,"REPAIRING OF KINGPIN, BRAKE,,CLUTCH TO",,,,,,,
5650,,RING CONNECTOR M16,,,,,,,
5650,,CONNECTION,,,,,,,
5650,,RING CONNECTOR DOUBLE,,,,,,,
1204,,"HOSE KIT,R3 SERIES,PART.NO:07 2730267450",,,,,,,
5650,,BANJO CONNECTION,,,,,,,
10821,,WHEEL SUPPORT,,,,,,,
10821,,SLEEVE,,,,,,,
10821,,CLIP,,,,,,,
10821,,SEAL RING,,,,,,,
5650,,BRACKET WITH MKS CTNG,,,,,,,
10821,,TUBE FROM EXHAUST BRAKE,,,,,,,
5650,,SENSOR HOLDER,,,,,,,
10821,,SPARE CANISTER HOLDER,,,,,,,
5650,,RADIATOR SHEET,,,,,,,
10821,,STORAGE BATTERY CASING,,,,,,,
5650,,COVER PLATE WITH MKS CTNG,,,,,,,
10821,,PUMP SLEEVE (FOR MOUNTING PUMP ASSY),,,,,,,
5650,,HOLDING CLAMP,,,,,,,
5761,,Ammnunition Container Box H5 A (Steel),,,,,,,
5650,,"HOLDER, LH",,,,,,,
10821,,TANK HOLDER,,,,,,,
5650,,TUBE ASSY,,,,,,,
5650,,SPRING,,,,,,,
3838,,ROUGH MACHINING OF 125 MM FSAPDS,,,,,,,
2404,,STEEL BILLET OF 105 MM DRG.NO.F588,,,,,,,
2439,,ALUMINIUM-COPPER MASTER ALLOY,,,,,,,
5761,,AMMN. CARRIER 6 A/L (STEEL),,,,,,,
12739,,SOCKET REDUCTION M22/M18,,,,,,,
12739,,CUTTING RING (FERRULE) 10,,,,,,,
10947,,BAND SAW BLADE 4860X41X1.3X 3/4 TPL,,,,,,,
12739,,SCREW FOR CONNECTOR,,,,,,,
8533,,SLEEVE (FORGING),,,,,,,
12739,,THREADED INSERT -714 02 22161,,,,,,,
5761,,AMMN. CARRIER 7 A/L (STEEL),,,,,,,
12739,,15L- COUPLING,,,,,,,
12739,,ADAPTOR 1/4'' BSP -  M14X1.5,,,,,,,
603,,HIGH SPEED STEEL18-4-1 SIZE 63MMDIA,,,,,,,
8533,,ARTICULATED CONNECTING ROD FORGING,,,,,,,
8533,,ARTICULATED CONNECTING ROD,,,,,,,
2432,,CONVERSION OF HOT TOP CASTED BILLET,,,,,,,
8533,,ACR CAP,,,,,,,
5013,,14 KW HEATER AS PER SPECN. & DRG.,,,,,,,
182,,STEEL RODS,,,,,,,
9012,,WINCH ROPE (DANTAL),,,,,,,
5761,,AMMN. CARRIER 13 A/L (STEEL),,,,,,,
9012,,AL. TRAY-1200x750x50,,,,,,,
8334,,CONTROL SYSTEM W/O ART. 9P135M1,,,,,,,
6352,,KNURLING TOOL,,,,,,,
15519,,Air Quality Monitor,,,,,,,
9012,,HYDRAULIC MOTOR,,,,,,,
15519,,Gas Analyzer,,,,,,,
15519,,Sound Level Meter,,,,,,,
9012,,Winch Rope Dia 20mm x22m LG,,,,,,,
9012,,POWER CYLINDER,,,,,,,
168,,STEEL BILLET FOR 155 MM M-107,,,,,,,
7169,,"STS 4/300 WITH PILOT BORE, OD-109MM",,,,,,,
8533,,1ST/2ND WEB COUNTER WEIGHT FORG,,,,,,,
9012,,VALVE BLOCK,,,,,,,
2423,,"MS PLATE MST-52.3, 197X5X320MM",,,,,,,
2503,,"ANGLE GRINDER LIGHT WT.,HEAVY DUTY,125MM",,,,,,,
9012,,Rear Steering Stop Indication arrangemen,,,,,,,
9012,,STEERING UNIT,,,,,,,
6563,,MAGNETIC STAND 600N.,,,,,,,
9012,,STEERING COLUMN,,,,,,,
9012,,STEERING WHEEL,,,,,,,
9012,,ASSY HYDRAULIC TANK & ITS ACCESSORIES,,,,,,,
780,,LUBECUT-2300EA(SEMI SYNTHETIC COOLANT OI,,,,,,,
9012,,ASSY HYDRAULIC PIPING SYSTEM,,,,,,,
3237,,1HP SUBMERSIBLE PUMP MAKE:CROMPTON/CRI,,,,,,,
2813,,"S.C P/S END MILL DIA 4.0X4X12X42,P-40",,,,,,,
121,,Primer and Thinner,,,,,,,
6720,,BOROSCOPE FOR INSPN.OF BORE OF 30 MM GUN,,,,,,,
8662,,"CLOTH FOR PANT ""BROWN"" COLOUR",,,,,,,
5902,,PLUG -M16 7200216,,,,,,,
5902,,NECK,,,,,,,
5902,,EQUAL TEE BODY,,,,,,,
8533,,STEEL 18X2H4MA BRIGHT 75MM,,,,,,,
8554,,UPHOLSTRY SIZE 138CM WIDTH X 35M LONG,,,,,,,
1743,,Self Contracting Collar Assy,,,,,,,
5902,,HOLLOW  BOLT,,,,,,,
5902,,SEALING RING,,,,,,,
8091,,CAT6 UTP CABLE BUNDLE 305 METERS EACH,,,,,,,
5761,,Ammn. Box C 43 A (Steel),,,,,,,
5902,,BENT TUBE,,,,,,,
5902,,L CLUTCH,,,,,,,
7226,,DIA 25 MM Cutter,,,,,,,
10356,,BRUSH CUTTER MACHINE,,,,,,,
5902,,L - COUPLING,,,,,,,
5902,,T-COUPLING - TSSB0210L/376811016,,,,,,,
193,,Casing For IGB,,,,,,,
5902,,T NECK JS 6,,,,,,,
8533,,OIL PUMP GEAR,,,,,,,
5902,,TUBE NECK T,,,,,,,
5761,,Ammn. Box C 44 A,,,,,,,
4108,,SUPPLY & INSTALLATION OF OPERATOR PANEL,,,,,,,
188,,LINK TO DRG.NO.9H-623,,,,,,,
5761,,Cover(Casting),,,,,,,
8533,,OIL PUMP DRIVE GEAR,,,,,,,
8618,,HAND HELD XRF SPECTROMETER,,,,,,,
5761,,Housing(Casting),,,,,,,
4897,,"HAND HELD UNIT,PART.NO:70FEFIHDWC26",,,,,,,
5761,,Ammn. Box C 53 A ( Steel),,,,,,,
5761,,Aluminium Alloy Bar,,,,,,,
2326,,ST RD DIA 205MM TO IS:2062-06 GR:Fe410WA,,,,,,,
62,,High Speed Diesel,,,,,,,
8533,,OIL PUMP DRIVE GEAR(FORGING),,,,,,,
757,,LAMP TH28-10 TY 16-535-853-79,,,,,,,
8533,,EXHAUST CAM SHAFT,,,,,,,
146,,High Modulas Polyethylene (HMPE) Rope,,,,,,,
9664,,COTTON INSULATION TAPE SIZE 40MMX20MTR,,,,,,,
8533,,EXHAUST CAM-SHAFT,,,,,,,
180,,"DNV GRADE A Plate, DNV GRADE AH36 & ABS GRADE AH36 Plates.",,,,,,,
8533,,EXHAUST CAM SHAFT(FORGING),,,,,,,
8957,,TWO BOLTS RHOMBUS FLANGED BALL BEARING:,,,,,,,
198,,Flat Bar,,,,,,,
8533,,FIRST BEARING BODY,,,,,,,
2725,,HIGH ALUMINIUMNA REFRACTORY(PHOSPHORIC,,,,,,,
211,,DC Rectfier Unit,,,,,,,
8533,,FLY WHEEL (FORGING),,,,,,,
2320,,FERRO VANADIUM AS PER IS:1466-1985 Gr.Fe,,,,,,,
212,,FCAW electrodes,,,,,,,
8533,,FLANGE,,,,,,,
312,,SMAW electrodes ICAS Grade 2,,,,,,,
8533,,FORGING FOR INSERTION,,,,,,,
8533,,FORKED CONNECTING ROD,,,,,,,
323,,EBXL Cables,,,,,,,
8533,,MASTER CONNECTING ROD,,,,,,,
345,,Electricals items,,,,,,,
432,,V shape & round shape Tools for hydraulic Press Machine,,,,,,,
8533,,WATER PUMP DRIVE GEAR,,,,,,,
541,,Portable Crane,,,,,,,
561,,EBXL Cables,,,,,,,
564,,Wrist watches,,,,,,,
594,,MMAW ELECTRODES,,,,,,,
8533,,GEAR OF CRANKSHAFT FLYWHEEL EN-,,,,,,,
8533,,CRANK SHAFT SHANK (ACCESSORY END),,,,,,,
1281,,CARBON TETRA CHLORIDE AS PER IS:718-1977,,,,,,,
1072,,Fire Retardant Action Overall,,,,,,,
8533,,DRIVE SHAFT (FORGING),,,,,,,
2992,,"STEEL SHOTS FOR SHOT BLASTING ""SAE""S-280",,,,,,,
8533,,DRIVE GEAR,,,,,,,
1072,,Shirt Angola,,,,,,,
6970,,HIRING OF 3MT TRUCK ANY SOURCE,,,,,,,
8533,,CAP OF MASTER CONNECTING ROD,,,,,,,
3887,,FORGING FLANGE 675-50-411,,,,,,,
5761,,AMMN. CARRIER 16 A,,,,,,,
8533,,CAP,,,,,,,
9360,,ROAD WHEEL ARM 765-33-128,,,,,,,
1433,,DENDRITE RUBBER ADHESIVE SOLUTION 500ML,,,,,,,
8533,,SHAFT (FORGING),,,,,,,
6889,,MILLING INSERT W 333890 B - TN 35M.,,,,,,,
592,,STERN POST OF STEERING GEAR,,,,,,,
8533,,SHAFT (VERTICAL),,,,,,,
592,,PORT FIN STABILIZER,,,,,,,
592,,STARBOARD FIN STABILIZER,,,,,,,
2305,,ST FLAT PLATE 75X130X355MM EN:24 BS:970,,,,,,,
592,,HELI LANDING GRID WITH TROUGH,,,,,,,
8533,,SPACER,,,,,,,
592,,ELECTRO HYDRAULIC RAIL-LESS,,,,,,,
4967,,PROFESSIONAL LED DISPLAY,,,,,,,
8533,,CYLINDER LINER (FORGING),,,,,,,
592,,Indegenous Torpedo tube Launch,,,,,,,
592,,NEXT GENERATIONN HELO HARNESSING AND TRAVERSING SYSTEM,,,,,,,
2806,,SLAX-30 FLUX FOR CO-AGNLATION SLAG,,,,,,,
592,,AUXILIARY CONTROL SYSTEM,,,,,,,
5761,,AMMN. CYLINDER 12 A,,,,,,,
2931,,GAS CUTTING TORCH NM TYPE,,,,,,,
592,,Ship Installed Chemical Agent Detection System,,,,,,,
8533,,INTAKE CAMSHAFT,,,,,,,
592,,STEERING GEAR SYSTEM,,,,,,,
592,,TRIAXIAL DEGAUSSING SYSTEM WITH ACCESSORIES,,,,,,,
8533,,COUNTER WEIGHT FORGING,,,,,,,
592,,Actuator Seal Kit,,,,,,,
592,,Pump Mechanical Seal kit,,,,,,,
592,,Pressure Gauge set,,,,,,,
592,,Seal kit for manifold Block,,,,,,,
592,,Boost filter Element,,,,,,,
8533,,VERTICAL SHAFT GEAR (BOTTOM),,,,,,,
592,,CARTRIDGE ASSEMBLY (PORT),,,,,,,
592,,FIN & FIN STOCK ASSEMBLY (PORT),,,,,,,
592,,HYDRAULIC SYSTEM (PORT),,,,,,,
592,,CONTROL SYSTEM (PORT),,,,,,,
592,,FIN & FIN STOCK ASSEMBLY (STBD),,,,,,,
5761,,Ammn. Box C- 51 A,,,,,,,
2160,,COPPER PIPE,,,,,,,
2160,,CU-NI PIPES,,,,,,,
1760,,CU-NI PIPES,,,,,,,
1760,,COPPER PIPES,,,,,,,
3194,,BACKSHELL,,,,,,,
2262,,UPPER RACE RING 675-57-276,,,,,,,
519,,SUPPORT 765-12-416,,,,,,,
2499,,"STEEL SHOTS FOR SHOT BLASTING ""SAE""S-280",,,,,,,
8533,,INCLINED SHAFT (FORGING),,,,,,,
3625,,LOWER RACE RING 675-58-133,,,,,,,
766,,Workstations,,,,,,,
8533,,INLET CAMSHAFT (FORGING),,,,,,,
9205,,PIPE 675-84-CB 109,,,,,,,
8533,,COVER,,,,,,,
8533,,COVER (FORGING),,,,,,,
838,,"OIL, SERVO Ultra 10",,,,,,,
1701,,HOSE 40Y8-1.3(13)(IN CUT LENGTH OF 3mt,,,,,,,
1170,,Plain Copier paper,,,,,,,
1208,,"Paint, Enamel, synthetic SIGNAL RED",,,,,,,
1814,,RUBBER SLEEVE - MBT ARJUN MK1A,,,,,,,
1313,,Paints,,,,,,,
1487,,Oil,,,,,,,
2122,,Chequered Plate,,,,,,,
3064,,CLAMP RIM CLINCHING 675-35-14,,,,,,,
2160,,Cuni Pipes.,,,,,,,
8533,,GEAR (FORGING).,,,,,,,
2278,,Open End Spanner,,,,,,,
9849,,SUPER ENAMELLED COPPER ROUND WIRE22.5SWG,,,,,,,
2322,,SACRIFICIAL ANODE MK-V,,,,,,,
3924,,"CYLINDER G-4000,4.5TX15L WITH LIMIT SWIT",,,,,,,
2853,,30 Pax Launch,,,,,,,
6009,,STANDARD DRY NITROGEN GAS,,,,,,,
3240,,Hydro Jetting Machine,,,,,,,
3404,,Articulated Boom Lift (Cheery Picker),,,,,,,
8533,,GEAR,,,,,,,
3643,,"spares of CNC flanging machine make T-Drill, Model–F200 Machine Sr. No. 116027",,,,,,,
3838,,Aluminium Profile & Pillar Pipes,,,,,,,
3838,,GRW PUMPS PRIVATE LIMITED,,,,,,,
13605,,"EPABX System, Bio Metric Access Control, Public Addressing System,Vehicle Tracking System, POS",,,,,,,
5761,,small arms catridge cases,,,,,,,
8533,,GEAR CLUSTER,,,,,,,
5761,,105 mm IFG CC,,,,,,,
5761,,130 mm CC,,,,,,,
3941,,Ball Bearing,,,,,,,
5479,,"automated test equipment, wire harness testers, circuit tracing systems, and boundary scan testers",,,,,,,
4613,,Cherry Picker (Articulated Boom Lifts),,,,,,,
8533,,GEAR (FORGING) FOR OP DRIVE GEAR,,,,,,,
5761,,INTEGRATED ALUMINIUM POD ASSEMBLY,,,,,,,
8533,,BLOCK AXLE,,,,,,,
5761,,105 MM sheath CC,,,,,,,
5009,,XLPE Cables,,,,,,,
5761,,SRGM CC,,,,,,,
3913,,Vertical Turbine Pump,,,,,,,
6549,,"op-quality tools, equipment, and automation solutions",,,,,,,
5761,,84 MM CC,,,,,,,
5761,,L70 MM CC,,,,,,,
5761,,L60 MM CC,,,,,,,
5090,,TELESCOPIC SLIDING GATE,,,,,,,
5761,,30 MM SARATH,,,,,,,
13243,,Cored Wire · Ferro Alloys; Aluminum Wire.,,,,,,,
5761,,20 AMR,,,,,,,
5299,,fire Alarm System,,,,,,,
5761,,ALUMINIUM ROD,,,,,,,
5856,,EBXL Cables,,,,,,,
5761,,CANISTER ASSEMBLY,,,,,,,
13088,,"copper and copper alloy sheets, strips and foils.",,,,,,,
5885,,Paints,,,,,,,
13209,,"compression springs, tension springs, torsion springs, double torsion springs,",,,,,,,
6682,,"gripping systems, automation technology, tool and workpiece clamping, and depaneling technology.",,,,,,,
10244,,Groundwater Testing Services,,,,,,,
6005,,Refrigerant Gas,,,,,,,
6063,,Helo Fire Fighting System,,,,,,,
6104,,"oil filtration machines, waste treatment plants, and bio-toilets",,,,,,,
6247,,VACCUM CLEANER,,,,,,,
1743,,RING,,,,,,,
465,,ESTABLISHMENT OF NEW COMNET SET UP AT,,,,,,,
14589,,FIBER OPTIC PATCH CORD,,,,,,,
5761,,Box H 60 MK-I (INDIA),,,,,,,
6802,,MS Flat Bar,,,,,,,
8878,,"skin, veterinary, and anti-bacterial use, as well as hardware items like door locks and fittings",,,,,,,
6912,,"MCB 4 POLE 20 AMPS,240/415 VOLTS 50 HZ",,,,,,,
7162,,Steel Pipes,,,,,,,
5008,,Induction Furnace Capacitors,,,,,,,
7397,,MICRO OHM METER,,,,,,,
4897,,"Plate Rolling machines, Bending Rolls, Profile Bending machines, Dished Head machinery",,,,,,,
4089,,electrostatic liquid cleaning equipment and low vacuum dehydrator.,,,,,,,
5761,,LTO TAPE DRIV,,,,,,,
4061,,"IndiaMART https://www.indiamart.com › excel-springs › profile CNC MACHINES FOR SPIRAL SPRINGS, Torsion & WIREFORMS",,,,,,,
5761,,Steel unit load 3 layer for 155 mm,,,,,,,
8924,,"spice grinding machinery, industrial mixers, and electronic equipmen",,,,,,,
3189,,"hydraulic actuators, servo valves, motion platforms, and various hydraulic power units and systems",,,,,,,
4800,,"CONTACTOR SPARE COIL,415VOLTS AC,50HZ,",,,,,,,
3100,,"Silicon carbide heating elements,mosi2 elements, Industrial Furnaces, Kiln Furniture, and Technical Ceramics",,,,,,,
3046,,"modular switches, sockets, and related accessories",,,,,,,
2835,,"small arms components, fuzes (both mechanical and electronic), ammunition, and other defense-related hardware",,,,,,,
5761,,METTALIC (STEEL) CRATE OF (4 ?? 4),,,,,,,
4734,,"mobile phones and accessories, walkie-talkies (Kenwood, Motorola), routers, cables, networking devices, sensors, telecommunication equipment, and more",,,,,,,
5980,,MS PLATE SIZE 70MM X 2000MM X 6000MM,,,,,,,
4118,,"heat exchangers, separators, pumps, valves, and tank-cleaning equipment.",,,,,,,
5761,,AMMN. BOX C 52A,,,,,,,
9253,,COATING THICKNESS GAUGE 0-1250 MICRONS,,,,,,,
5761,,AMMN. CONT. BOX M-104 MK-I,,,,,,,
2928,,BROACH AS PER DRG.NO.54-C-30076,,,,,,,
3546,,SPECIAL SOLID CARBIDE ROUGHING END MILL,,,,,,,
2783,,DIE FORGING CRANK FOR FICV FICV-31-50(F),,,,,,,
9872,,SMD Stencils,,,,,,,
9872,,Wave soldering Pallets,,,,,,,
14216,,Machining services,,,,,,,
7454,,Electronic systems design and manufacturing,,,,,,,
7454,,Mechanical consoles design and manufacturing,,,,,,,
1360,,STANDARD ARGON GAS 99.99% PURE,,,,,,,
7438,,Electronic and Electromechanical components,,,,,,,
7438,,Printed circuit boards,,,,,,,
7438,,Intelligent power and control systems,,,,,,,
7927,,Wiring harness,,,,,,,
7927,,Electromechanical systems,,,,,,,
7927,,Fiber optic assemblies,,,,,,,
7927,,RF cables,,,,,,,
206,,675-33-CD104ROAD WHEEL WITH SOLID RUBBER,,,,,,,
7820,,Rugged Panel PCs,,,,,,,
7820,,Embedded board solutions,,,,,,,
8013,,Hardware design services,,,,,,,
8013,,Electronic manufacturing services,,,,,,,
5054,,Electronic manufacturing services,,,,,,,
4488,,24 PORT NON-POE MANAGED SWITCH,,,,,,,
5053,,"Importer, Supplier, Trading Company of SMT and other electronic COMPONENTS",,,,,,,
5443,,FUSE PTS-30-2 AGO-481-501 TY,,,,,,,
12641,,Nameplates and Labels,,,,,,,
5789,,Machining services,,,,,,,
9126,,All types of Cable assemblies,,,,,,,
9126,,Nomex braiding services,,,,,,,
9126,,Console assembly and wiring services,,,,,,,
2835,,MACHINE FOR LOADING & UNLOADING,,,,,,,
5263,,Design of embedded systems,,,,,,,
8983,,All types of EMS equipments,,,,,,,
1662,,ASHTRACOL-660 NEUTRAL HARDENING SALT,,,,,,,
8983,,Servicing of EMS equipments,,,,,,,
7089,,Logistics Services,,,,,,,
7423,,Design of embedded systems,,,,,,,
6567,,SOLID TYRE 765-34-CD124,,,,,,,
6895,,Plastic moulded items,,,,,,,
379,,COMPRESSOR PLANT TO DRG.NO.765-78-Cb6,,,,,,,
6352,,PROFILE MILLING CUTTER DRG.54-C-31177,,,,,,,
184,,ST SH 5.5MMX300MMX1400MM,,,,,,,
3538,,M.S.WELDING ELECTRODE 3.15 MM DIA,,,,,,,
2238,,TRACK ASSY TO DRG NO. 675-35-CD9,,,,,,,
3374,,"BEARING NO.61914, MAKE:SKF/FAG/NTN.",,,,,,,
8449,,COOLANT& COOLANT CHECKING KIT,,,,,,,
1767,,STEEL METAL STORAGE BINS CAPACITY 1000 K,,,,,,,
8569,,FLOATING DRY DOCK,,,,,,,
8807,,"Main hydraulic cylinder assembly, Guide ram assembly",,,,,,,
978,,"CLOTH FOR PANT ""BROWN"" COLOUR",,,,,,,
9062,,LED Lights Luminaire,,,,,,,
9373,,Fire Extinguisher CO2 Gas Cartridge,,,,,,,
9440,,Step Ladders,,,,,,,
3510,,"CHISEL FOR CHIPPING HAMMER OAL=12"" TY-A1",,,,,,,
9507,,"P.V.C.INSULATED SINGLE CORE MULTISTRAND FLEXIBLE C PUMP .5HP CAPACITY FOR OIL LIFTING,ASSY.CONDITION",,,,,,,
9681,,CPP OIL CLEANING PUMP,,,,,,,
11210,,BULB PLATES,,,,,,,
3411,,MANUFACTURE& SUPPLY OF BROACH 54-C-21126,,,,,,,
2677,,Angle fire hydrant valve,,,,,,,
2677,,SDSL VALVE,,,,,,,
2677,,SDNR VALVE,,,,,,,
2677,,SDNR ST TYPE VALVE,,,,,,,
2677,,GATE VALVE,,,,,,,
2677,,PRESSURE RELIEF VALVE,,,,,,,
2677,,SIGHT GLASS,,,,,,,
2677,,SDSL VALVE SCREWED END,,,,,,,
2677,,NON RETURN CHECK VALVE,,,,,,,
2677,,GUN METAL BALL VALVE,,,,,,,
2677,,SWING CHECK VALVE,,,,,,,
1743,,SUB ASSY OIL SEAL,,,,,,,
6151,,"LED SMART TELEVISION, SCREEN SIZE:43""",,,,,,,
12340,,FCAW consumables,,,,,,,
2677,,NICKLE ALUMINIUM BRONZE SDNR ANGLE TYPE VALVE,,,,,,,
2677,,NICKLE ALUMINIUM BRONZE SDSL VALVE,,,,,,,
2677,,NICKLE ALUMINIUM BRONZE GATE VALVE,,,,,,,
1743,,ASSY GLAND,,,,,,,
2677,,NICKLE ALUMINIUM BRONZE SDSL ANGLE TYPE VALVE,,,,,,,
12468,,STEEL DOCK BLOCKS,,,,,,,
9793,,SET OF DIGITAL MEASURING INSTRUMENTS,,,,,,,
12513,,LCR METER COMPONENT TESTER,,,,,,,
1743,,SEALING RING,,,,,,,
6768,,SIRO ROTATING HYDRAULIC TRIPLEX PLUNGER,,,,,,,
1743,,SEALING RING (RING),,,,,,,
2730,,LOW PRESSURE PORTABLE FIRE EXTINGUISHERS,,,,,,,
1743,,CUP,,,,,,,
1170,,COMP.STATIONERY 25.5X30.5 CM(A4)X1 PLAIN,,,,,,,
1743,,CUP ASSY,,,,,,,
1743,,SEAL,,,,,,,
6482,,CONTROL PANEL (SR-SCPCC) FOR 1000KVA,,,,,,,
1743,,SEAL WITH SPRING,,,,,,,
3641,,REPAIR OF 25 TON HYDRAULIC PRESS,,,,,,,
1743,,CORRUGATED OIL SEAL,,,,,,,
2083,,OIL PUMP GEAR,,,,,,,
13068,,Paste Adhesive,,,,,,,
13424,,DIGITAL WEIGHING MACHINE,,,,,,,
13685,,Battery,,,,,,,
13760,,HP MAGENTA CARTRIDGE NO. CB543A,,,,,,,
13794,,INSULATING MAT,,,,,,,
13826,,Photo Copy Paper,,,,,,,
13896,,PERSONAL COMPUTER WORK STATION,,,,,,,
14058,,WEIGHING MACHINE,,,,,,,
14388,,VACUUM CLEANER HEAVY DUTY,,,,,,,
14682,,Rotary Burrs,,,,,,,
14770,,Densitometer,,,,,,,
14932,,CHAIN SAW MACHINE,,,,,,,
14990,,BICYCLE,,,,,,,
15253,,Shackles - 17 Tons,,,,,,,
2083,,OIL PUMP DRIVE GEAR,,,,,,,
15349,,Computer,,,,,,,
7646,,BARCODE PRINTER (CODE GC42-10052000),,,,,,,
15372,,Torque Wrench Range 135-540 Nm,,,,,,,
15400,,REFRIGERATOR,,,,,,,
15493,,CEILING BLDC FANS,,,,,,,
15503,,HORL Cable,,,,,,,
483,,TRANS'N-2BMP-OFPM-MALAKAPUR-15MT,,,,,,,
1359,,ACCTYLENE,,,,,,,
2083,,OIL PUMP DRIVE GEAR(FORGING),,,,,,,
5761,,250 KG HSLD Aerial Bomb,,,,,,,
5761,,100-120 Kg Aerial BOMB,,,,,,,
5761,,Lifitng Plug,,,,,,,
5761,,250 Kg RDZ Aerial Bomb,,,,,,,
5761,,Hand Grenade,,,,,,,
3172,,ELECTRONIC HEAVY DUTY DISPENSING PUMP,,,,,,,
1398,,BINDER FOR COLD BOX CORE MAKING FOR USE,,,,,,,
2439,,ALU.MANGANEESE MASTER ALLOY IS:1820-1979,,,,,,,
2929,,SOLID CARBIDE END MILL DIA: 20X38X105,,,,,,,
2083,,COVER,,,,,,,
2325,,FORGING FOR THE BOLT 700-28-760,,,,,,,
3170,,HULL ELEC. WIRES TO DRG NO 675-88-Cb2,,,,,,,
8308,,HSS POWER HACKSAW BLADES 600X50X2.5X4.MM,,,,,,,
8112,,AMC FOR TWO HP DL380 GEN 10 SERVERS,,,,,,,
1743,,CQA-ICV-SET-27 (765-33-CD162&700-38-1911,,,,,,,
3570,,Solar water heater,,,,,,,
3570,,Heat pumps,,,,,,,
3570,,Water heaters,,,,,,,
3570,,Water treatment plants,,,,,,,
3570,,Reverse Osmosis plants,,,,,,,
5189,,Bare PCBs,,,,,,,
2083,,GEAR,,,,,,,
10098,,Plastic moulded items,,,,,,,
3802,,Sheet metal products,,,,,,,
4861,,Indicators & Controllers,,,,,,,
2083,,CLUSTER GEAR (FORGING),,,,,,,
4861,,Timers & Counters,,,,,,,
4861,,Data Loggers,,,,,,,
4861,,Solid State Relays (SSRs),,,,,,,
4861,,Calibration,,,,,,,
2083,,CLUSTER GEAR FORGING,,,,,,,
4861,,DC Drivers,,,,,,,
2747,,Laser Cutting and welding,,,,,,,
2083,,GEAR CLUSTER,,,,,,,
2083,,GEAR COMMON FOR 402-97/98(FORGING),,,,,,,
2083,,GENERATOR DRIVE GEAR,,,,,,,
2083,,DRIVE SHAFT (FORGING),,,,,,,
2083,,VALVE SEAT,,,,,,,
2083,,CAP,,,,,,,
2083,,VALVE TIMING GEAR AXLE,,,,,,,
2083,,SLEEVE (FORGING),,,,,,,
2083,,TORSION BAR,,,,,,,
2083,,TORSION BAR(FORGING) FOR WP DRIVE,,,,,,,
2083,,TORSION BAR (FORGING),,,,,,,
2083,,CRANK SHAFT GEAR (FORGING),,,,,,,
2083,,VERTICAL SHAFT (FORGING),,,,,,,
2083,,GEAR OIL PUMP (FORGING),,,,,,,
2083,,FORKED CONNECTING ROD,,,,,,,
2083,,SHAFT (FORGING),,,,,,,
8533,,CRANK 765-31--50,,,,,,,
1341,,ORTHO PHOSPHORIC ACID (TECH GRADE),,,,,,,
4958,,MIG WELDING WIRE SIZE 0.8MM.,,,,,,,
10908,,NBC FILTER FAT-200M TO DRG.NO.IMGA 0001,,,,,,,
2111,,"LOUVRE,MACHINED TO DRG NO. CV570 0118 60",,,,,,,
398,,675-33-CD104ROAD WHEEL WITH SOLID RUBBER,,,,,,,
2380,,EXOTHERMIC SLEEVE,,,,,,,
3433,,PYRO CARTRIDGE PC-100 DQ DRG.NO.ERDL DRG,,,,,,,
3990,,REPAIR OF 30MM GUN 2A42,,,,,,,
5151,,OVERHAULING OF SIGHT 9SH119,,,,,,,
5798,,Carrier Command Post Tracked (CCPT),,,,,,,
5798,,Infantry Combat Vehicle (ICV COMMAND),,,,,,,
5798,,Armament Upgrade BMP-II/IIK Vehicles,,,,,,,
5798,,OVERHAULING OF BMP-II VEHICLE,,,,,,,
5798,,Nag Missile Carrier (NAMICA),,,,,,,
8193,,Automatic Control Unit Of T-90 Battle Tank,,,,,,,
8193,,Control Unit Of T-72 Battle Tank,,,,,,,
8193,,BV-29 Unit of T-90 Battle Tank,,,,,,,
8193,,Elektrone Ground Power Pack DC2800H-1,,,,,,,
8193,,SET OF 03 PCB ASSEMBLIES OF SCP MODULE OF SRCG,,,,,,,
8193,,SET OF 03 PCB ASSEMBLIES FOR MFDU MODULE OF SRCG,,,,,,,
8193,,SET OF 06 PCB ASSEMBLIES FOR EMU MODULE OF SRCG,,,,,,,
8193,,Regulating Unit,,,,,,,
8193,,Threshold Unit,,,,,,,
8193,,Heating Rectifier,,,,,,,
8193,,CABLE NO 53 LF NO 7440300987,,,,,,,
1191,,Compass Prismatic Liquid MK-3 A,,,,,,,
1191,,Director Fire Control No 7 MK-5,,,,,,,
1702,,SEALING RING,,,,,,,
8193,,Cable Harness Assembly,,,,,,,
8193,,Cable Harness Assembly: Signal Generator and Digital Scope,,,,,,,
1702,,REST,,,,,,,
8193,,Cable Harness Assembly: Laser Printer,,,,,,,
1702,,PACKING RING,,,,,,,
8193,,Vector Network Analyser. (VNA up to 20 GHz),,,,,,,
8193,,Cable Tester,,,,,,,
8193,,Ground Based Testers,,,,,,,
1702,,HOSE,,,,,,,
8193,,Ground Based Tester: Fly-By-Wire Tester,,,,,,,
8193,,Ground Based Tester: Air Intake Panel,,,,,,,
8193,,Ground Based Tester: Integrated Test Unit,,,,,,,
8193,,Ground Based Tester: Automatic Work Station,,,,,,,
8193,,Ground Based Tester: Cable Harness Tester,,,,,,,
8193,,Ground Based Tester: Integrated Panel Tester,,,,,,,
1702,,HOSE (FROM OIL PUMP TO COC),,,,,,,
8193,,Ground Support Equipment,,,,,,,
1702,,GASKET,,,,,,,
8193,,Ground Support Equipment: Liquid Oxygen Content Meter,,,,,,,
8193,,Ground Support Equipment: Data Transfer Module,,,,,,,
8193,,Ground Support Equipment: FDR Analyser & Replay Units,,,,,,,
1702,,FLEX.HOSE FOR FUEL (TO FUEL FILL),,,,,,,
8193,,Ground Support Equipment: Ground Power Units,,,,,,,
8193,,"Ground Support Equipment-Ground Power Unit: HD2600H 26V, 38Ah",,,,,,,
1702,,AIR SUPPLY HOSE,,,,,,,
8193,,"Ground Support Equipment-Ground Power Unit: HD2600H-1 26V, 38Ah",,,,,,,
8193,,"Ground Support Equipment-Ground Power Unit: HV2800H 28V, 38Ah",,,,,,,
1702,,BUSH,,,,,,,
8193,,"Ground Support Equipment-Ground Power Unit: DC2600H 26V, 76Ah",,,,,,,
8193,,"Ground Support Equipment-Ground Power Unit: DC2800H-1 28V, 76Ah",,,,,,,
1702,,CYLINDER LINER SEALING RING,,,,,,,
8193,,"Ground Support Equipment-Ground Power Unit: DC2800H-2 30V, 78Ah",,,,,,,
8193,,Ground Support Equipment: ELEKTRONE – Continuous Power Units,,,,,,,
8193,,Ground Support Equipment: Fuel Dispensing System (FDS-72L),,,,,,,
1994,,BP GLASS ASSEMBLY,,,,,,,
3213,,FILTER ROD,,,,,,,
1994,,BP GLASS 62MM WITH AND WITHOUT DE-MISTING SYSTEM,,,,,,,
3213,,FIRST SLOT TYPE FILTERING SECT,,,,,,,
3213,,REDUCING VALVE SPRING,,,,,,,
3213,,SECOND SLOT TYPE FILTERING SEC,,,,,,,
8193,,Ground Support Equipment: Fuel Transfer Pumps,,,,,,,
10310,,FUEL TANK WITHOUT TOOL BOX TO FACILITATE MTG OF AMMUNITION BOX FOR  UPGRADED MPV 4X4,,,,,,,
8193,,Contract Manufacturing: Build-To-Specification-NSTALLATION & INTEGRATION,,,,,,,
5587,,GEAR (WHEEL),,,,,,,
8193,,Contract Manufacturing: Built to Print- PCB PRODUCT SUPPORT,,,,,,,
4758,,WIRES & CABLES,,,,,,,
5587,,EXHAUST CAM SHAFT GEAR,,,,,,,
5587,,CRANK SHAFT GEAR (FORGING),,,,,,,
5587,,CAM SHAFT BUSH,,,,,,,
5587,,BOOSTER PUMP GEAR,,,,,,,
5240,,100 mm IR OPTICS FOR UC T IMAGE,,,,,,,
5096,,ELECTRICAL SWITCHES & MCBS,,,,,,,
5587,,DRIVEN GEAR,,,,,,,
5240,,VIDEO CABLE ASSY 3 FISCHER[,,,,,,,
11,,COMPOSITE ARMOUR LHS & RHS LF NO 9013193320000,,,,,,,
5587,,INCLINED SHAFT (GEAR)/OBLIQUE SHAFT,,,,,,,
11,,SPADE HEAT TREATED ARMOUR PLATE,,,,,,,
5587,,INTAKE (INLET) CAM SHAFT GEAR,,,,,,,
5240,,"PCB Design, Fabrication & Assembly Services",,,,,,,
11,,JACKAL ARMOUR PLATE A CATEGORY,,,,,,,
5240,,Hardware Design & Development: Design Services,,,,,,,
5283,,HYDRAULIC SEALS,,,,,,,
5240,,Hardware Design & Development: Fabrication Services,,,,,,,
5587,,PAIRED GEARS,,,,,,,
11,,HR SHEET 4MM X 1250 X 2500,,,,,,,
5240,,Hardware Design & Development: Assembly Services,,,,,,,
5288,,RUGGED DISPLAYS,,,,,,,
5587,,PAIRED GEARS ASSY,,,,,,,
5292,,WELDING ELECTRODES,,,,,,,
5240,,Specs finalization,,,,,,,
5587,,TA IN MACHINING OF HELICAL GEAR,,,,,,,
5240,,Specs finalization: Circuit designing & Component selection,,,,,,,
5314,,Digital Temperature Controller  48 x48 x 107mm,,,,,,,
5587,,TORSION BAR,,,,,,,
5240,,"Component Sourcing: Camera, Displays, Laser Devices",,,,,,,
5493,,digital flow meters,,,,,,,
5587,,WATER PUMP DRIVE TORSION BAR,,,,,,,
5240,,"Testing, Debugging & Packaging",,,,,,,
5497,,water chillers,,,,,,,
5240,,Software Programming (Controller & FPGA/CPLD programming),,,,,,,
5560,,passenger and commercial vehicles,,,,,,,
5598,,passenger vehicle fabrication works,,,,,,,
5537,,GE LENS FOR MRS,,,,,,,
8495,,EXHAUST PIPE,,,,,,,
8495,,EXHAUST PIPE GR 3,,,,,,,
8495,,PIPE LINE,,,,,,,
8495,,RECEIVER,,,,,,,
8495,,ROTATABLE BUSH (ROTARY BUSHING),,,,,,,
8495,,SCREEN (SHIELD),,,,,,,
8495,,TESTING OF TURBO COMPRESSOR,,,,,,,
8495,,TURBINE INSERT,,,,,,,
8495,,TURBO COMPRESSOR INSTALLATION,,,,,,,
8812,,ASSY RELEASE BEARING (1.75DIA),,,,,,,
1072,,Tank Fab Collapsible 6140 Ltr. Body MK-1,,,,,,,
1072,,Horse Saddle,,,,,,,
1072,,Head Stall,,,,,,,
185,,Mining,,,,,,,
185,,Steel and Power,,,,,,,
185,,Wind Power,,,,,,,
1,,Tea,,,,,,,
2,,Egg Powder,,,,,,,
2,,Bakey Mix,,,,,,,
2,,Liquid Egg,,,,,,,
3,,Diethyl Ether (Anesthesia),,,,,,,
3,,antimicrobial hand wash gel,,,,,,,
3,,Disinfectant Products,,,,,,,
4,,Cam operated Rotary Switches,,,,,,,
4,,Cable Ducts,,,,,,,
4,,Changeover swtiches & Solar Isolators,,,,,,,
4,,General Purpose relays,,,,,,,
4,,Load Break & Photo Voltaic Switches,,,,,,,
4,,Sensors,,,,,,,
5,,Air Compressors & Systems,,,,,,,
5,,Air Compressors Dryers,,,,,,,
5,,On-Site Nitrogen Generators,,,,,,,
5,,Oil-Free Air Compressors,,,,,,,
5,,Oil-Flooded Air Compressors,,,,,,,
5,,Reciprocating Compressors,,,,,,,
6,,Extruded Graphite Mold,,,,,,,
6,,Mini Rods,,,,,,,
6,,Graphite Tubes,,,,,,,
6,,Heat Exchanger Tubes,,,,,,,
6,,Moulded Mold Graphite,,,,,,,
8,,Primary Nutrients,,,,,,,
8,,Secondary Nutrients,,,,,,,
8,,Micro Nutrients,,,,,,,
8,,Water Soluble Fertilizers,,,,,,,
8,,Organic Fertilizers,,,,,,,
8,,Non Edible De-Oiled Cake Fertilizers,,,,,,,
10,,Engineering,,,,,,,
10,,Construction,,,,,,,
10,,Power,,,,,,,
10,,Fertilisers,,,,,,,
10,,Hospitality,,,,,,,
12,,Organic Manure,,,,,,,
12,,Sugar,,,,,,,
12,,Hand Sanitiser,,,,,,,
12,,Ethanol,,,,,,,
13,,food products,,,,,,,
13,,Edible oil,,,,,,,
3766,,PINION WITH BUSH ASSY,,,,,,,
3766,,BALANCING OF ROTATRE SUPER CHARGER,,,,,,,
3766,,MOUNTING OF SUPER CHARGER,,,,,,,
3766,,VENTURI Z-23,,,,,,,
3766,,TRAIN SMALL GEAR,,,,,,,
3766,,FILTERING ELEMENT,,,,,,,
3766,,WASHER,,,,,,,
3766,,VOLUTE DISC,,,,,,,
3766,,GEAR UNIT GUIDE,,,,,,,
3766,,EXHAUST MANIFOLD,,,,,,,
3766,,ROTOR SUPER CHARGER ASSY,,,,,,,
3766,,VOLUTE,,,,,,,
3766,,BODY SUPER CHARGER,,,,,,,
3766,,BEARING,,,,,,,
3766,,OIL PUMP BODY,,,,,,,
3766,,CAMSHAFT THRUST BEARING ASSY,,,,,,,
3766,,RH INLET MANIFOLD&LH INLET MANIFOLD,,,,,,,
8663,,SLEEVE (FORGING),,,,,,,
8663,,CLUSTER GEAR (FORGING),,,,,,,
8663,,CLUSTER GEAR,,,,,,,
8663,,COUNTER WEIGHT FORGING,,,,,,,
8663,,COVER (FORGING),,,,,,,
8663,,CAM SHAFT GEAR (FORGING),,,,,,,
8663,,1ST/2ND WEB COUNTER WEIGHT FORGS,,,,,,,
8663,,CRANK SHAFT GEAR (FORGING),,,,,,,
8663,,CRANK SHAFT SHANK (ACCESSORY END),,,,,,,
8663,,DRIVE GEAR (FORGING),,,,,,,
8663,,DRIVE SHAFT (FORGING),,,,,,,
8663,,DRIVE GEAR,,,,,,,
8663,,FLANGE,,,,,,,
8663,,FORGING FOR INSERTION,,,,,,,
8663,,FORKED CONNECTING ROD,,,,,,,
8663,,GEAR,,,,,,,
8663,,GEAR CLUSTER,,,,,,,
8663,,GEAR OIL PUMP (FORGING),,,,,,,
8663,,WATER PUMP SHAFT (FORGING),,,,,,,
8663,,GEAR (forging),,,,,,,
8663,,SPACER,,,,,,,
8663,,TORSION BAR (FORGING),,,,,,,
8663,,WATER PUMP DRIVE GEAR,,,,,,,
8663,,OIL PUMP GEAR,,,,,,,
8663,,GEAR OF CRANKSHAFT FLYWHEEL EN-,,,,,,,
8663,,GENERATOR DRIVE GEAR,,,,,,,
8663,,GEAR FORGING)FOR OP DRIVE GEAR,,,,,,,
263,,INTAKE (INLET) CAM SHAFT GEAR,,,,,,,
263,,BOOSTER PUMP GEAR,,,,,,,
263,,TOOTHED RIM,,,,,,,
263,,DRIVING GEAR,,,,,,,
263,,GENERATOR DRIVE SHAFT,,,,,,,
263,,GEAR UNIT GUIDE,,,,,,,
263,,GEAR,,,,,,,
263,,POWER TAKE UP SHAFT,,,,,,,
263,,TRAIN SMALL GEAR,,,,,,,
263,,CLUSTER GEAR,,,,,,,
263,,INCLINED SHAFT (GEAR)/OBLIQUE SHAFT,,,,,,,
263,,PINION WITH BUSH ASSY,,,,,,,
263,,TORSION BAR,,,,,,,
2473,,BRANCH PIPE GASKET,,,,,,,
2473,,COVER,,,,,,,
8601,,RING,,,,,,,
8601,,GASKET,,,,,,,
8601,,COPPER ASBESTOS SEALING RING 27x35,,,,,,,
2811,,PIPE L.H. ASSY,,,,,,,
2811,,(CAM-SHAFT)THRUST BEARING CAP,,,,,,,
2811,,ASSY FUEL PIPE DISCHARGE LH,,,,,,,
2811,,CAP,,,,,,,
2811,,CAP (FORGING),,,,,,,
2811,,CAP & MAIN BEARING,,,,,,,
2811,,ASSY SEALING RING,,,,,,,
2811,,GAUZE,,,,,,,
2811,,BOTTOM PLATE BODY (PLATE FORGING),,,,,,,
2811,,OIL CATCH RING,,,,,,,
2811,,FUEL PUMP OIL SUPPLY PIPE ASSY.,,,,,,,
2811,,THRUST BEARING LOWER,,,,,,,
2811,,FILTER FASTENING BELT ASSY.,,,,,,,
2811,,PLATE(TOP BODY FORGING),,,,,,,
2811,,KEY(2.78 MM THICK),,,,,,,
2811,,HOOP,,,,,,,
2811,,THRUST BEARING UPPER,,,,,,,
2811,,THRUST BRG.BASE(FOR CAM SHAFT),,,,,,,
2811,,THRUST BEARING CAP (FORGING).,,,,,,,
2811,,SPACER ASSY,,,,,,,
2811,,SPACER,,,,,,,
2811,,PKG. OF CRANKSHAFT FLYWHEEL END,,,,,,,
2811,,ASSY PIPE FUEL DISCHARGE RH,,,,,,,
2811,,ASSY. PIPE,,,,,,,
3318,,BEARING 12302 B1 ETY 500-65,,,,,,,
3318,,BALL BEARING,,,,,,,
3318,,BEARING70-42205DI(ETY 500-65),,,,,,,
3318,,BEARING 292228 MT ETY 500-65,,,,,,,
3318,,BEARING 6-112 L ETY 500 - 65,,,,,,,
3318,,BEARING 6-36207 L ETY 500),,,,,,,
17,,Gas Turbine Generators,,,,,,,
45,,Apparel products,,,,,,,
51,,Laminates and allied products,,,,,,,
51,,Artificial leather cloth,,,,,,,
51,,Glass fibre reinforced epoxy sheets,,,,,,,
47,,Leather,,,,,,,
47,,Leather Footwear,,,,,,,
52,,Printing paper,,,,,,,
52,,Packing paper,,,,,,,
52,,Boards,,,,,,,
4665,,Pressure Transmitter for Compr suction,,,,,,,
4665,,Remote HMI - ES3919B-4120370,,,,,,,
4665,,Complete overhaul/ repair/ refurbishment AC chopper box,,,,,,,
4665,,STW of three (3) nos. AC Chopper Boxes,,,,,,,
4665,,Tests & Trials of AC Chopper Boxes,,,,,,,
4665,,Complete overhaul/ repair/ refurbishment Diesel Monitoring System,,,,,,,
4665,,STW of the Diesel Monitoring System,,,,,,,
4665,,Renewal of sensors for DMS as per Scope,,,,,,,
4665,,HATs and SATs of the Diesel Monitoring System,,,,,,,
4665,,Supply of mandatory spares for AC chopper box,,,,,,,
4665,,Supply of mandatory spares for Diesel Monitoring system (DMS),,,,,,,
8812,,BRG BALL  JOURNAL SINGLE ROW (17X40X12MM),,,,,,,
8812,,BRG BALL JNL SELF ALLGNING D/ROW (25X52X15MM),,,,,,,
8812,,BRG BALL  JNL SELF ALIGNING DOUBLE  (BRG NO-1308) (40X90X23MM),,,,,,,
8812,,BRG BALL JNL SINGLE ROW  (45X100X25MM),,,,,,,
8812,,BRG BALL JNL SINGLE ROW (10X26X8MM),,,,,,,
8812,,BRG BALL JNL SINGLE ROW (20X42X12MM),,,,,,,
8812,,BRG BALL JNL SGL ROW (25X47X12MM),,,,,,,
8812,,BRG BALL JNL SINGLE ROW (30X55X13MM),,,,,,,
8812,,(MTRL NO-10468955) BRG BALL JNL S/ ROW (60X95X18MM),,,,,,,
8812,,BRG BALL JNL SINGLE ROW  (15X35X11MM),,,,,,,
8812,,BEARING (09262M30172)  (17X40X12MM),,,,,,,
8812,,BRG BALL JNL SINGLE ROW  (20X47X14MM),,,,,,,
8812,,BRG BALL JNL SINGLE ROW  (25X52X15MM),,,,,,,
8812,,BEARING BALL JNL SINGLE ROW  (25X52X15MM),,,,,,,
8812,,(MTRL NO-10459975) BRG BALL JNL SINGLE ROW (30X62X16MM ) (RIGHT LIGHT SERIES MEDIUM 2 DOT FIT),,,,,,,
8812,,BRG BALL JNL SINGLE ROW  (40X80X18MM),,,,,,,
8812,,BRG BALL JNL SINGLE ROW  (50X90X20MM),,,,,,,
8812,,BALL BEARING (50X90X20MM),,,,,,,
8812,,BRG BALL JNL SINGLE ROW (55X100X21MM),,,,,,,
8812,,BRG BALL JNL SINGLE ROW (60X110X22MM),,,,,,,
8812,,BRG BALL JNL SINGLE ROW (65X120X23MM),,,,,,,
8812,,BRG BALL JNL SINGLE ROW (75X130X25MM),,,,,,,
8812,,BRG BALL JNL S/ROW (75X130X25MM)   BEARING 6215,,,,,,,
8812,,BRG BALL JNL SINGLE ROW (80X140X26MM),,,,,,,
8812,,BRG BALL JNL S/R  (25X62X17MM),,,,,,,
8812,,BRG BALL JNL SINGLE ROW  (30X72X19MM),,,,,,,
8812,,BRG BALL JNL SINGLE ROW (35X80X21MM),,,,,,,
8812,,BRG BALL JNL SINGLE ROW  (40X90X23MM),,,,,,,
8812,,BRG BALL JNL SINGLE ROW (45X100X25MM),,,,,,,
8812,,BRG BALL JNL SINGLE ROW (60X130X31MM),,,,,,,
8812,,BRG BALL JNL SINGLE ROW (65X140X33MM),,,,,,,
8812,,BRG BALL JNL SINGLE ROW (85X180X41MM),,,,,,,
8812,,BRG BALL JNL SINGLE ROW (50X130X31MM),,,,,,,
8812,,BRG BALL JNL SINGLE ROW (30X55X9MM),,,,,,,
8812,,BRG BALL JNL  SINGLE ROW WITH TWO SEAL BEARING 6007-ZZ  (35X62X14MM),,,,,,,
8812,,BRG BALL JNL SINGLE ROW   (12X32X10MM),,,,,,,
8812,,BRG BALL JNL SINGLE ROW  (12X32X10MM),,,,,,,
1083,,COPPER ASBESTOS SEALING RING 16x22,,,,,,,
8812,,BRG BALL JNL SINGLE ROW   (17X40X12MM),,,,,,,
1083,,COPPER ASBESTOS SEALING RING 27x35,,,,,,,
8812,,BEARING BALL JNL SINGLE ROW   (17X40X12MM),,,,,,,
1083,,T-PIECE-GASKET,,,,,,,
1083,,PACKING RING,,,,,,,
1083,,PACKING RING (SEALING RING),,,,,,,
8812,,BEARING BALL JNL SINGLE ROW  (20X47X14MM),,,,,,,
8812,,BRG BALL JNS  SINGLE ROW WITH ONE SEAL BEARING 6207-Z (35X62X14MM),,,,,,,
1083,,VOLUTE GASKET,,,,,,,
8812,,BRG BALL JNL  SINGLE ROW WITH TWO SHIELDS BEARING 6208-ZZ (40X80X18MM),,,,,,,
8812,,BRG BALL JNL  SINGLE ROW WITH SNAP RING BEARING 6210-N (50X90X20MM),,,,,,,
8812,,BEARING (09262M28005) 63/28 LU,,,,,,,
1083,,PIPE,,,,,,,
8812,,BRG BALL JNL  SINGLE ROW WITH TWO SEALS BEARING 6309-2RS  (45X100X25MM),,,,,,,
1083,,COVER (For Super Charger),,,,,,,
8812,,BEARING TAPERED ROLLER (25X52X16.25MM),,,,,,,
8812,,BRG TAPER ROLLER (35X72X18.25MM),,,,,,,
1083,,BODY GASKET,,,,,,,
8812,,BRG TAPER ROLLER (50X90X21.75MM),,,,,,,
8812,,BRG TAPER ROLLER (60X110X23.75MM),,,,,,,
1083,,BRANCH PIPE GASKET,,,,,,,
8812,,TAPER ROLLER BEARING FRONT HUB,,,,,,,
1072,,Pup Tent,,,,,,,
1083,,SEALING RING,,,,,,,
8812,,ROLLER BEARING OUTER,,,,,,,
8812,,Taper Roller Bearing    (100X445x27.25 SKF),,,,,,,
8812,,Cylindrical Roller Bearing,,,,,,,
1083,,RING,,,,,,,
1072,,Chagul Universal,,,,,,,
1072,,Tank Canvas Water ‘S Type 230 Ltr. Body MK1,,,,,,,
1072,,Tank Canvas Water ‘S’ Type 230 Ltr. Cover MK-1,,,,,,,
8812,,BRG TAPPER ROLLER (60X110X29.75 MM),,,,,,,
1083,,RING 14 X 20,,,,,,,
1191,,Sight Dial And Mount Cased 104 A,,,,,,,
8812,,BRG TAPER ROLLER  (70X125X33.250 MM),,,,,,,
1191,,Sight Night Vision Passive 5.56 mm Rifle (INSAS) Cased 101A,,,,,,,
8812,,TAPER ROLLER BEARING INNER (80X140X35.25 MM),,,,,,,
8812,,BRG TAPERED ROLLER  (80X140X35.250 MM)  (in rear brake down hub inner),,,,,,,
8812,,BEARING NO-7518,,,,,,,
8812,,BRG TAPER ROLLER (30X72X28.750 MM),,,,,,,
8812,,BRG TAPER ROLLER  (45X100X38.25 MM),,,,,,,
1072,,Bomb Suppression Blanket,,,,,,,
1072,,Bomb Disposal Suit,,,,,,,
8812,,(MTRL NO-10547317) BRG T/ROLLER (60X130X48.500 MM),,,,,,,
1072,,Ballistic Briefcase,,,,,,,
8812,,ROLLER BEARING,,,,,,,
8812,,BRG TAPER ROLLER  (25X62X18.25 MM),,,,,,,
8812,,HUB BEARING INNER   (3.75X6.625X1.625 MM),,,,,,,
1072,,Blanket Superior OG,,,,,,,
1072,,Net Mosquito,,,,,,,
2986,,VALVE GUIDE(STANDARD SIZE),,,,,,,
2986,,HYDRAULIC PISTON,,,,,,,
2986,,HYDRAULIC PISTON ASSY,,,,,,,
2986,,TOOTHED RING,,,,,,,
2986,,ASSY OF CONTROL RACK,,,,,,,
2986,,ART.CONNECTING ROD,,,,,,,
8812,,TAPERED ROLLER BRG (HYP PINION),,,,,,,
8812,,BRG TAPERED ROLLER (82.5502X140X36.5251MM),,,,,,,
2986,,ARTICULATED CONNECTING ROD OPN 90,,,,,,,
8812,,HUB  BEARING OUTER (127.6X162.22X14.11 MM),,,,,,,
2986,,TA IN MACHINING,,,,,,,
8812,,BRG BALL ANGULAR CONTACT SINGLE ROW (30X62X16MM),,,,,,,
2986,,TA IN M/C. OF CYL.HEAD RH,,,,,,,
8812,,SPIGOT BEARING (0.99X2.12X1.12 MM),,,,,,,
8812,,BRG ROLLER JNL  (90X160X30MM),,,,,,,
2986,,TA IN MACHINING BRG CAP 8TH SUPPORT,,,,,,,
8812,,BRG PARLLER ROLLER JNL SINGLE ROW (35X80X21MM),,,,,,,
8812,,BRG PARLLER ROLLER JNL SINGLE ROW (65X140X33MM),,,,,,,
2986,,TA IN M/C OF CYL.HEAD LH,,,,,,,
8812,,ROLLER BEARING (60X110X22MM),,,,,,,
8812,,ROLLER BEARING (45X80X23 MM),,,,,,,
8812,,ROLLER BEARING (50X90X23 MM),,,,,,,
8812,,BRG PARALLEL ROLLER JNL SINGLE ROW RIGID (50X110X27MM),,,,,,,
2986,,TA IN M/C OF CYL.HEAD COVER LH,,,,,,,
8812,,BEARING CYL ROLLER (FOR  TAIL PINION),,,,,,,
2986,,TA IN M/C OF CYL.HEAD COVER RH,,,,,,,
2986,,MAIN CONNECTING ROD,,,,,,,
2986,,SWIVEL ELBOW WITH REDUCING VALVE ASSY,,,,,,,
2986,,HYDRAULIC CYLINDER&HYDRAULIC PISTON,,,,,,,
2986,,CAM SHAFT THRUST BEARING ASSEMBLY,,,,,,,
2986,,HMC OPERATION OF ACR OF V46 ENGINE,,,,,,,
2986,,HYDRAULIC CYLINDER,,,,,,,
1191,,Sight Night Vision Passive 5.56 mm LMG (INSAS) Cased 101A,,,,,,,
5630,,LINE TO INFLATION BUSTING,,,,,,,
2986,,ASSY OF TOOTHED CONTROL RACK,,,,,,,
1191,,Google Night Vision Passive Cased 102A,,,,,,,
5630,,SOLENOID SWITCH,,,,,,,
2986,,SERRATION CUTTING OPN 20 TO 30,,,,,,,
1191,,Sight Passive NK-24 Cased 101A,,,,,,,
2986,,RING WOOD SCREW,,,,,,,
5630,,STARTER MOTOR  12V,,,,,,,
5630,,POLE SCREW,,,,,,,
1191,,Binocular Night Vision Passive Cased 101A,,,,,,,
5630,,STARTER KIT,,,,,,,
1191,,Sight Night Vision Passive 84 mm Carl Gustav Gun Cased 101A,,,,,,,
5630,,SWITCH ASSY CHANGE OVER,,,,,,,
1191,,Sight 51 mm Mortar 102A,,,,,,,
1191,,Sight Bore Muzzle AFV 125 mm Cased,,,,,,,
2986,,FIP DRIVE COUPLING ASSY,,,,,,,
1191,,"Calculator Set Correction of Moment 75/24 PACK HOW, 1A",,,,,,,
2986,,MIDDLE BEARING CAP SEMI 10TO90OPN.,,,,,,,
1191,,Calculator Set Correction of Moment 25 PR1A,,,,,,,
1191,,Graph Clearance Crest cased 1A,,,,,,,
2986,,TA IN MCR ASSY,,,,,,,
1191,,Board Plotting Arty (PUO-9) Cased 101A,,,,,,,
1191,,Nomograph Instrument Traverse Cased 1A,,,,,,,
2986,,TA IN MACHINING OF THRUST BRG CAP,,,,,,,
1191,,Scale Graphical Firing Set Correction of Moment 105/37 Fd Gun,,,,,,,
1191,,Plotter 81 mm Mortar Cased 101A,,,,,,,
9051,,STUD M 8 X 28,,,,,,,
1191,,Tripod Fire Control Instrument No. 28 MK-1,,,,,,,
1191,,Marker and Point selector Type PB-2,,,,,,,
9051,,STUD M 8 X 30,,,,,,,
9051,,STUD M 8 X 35,,,,,,,
1191,,Level Fire Control Instrument,,,,,,,
9051,,STUD M 8 X 46,,,,,,,
184,,STEEL BILLET FOR 155 MM M-107,,,,,,,
9051,,STUD M10 X 52,,,,,,,
1191,,Rod Stadia Arty Cased 1C,,,,,,,
9051,,STUD M10 X 57,,,,,,,
9051,,STUD M12 X 60,,,,,,,
9051,,STUD M12 X 84,,,,,,,
2292,,STEEL BILLET FOR 155 MM,,,,,,,
1191,,Sight Bore Muzzle TXP-1-30-515,,,,,,,
9051,,STUD M6 X 24,,,,,,,
7218,,LINER 304033757 DC 37448-A,,,,,,,
9051,,STUD M6 X 26,,,,,,,
1463,,POLYURATHANE(PU) PAINT OLIVE GREEN,,,,,,,
9051,,STUD M6 X 32,,,,,,,
9051,,STUD M8 X 28,,,,,,,
9051,,STUD M8 X 32,,,,,,,
9051,,STUD M8 X 40,,,,,,,
12376,,CHROMIC ACID,,,,,,,
13933,,BAND SAW BLADE 4860X41X1.3X 3/4 TPL,,,,,,,
9051,,STUD M8 X 38,,,,,,,
9051,,STUD M8 X 72,,,,,,,
9051,,STUD M8 X 48,,,,,,,
9051,,STUD M8 X 35,,,,,,,
12863,,CAUSTIC SODA,,,,,,,
9051,,STUD M8x40,,,,,,,
5798,,LPTA 715 GS 4X4 BS-III,,,,,,,
9051,,STUD M9 X 32,,,,,,,
9051,,STUD M9X38,,,,,,,
5798,,STALLION MK-IV 4X4 BS-III,,,,,,,
9051,,STUD M 10 X 42,,,,,,,
5798,,LPTA 2KL WATER BOWSER,,,,,,,
9051,,STUD M 6 X 32,,,,,,,
9051,,STUD (M10x92),,,,,,,
6871,,ARALDITE HARDNER 750 OR 758.,,,,,,,
5798,,MPV 4X4,,,,,,,
9051,,STUD M 6 X 21,,,,,,,
9051,,STUD M 10 X 48,,,,,,,
2398,,ZINC INGOT 99.95%,,,,,,,
9051,,STUD M8 X 51,,,,,,,
3439,,MAGAZINE FS-2935,,,,,,,
9051,,STUD,,,,,,,
9051,,NUT,,,,,,,
9051,,MAIN JOURNAL PLUG BOLT,,,,,,,
9051,,JOINT PIN,,,,,,,
9051,,CRANK PIN PLUG BOLT,,,,,,,
172,,CONV. OF  SHELL BODY & LINER,,,,,,,
5630,,RECTIFIER ASSY,,,,,,,
1610,,COLD ROLLEDD TIN ANODE.,,,,,,,
9051,,ADAPTER STUD,,,,,,,
4926,,TI Sight for Konkur ATGM Launcher,,,,,,,
5630,,"REGULATOR ASSY, GENENRATOR",,,,,,,
551,,SKIRT RING TO DRG NO FS-517 A,,,,,,,
5630,,ARMATURE  (ONLY –MG 413W),,,,,,,
5099,,"Automated Mortar Fire Direction Controller, MK-III",,,,,,,
4138,,CARBIDE INSERTS OF VARIOUS GRADES,,,,,,,
1662,,PHOSPH.ACID BASE DERUSTING CHEMICAL,,,,,,,
2723,,Display Unit Cased 101A,,,,,,,
5630,,FIELD COIL ASSY,,,,,,,
1716,,CORRUGATED PAPER CARTON FS-835 E,,,,,,,
5630,,DRIVE ASSY,,,,,,,
2207,,STEEL BILLET FOR 155 MM M-107,,,,,,,
5630,,ARMATURE ASSY,,,,,,,
5630,,ALTERNATOR WITH DOUBLE GROOVE PULLEY 65 AMPS,,,,,,,
1814,,'O'RING 66.7 X 1.2 DRG. NO.FS-2773B,,,,,,,
5630,,BRUSH GEAR ASSY,,,,,,,
4003,,LARGE VALVE SPRING,,,,,,,
4003,,LARGER SPRING,,,,,,,
5630,,STARTER MOTOR (LUCAS TVS),,,,,,,
4003,,DELIVERY VALVE SPRING,,,,,,,
5630,,REGULATOR & BRUSH BOX ASSY,,,,,,,
4003,,GOVERNOR SPRING,,,,,,,
4003,,PACKING SPRING,,,,,,,
5630,,ELECTRONIC FLASHER KIT,,,,,,,
4003,,INJECTOR SPRING,,,,,,,
5630,,CE BKT ASSY,,,,,,,
5630,,REGULATOR CONTROL STARTER ELECTRONIC,,,,,,,
4665,,Onboard spares for Diesel Monitoring System,,,,,,,
5630,,STARTER RELAY,,,,,,,
4665,,B&D Spares for Diesel Monitoring system,,,,,,,
5630,,STARTER SOLENOID SWITCH,,,,,,,
5630,,ALTERNATOR,,,,,,,
5630,,ROTOR 0139251,,,,,,,
4665,,SHIP INFORMATION BOARD,,,,,,,
5630,,IGNITION COIL 12V,,,,,,,
1083,,CUP,,,,,,,
4665,,SET OF MATING CONNECTORS (PLUGS FOR XA01,,,,,,,
4665,,SHIP INFORMATION BOARD (PROTOTYPE),,,,,,,
5630,,WIND SCREEN WIPER MOTOR,,,,,,,
5630,,SWITCH PRESSURE/SOLENOID SWITCH,,,,,,,
5630,,STATOR  (12V),,,,,,,
5630,,WINDING STARTER GENERATOR FIELD,,,,,,,
5630,,SOLENOID,,,,,,,
5630,,REPAIR KIT ACCESSORIES WIPER,,,,,,,
5630,,KIT FOR STARTER MOTOR,,,,,,,
5630,,GENERATOR ASSY  (ONLY MG 413W),,,,,,,
5630,,GENERATOR ASSY,,,,,,,
5630,,BRUSH  (-)N (ONLY MG 413W),,,,,,,
5630,,REGULATOR,,,,,,,
5630,,REGULATOR ASSY,,,,,,,
5630,,"SPRING HANGER BRACKET, BOTTOM",,,,,,,
5630,,SPRING HANGER BRACKET FRONT SUSPENSION,,,,,,,
5630,,SPRING HANGER BRACKET FRONT REAR SUSPENSION,,,,,,,
5630,,SPRING HANGER BRACKET REAR SUSPENSION,,,,,,,
5630,,ASSY WARNING LAMP STALLION 24V CENTER CONSOLE,,,,,,,
5630,,"HEAD LIGHT FG-N, ASSY",,,,,,,
5630,,STARTER (LUCAS),,,,,,,
5630,,BRK LEVER LH (TOP CONNECTED TO SHORT PUSH ROD),,,,,,,
5630,,BRAKE  CHAMBER TYPE-36 WITH THREADED FORK (M-845090),,,,,,,
5630,,WHEEL NUT LH /NUT CONE SEAT HEXAGON LH [(50/31-1)/ (651-44-01)],,,,,,,
5630,,WHEEL BOLT LH / STUD PLAIN 127 LONG LH ( 50-32-1),,,,,,,
5630,,REAR VIEW MIRROR Z 700.1,,,,,,,
5630,,STAY (BACK REST),,,,,,,
5630,,MOTOR ASSY STARTING,,,,,,,
5630,,D  SHACKLE (50-77-1),,,,,,,
5630,,CABLE ASSY CLUTCH,,,,,,,
5630,,TERMINAL (+),,,,,,,
5630,,CONNECTING CABLE FOR STARTING POSITIVE,,,,,,,
5630,,RELAY  COIL  ASSY,,,,,,,
5630,,CONNECTING CABLE FOR STARTING NEGATIVE,,,,,,,
5630,,SWITCH COIL,,,,,,,
5630,,ROTOR ASSY,,,,,,,
5630,,EXCITATION WINDING,,,,,,,
5630,,BRUSH(+) (ONLY –MG 413W),,,,,,,
5630,,ARMATURE,,,,,,,
5630,,BUSH ELECTRICAL CONTRACT CARBON BRUSH SET,,,,,,,
5630,,STARTER MOTOR,,,,,,,
5630,,STARTER ENGINE GENERATOR,,,,,,,
5630,,MEGNETIC SWITCH 12 V,,,,,,,
5630,,IGNITION COIL 12 V,,,,,,,
5630,,STARTER MOTOR MICO/  STARTER MOTOR 7M14,,,,,,,
5630,,ALTERNATOR 24 VOLTS 75 AMPS,,,,,,,
5630,,WHEEL SPANNER 27x30  A/F,,,,,,,
5630,,SOLENOID SWITCH ASSY,,,,,,,
5630,,COIL ASSY IGNITION,,,,,,,
5630,,CHAIN AND SPROCKET KIT,,,,,,,
5630,,RELAY EMERGENCY VALVE    (M-300290),,,,,,,
5630,,STARTER MOTOR-24V,,,,,,,
5630,,BRAKE SHOE ASSY,,,,,,,
5630,,PISTON,,,,,,,
5630,,PISTON ASSY WITH RING (STD),,,,,,,
5630,,CENTRAL BOLT,,,,,,,
5630,,LIFTING AND MEASURING DEVICE   (TS-211W),,,,,,,
5630,,EXTRACTION (VTS 86W/1),,,,,,,
5630,,CTI GUIDE SLEEVE (R 5270),,,,,,,
5630,,FRONT OIL SEAL PRESSING TOOL (6DH33A/1),,,,,,,
5630,,ROLLING IN ROLL (1X20 155 653),,,,,,,
2499,,SHOT STEEL GRADE SS-1000,,,,,,,
14022,,GRINDING WHEEL HOLDER FITTED,,,,,,,
3064,,SEPTUM TO CQA(AMMN.)DRG. NO.QX-338,,,,,,,
5687,,PIN CONNECTING TO CAT SECTION,,,,,,,
2926,,STEEL H-13 (LF-VD). SIZE:-250MM DIA,,,,,,,
4431,,GASKET TO OFAJ DRG.NO.FS-2886 B.,,,,,,,
4002,,NUB TO CQA(AMMN)DRG.NO.155-1050.,,,,,,,
1361,,SPIRIT WHITE,,,,,,,
2885,,CONVERSION  OF 155MM SLUG FORGED,,,,,,,
5630,,MOUNTING ADAPTER (1X156 119916),,,,,,,
5630,,GRIPPING DEVICE (1X56 136 710),,,,,,,
2992,,SHOT STEEL GRADE SS-1000,,,,,,,
5630,,GRIPPING DEVICE (1X56 136 722),,,,,,,
681,,CONV. OF TUNGSTEN SPHERES TO PF ROCKET,,,,,,,
5630,,GRIPPNG DEVICE (1X56 136 743),,,,,,,
5630,,ADAPTER (1X56 137 124),,,,,,,
5630,,LIFTING ROD (1X56 137 200),,,,,,,
5630,,ADJUSTER SLACK BRAKE OFF SET TYPE LH (M-810370),,,,,,,
5630,,OIL DIPSTICK,,,,,,,
5630,,SHOE ASSY,,,,,,,
5630,,COVER BATTERY CONTAINER,,,,,,,
5630,,ASSEMBLY LEVER (130-046-560-044),,,,,,,
280,,MOTOR TUBE,,,,,,,
280,,CONV.PRE-FORM BLANK TO MOTOR TUBE,,,,,,,
155,,CONV.PRE-FORM BLANK TO MOTOR TUBE,,,,,,,
155,,MOTOR TUBE,,,,,,,
3199,,LOCK WASHER,,,,,,,
2524,,M/CING OF TUBE MOTOR DRG.NASK/776/1,,,,,,,
2524,,ACTUATOR SLEEVE ARDE D/NO.1135/12,,,,,,,
2524,,OGIVE TO DRG. NO.13157-0-0.,,,,,,,
373,,ASSY OF STALLION MK-III BS-II RHD WITH 122 KW MK-II H-SERIES  ENGINE,,,,,,,
3199,,LOCKING RING,,,,,,,
3199,,BRUSH HOLDER,,,,,,,
3199,,ARMATURE ASSY,,,,,,,
3141,,COCK DRAIN,,,,,,,
3199,,SCREW M6X14.36.016,,,,,,,
3199,,SPRING,,,,,,,
9628,,COPPER STRIP 108 MM X 5 MM,,,,,,,
9628,,AL.- CR. MASTER ALLOY WITH 5% CR .,,,,,,,
2560,,RIVET TO DRG.NO. QX-201,,,,,,,
3141,,UNION PIPE,,,,,,,
2560,,ASSY. OF CSK FITTED BOLT M10 X35,,,,,,,
2560,,SCREW  DET-32,,,,,,,
3141,,BEARING PLAIN SPHERICAL,,,,,,,
9975,,WINCH REDUCER,,,,,,,
3141,,ASSY LEFT CYLINDER HEAD COVER,,,,,,,
3141,,BLOCK LOCATING,,,,,,,
1309,,EXTRUDED HOLLOW PROFILE,,,,,,,
3141,,BRACKET,,,,,,,
3199,,SPRING RINGS,,,,,,,
3141,,PAN DRAIN,,,,,,,
3141,,COVER LEFT,,,,,,,
3141,,RING FLOATING,,,,,,,
3199,,BRUSH FOR ELE. MACHINE,,,,,,,
3141,,VALVE ASSY,,,,,,,
3141,,BODY VALVE,,,,,,,
3141,,VALVE LEFT HAND,,,,,,,
3199,,WASHER (12.65G.06 GOST 6402-70),,,,,,,
3141,,STOWAGE RACK,,,,,,,
3199,,WASHER,,,,,,,
3141,,FILTER ASSLY,,,,,,,
3141,,BAND CLAMPING RADIATOR,,,,,,,
3141,,TRAILER BRAKE CONTROL VALVE,,,,,,,
3141,,TWO SECTION BRAKE VALVE,,,,,,,
3141,,VALVE CROSS,,,,,,,
3141,,STRAINER ASSY FILTER,,,,,,,
3141,,SPRING HELICAL EXTENSION,,,,,,,
3141,,COVER TORSION BAR,,,,,,,
3199,,INSULATING GASKET (WASHER),,,,,,,
3199,,FLANGE,,,,,,,
3199,,INSULATING PLATE,,,,,,,
3199,,PLATE TYPE WASHER,,,,,,,
3199,,DISC ASSY,,,,,,,
3199,,BALL BEARING 1210,,,,,,,
3199,,COVER (casing),,,,,,,
3199,,RING,,,,,,,
3199,,NUT M12.5 A 016 gost 5915-70,,,,,,,
3199,,PANEL,,,,,,,
3199,,PILLER,,,,,,,
3199,,STARTER C5-2C,,,,,,,
3199,,BUSH,,,,,,,
387,,Repairing of MRLC Submarine,,,,,,,
7,,cables,,,,,,,
3451,,Precision machining components,,,,,,,
3451,,AIR Frames,,,,,,,
3451,,Rocket Motors for Missiles,,,,,,,
3451,,Control surface wings & Fins,,,,,,,
3451,,Electro mechanical Actuators,,,,,,,
3451,,Proximity RF Fuses,,,,,,,
3451,,Bldc Motor,,,,,,,
3451,,Generators,,,,,,,
3451,,Valves and Precision Components,,,,,,,
4913,,Precision fabrication,,,,,,,
4913,,Vane Assembly,,,,,,,
4913,,Power Cylinder,,,,,,,
7176,,FABRIC NYLON 66 LT. WEIGHT 56 GSM +/- 5 % : BLUE SHADE[21],,,,,,,
6772,,STEEL MILD RODS OR ROUNDS OR WIRES OR FLATS VARIOUS,,,,,,,
135,,VALVE ASSEMBLY,,,,,,,
135,,VALVE ASSY,,,,,,,
135,,WHEEL VALVE,,,,,,,
5763,,Precision machining components,,,,,,,
714,,HAULING BAR ASSEMBLY,,,,,,,
2896,,Precision machining components,,,,,,,
714,,HAULING BAR ASSEMBLY-VP135 VEHICLE,,,,,,,
2896,,Air Frames,,,,,,,
2896,,Fins,,,,,,,
714,,REINFORCEMENT ASSEMBLY,,,,,,,
2896,,Air in take,,,,,,,
714,,BRACKET ASSY LH,,,,,,,
2896,,Fairings,,,,,,,
714,,BRACKET ASSY RH,,,,,,,
2896,,Composite Shell,,,,,,,
7218,,Flow forming,,,,,,,
188,,LONGITUDINAL FRAME CHANNEL,,,,,,,
188,,LONGITUDINAL FRAME (CHANNEL),,,,,,,
188,,FRAME LONGITUDINAL FRONT (CHANNEL),,,,,,,
188,,FRAME LONGITUDINAL REAR (CHANNEL),,,,,,,
188,,FRAME LONGITUDINAL (REAR),,,,,,,
188,,FRAME LONGITUDINAL FOR SARVATRA,,,,,,,
188,,FRAME LONGITUDINAL ( FRONT CHANNEL),,,,,,,
188,,FRAME LONGITUDINAL ( REAR CHANNEL),,,,,,,
188,,FRAME LONGITUDINAL REAR,,,,,,,
188,,REAR FACE SHEET ASSY,,,,,,,
188,,R.F.ADAPTER SHEET,,,,,,,
188,,SIDE PLT ADPTR SHEET,,,,,,,
188,,FRONT FACE SHEET ASSY,,,,,,,
188,,SIDE PLATE ASSY,,,,,,,
5128,,connectors,,,,,,,
360,,CHASSIS WIRING HARNESS,,,,,,,
360,,WIRING HARNESS - DUAL CONTROL (TERMINAL),,,,,,,
360,,CABLE ASSEMBLY,,,,,,,
360,,CHASIS WIRING HARNESS,,,,,,,
5128,,Twin core Miniature Control Cable,,,,,,,
323,,Thin walled cable 1.5 sq.mm,,,,,,,
323,,Thin walled cable 2.5 sq.mm,,,,,,,
323,,Thin walled cable 10 sq.mm,,,,,,,
5128,,inductor bush,,,,,,,
5128,,EDU Cable Assy,,,,,,,
5128,,Precision machining components,,,,,,,
5128,,Inertia Switch,,,,,,,
5128,,Control Unit Assembly,,,,,,,
8471,,Precision machining components,,,,,,,
1072,,Smoke Denison,,,,,,,
8471,,Sheet metal components,,,,,,,
1072,,Combat Uniform with Disruptive patter with IA logo,,,,,,,
8589,,Precision machining components,,,,,,,
1072,,Trouser Surge,,,,,,,
1072,,Trouser Terywool BG for IAF,,,,,,,
1072,,Blanket Hospital,,,,,,,
1072,,Blanket Airforce Blue for IAF,,,,,,,
1072,,Blanket Navy Blue for Indian Navy,,,,,,,
1072,,Space Heating Device (Bukhari),,,,,,,
1599,,pre-forms,,,,,,,
1072,,Gloves ECC,,,,,,,
1072,,Gloves HIMCLOS,,,,,,,
1599,,Motor Assembly,,,,,,,
1599,,Precision Welded components,,,,,,,
1072,,Trouser PV DD,,,,,,,
1072,,Overall Ground Crew,,,,,,,
1072,,Shirt PV DD OG,,,,,,,
1072,,Shirt CC Khaki,,,,,,,
1629,,War Head filling,,,,,,,
1629,,Precursor Warhead,,,,,,,
1629,,SAM for Main Warhead,,,,,,,
1629,,SAM for Precursor warhead,,,,,,,
2742,,Precision machining components,,,,,,,
5410,,MONOLITHIC BORON CARBIDE CERAMIC PLATE VARIETY NO 2 FOR HARD ARMOUR PANEL FOR FRONT AND BACK[21],,,,,,,
5410,,MONOLITHIC BORON CARBIDE CERAMIC PLATE VARIETY NO 2 HARD ARMOUR PANEL SIDE[21],,,,,,,
124,,CLOTH DUCK COTTON 610 GRM O.G. W.P. 91 CMS. WIDE[21],,,,,,,
124,,CLOTH PLAIN WEAVE POLYESTER AND VISCOSE DOPE DYED KHAKI 138 CMS.[21],,,,,,,
124,,COTTON FABRIC SCOURED FOR S.D PARCHUTE TYPE - I 91 CMS.[21],,,,,,,
124,,DUCK COTTON 476 GMS SULPHAR KHAKI 91 CM[21],,,,,,,
124,,Drill Cotton White Bleached 91 cms.,,,,,,,
124,,FABRIC COTTON 125 GSM SKY BLUE 155 CMS WIDE,,,,,,,
124,,FABRIC COTTON 50 GM OG 100 CMS WIDE,,,,,,,
124,,"FABRIC COTTON CLOSELY WOVEN 235 GMS. BLACK 91 CMS. WIDE, VAT DYED",,,,,,,
124,,FABRIC COTTON CLOSELY WOVEN 235 GR. BLACK WR 91 CM,,,,,,,
124,,FABRIC COTTON O.G.W.R. FOR CAPS WP 91 C M,,,,,,,
1038,,Spring Type Cylindrical Plastic Stopper White,,,,,,,
1038,,Spring Type Cylindrical Plastic Stopper Black,,,,,,,
1825,,Fabric Nylon Knitted Aluminsed 100cm,,,,,,,
1825,,Three Layer Water Proof Breathable Fabric Dual Shade OG/White 118 cm,,,,,,,
1825,,FABRIC NYLON 75 GSM WHITE PU COATED 152 CMS (MINIMUM),,,,,,,
1038,,Buttons Plastic Various Types,,,,,,,
989,,Fabric Nylon,,,,,,,
990,,Cloth Cotton Light Blue 142cms.,,,,,,,
1038,,Snap Fastener Spring Type 7/7 Top in Two Parts(Cap Nickle Plated)(SSA of M/s Arva Fasteners Pvt. Ltd.,,,,,,,
990,,PU Coated Heat Sealable Nylon Fabric Black 150 cm Excluding Selvage,,,,,,,
990,,PU Coated Heat Sealable Nylon Fabric Navy Blue 150 Cm Excluding Selvedge,,,,,,,
990,,Cloth Cotton Poplin Light Blue 150 cm width excluding selvedges,,,,,,,
990,,Cloth Mercerised Cotton Light OG 142 cms minimum width excluding selvedges,,,,,,,
434,,Three Layer Waterproof Breathable Fabric Dual Shade OG/White 118 CM,,,,,,,
990,,CAMBRIC COTTON WHITE 91 CMS.,,,,,,,
990,,CANVAS COTTON 410 GMS. KHAKI 91 CMS.,,,,,,,
990,,CLOTH CALICO COTTON WHITE 91 CMS,,,,,,,
990,,CLOTH DUCK COTTON 475 GR KHAKI 91 CMS,,,,,,,
392,,FAST PATROL VESSEL (FPV),,,,,,,
392,,LANDING CRAFT UTILITY (LCU),,,,,,,
33,,Fabric Nylon 75 GSM U/D 91 cms(),,,,,,,
392,,ANTI-SUBMARINE WARFARE SHALLOW WATER CRAFT (ASW-SWC),,,,,,,
33,,Fabric Twill Weave Poly. & Cotton (67:33) Disruptive Patt. WR 290gsm 150 cm Width (Min)with Indian A(),,,,,,,
392,,NEXT GENERATION OFFSHORE PATROL VESSEL( NGOPV),,,,,,,
392,,ANTI-SUBMARINE WARFARE CORVETTE (ASW-C),,,,,,,
949,,POLY FILL 100 PERCENT POLYESTER 100 GSM WITH PRE QUILTED NON WOVEN WEB LINING WIDTH 150 CM MIN,,,,,,,
7208,,Cloth Ripstop Polyester & Cotton (20:80) 190 GSM Digital Print 150 cm +/- 2% Width (Including Selvedge),,,,,,,
7208,,FABRIC NYLON 65 GSM RIP STOP WR OG PU COATED WIDTH 160 CM,,,,,,,
124,,Yarn Worsted 55 Tex/2 Dark OG,,,,,,,
441,,Cloth Ripstop Polyester & Cotton (20:80) 190 GSM Digital Print 150 cm +/- 2% Width (Including Selvedge),,,,,,,
124,,Serge Battle Dress Poly Wool 142 Cms Minimum Width,,,,,,,
124,,FABRIC NYLON 220 GSM WHITE WATER & OIL REPELLENT 100 CM,,,,,,,
21,,Cloth Ripstop Polyester & Cotton (20:80) 190 GSM Digital Print 150 cm +/- 2% Width,,,,,,,
21,,CAMBRIC COTTON WHITE 91 CMS.,,,,,,,
21,,Clothing & General Storesvvvv,,,,,,,
967,,Double Layer Bonded Polyester Fleece Undyed 145 cm,,,,,,,
21,,CLOTH CANVAS COTTON 680 GR. OG WP 91CM,,,,,,,
21,,CLOTH COTTON 375 GRM. SCOURED W.R. FOR CAPES 91 CMS. WIDE,,,,,,,
21,,CLOTH COTTON CLOSELY WOVEN 170 GM WHITE WR 91 CM,,,,,,,
21,,CLOTH COTTON CLOSELY WOVEN 235 GRMS. DUAL SHADE (WHITE/OG) W.R. 91 CMS,,,,,,,
21,,CLOTH COTTON CLOSELY WOVEN 310 GM W.R. 91 CMS.,,,,,,,
21,,CLOTH COTTON MINERAL KHAKI WATER REPELLENT FOR CAPE WATER PROOF 90 CM,,,,,,,
982,,Serge Battle Dress Poly Wool 142 cm,,,,,,,
8862,,Fabric Nylon Knitted Aluminized 100 cm,,,,,,,
8862,,CANVAS RAYON PVC COATED O.G. 91 CMS.,,,,,,,
8862,,GROUND SHEET TPO O.G.,,,,,,,
8862,,"LEATHER CLOTH BLACK (VENYL COATED FABARIC) 127/130 CM.(50"" X 51"") WIDE",,,,,,,
967,,Double Layer bonded Polyester Fleece White 150 cm width,,,,,,,
8862,,NYLON FABRIC O.G. POLYURETHANE COATED (250 GM/SQR M) 91 CM.,,,,,,,
13896,,Computer Server,,,,,,,
1825,,FABRIC NYLON 75 GSM WHITE PU COATED 152 CMS,,,,,,,
2160,,Copper band for 105mm HE Shell,,,,,,,
963,,Yarn Wool Polyamide (80:20) 240 Tex Air Force Blue[,,,,,,,
963,,Yarn Wool Polyamide(80:20) 240 Tex OG,,,,,,,
2189,,Seamless Tubes,,,,,,,
949,,) POLY FILL 100 PERCENT POLYESTER 100 GSM WITH PRE QUILTED NON WOVEN WEB LINING WIDTH 150 CM MIN,,,,,,,
10385,,Outer and Inner Shell Nylon Fabric Inner Jacket Nylon 60g width 150 cm Min,,,,,,,
2200,,Different type of CNC machine Tools,,,,,,,
10385,,Fabric nylon 75gsm Un-dyed 91cm,,,,,,,
10385,,FABRIC NYLON KNITTED ALUMINIZED COATED 100 CM MIN,,,,,,,
2207,,Steel billet for 105mm HE Shell Body,,,,,,,
1037,,One Piece Fused Collar Various Sizes,,,,,,,
2207,,Billet for 125mm HE Shell Body,,,,,,,
1037,,One Piece Shoulder Strap Various Sizes,,,,,,,
1037,,Plastic Antique Tip Black,,,,,,,
2207,,Steel billet for 155mm ERFB Shell body,,,,,,,
1037,,Spring Type Cylindrical Plastic Stopper Black,,,,,,,
2160,,Guilding metal for 155mm HE Shell,,,,,,,
2160,,Copper Band for 125mm HE Shell,,,,,,,
1760,,Copper band for 105mm HE Shell,,,,,,,
1760,,Guilding metal for 155mm HE Shell,,,,,,,
1862,,Boxes Fibre Board Rigid Corrugated Triple Wall 7 Ply of size-700 mm X 450 mm X 400 mm,,,,,,,
1962,,Rammer Assembly for Sharang Gun System,,,,,,,
2626,,Rammer Assembly for Sharang Gun System,,,,,,,
1976,,SELF ADHESIVE POLYTHENE BAG OF SIZE 41X31.5 CM & 0.04MM,,,,,,,
2626,,Base Plate Assembly for 81mm Mortar,,,,,,,
2626,,Machined Components,,,,,,,
1976,,Self Adhesive Polythene Bag Size (50x35) cm x 0.04 mm,,,,,,,
1976,,Self Adhesive Polythene Bag Size (80x50) cm x 0.04 mm,,,,,,,
1976,,Self Adhesive Polythene Bag Size (95x70) cm x 0.04 mm,,,,,,,
1976,,Self Adhesive Polythene Bag Size 65x50 cm x 0.04 mm,,,,,,,
2840,,Special Coating on Gun Components,,,,,,,
1976,,Self Adhesive Polythene bag of size 45x35cm & 0.04 MM,,,,,,,
1976,,Self adhesive Polythene Bag Size -40 cm width X 76 cm length X 0.04 mm Thick,,,,,,,
9479,,Glass Fibre Moulding Powder,,,,,,,
9303,,Lifting Plug for 155mm HE Shell,,,,,,,
9303,,Lifting Plug for 130mm HE Shell,,,,,,,
2491,,EDM machine Wires,,,,,,,
184,,Steel billet for 105mm HE Shell Body,,,,,,,
184,,Billet for 125mm HE Shell Body,,,,,,,
184,,Steel Billet for 155mm ERFB Shell Body,,,,,,,
184,,Steel billet for 155mm Illuminating & Smoke Shell Body,,,,,,,
284,,CNC Turning machines,,,,,,,
284,,CNC Milling Machines,,,,,,,
277,,CNC Turning machines,,,,,,,
9678,,Fabric Nylon 75 GSM White PU Coated 152cms Minimum,,,,,,,
277,,Grinding Machines,,,,,,,
720,,CNC Turning machines,,,,,,,
31,,FABRIC NYLON 220 GSM. WHITE WATER & OIL REPELLENT 100 CM,,,,,,,
720,,CNC Milling Machines,,,,,,,
31,,100% Polyester Lining Black,,,,,,,
31,,Fabric Nylon Low Porosity 52 GMS ODS,,,,,,,
31,,Fabric nylon 75gsm Un-dyed 91cm,,,,,,,
1142,,Polythene Bags,,,,,,,
3099,,CNC Turning machines,,,,,,,
985,,FABRIC BLENDED POLYESTER and COTTON 70 30 DIGITAL CAMOUFLAGE PRINT TWILL WEAVE 215G WIDTH 150cm min,,,,,,,
942,,Batting Polyester 200 GSM,,,,,,,
942,,Thermal Bonded Batting Polyester 100 GSM 150 cm width,,,,,,,
1915,,FLEXIBLE POLY URETHANE FOAM 8 MM THICK SHEET OF 190 CM X 90 CM,,,,,,,
21,,Cloth Twill Weave PC (20:80) 250 GSM Greenish Khaki 150 cms width (min),,,,,,,
21,,Fabric twill weave Poly & Cotton (67:33) Dis. WR 290 GSM 150cm (Min) Width with Indian Army Logo[,,,,,,,
448,,CLOTH TWILL WEAVE POLYESTER & COTTON(20:80)250GSM GREENISH KHAKI 150 CM WIDTH(MIN),,,,,,,
448,,Cloth Polyester & Cotton (20:80) Disruptive Pattern 250 GSM with Indian Air Force Logo 150 cm width (min),,,,,,,
448,,FABRIC TWILL WEAVE COTTON AND POLYESTER (80:20) DISRUPTIVE PATTERN WATER REPELLENT 250 GSM 150 cm WIDTH (MINIMUM) WITH INDIAN ARMY LOGO,,,,,,,
448,,Cloth Polyester and Cotton Disruptive pattern 250 GSM for Jungle with Army Logo 152cm Min Width,,,,,,,
14,,Fabric Twill Weave Cotton & Polyester (80:20) Disruptive Pattern Water Repellent 250 GSM 150 cm Widt,,,,,,,
14,,Fabric Twill Weave Polyester & Cotton (20:80) 250 GSM Greenish Khaki 150 cm Width (Minimum),,,,,,,
441,,ABRIC TWILL WEAVE POLY.& COTTON (67:33) DISRUPTIVE PATT. WR 290GSM 150 cm WIDTH(MIN)WITH INDIAN ARMY LOGO,,,,,,,
10298,,FABRIC NYLON 75 GSM WHITE PU COATED 152 CMS (MINIMUM),,,,,,,
10298,,FABRIC NYLON 300 GSM RIPSTOP PU COATED FLAME RETARDANT 152 CMS,,,,,,,
10298,,Three Layer water proof breathable fabric Dual shade OG White 118 cm width[,,,,,,,
10298,,Fabric Nylon 220 GSM White Water and Oil repellent 100 cm,,,,,,,
972,,FABRIC NYLON 220 GSM WHITE WATER & OIL REPELLENT 100 CM,,,,,,,
6556,,THERMAL BONDED BATTING POLYESTER 100 GSM 150 CM WIDTH,,,,,,,
1934,,Three Layer WP Breathable fabric DS OG/WH 118cm,,,,,,,
1934,,Fabric Nylon Knitted Aluminised 100cm,,,,,,,
1934,,Fabric Nylon 75GSM WH PU Coated 152cm,,,,,,,
8862,,Cover Plastic Coated Nylon Fabric Sz-900x600x0.1MM,,,,,,,
8987,,FABRIC NYLON KNITTED ALUMINIZED COATED 100 CM MIN,,,,,,,
10549,,Serge Battle Dress Poly Wool 142 Cms Minimum Width,,,,,,,
10549,,Yarn Worsted 30 Tex x 2 OG of 64s W/Q,,,,,,,
10549,,Yarn Worsted 80 Tex Dark OG,,,,,,,
10549,,Yarn Worsted 80 Tex X 3 Dark OG,,,,,,,
23,,Cloth PW Poly Viscose Dope dyed OG 150cm[,,,,,,,
32,,Cloth Polyester and Cotton Disruptive pattern 250 GSM for Jungle with Army Logo 152cm,,,,,,,
32,,FABRIC TWILL WEAVE POLY.& COTTON (67:33) DISRUPTIVE PATT. WR 290GSM 150 cm WIDTH(MIN)WITH INDIAN ARMY LOGO[,,,,,,,
32,,CLOTH TWILL WEAVE POLYESTER & COTTON(20:80)250GSM GREENISH KHAKI 150 CM WIDTH(MIN),,,,,,,
32,,Cloth Drill Cotton Disruptive Pattern 142cm Minimum Width,,,,,,,
32,,CLOTH Plain Weave Polyester and Cotton Grey 138 cm Width Min Excluding Selvedges,,,,,,,
5922,,Boxes Fibre Board Rigid Corrugated Triple Wall 7 Ply of size-700 mm X 450 mm X 400 mm,,,,,,,
5922,,Corrugated Fibre Board Box 5 ply size 420x330x375 mm,,,,,,,
5922,,Tape Self Adhesive Transparent WP 75 mm Minimum width[,,,,,,,
5922,,Tape Adhesive Brown 50 mm (Duly Printed with OCF name or Trade Mark,,,,,,,
912,,Yarn Wool Polyamide (80:20) 240 Tex OG,,,,,,,
912,,Yarn Wool Polyamide (80:20) 240 Tex Air Force Blue,,,,,,,
5847,,Plastic Fastener Various Sizes and Colour,,,,,,,
922,,Plastic Fastener Various Sizes and Colour,,,,,,,
36,,CLOTH TWILL WEAVE POLYESTER & COTTON(20:80)250GSM GREENISHKHAKI 150 CM WIDTH(MIN,,,,,,,
36,,Fab. Nylon 75 GMS U/D 91 cm width,,,,,,,
36,,Fab. Nylon Low Porosity 52 GM ODS 94 cm,,,,,,,
1365,,Chrome plating on Gun Components,,,,,,,
13575,,Machined Components,,,,,,,
2126,,WROUGHT STEEL HOT ROLLED BAR 140MM,,,,,,,
392,,SURVEY VESSEL LARGE (SVL),,,,,,,
2367,,STEEL STRIP TO SIZE:0.62MM +0.06MM,,,,,,,
402,,"Vertical Pumps ,Vertical Volute Pump ·",,,,,,,
2368,,Plastic Moulded Components,,,,,,,
3,,"Anti-Infective, Cardiovascular, Gastroenterologic, Hormonal, Oncology, and Miscellaneous drugs",,,,,,,
2404,,Forged body of Shell 155mm M107,,,,,,,
20,,"polyester, textured yarn, knitted fabrics, and garments",,,,,,,
2412,,WIRE BRASS HARD 18 SWG IS: 4413,,,,,,,
2412,,Brass Rod of different sizes,,,,,,,
81,,Super Phosphate (SSP) fertilizer,,,,,,,
43,,"Fluorochemicals (refrigerants, pharma propellants, industrial chemicals, and fluoropolymers), Specialty Chemicals",,,,,,,
2423,,Steel rods of different sizes,,,,,,,
60,,"Linear Alkyl Benzene (LAB), which is used in detergents and cleaners, along with related products such as Heavy Alkylate and Spindle Oil",,,,,,,
92,,paints and coatings,,,,,,,
2537,,Extractor Upper & Lower for T-72,,,,,,,
13,,edible oils,,,,,,,
1934,,FABRIC PP TPO COATED WITH F.R. TREATED FOR FLOORING 115 CM WIDE,,,,,,,
2560,,Bumper Piece Sharang Gun,,,,,,,
40,,electrical transformer,,,,,,,
2577,,GUN MAETAL:OD-110MM ID-75MM,,,,,,,
75,,Analgesic & Anti-spasmodic ; Joydol -TH · Nimujet Gel · Analgesic & Anti-spasmodic ; Tablet · Topical Gel · Analgesic & Anti-spasmodic.,,,,,,,
52,,paper Rolls,,,,,,,
15,,FOOTWEARS,,,,,,,
2599,,COLD ROLLED BRIGHT ANNEALED STEEL,,,,,,,
31,,Fabric nylon,,,,,,,
21,,CLOTH COTTON CLOSELY WOVEN 235 GRMS,,,,,,,
2599,,Steel rods of different sizes,,,,,,,
1815,,FABRIC WATER PROOF RUBBERISED WHITE 91CM,,,,,,,
1815,,FABRIC PP TPO COATED WITH F.R. TREATED FOR FLOORING 115 CM WIDE,,,,,,,
402,,"FIRE FIGHTING PUMP,Vertical Pumps ,Vertical Volute Pump ·",,,,,,,
2676,,Graphite Blocks for defence use,,,,,,,
301,,Nickel Metal..,,,,,,,
1815,,FABRIC NYLON 66 BREATHABLE POLY URETHENE COATED DISRUPTIVE ARMY COMOFLAGE PATTERN 180 +2 CM (NO NEGATIVE TOLERANCE) WIDE,,,,,,,
35,,O-RING  /.,,,,,,,
1980,,DRILL COTTON PROOFED WHITE (BLEACHED ) 71 CM,,,,,,,
1934,,PU Coated Nylon Fabric in Camouflage Design 150 cm Excluding Selvedge,,,,,,,
14912,,Electrical Equipment,,,,,,,
303,,SYRMA SGS TECHNOLOGY LIMITED,,,,,,,
23,,gasoline and diesel; Petrochemicals,,,,,,,
29,,"Apparel, Fabrics, Garment Packages, Garments, Apparels, Home Textiles, Home Textiles, Circumference Fabrics, Medical Barrier Fabrics.",,,,,,,
53,,Kraft Paper,,,,,,,
1980,,FABRIC PP TPO COATED WITH F.R. TREATED FOR FLOORING 115 CM WIDE,,,,,,,
53,,Writing & Printing Paper (WPP),,,,,,,
53,,Notebooks,,,,,,,
1847,,Fabric Nylon PU Coated WP OG 115 GSM,,,,,,,
53,,Text books,,,,,,,
79,,Ascapil 6mg Tablet · Bstil 24mg Tablet,,,,,,,
49,,Footwear - Shoes,,,,,,,
49,,Footwear - Slippers,,,,,,,
8122,,WIRING HARNESS,,,,,,,
50,,wood-based panel products,,,,,,,
50,,various types of plywoods,,,,,,,
50,,Blockboards,,,,,,,
50,,Flushboards,,,,,,,
9012,,HYDRAULIC SYSTEM FOR 155MM 45 CALIBRE DHANUSH GUN,,,,,,,
50,,Hardboards,,,,,,,
50,,pre-compressed press boards,,,,,,,
50,,Fire retardant plywood,,,,,,,
50,,Marine / Aircraft Plywood,,,,,,,
54,,Multi Layer Ceramic Capacitors,,,,,,,
2126,,STEEL ROUND 30.10MM (+0.5MM/-0.00MM.)DIA TO SPECN. STEEL ROUND 32.00MM (+0.00MM/-0.10MM.)DIA COLD DRA,,,,,,,
54,,Single Layer Ceramic Capacitors,,,,,,,
54,,SMD Capacitors,,,,,,,
703,,Rubber parts,,,,,,,
289,,MIG AND TIG WELDING ELECTRODES,,,,,,,
6733,,DRUM ASSY.AK-630 Sb 118 SB. COOLING TANK TO DRG.NO.Sb 117/50 WITHOUT PUMP VK-5,,,,,,,
598,,PU Coated Nylon Fabric in Camouflage Design 150 cm Excluding Selvedges,,,,,,,
410,,"ower transmission and distribution (T&D) structures, including transmission towers, monopoles, and poles",,,,,,,
55,,Aluminium extrusion products,,,,,,,
1085,,"STROBELLING, LASTING & MOULDING OF BHA PU-RUBBER SOLE OF VARIOUS SIZES",,,,,,,
54,,Ceramic Capacitor,,,,,,,
598,,CLOTH NYLON COTTON 50 50 WITH CAMOUFLAGE PRINT 200 GSM,,,,,,,
57,,Photographic Products,,,,,,,
36,,Camouflage Cloth Commercial Polyester 600 D PVC PV Coated 150 CM Excluding Selvedges,,,,,,,
6027,,BALL BEARINGS,,,,,,,
245,,PUMP VK-524 A-T2 FOR AK 630 GUN.,,,,,,,
415,,"ndustrial and medical gases like oxygen, nitrogen, argon, and carbon dioxide",,,,,,,
10567,,FASTENER HOOK & LOOP or VALCRO VARIOUS,,,,,,,
58,,graphite specialty products,,,,,,,
6303,,MATTRESS ECC EXCLUDING CARRY BAG,,,,,,,
372,,SHOCK ABSORBERS,,,,,,,
598,,PU COATED NYLON FABRIC IN BLACK COLOUR 150 CMS EXCLUDING SELVEDGES,,,,,,,
10567,,WEBBING NYLON VARIOUS,,,,,,,
441,,"Cloth Ripstop Polyester & Cotton,,",,,,,,,
53,,paper products,,,,,,,
186,,DIFFERENT SIZE OF CARBIDE  DRILL AND TWIST DRILL,,,,,,,
598,,CLOTH COTTON VISCOSE AND POLYESTER BLEND DIGITAL CAMOUFLAGE PATTERN - 150 CM (MIN) EXCLUDING SELVEDGES,,,,,,,
60,,Caustic Soda,,,,,,,
60,,Chlorine & Derivatives,,,,,,,
10567,,CLOTH COTTON DOSSUTI OG 91 CMS WIDE,,,,,,,
204,,"High volume Auto, Electrical & Transmission forged components",,,,,,,
10567,,CLOTH DUCK COTTON 340 GMS SCOURED 91 CMS,,,,,,,
598,,Fabric Nylon 66 Breathable Poly Urethene Coated Digital Print 180 + 2 cm (No Negative Tolerance) Wide,,,,,,,
10567,,DUCK COTTON 610 GMS O.G.W.P. 91 CMS,,,,,,,
8977,,ENGINE AND ENGINE PARTS,,,,,,,
63,,industrial and automotive lubricants,,,,,,,
48,,Industrial SAFETY SHOES,,,,,,,
63,,greases,,,,,,,
10567,,FABRIC 410 GMS OG WP P.V. DOPE DYED RIP STOP 148 CMS,,,,,,,
598,,Cloth Ripstop Polyester & Cotton (20:80) 190 GSM Digital Print 150 cm +/- 2% Width (Including Selvedge),,,,,,,
63,,Transformer Oils,,,,,,,
77,,"specialty chemicals and pharmaceuticals, with core expertise in benzene-based chemicals, including nitro chloro benzene and di-chloro benzenes",,,,,,,
1089,,Leather Chrome Tanned Side Black Plain various,,,,,,,
63,,"heavy vehicle engine oils,",,,,,,,
10567,,FABRIC GREEN 205 GMS SPUN P.V. BLENDED DOPE DYED 148 CMS,,,,,,,
84,,Manufacturing Explosives Products,,,,,,,
1089,,Leather Lining Combination Tanned various,,,,,,,
598,,Cloth Cellular Cotton Khaki 148 cm Minimum Width Excluding Selvedges,,,,,,,
64,,customized galvanized steel structures,,,,,,,
1089,,Leather Chrome Tanned Zuggrain various,,,,,,,
598,,PU BUTTON 2 HOLE 20 MM ENGRAVED INDIAN ARMY LOGO,,,,,,,
64,,telecommunication towers,,,,,,,
19,,Logistic,,,,,,,
598,,Camouflage Cloth Commercial Polyester 600 D PVC/PU Coated 150 cm Excluding Selvedges,,,,,,,
64,,Monopoles,,,,,,,
64,,power transmission line towers,,,,,,,
1091,,"chrome tanned black buff din apollo leather embassed full grain leather, thickness 2+0.2mm[",,,,,,,
598,,Inter Linning Fabric 100% Poly Micro Dot Black 35 GSM WD 91 cm,,,,,,,
64,,substation structures,,,,,,,
603,,"special steels & alloys such as super alloys, precipitation hardening steels, martensitic stainless",,,,,,,
12733,,ULTRASONIC AND RADIOGRAPHIC TESTING OF GUN AND FUZE ITEMS,,,,,,,
1091,,soft plain leather thickness 1+0.2mm,,,,,,,
64,,solar module mounting structures,,,,,,,
82,,stainless steel corrugated hoses,,,,,,,
64,,specialized cold-formed steel products,,,,,,,
1091,,LEATHER CHROME TANNED SIDE BLACK PLAIN VARIOUS,,,,,,,
66,,White Oil/Liquid Paraffin Oil,,,,,,,
66,,white oils/liquid paraffin oil,,,,,,,
66,,petroleum jelly,,,,,,,
49,,safety footwear.,,,,,,,
66,,transformer oil,,,,,,,
66,,rubber process oil,,,,,,,
1090,,LEATHER BUFF CHROME TANNED SIDE BLACK FOOT BALL PRINT,,,,,,,
66,,ink and coating oils,,,,,,,
1090,,Leather Chrome Tanned Sides Black Plain Smooth Finished 1.4 to 1.6 mm thick,,,,,,,
66,,various textile and industrial lubricants,,,,,,,
7176,,PU Coated Heat Sealable Nylon Fabric Navy Blue 150 cm Excluding Selvedges,,,,,,,
1431,,"RUBBER CORD 3MM DIA CORD,DIA 1.5 MM (MAT:NBR)",,,,,,,
1090,,LEATHER CHROME TANNED ZUGGRAIN various,,,,,,,
7176,,PU Coated Nylon Fabric in Black Colour 150 cm Excluding Selvedges,,,,,,,
67,,automotive and industrial lubricants,,,,,,,
7176,,Camouflage Cloth Commercial Polyester 600 D PVC PV Coated 150 CM Excluding Selvedges,,,,,,,
67,,engine oils for cars and commercial vehicles,,,,,,,
201,,HARITA SEATING SYSTEMS LIMITED,,,,,,,
67,,gear and transmission oils,,,,,,,
67,,coolants,,,,,,,
7176,,PU Coated Nylon Fabric in Camouflage Design 150 cm Excluding Selvedges,,,,,,,
67,,brake oil,,,,,,,
67,,various types of greases,,,,,,,
203,,"Earth Moving, Mining & Mineral Processing, Steel Plants, ...",,,,,,,
4699,,FEED BIN ASSY.AK-630M Sb 03 SB.,,,,,,,
67,,hydraulic oils,,,,,,,
7176,,PARA ARAMID WOVEN FABRIC 150 CM[,,,,,,,
892,,CURRIED BUFFALO LEATHER FRONT STRAP,,,,,,,
67,,turbine oils,,,,,,,
5,,"industrial air compressors, including oil-flooded and oil-free rotary screw compressors, and reciprocating compressors.",,,,,,,
7176,,CLOTH NYLON COTTON 50 50 WITH CAMOUFLAGE PRINT 200 GSM,,,,,,,
46,,Safety Shoes,,,,,,,
892,,Leather hand gloves 18 with lining complete,,,,,,,
7176,,PU Coated Heat Sealable Nylon Fabric Black 150 cm Excluding Selvage,,,,,,,
69,,Titanium Heat Exchangers,,,,,,,
216,,Forging,,,,,,,
69,,Bayonet Heat Exchangers,,,,,,,
5077,,PIEZO ELEMENT TO SK.NO.OTF/PG/016 FOR 125 MM HEAT AMMN,,,,,,,
7176,,Fabric Nylon 66 Breathable Poly Urethene Coated Digital Print 180 + 2 cm (No Negative Tolerance) Wide,,,,,,,
65,,Engine Oil,,,,,,,
70,,transformer oils,,,,,,,
70,,white mineral oils,,,,,,,
70,,liquid paraffins,,,,,,,
70,,"petroleum jellies, and waxes",,,,,,,
6772,,"RUBBER ADHESIVE FOR TEMPORARY JOINING OF LEATHER COMPONENTS OF ""BOOT ANKLE DVS",,,,,,,
441,,Cloth Ripstop Polyester & Cotton (20:80) 190 GSM Digital Print 150 cm +/- 2% Width (including Slevedges),,,,,,,
1226,,"BHARAT NORCAM-C/TRIMOFIN-25/SERVO CUT-201/ZX-6 CUTTING OIL, SERVOCUT-253. CUTTING OIL SERVOCUT ""S""/ SEROL-B / KOOL KUT-""40 S OIL ENGINE 10 W 30   OR OMD-110 (1/428/04) TRANSFORMER OIL HV GRADE. SPECN NO. 335-1983.",,,,,,,
71,,branded and generic drugs,,,,,,,
71,,complex generics,,,,,,,
71,,biosimilars,,,,,,,
71,,Active Pharmaceutical Ingredients (APIs),,,,,,,
985,,CLOTH COTTON VISCOSE AND POLYESTER BLEND DIGITAL CAMOUFLAGE PATTERN - 150 CM (MIN) EXCLUDING SELVEDGES,,,,,,,
6352,,GAUGE AS PER DRG. NO. LK- 8159-5683 SB. GAUGE AS PER DRG. NO. LK- 8332-4238 SB. GAUGE AS PER DRG. NO. LK- 8332-4721 SB. GAUGE AS PER DRG. NO. LK- 8332-4722 SB. GAUGE AS PER DRG. NO. LK- 8345-4230 SB. GAUGE AS PER DRG. NO. LK-8349-4145 SB.,,,,,,,
985,,Cloth Ripstop Polyester & Cotton (20:80) 190 GSM Digital Print 150 cm +/- 2% Width (Including Selvedge),,,,,,,
985,,Cloth Cellular Cotton Khaki 148 cm Minimum Width Excluding Selvedges,,,,,,,
928,,Cloth Cellular Cotton Khaki 148 cm Minimum Width Excluding Selvedges,,,,,,,
928,,Cloth Polyester & Cotton Disruptive Pattern (250 GSM) for Jungle with Army Logo 152 cms (Minimum) Excluding Selvedges,,,,,,,
10567,,PVC Sheet For Bag Kit,,,,,,,
11556,,PVC SHEET,,,,,,,
928,,Cloth Ripstop Polyester & Cotton (20:80) 190 GSM Digital Print 150 cm +/- 2% Width (Including Selvedge),,,,,,,
1221,,NOSING LUBRICANT (GRAPHITE OIL),,,,,,,
4087,,DIFFERENT TYPES OF GAUGES OF GUN AND AMMUNITION COMPONENTS,,,,,,,
22,,CNC machine tools,,,,,,,
223,,"CNC machines display, servo motors, cards etc",,,,,,,
6475,,IC Connector butt,,,,,,,
354,,"COMPREHENSIVE AMC-PC, PRINTERS & UPS",,,,,,,
223,,ELECTRICAL  AND ELECTRONICS PRODUCT,,,,,,,
6475,,IC retainer spring recoil,,,,,,,
6475,,IC body of pistol,,,,,,,
6475,,IC Trigger,,,,,,,
6475,,IC Sliding knob,,,,,,,
25,,CLOTH DRILL COTTON WHITE BLEACHED 142 CMS MINIMUM WIDTH EXCLUDING SELVEDGES,,,,,,,
6475,,IC Front sight,,,,,,,
25,,CLOTH DRILL COTTON KHAKI 142 CM V NO 3 MINIMUM WIDTH EXCLUDING SELVEDGES,,,,,,,
25,,Cloth Drill Cotton Navy Blue 142 cms V No 4 minimum excluding selvedges N H Q,,,,,,,
525,,Shrouded copper bus bar,,,,,,,
25,,PARA ARAMID FABRIC UNIDIRECTIONAL 160 CM WIDTH,,,,,,,
25,,CLOTH DRILL COTTON DARK GREY 142 CMS WIDTH EXCLUDING SELVEDGES,,,,,,,
25,,PARA ARAMID WOVEN FABRIC 150 CM,,,,,,,
25,,FABRIC PW INHERENT FIRE RETARDANT WITH ANTI MICROBIAL FINISH ORANGE 150 CM WIDTH,,,,,,,
13019,,CONSERVANCY & CLEANING SERVICES,,,,,,,
25,,Fabrication of Coat ECC Improved Version,,,,,,,
25,,CLOTH DRILL COTTON NAVY BLUE 142 CMS V No 3 MINIMUM WIDTH EXCLUDING SELVEDGES,,,,,,,
25,,Poly fleece fabric knitted OG 150 cm width min,,,,,,,
2350,,Drift Pin,,,,,,,
25,,Fabrication of JCD and TCD with Indian Army Logo 220 GSM,,,,,,,
25,,Fabrication of BRJ III A Outer Carrier and BRJ III plus Outer Carrier and Jacket Case for 4 magazine and Apron Cotton Navy Blue,,,,,,,
25,,Fabrication of Bush Shirt HS cotton drill NB with long front pocket and Manila shirt drill cotton NB FS and Cap drill khaki SDB and Coat drill khaki DBS and Trs drill khaki SDB,,,,,,,
2951,,Solid Carbide Dovetail cutter,,,,,,,
6397,,FUNNEL TO DET.NO.026 OF DRG.NO.4-025998(TO SK.NO.O STABILIZER ASSY.DRG.NO.4-025998 DET.NO.030 CB.,,,,,,,
21,,All types of Dyed/Undyed Drill fabrics,,,,,,,
2368,,Different types of Steel rod and Aluminium Rod and Fuze Components,,,,,,,
3525,,Drawbar Assembly,,,,,,,
13247,,Band Saw blades,,,,,,,
21,,Cloth Calico Cotton White Bleached 91cm,,,,,,,
3525,,Tool pocket Assembly,,,,,,,
21,,Cloth PC 20:80 Army Logo 150cm wide,,,,,,,
3525,,Ball Screw,,,,,,,
21,,Cloth PC 67:33 blended for Parachute Type-II,,,,,,,
2933,,HSS TAPS,,,,,,,
21,,Cloth PC Disruptive Pattern 250 GSM for Jungle with Army Logo 152 Cms. Wide,,,,,,,
2933,,SOLID CARBIDE END MILLS,,,,,,,
2100,,STEEL CASTING BLANK TO GSF. SK.NO. C-2355B.,,,,,,,
21,,Cloth PW PV Dope Dyed Light Blue 148cm,,,,,,,
2933,,HSS Twist Drills,,,,,,,
760,,CNC machine Guides & Turret,,,,,,,
2630,,BALL IN FIN.COND.TO ARDE NO.2052/6.GSF SK.NO.M8034,,,,,,,
21,,Cloth Plain Weave PV DD Darker OG 150cm wide,,,,,,,
21,,Cloth Plain Weave PV Light Blue 148cms wide Excluding Selvedges,,,,,,,
1760,,COPPER TUBE 35MM+/-0.15MM O/D X 2.5MM(+/-)0.30MM W,,,,,,,
21,,Cloth Plain Weave Polyester Viscose Dope Dyed Dark Blue Grey 148 Cms,,,,,,,
1847,,Non Woven Polyester Batting Pre-Quilted with PP Scrim using Utrasonic welding 200 gsm width 160 cms,,,,,,,
12676,,Ball Point Pen,,,,,,,
21,,Cloth Plain Weave Polyester Viscose Dope Dyed Khaki 138 Cms. Excluding Selvedge,,,,,,,
892,,Steel Packing Box for 155mm HE Shell,,,,,,,
21,,Cloth Twill Weave Mercerised Cotton Light OG 142cm,,,,,,,
21,,Cloth Twill Weave PC (20:80) 250GSM Greenish Khaki 150cm width (min),,,,,,,
2088,,STEEL ROUND 30.10MM (+0.5MM/-0.00MM.)DIA TO SPECN.,,,,,,,
1142,,Plythene Cover,,,,,,,
21,,Cloth Twill Weave Polyester & Cotton (67:33) Disruptive Pattern 290 GSM WR,,,,,,,
21,,Cotton Lining Cloth,,,,,,,
2670,,BLANK FOR ILLUMINATING TIME FUZE BODY TO OFAJ DRG.,,,,,,,
21,,Fabric Green 205 Gm. Spun PV Blended DD 148 Cms.,,,,,,,
21,,Fabric Twill Weave Cotton & Polyester (80:20) Disruptive Pattern 250 GSM WR 150cms. Wide with Indian,,,,,,,
3694,,CAP DET.NO.21 (TO  SK.NO.OTF/DD/001) IN F/C.,,,,,,,
9264,,Industrial Oxygen Gas,,,,,,,
9264,,Dissolved Acetylene Gas,,,,,,,
2195,,"STEEL ROD 30.10 (+0.5/-0.00)MM DIA,2.5 TO 3.0 MTR STEEL ROUND 30.10MM (+0.5MM/-0.00MM.)DIA TO SPECN.",,,,,,,
21,,CLOTH POLYESTER AND COTTON DISRUPTIVE PATTERN 220 GSM FOR JUNGLE WITH ARMY LOGO 152 CMS MINIMUM EXCLUDING SELVEDGES,,,,,,,
21,,Cloth PC 20:80 Army Logo 150cm wide[,,,,,,,
21,,Cloth PC 67:33 blended for Parachute Type-II[,,,,,,,
2447,,STEEL FORGING FOR CRANK LEFT TO DRG NO.5051028. FORG.FOR EXTRACTOR DRG NO 5051002,,,,,,,
21,,Cloth PC Disruptive Pattern 250 GSM for Jungle with Army Logo 152 Cms. Wide.,,,,,,,
9264,,Nitrogen Gas,,,,,,,
9264,,Argon Gas,,,,,,,
2160,,COPPER TUBE 35MM+/-0.15MM O/D X 2.5MM(+/-)0.30MM W OBTURATING COPPER BAND 143MM(+/-0.6MM).O/D X 10 MM,,,,,,,
9132,,Handled 3D-Scanner with accessories,,,,,,,
2468,,Non Woven Polyester Batting Pre-Quilted with PP Scrim using Utrasonic welding 200 gsm width 160 cms,,,,,,,
1364,,OIL Bottle,,,,,,,
187,,STEEL & METAL PIPES,,,,,,,
2560,,BLANKS FOR DISTANCE TUBE TO OFAJ DRG.NO.CC533-C. STEEL BALL 6.35 MM DIA FD-124.DC 37162-A DT11.3.08 SHUTTER IN F/COND. TO DRG. NO.IQX-7.,,,,,,,
2368,,"AL.ALLOY TUBE 32 MM O/D X 28 MM I/D IN STANDARD LENGTH OF 1.83 MTR.[21](OEM is M/s Century Extrusions Limited, Kolkata",,,,,,,
21,,Cloth Twill Weave Mercerised Cotton Light OG 142cm[,,,,,,,
508,,ALH Mk-III,,,,,,,
2368,,"ALUMINIUM ALLOY SHEETS OR PLATES VARIOUS[21](OEM is M/s Century Extrusions Limited, Kolkata",,,,,,,
9042,,TRUCK PRO,,,,,,,
6733,,LOADING DEVICE FOR DHANUSH GUN,,,,,,,
4406,,Rotary Union,,,,,,,
21,,Fabric Green 205 Gm. Spun PV Blended DD 148 Cms,,,,,,,
4406,,GRIPPER WITH HOLDER,,,,,,,
6733,,LAYER STATION FOR 155MM DHANUSH GUN,,,,,,,
4406,,DRAWBAR CONNECTION,,,,,,,
4406,,IMPULSE TRANSMITTER,,,,,,,
145,,FABRICATED CRATE-MODEL NO-CC43120 COLOR-BLUE(SZ-OD,,,,,,,
208,,PLATFORM TRUCK (3 TON),,,,,,,
6733,,CHAIR FOR 155M DHANUSH GUN,,,,,,,
21,,Cloth Ripstop Polyester & Cotton (20:80) 190 GSM Digital Print 150 cm +/- 2% Width (Including Selvedge),,,,,,,
5084,,5.5 DIGIT MULTIMETER,,,,,,,
7231,,Hammer,,,,,,,
8649,,MAINTENANCE EQUIPMENT FOR 155MM DHANUSH GUN,,,,,,,
3569,,AMC OF D R SPECTROMETER,,,,,,,
3807,,"MICROMETER 2PCS WITH 1 SETTING RING, 12-20 MM",,,,,,,
8649,,PULL THROUGH LUBRICATING BRUSH,,,,,,,
3569,,GAS CLEANING SYSTEM,,,,,,,
8863,,"GUIDE, TUBE BUFFER TO DRG.NO.5340-015570 IN F/C.",,,,,,,
3569,,RADIAL FAN,,,,,,,
120,,O-Level Tester for CMDS,,,,,,,
3569,,WINDOW QUARTZ GLASS,,,,,,,
132,,TYRE FOR 155MM DHANUSH GUN,,,,,,,
7141,,8 PORTS 2 ACCESS SWITCH,,,,,,,
11124,,POLYTHENE BAG OF DIFFERENT THICKNESS & DIMENSIONS,,,,,,,
5524,,Dew Point Instrument,,,,,,,
1662,,PHOSCHEM-196 OR EQUIVALENT FOR MANGANESE PHOSPHATI PHOSDINE-41(62-41) .,,,,,,,
6536,,DIA 115 MM GRAPHITE ROD,,,,,,,
3582,,PNEUMATIC DIE GRINDER,,,,,,,
11124,,HDPE BAG VARIOUS,,,,,,,
2082,,"BRASS RD 6MM DIA SPECN. BS-2874-86 CZ 121,PB3 M",,,,,,,
1222,,"Honing, Quenching Oils",,,,,,,
942,,NON WOVEN POLYESTER BATTING PREQUILTED WITH PP SCRIM USING ULTRASONIC WELDING 200 GSM WIDTH 180 CM,,,,,,,
2328,,POLISHING MACHINE,,,,,,,
2368,,TRIGGER HOUSING,,,,,,,
2368,,GUARD TRIGGER,,,,,,,
2368,,Spring Extractor,,,,,,,
2368,,SPRING HAMMER TRIGGER,,,,,,,
2368,,STOPPER PLATE,,,,,,,
2438,,FIRING PIN ASSY TO DRG NO 9A-621-05.020 SB IN F/C. LEAD CONTACT TO DRG NO 9-A-621-05.030 SB IN F/C.,,,,,,,
1,,ULTRASONIC CLEANING BATH (DUAL CHAMBER),,,,,,,
2626,,BUFFER ASSY.TO DS CAT NO.(1015-001482)FOR 81MM L.M,,,,,,,
990,,FABRIC 410 GMS WP PV DOPE DYED RIP STOP 148 CMS,,,,,,,
990,,FABRIC GREEN 205 G SPUN PV DOPE DYED 148 CM MINIMUM[,,,,,,,
3945,,RETROFITMENT OF DMU 60T CNC MACHINE,,,,,,,
990,,HDPE Dot coated Printed Fusible Interlining Fabric 150 cm,,,,,,,
21,,LONG CLOTH COTTON WHITE BLEACHED 91 CMS,,,,,,,
359,,ROBOT UPGRADATION-CONTROLLER,,,,,,,
990,,CLOTH Plain Weave Polyester and Cotton Grey 138 cm Width Min Excluding Selvedges,,,,,,,
917,,VAPOUR BLASING MACHINE,,,,,,,
990,,Camouflage Cloth Commercial Polyester 600 D PVC PV Coated 150 CM Excluding Selvedges[,,,,,,,
990,,Cloth Drill Cotton Navy Blue 142 cms V No 4 minimum excluding selvedges N H Q,,,,,,,
990,,PU Coated Heat Sealable Nylon Fabric Navy Blue 150 Cm Excluding Selvedg,,,,,,,
990,,PU Coated Nylon Fabric in Camouflage Design 150 cm Excluding Selvedges[,,,,,,,
990,,Polyester Mesh Interlining Fabric OG 142 CM Width Excluding Selvedges[,,,,,,,
990,,Sewing thread Various,,,,,,,
990,,CLOTH POLYESTER & COTTON COMBINATION OF PLAIN WEAVE AND MODIFIED PLAIN WEAVE SAGE GREEN 150 CM WIDTH (MINIMUM WIDTH EXCLUDING SELVEDGES).,,,,,,,
1535,,NET NYLON TWINE WHITE F.R. TREATED SIZE 8M X 5.5M,,,,,,,
990,,Cloth Cotton Light Blue 142cms,,,,,,,
4089,,HYDRAULIC OIL PURIFIER,,,,,,,
1535,,F.R. TREATED TWINE NYLON SAND COLOUR,,,,,,,
990,,Cloth Drill Cotton Khaki 142 CM Variety No 3 minimum width Excluding Selvedges,,,,,,,
14673,,LATEX FOAM VARIOUS,,,,,,,
990,,Cloth Polyester Filament Woven Dark Blue 150 cm width minimum width excluding selvedges,,,,,,,
990,,Cloth Polyester Filament Woven Light Blue-150cm width (minimum width excluding selvedges,,,,,,,
14997,,"CLOTH ""C"" HEAVY 72 CM",,,,,,,
990,,Polyester Round Mesh Interlining Fabric Black 90 cm wide minimum width excluding selvedges,,,,,,,
14997,,HESSIAN LAMINATED CLOTH MEDIUM 102 CMS,,,,,,,
14997,,TWINE JUTE 3 PLY,,,,,,,
990,,CLOTH DRILL COTTON DARK GREY 142 CMS WIDTH EXCLUDING SELVEDGES,,,,,,,
990,,FABRIC PLAIN WEAVE FLAME RETARDANT BLUE 150 CM WIDTH EXCLUDING SELVEDGES,,,,,,,
990,,PU COATED NYLON FABRIC IN BLACK COLOUR 150 CMS EXCLUDING SELVEDGES,,,,,,,
990,,Cloth Drill Cotton Dark Grey 142 cms width minimum excluding selvedges,,,,,,,
990,,Cloth Drill Cotton Greenish Khaki 142 cms minimum excluding selvedges,,,,,,,
990,,Cloth Plain Weave Polyester and Cotton White 138 cms width minimum excluding selvedges,,,,,,,
990,,Cloth Plain Weave Polyester and Viscose Dope Dyed Light Blue 148 cm width minimum excluding selvedges for Summer Uniform[,,,,,,,
990,,Cloth Ripstop Polyester & Cotton (20:80) 190 GSM Digital Print 150 cm +/- 2% Width (Including Selvedge),,,,,,,
990,,Camouflage Cloth Commercial Polyester 600 D PVC/PU Coated 150 cm Excluding Selvedges,,,,,,,
990,,Inter Linning Fabric 100% Poly Micro Dot Black 35 GSM WD 91 cm,,,,,,,
990,,CLOTH COTTON VISCOSE AND POLYESTER BLEND DIGITAL CAMOUFLAGE PATTERN - 150 CM (MIN) EXCLUDING SELVEDGES,,,,,,,
990,,Cloth Cellular Cotton Khaki 148 cm Minimum Width Excluding Selvedges,,,,,,,
1037,,"Polyester Button Dia 20 (+/-) 1 MM Type Slot Cut, Engraved",,,,,,,
765,,TEST FACILITY FOR INTERCOM,,,,,,,
5013,,"Electric Powered and thyristor controller operated, circulation type, multistage Air Heater",,,,,,,
8939,,Laser scanner,,,,,,,
354,,EMI/EMC of DC Electrical System (28 VDC) .,,,,,,,
3530,,SERVICE CONTRACT FOR MAINT.OF 12 Nos OF GLEASON MACHINES IN 2nd YEAR,,,,,,,
7717,,THRULINE WATTMETER AND THRULINE WATTMETER ELEMENTS,,,,,,,
3225,,"DC MELTING POWER SUPPLY(RATING: 20 KA, 70VDC) FOR TITANIUM ARC MELTING FURNACE.",,,,,,,
5354,,ENHANCEMENT OF MX-ONE SYSTEM OF TELEPHONE EXCHANGE,,,,,,,
4897,,HIGH PRECISION MICRO EDM DRILLING MACHINE,,,,,,,
6165,,PROCESS WATER SUPPLY SYSTEM FOR ENGINE TEST CELL NO.: 09,,,,,,,
354,,EMI/EMC of DC Electrical System (28 VDC),,,,,,,
2723,,"VIBRATION FATIGUE TESTING MACHINE ALONG WITH STROBOSCOPE TRAVELLING MICROSCOPE, LASER DISPLACEMENT UNIT",,,,,,,
313,,WALLPANELS AND BASS TRAPS FOR HTSE ETB-1 AND ETB-2 AS PER EDT-3218,,,,,,,
6517,,MICRO HARDNESS TESTER,,,,,,,
596,,AC DC GROUND POWER UNIT,,,,,,,
12294,,"Non lubricated, Reciprocating type , water cooled, horizontal Air Compressor",,,,,,,
377,,Residual stress measurement on Steel/Al/Mg Components,,,,,,,
2758,,AMC and Calibration of Baker air Electronic Gauges,,,,,,,
4987,,CNC Wire Cut EDM Machine along with required accessories.,,,,,,,
3660,,SPINDLE UNIT (ISO50),,,,,,,
6598,,Control Test Unit for BARK-78 (VK-2,,,,,,,
5539,,THEODLITE,,,,,,,
3491,,REPAIR OF ZOLLER SMILE 400 TOOL PRESETTER LOCATED IN NEW CNC SHOP.,,,,,,,
3763,,COOLANT FILTRATION SYSTEM.,,,,,,,
8193,,BLADE BALANCING AND TRACKING KIT,,,,,,,
9253,,PORTABLE HARDNESS TESTER,,,,,,,
5091,,RIG FOR CHECKING FEEDBACK OF SENSORS (EL-2827),,,,,,,
4196,,DEVELOPMENT OF SHOT PEENING PROCESS ON NRSP( PART# 201C 623H 2400 201) IN ACCORDANCE WITH AMS 2430 AND MIL-S-13165A,,,,,,,
3493,,Air Filter assembly,,,,,,,
9979,,UPGRADATION OF DIGIWEB SERVER BY SIEMENS MAKE CONTROL SYSTEM FOR 1300 TON SCREW,,,,,,,
2898,,forging components,,,,,,,
8662,,Uniform materials,,,,,,,
8594,,Precision machining components,,,,,,,
7,,Flat Flexi Cables,,,,,,,
208,,REPAIRING SERVICING OF BATTERY TRUCK,,,,,,,
2686,,"aluminium profiles and extrusions, including heat sinks, architectural profiles, modular furniture sections, solar photovoltaic sections, and components for the automotive and construction industries",,,,,,,
2716,,"precision turned parts, ferrous and non-ferrous metal parts, and gravity die casting parts",,,,,,,
2758,,"dial guages, micrometers, thread guages, calipers, dial instruments, cmm machine, height gauges and other types of gauges",,,,,,,
13376,,BOX CORRUGATED VARIOUS,,,,,,,
62,,INDIAN OIL,,,,,,,
2778,,Heavy Duty Storage Rack- Pallet Based,,,,,,,
1831,,Plastic moulded parts,,,,,,,
2195,,CARBON STEEL ROUNDS 23.5 MM DIA.,,,,,,,
2816,,"PTFE hook-up wires, multi-core cables, PTFE sleeves and tubes, thermocouple cables, and high-voltage corona resistance wires",,,,,,,
11,,COLD ROLLED SHEET GRADE:15CDV6,,,,,,,
2825,,"Tin Plating, Silver Electroplating, Electroless Nickel Plating, and Gold Plating",,,,,,,
2862,,"fire water pump houses, hydrant systems, water spray systems, sprinkler systems, foam systems, gas suppression systems, fire detection and alarm systems, and portable fire extinguishers",,,,,,,
2787,,AL.- CR. MASTER ALLOY WITH 5% CR .,,,,,,,
2870,,"Laser Cut Stencils, Multi Layer Prototype PCBs, Testing Machines, Rectifiers, Photo Printers, and Screen Printing Machines",,,,,,,
1038,,PU BUTTON 2 HOLE 20 MM ENGRAVED INDIAN ARMY LOGO,,,,,,,
10849,,LATEX FOAM VARIOUS,,,,,,,
7169,,AL.ALLOY BILLET TURNING TOOL AS PER,,,,,,,
1038,,"Polyester Button Dia 20 (+/-) 1 MM Type Slot Cut, Engraved",,,,,,,
2888,,"precision measuring instruments and engineering gauges (like calipers, rules, and protractors), photochemical machined parts (including SMT stencils and PCB templates), woodworking tools, textile machinery, jewellery tools, and various specialized engineering components",,,,,,,
10849,,TAPE NEWAR VARIOUS,,,,,,,
2950,,"weld mesh panels, chain link fencing, barbed wire, razor wire, security gates (sliding and swing), and Gabions",,,,,,,
2519,,PRE CUP & ANNEALED COMPT. CC-471 F,,,,,,,
10849,,CORD NYLON VARIOUS,,,,,,,
1064,,100 TKT SPUN POLYESTER SEWING THREAD (OLIVE GREEN) IN CONES OF 5000 MTRS. EACH FOR OVERLOCKING.,,,,,,,
2988,,"stainless steel cookware (cookers, kadais, idly cookers), dinnerware, storage solutions, serveware, and various kitchen tools and accessories",,,,,,,
10849,,WOODEN CRATE/CRATE WOOD PACKING VARIOUS,,,,,,,
5500,,A670 PLUG AS PER DRG NO.6W8.223.046,,,,,,,
2994,,"Hydraulic Pallet Trucks,including lift trucks, scissor lifts, dock levelers",,,,,,,
11074,,MOTOR TUBE,,,,,,,
1064,,100 TKT SPUN POLYESTER SEWING THREAD (OLIVE GREEN) IN TUBES OF 1000 MTRS. EACH.,,,,,,,
3319,,"DIAL INDICATOR 0-10 MM, 0.01 MM",,,,,,,
2998,,"Boom Barriers, Tyre Killers, Security Bollards, Hand Dryers, Shoe Shine Machines, and Shoe Cover Dispensers",,,,,,,
9027,,CRADLE FOR T-90 GUN,,,,,,,
3008,,"solar module mounting structures, transmission line towers, substation structures, pre-engineered buildings (PEBs), and telecommunication towers",,,,,,,
3027,,"ÖLFLEX® power and control cables, UNITRONIC® data communication cables, ETHERLINE® industrial Ethernet cables, and HITRONIC® fibre optic cables.",,,,,,,
3694,,CLOSING SLEEVE OFAJ D/NO.FS-2803 D.,,,,,,,
1063,,All Types of Sewing Threads,,,,,,,
3034,,f Metal Injection Molded (MIM) components.,,,,,,,
3035,,"ibratec offers products and solutions for air-, impact and structure borne noise",,,,,,,
8960,,PLASTIC SLIDE FASTENER LIGHT SPECIAL DUTY CLOSED END AUTO LOCK OG 20 CM,,,,,,,
8960,,PSF LSD CLOSED END AUTO LOCK OG 18 CM[,,,,,,,
1223,,HYDRAULIC OIL HLP-68/VG-68.,,,,,,,
3037,,"Plywood Boards, Electrical Panels, and School Desks",,,,,,,
8960,,Flame Retardant Plastic Slide Fastener MSD Black 71 cm[,,,,,,,
780,,HYDRAULIC OIL HLP-68/VG-68.,,,,,,,
3064,,REFORM TOOLS PRIVATE LIMITED,,,,,,,
3073,,"RF adapters, connectors, antennas (GPS, RFID), RF cavity filters, power dividers/combiners, amplifiers, and ceramic filters",,,,,,,
2360,,175 MM DIA EN24 2 TO 3 METERS LONG,,,,,,,
3088,,"electric actuators and motorized valves, including ball valves, butterfly valves, gate valves, and control valves",,,,,,,
3090,,"wind turbine components (blades, nacelles), defense parts (ballistic armor), aerospace components, railway driver desks, and custom-designed components for the automotive, marine, and construction industries",,,,,,,
3140,,"instrumentation products, including various types of flow meters, such as portable and fixed ultrasonic flow meters, and electromagnetic flow meters",,,,,,,
1242,,OIL CUTTING SOLUBLE KOOLKUT 40 S,,,,,,,
3142,,"battery pack housings and motor components, aerospace and robotic parts, tooling solutions, and components for scientific and life science applications",,,,,,,
5410,,MONOLITHIC BORON CARBIDE CERAMIC PLATE VARIETY NO 2 FOR HARD ARMOUR PANEL FOR FRONT AND BACK[,,,,,,,
1038,,PLASTIC TOGGLE TYPE - I,,,,,,,
2417,,FORGED STEEL 817M40 (EN24)150MM DIA,,,,,,,
3148,,"satellite systems and communication equipment, and work on high-temperature composite materials for aerospace applications.",,,,,,,
5410,,MONOLITHIC BORON CARBIDE CERAMIC PLATE VARIETY NO 2 HARD ARMOUR PANEL SIDE[,,,,,,,
3219,,SUSPENSION SYSTEM FOR 40MM AD GUN SYSTEM,,,,,,,
1066,,closed upper with lasting complete sizes,,,,,,,
3174,,"Amplifiers · Audio, haptics & piezo · Clocks & timing · DLP products · Data converters · Die & wafer services · Interface · Isolation.",,,,,,,
2532,,CONVERSION OF BASE BLEED MOTOR,,,,,,,
10431,,MACHINED CASTINGS,,,,,,,
10431,,LOADING DEVICE FOR 155MM DHANUSH GUN SYSTEM,,,,,,,
2088,,STEEL ROUND AS PER GRADE SS/B-27,,,,,,,
434,,FABRIC 410 GMS OG WP P.V. DOPE DYED RIP STOP 148 CMS Description : FABRIC 410 GMS OG WP P.V. DOPE DYED RIP STOP 148 CMS,,,,,,,
434,,FABRIC NYLON 75 GMS O.G. POLYURETHANE COATED 100 CM WIDE Description : FABRIC NYLON 75 GMS O.G. POLYURETHANE COATED 100 CM WIDE,,,,,,,
2884,,STEEL TUBES FOR ARTILLERY GUN PROJECTS,,,,,,,
434,,FABRIC NYLON 250 GRMS. DISRUPTIVE POLYURETHENE COATED 135/136 CMS. Description : FABRIC NYLON 250 GRMS. DISRUPTIVE POLYURETHENE COATED 135/136 CMS.,,,,,,,
9346,,BALLISTIC GRADE ULTRA HIGH MOLECULAR WEIGHT POLYETHYLENE UNIDIRECTIONAL FABRIC USED IN LIGHT WEIGHT SOFT ARMOUR PANEL SAP OF BODY ARMOURS 160 CM WIDE,,,,,,,
3108,,Motors for Marine Applications (0.5 - 50 HP),,,,,,,
9346,,BALLISTIC GRADE ULTRA HIGH MOLECULAR WEIGHT POLYETHYLENE UNIDIRECTIONAL FABRIC USED IN LIGHT WEIGHT HARD ARMOUR PANEL HAP OF BODY ARMOURS 160 CM WIDE,,,,,,,
69,,SET OF TRAIL BODY FOR 155MM DHANUSH GUN SYSTEM,,,,,,,
3196,,"advanced munitions and airborne guided weapon systems, including Long Range Glide Bombs, Jet Powered Bombs, Rocket Guidance Kits, and Range Extension Kits",,,,,,,
592,,CARBIDE INSERT CNMM-190616 & ANNEX.,,,,,,,
69,,MOUNTING BODY FOR 155MM DHANUSH GUN,,,,,,,
3350,,HYDRAULIC OILS (LUBRICANTS) FOR ARTILLERY GUN SYSTEM,,,,,,,
3350,,BALL & ROLLER BEARINGS,,,,,,,
3200,,Aerosol Fire Suppression System ; Carbon Dioxide (Co2) Fire Suppression ; Inergen Fire Suppression System ; Vehicle Fire Suppression System,,,,,,,
1142,,VCI Film Flat Bag-2D,,,,,,,
47,,LEATHER LINING BLACK COMBINATION TANNED DRY MILLED,,,,,,,
47,,FULL SOCKS LEATHER WITH EVA CUSION IN VARIOUS SIZES,,,,,,,
47,,LEATHER BUFF CHROME TANNED SIDE BLACK FOOT BALL PRINT,,,,,,,
202,,BALL & ROLLER BEARINGS,,,,,,,
47,,LASTED UPPER OF VARIOUS SIZES FOR BOOT HIGH ANKLE DVS,,,,,,,
3205,,"manufacturer and exporter of an extensive range of valves, cylinders air bellows",,,,,,,
33,,CAMBRIC COTTON WHITE 91 CMS.,,,,,,,
9504,,MACHINED CASTINGS,,,,,,,
7268,,BALL & ROLLER BEARING,,,,,,,
3213,,Hydraulic And Lubrication Oil Filtration · Tooling And Equipment For Hose And Tube Fittings · Flight Control Actuators,,,,,,,
10292,,"SET OF TRAIL, BODY FOR DHANUSH GUN",,,,,,,
33,,CLOTH CANVAS COTTON 680 GR.O.G. WP 91 CMS,,,,,,,
956,,METAL CASTINGS,,,,,,,
33,,CLOTH DRILL COTTON WHITE BLEACHED 142 CM V.NO 3,,,,,,,
2907,,PLYWOOD VARIOU,,,,,,,
2907,,TIMBER SOFT WOOD PLANK/SLEEPER OF VARIOUS GRADES & DIMENSIONS Description : TIMBER SOFT WOOD PLANK/SLEEPER OF VARIOUS GRADES & DIMENSIONS,,,,,,,
7638,,MECHANICAL COMPONENTS,,,,,,,
2907,,WOODEN CRATE/CRATE WOOD PACKING VARIOUS Description : WOODEN CRATE/CRATE WOOD PACKING VARIOUS,,,,,,,
3214,,"standard and custom-built environmental test equipment, including chambers and facilities for temperature, humidity, vibration, rain, and thermal shock testing",,,,,,,
2412,,"BRASS, BRONZE & COPPER ALLOY RAW MATERIALS",,,,,,,
2907,,TIMBER CHIR PLANK/SLEEPER OF VARIOUS GRADES & DIMENSIONS Description : TIMBER CHIR PLANK/SLEEPER OF VARIOUS GRADES & DIMENSIONS,,,,,,,
3268,,Integrated Panel for Fire Fighting System · Solar Pump System · CDL Series - Vertical Multistage Centrifugal Pump,,,,,,,
993,,PVC SHEET FOR BAGKIT,,,,,,,
3310,,"pumps, motors, control valves, accumulators, and industrial winches, as well as filters, hydraulic brake control systems, hoses, and various connectors and fittings",,,,,,,
2907,,PACKING BOXES FOR T-72 & T-90 GUN SYSTEM,,,,,,,
5350,,RF cables,,,,,,,
3363,,"wide range of gearboxes, gear reducers, and geared motors, such as coaxial, worm, helical, bevel helical, and planetary types",,,,,,,
1822,,PVC SHEET FOR BAGKIT,,,,,,,
8992,,T-90 CRADLE,,,,,,,
5350,,RF Connectors,,,,,,,
3386,,"communication headsets, IP phones, analog business phones, webcams, and Arduino boards",,,,,,,
5604,,MULTI SPECTRAL CAMOUFLAGE EQUIPMENT FOR 155MM DHANUSH GUN,,,,,,,
3403,,"Industrial KIVM Swithches, Mil Grade Products & IPC Products",,,,,,,
2423,,STEEL ROUNDS RAW MATERIAL,,,,,,,
7759,,LATEX FOAM VARIOUS,,,,,,,
7622,,MULTI SPECTRAL CAMOUFLAGE EQUIPMENT FOR 155MM DHANUSH GUN,,,,,,,
939,,CLOTH BLANKET BROWN GREY NO 2140 CM WIDE,,,,,,,
1680,,Composite Watertight/ Gastight Doors and Composite Watertight/ Gastight Hatches,,,,,,,
3406,,"E.O.T Cranes, Gantry Cranes, Electric Wire Rope Hoists, Jib Cranes",,,,,,,
123,,FLANNELETTE LINING BROWN 142 + -1CM WIDE WITH FIRM SELVAGE[,,,,,,,
123,,CANVAS COTTON 680 GMS. O.G 91 CMS.,,,,,,,
3420,,"Repairing Services, CNC Board Repair Service, Flow Meter Repairing Services",,,,,,,
13716,,Heavy Duty Scanner,,,,,,,
123,,CANVAS COTTON 815 GMS. O.G W.P. 91 CMS,,,,,,,
2684,,METAL CASTINGS FOR T-90 GUN SYSTEM,,,,,,,
3313,,"Marine Propeller (FPP & CPP), ISO 484",,,,,,,
3431,,"control panel boxes, sheet metal enclosures, kitchen tables, mobile stands, trolleys, and lockers",,,,,,,
123,,CLOTH DUCK COTTON 610 GMS DUAL SHADE (O.G./WHITE) WP RP 91 CMS,,,,,,,
3313,,"Water Tight Hatches & Door, IRS Specification",,,,,,,
123,,DRILL COTTON WHITE BLEACHED 91 CMS,,,,,,,
4815,,HOT AIR CONTROLLER FOR 155MM GUN ENGINE,,,,,,,
123,,DUCK POLYESTER/COTTON BLENDED RIP STOP OGWP 91 CMS. WIDE VARIETY NO.1 WITH FIRE RETARDANT TREATMENT,,,,,,,
4815,,ELECTRO POWER PLANT FOR 155MM DHANUSH GUN SYSTEM,,,,,,,
3313,,"Helo Traversing System, NCD 1451",,,,,,,
123,,FABRIC 410 GMS OG WP P.V. DOPE DYED RIP STOP 148CM,,,,,,,
3456,,Mould Temperature Controller · Air-Cooled Compact Chilling Plant · Mould Temperature Controller · Refrigerated Air Dryer · Material Dehumidifier,,,,,,,
1170,,Photo Copy Paper,,,,,,,
3313,,"Fabrication & Assembly Activity: Fin Stabilizer with Controls upto 30 TM Torque, DEF STAN 02-339/ 02-360",,,,,,,
4815,,BOOSTER LEAD (ELECTRIC WIRE) FOR 155MM DHANUSH GUN SYSTEM,,,,,,,
8574,,"FLOOD LIGHT 100 WATT LED,S.M.D SUPPLY VOLTAGE 220V 250 WATT LED FLOOD LIGHT WITH ADJUSTABLE MOUNTING LED LAMP ( TYPE : B.C / WATT : 12 /AC 220V - 240V)",,,,,,,
3681,,FOUR WAY MILD STEEL JOINT,,,,,,,
3681,,THREE WAY MILD STEEL JOINT WITH BASE PLATE,,,,,,,
9732,,CUMMINS ENGINE SPARE PARTS,,,,,,,
1208,,Ready Mix Paints,,,,,,,
3681,,ROOF POLE WITH THREE WAY JOINT (FOR TENT EXTENDABLE),,,,,,,
3313,,"Winches upto 100 Ton, IS 102271",,,,,,,
3681,,POLE STANDING ALU. ALLOY COMPLETE ASSEMBLED DRG. NO. CIGS/GS-3/17,,,,,,,
3373,,SPHERICAL & LINK BEARINGS,,,,,,,
2284,,RECEIVER  DRG. NO. TRD-02-0001,,,,,,,
8395,,RUBBER STUD ROUND BLACK,,,,,,,
5763,,war head casing,,,,,,,
1221,,WATER BASED GRAPHITE DISPERSION,,,,,,,
9991,,INDIGENOUS ENGINE WITH ACCESSORIES FOR 155MM DHANUSH GUN SYSTEM,,,,,,,
5763,,ROCKET MOTOR CASING,,,,,,,
5763,,AIR FRAME SECTIONS,,,,,,,
9991,,PROTECTIVE GEAR FOR 155MM DHANUSH GUN SYSTEM,,,,,,,
1123,,"STROBELLING, LASTING & MOULDING OF BHA PU-RUBBER SOLE OF VARIOUS SIZES",,,,,,,
3313,,"Davit with Controls upto 15 Ton & Above, ICAS/SOLAS/ NCD 1500",,,,,,,
5763,,CONTROL SURFACE ASSY,,,,,,,
5763,,STABILIZER FIN ASSY,,,,,,,
3313,,"Windlass upto 100 mm Chain Size, ICAS/ASTM/A182",,,,,,,
14622,,UTM WITH SOAR AND EDL FACILITY,,,,,,,
5763,,UNDER WATER BOOSTER,,,,,,,
1222,,OIL MINERAL FOR TRANSFORMER B-30,,,,,,,
1002,,NON WOVEN POLYESTER BATTING PRE-QUILTED WITH PP SCRIM USING ULTRA SONIC WELDING 200 GSM WIDTH 160 CM,,,,,,,
1222,,OIL BHARAT HYDROL-15,,,,,,,
1226,,OIL MINERAL FOR TRANSFORMER B-30,,,,,,,
3189,,CHARGING VALVE FOR ARTILLERY GUN SYSTEMS,,,,,,,
4237,,SHOCK ABSORBERS & SHOCK CARTRIDGE FOR ARTILLERY GUN SYSTEMS,,,,,,,
1240,,AD BLUE (DIESEL EXHAUST FLUID),,,,,,,
9670,,PRE FILTER ELEMENT PAR NO 410X1,,,,,,,
7192,,Chrome Bleaching Agent for Light Fast white leather,,,,,,,
9670,,FINE FILTE ELEMENT PART NO. 410XA,,,,,,,
9670,,SILENCER PART NO. XEAC 26200,,,,,,,
5763,,UNDER WATER AIR BOOSTER,,,,,,,
9670,,WATER RESISTANT PEARL PART NO XEAC 26016,,,,,,,
9670,,"BONDED SEALS PART NO: G1/8""",,,,,,,
1282,,WATER BASED GRAPHITE DISPERSION,,,,,,,
5763,,WING ASSY,,,,,,,
975,,CLOTH COTTON SCOURED W.R. FOR CAPES. 76 CMS.,,,,,,,
9670,,Q RING FOR FLTER HOUSING,,,,,,,
9670,,CONTROL VALVE   PART NO 40038739,,,,,,,
975,,DRILL COTTON DISRUPTIVE VAT PRINTED 89.5 CMS,,,,,,,
9670,,PRESSURE BUILD UP VALVE PART NO 4009736,,,,,,,
9670,,MOLSIELVE PART NO. XEAC 26011,,,,,,,
9426,,CASTOR WHEEL ASSEMBLY FOR 155MM DHANUSH GUN SYSTEM,,,,,,,
9670,,VIBRATION DAMPER PART NO.  4030679,,,,,,,
975,,FABRIC 410 GMS OG WP P.V. DOPE DYED RIP STOP 148 CMS,,,,,,,
9670,,TOOL KIT AC 105+53 DEG. CH P300,,,,,,,
9670,,PRESSURE RELIEF VALVE PART NO. 4009738,,,,,,,
9670,,NRV BLOCK HIGHT PART NO. R1-R4,,,,,,,
9670,,PRESSURE MAINTENACE  PART NO 4060364,,,,,,,
12596,,COLLAPSIBLE YOKE FOR 155MM DHANUSH GUN SYSTEM,,,,,,,
9670,,AUTO DRAIN  PART NO. 4038379,,,,,,,
14102,,OIL TRICHLOROETHYLENE IS:245-1988,,,,,,,
9670,,"BONDED SEALS PART NO: G1/4""",,,,,,,
12596,,CASTOR WHEEL ARM FOR 155MM DHANUSH GUN SYSTEM,,,,,,,
1869,,BOX CORRUGATED VARIOUS,,,,,,,
9670,,"BONDED SEALS PART NO: G1/2""",,,,,,,
9670,,COMPRESSION SIEVE PART NO. 4033330,,,,,,,
12596,,PROTECTOR FOR 155MM DHANUSH GUN SYSTEM,,,,,,,
9670,,"BONDED SEALS PART NO: G3/8""",,,,,,,
9670,,Artifical Red Grass,,,,,,,
9670,,Amberlite Resin MB20,,,,,,,
4395,,Precision machining components,,,,,,,
9670,,Kathon,,,,,,,
9670,,WT SUPRA OIL,,,,,,,
1541,,ENGINE OILS & LUBRICANTS FOR ARTILLERY GUN SYSTEM,,,,,,,
6062,,CHARGING VALVE FOR ARTILLERY GUN SYSTEM,,,,,,,
1436,,Phosphating Solution Zinc Base,,,,,,,
9966,,BLACKOUT LIGHT,,,,,,,
6162,,Creation of OFC network and O&M,,,,,,,
7896,,PULLER WHEEL HUB,,,,,,,
7681,,AMPLIFIER,,,,,,,
6170,,I & C OF EMP SYSTEM,,,,,,,
6193,,PART A CIVIL WORKS,,,,,,,
7818,,PACKING NUT (MACHINING),,,,,,,
6197,,STR STEEL TOWER 40M MAINLAND,,,,,,,
949,,POLYESTER WADDING HOLLOW SILCONIZED 350 GSM IN 91 CM,,,,,,,
6210,,Construction,,,,,,,
1442,,CABLE CARRIER HEIGHT INNER/OUTER,,,,,,,
7681,,ELECTRONIC DELAY UNIT,,,,,,,
1442,,SUPPLY & FIXING OF DRAG CHAIN,,,,,,,
3183,,RAMMER FOR 155MM DHANUSH GUN SYSTEM,,,,,,,
6228,,Computer Accessories,,,,,,,
1003,,"TAPE POLYESTER VARIOUS, COLOUR AND WIDTH",,,,,,,
7681,,RECEIVER UNIT,,,,,,,
3183,,CASTOR WHEEL ASSEMBLY FOR 155MM DHANUSH GUN SYSTEM,,,,,,,
6247,,HEAVY DUTY VACUUM CLEANER,,,,,,,
1003,,NETTING MOSQUITO various,,,,,,,
1444,,PAINT RFU FINISHING STOVING AMN SC,,,,,,,
7681,,SERVO CONTROL UNIT,,,,,,,
3183,,SHOCK ABSORBERS,,,,,,,
6611,,PVC SHEET,,,,,,,
1003,,TAPE NYLON VARIOUS,,,,,,,
7681,,SIGNAL CONDITIONER PACKAGE,,,,,,,
6291,,IP PHONE,,,,,,,
1003,,TAPE POLYPROPELENE VARIOUS,,,,,,,
7681,,REAR SERVO UNIT,,,,,,,
6308,,SWITCH ILLUMTD PB SP 2A 48VDC GREEN LENS,,,,,,,
4480,,WAN EMULATOR,,,,,,,
7681,,RATTLER UNDER WATER WEAPONS SYSTEM,,,,,,,
1451,,VARNISH APC-211 SPECN. JSS-8010-63,,,,,,,
6326,,RF Cable (DC-6GHz) N(M) to N(M)-2M,,,,,,,
7681,,D&P ELECTRONIC UNIT FOR UNDER WATER WEAPONS,,,,,,,
10385,,FABRIC NYLON 300 GSM RIP STOP PU COATED F.R,,,,,,,
10385,,CLOTH POLYPROPYLENE OG TPO COATING 115 CMS WIDE.,,,,,,,
7681,,ACTUATOR  SYSTEMS,,,,,,,
4480,,symantic s/w lic end point 12.1 gov,,,,,,,
7681,,TAIL SECTION,,,,,,,
10385,,DRILL COTTON PROOFED WHITE (BLEACHED ) 71 CM,,,,,,,
13512,,AUSTENIZING SALT(HIGH HEAT)FOR SALT,,,,,,,
10385,,PVC COATED FR TREATED GREY COLOUR POLYESTER FABRIC 360 GSM 91 CMS[,,,,,,,
4483,,scanning & digitization-E Mahaboomi,,,,,,,
7681,,PCBS FOR LAUNCH EQUIPMENT,,,,,,,
1477,,SILICON EPOXY BASED HR PAINT,,,,,,,
7681,,LAUNCH TEST EQUIPMENT,,,,,,,
4500,,solder wire,,,,,,,
7681,,ON BOARD CONTROL SYSTEMS,,,,,,,
4500,,isopropyl alcohol,,,,,,,
1862,,BOX CORRUGATED VARIOUS Description : BOX CORRUGATED VARIOUS,,,,,,,
14537,,OIL TRICHLOROETHYLENE IS:245-1988,,,,,,,
4395,,SECTION I MECHANICAL ASSY,,,,,,,
4395,,SECTION IV MECHANICAL ASSY,,,,,,,
4395,,SECTION V MECHANICAL ASSY,,,,,,,
8800,,"STROBELLING, LASTING & MOULDING OF BHA PU-RUBBER SOLE OF VARIOUS SIZES",,,,,,,
4395,,TELEMETRY CASING,,,,,,,
4395,,SAM MOUNTING RING,,,,,,,
4395,,MODULE MOUNT RING,,,,,,,
1641,,OIL BHARAT HYDROL-15,,,,,,,
4395,,PRECURSOR DUMMY,,,,,,,
1641,,HIGH SPEED GREASE ISOFLEX NBU15,,,,,,,
4395,,DUMMY SAM,,,,,,,
1641,,PROTECTIVE PX-11 TO SPECN.JSS-8030,,,,,,,
4395,,JIGS AND FIXTURES,,,,,,,
4395,,FP COVER,,,,,,,
971,,NETTING MOSQUITO VARIOUS,,,,,,,
4395,,FAIRING,,,,,,,
4552,,Transformer current,,,,,,,
4395,,FIXING ARM,,,,,,,
971,,FABRIC NYLON 300 GSM RIPSTOP PU COATED F.R. 152 CMS WIDE (TOLERANCE + 2 CMS AND NO NEGATIVE TOLERANCE,,,,,,,
971,,"BLACK MESH LINING OF 200 GSM WITH ANTIBACTERIAL TREATMENT, WIDTH -150CMS MIN",,,,,,,
15011,,PAINT PFU QD OLIVE GREEN IS:168,,,,,,,
4643,,Printed Circuit Boards,,,,,,,
1662,,GRANODINE - 62 - 40 (PHOSDINE),,,,,,,
1662,,AUSTENIZING SALT(HIGH HEAT),,,,,,,
1846,,ROOF WATER AND AIR COOLING JACKET,,,,,,,
1846,,Heat treatment Plant,,,,,,,
690,,TIMBER SISSOO HARD WOOD (NON CONIFEROUS) SCANTLING/SPECIES GR.I. SIZE-40MM SQ. X 100MM LONG,,,,,,,
690,,CRATE WOOD PACKING SIZE (INTERNAL) 74 CMX 66 CM X 64 CM. FOR SADDLE PA UNIVERSAL,,,,,,,
1096,,CLOSED UPPER OF BOOT HIGH ANKLE RUBBER PU SOLE OF VARIOUS SIZES,,,,,,,
1117,,Leather Buff Wet Blue for Zuggrain/Football Print/Upper Leather,,,,,,,
1117,,LEATHER LINING BLACK COMBINATION TANNED DRY MILLED,,,,,,,
5632,,FOUR WAY MILD STEEL JOINT,,,,,,,
5632,,Mild steel Joints various of TEFS 4M/2M,,,,,,,
999,,MATTRESS ECC EXCLUDING CARRY BAG,,,,,,,
31,,Drill Cotton White Bleached 91 cms,,,,,,,
31,,CANVAS COTTON 680 GM. O.G 91 CM,,,,,,,
1537,,INDUSTRIAL SAFETY SHOES DUAL DENSITY INJECTION MOULDED WITH STEEL TOE OF VARIOUS SIZES,,,,,,,
985,,FABRIC GREEN 205 GMS SPUN P.V. BLENDED DOPE DYED 148CMS.[2,,,,,,,
985,,FABRIC 410 GMS OG WP P.V. DOPE DYED RIP STOP 148 CMS,,,,,,,
8792,,LASTED UPPER OF VARIOUS SIZES FOR BOOT HIGH ANKLE DVS,,,,,,,
8792,,LEATHER BUFF WET BLUE FOR ZUGGRAIN / FOOT BALL PRINT / UPPER LEATHER,,,,,,,
8792,,LEATHER CHROME TD.SIDE BLACK PLAIN SMOOTH FINISHED 1.4 TO 1.6MM THICK,,,,,,,
4749,,Master clock system with accessories,,,,,,,
4749,,repair of optical fibre cables,,,,,,,
4766,,Battery charger for DG sets,,,,,,,
4781,,"PCB ASSY, BU INTERFACE EVM M3",,,,,,,
4781,,"PCB ASSY,FRONT PANEL CARD",,,,,,,
4812,,FIRE SUPPRESSION SYSTEMS,,,,,,,
4812,,Access control systems,,,,,,,
4841,,digital micro ohm meter,,,,,,,
4841,,hightemperature bath,,,,,,,
4864,,TRANSFORMER,,,,,,,
4864,,Winding& assembly of solenoid coil,,,,,,,
4875,,flame proof exhaust fans,,,,,,,
4875,,flame proof LED tube light,,,,,,,
9670,,TEROMIX 6700 cartridge,,,,,,,
9670,,"Glue kit M200K, Kit M200D+M200C,RefVISHA",,,,,,,
9670,,Aft Hydroplane Sensor APM0290,,,,,,,
9670,,Forward Hydroplane Sensor APM0291,,,,,,,
9670,,Rudder Sensor APM0292,,,,,,,
4881,,FUEL LEVEL SENSOR,,,,,,,
3141,,DIFFERENT TYPES OF CASTING & FORGINGS FOR ARTILLERY GUN SYSTEM,,,,,,,
9670,,"SIMATIC S7, STEP 7 V5.6 SP2 DL Floating",,,,,,,
598,,CLOTH COTTON CLOSELY WOVEN 235 GRMS. DUAL SHADE (WHITE/OG) W.R. 91 CMS,,,,,,,
9670,,SMOKE CAPSULE,,,,,,,
598,,FABRIC 410 GMS. OG WP P.V. DOPE DYED RIP STOP 148 CMS,,,,,,,
9670,,Limit switch 83770035 part of TLT,,,,,,,
3141,,SPRINGS FOR ARTILLERY GUN SYSTEM,,,,,,,
9670,,Limit switch 83778321 part of TLT,,,,,,,
598,,FABRIC GREEN 205 GMS. SPUN P.V. BLENDED DOPE DYED 148CMS.,,,,,,,
9670,,Toothed gear wheel (Part of Grabage ejec,,,,,,,
9670,,"VOLTALEF 3A oil ,NNO: 9150 14 395 3053",,,,,,,
9670,,"VOLTALEF 90grease tube 100G ,NNO: 9150",,,,,,,
4892,,CLAMP PS PCD,,,,,,,
21,,CANVAS COTTON 680 GM. O.G 91CM,,,,,,,
9670,,CHAIN RANGE,,,,,,,
2368,,STEEL ROD OF DIFFERENT GRADES,,,,,,,
4892,,RAIN COVER,,,,,,,
9670,,"MDW-45 HV Converter, Ref: 3617-0101",,,,,,,
7208,,FABRIC NYLON 300 GSM RIP STOP PU COATED F.R. 152[,,,,,,,
4947,,POWER SUPPLY ACDC,,,,,,,
9670,,"Modbus Gateway, Ref: NK8237.2, S54461-C7",,,,,,,
9670,,"Periphery Board (2-Loop), Ref: FCI2002-A",,,,,,,
4947,,EMI/EMC FILTER 40V DC,,,,,,,
7208,,DRILL COTTON PROOFED WHITE (BLEACHED ) 71 CM[,,,,,,,
9670,,"RS485 Module (isolated), Ref: FCA2002,",,,,,,,
9670,,Portable I Com  V/UHF handset for Vertre,,,,,,,
9670,,Cordless telephone unit,,,,,,,
10349,,RADIAL SPHERICAL BEARINGS,,,,,,,
1091,,Leather Buff Wet Blue for Zuggrain/Football Print/Upper Leather[,,,,,,,
3650,,FABRICATION OF CHASIS OF 40 MM AD GUN,,,,,,,
1091,,LASTED UPPER OF VARIOUS SIZES FOR BOOT HIGH ANKLE DVS[,,,,,,,
448,,Cloth Cotton Closely Woven 235 gms. Dual Shade (OG/ White) WR 91 cms.[,,,,,,,
448,,Drill Cotton Disruptive Pattern VAT Printed Mineral khaki 142 cms[,,,,,,,
2553,,FORGING BLANKS,,,,,,,
448,,FABRIC 410 GMS OG WP P.V. DOPE DYED RIP STOP 148 CMS,,,,,,,
4961,,AC FAN FAIL DETECTION UNIT,,,,,,,
4961,,FAN FAILURE DETECTION UNIT,,,,,,,
1535,,ROPE MANILA H/L 3 STRANDS 16 MM DIA,,,,,,,
1535,,TAPE POLYESTER VARIOUS,,,,,,,
2553,,RING FORGINGS,,,,,,,
4998,,Three phase rectifier,,,,,,,
8341,,ANTI SKID SHOE WORKING VARIOUS SIZES[,,,,,,,
4998,,Generator set turbo diesel 30KVA,,,,,,,
5580,,AXLE ASSEMBLY WITH BRAKES ABS BS VI,,,,,,,
8341,,INDUSTRIAL SAFETY SHOES DUAL DENSITY INJECTION MOULDED WITH STEEL TOE OF VARIOUS SIZES,,,,,,,
8341,,TRADE ASSISTANCE FOR CLOSING OPERATION OF BOOT HIGH ANKLE RU PU SOLE OF DIFFRENT SIZES AS PER TERMS and CONDITIONS ENCLOSED,,,,,,,
5058,,UPS 15KVA,,,,,,,
2083,,FORGING DRG.NO.F-2286 FOR REMOVER TO DRG.NO.9-A-62,,,,,,,
5058,,AMC for UPS,,,,,,,
972,,FABRIC NYLON 66 AIRTEXTURED PU COATED INDIAN ARMY PRINT 135/136 CMS,,,,,,,
2083,,BARREL MORTAR(FORGING) TO DRG.NO.F-2255,,,,,,,
19,,HIRING SERVICES OF CUSTOM CLEARANCE,,,,,,,
972,,FABRIC NYLON 250 GSM POLYURATHENE COATED DISRUPTIVE 91 CMS,,,,,,,
19,,Origin charges,,,,,,,
19,,Air frieght,,,,,,,
19,,Trans. of GOBI to France Origin Charges,,,,,,,
19,,Airfreight Charges,,,,,,,
19,,Destination Charges,,,,,,,
19,,TRANSPORTATION OF MATERIAL FOR BOAT 6,,,,,,,
1451,,Production and supply of different types of Paint and varnish,,,,,,,
19,,Ceramic plate memento,,,,,,,
19,,Transp. of Tube assly &Cable loop assly,,,,,,,
19,,Transp. of Hoisting Yoke & Radar POD,,,,,,,
19,,Transp. of  Radar POD,,,,,,,
19,,Transp. of Hoisting Yoke,,,,,,,
6556,,POLYESTER WADDING HOLLOW SILCONIZED 350 GSM IN 91 CM[,,,,,,,
19,,Transportation of Antenna,,,,,,,
19,,Trans. of TLT to France Origin Charges,,,,,,,
703,,FABRIC RUBBERISED FOR TENT FLOORING 115 /117 WIDE,,,,,,,
19,,Trans. of TOSIM to France Origin Charges,,,,,,,
703,,FABRIC WATERPROOF RUBBERISED WHITE 91 CMS.,,,,,,,
13260,,TOOL HOLDER TYPE: MTAN 16130/648. SPECIAL THREADING TOOL (MTGE-66020-R-TILAN),,,,,,,
19,,Trans. of GOBI to France,,,,,,,
19,,From India to France: Origin charges,,,,,,,
19,,From India to France: Air Freight,,,,,,,
19,,From India to France:Destination charges,,,,,,,
15273,,PAINT SYNTHETIC ENAMEL WHITE,,,,,,,
19,,From France to India: Origin Charges,,,,,,,
19,,From France to India: Air Freight,,,,,,,
19,,From France to India:Destination charges,,,,,,,
19,,Box1/2-From India to Spain-OriginCharges,,,,,,,
5706,,CLOTH DUCK COTTON 475 GMS O.G. W.P 91 CM VAT DYED[,,,,,,,
5706,,Cloth Cotton Closely Woven 235 gms. Dual Shade (OG/ White) WR 91 cms,,,,,,,
5761,,"BRASS ROD 38.1MM +/- 0.1MM DIA. BS-2874,CZ-122 ""M""",,,,,,,
5706,,FABRIC 410 GMS OG WP P.V. DOPE DYED RIP STOP 148 CMS,,,,,,,
5706,,CLOTH CANVAS COTTON 680 GMS. O.G. WP 91 CMS.,,,,,,,
19,,Box1/2-From India to Spain-Dest. Charges,,,,,,,
7282,,"ANALOG OUTSIDE MICROMETER RANGE:175-200MM,L.C-0.01 DIGITAL ELECTRONIC MICROMETER.(O/SIDE)RANGE:0-25MM",,,,,,,
19,,Box1/2-From Spain to India-Freight,,,,,,,
19,,Box1/2-From Spain to India-Dest. Charges,,,,,,,
19,,Box2/2-From India to Spain-OriginCharges,,,,,,,
144,,FABRIC PP TPO COATED WITH F.R. TREATED FOR FLOORING 115 CM WIDE,,,,,,,
19,,Box2/2-From India to Spain-Freight,,,,,,,
19,,Box2/2-From India to Spain-Dest. Charges,,,,,,,
19,,Box2/2-From Spain to India-OriginCharges,,,,,,,
3890,,Solid carbide cutter and tools,,,,,,,
144,,CLOTH POLYPROPYLENE OG TPO COATING 115 CMS WIDE.[,,,,,,,
19,,Box2/2-From Spain to India-Freight,,,,,,,
19,,Box2/2-From Spain to India-Dest. Charges,,,,,,,
19,,Box1/2-From Spain to India-OriginCharges,,,,,,,
4637,,TURKEY TOWEL COLOUR LENGTH/WIDTH-145 X 72.5CM),,,,,,,
1042,,POLYESTER WADDING HOLLOW SILCONIZED 350 GSM IN 91 CM[,,,,,,,
1042,,"NON WOVEN POLYSTER FABRIC OF 250 GSM FOR VAMP LINING, WIDTH 150 CM",,,,,,,
36,,CANVAS COTTON 680 GM. O.G 91CM,,,,,,,
36,,CLOTH COTTON CLOSELY WOVEN 235 GRMS. DUAL SHADE (WHITE/OG) W.R. 91 CMS,,,,,,,
9971,,Different types of  cutting tools and Tool holder,,,,,,,
1403,,ACID BORIC TECHNICAL[,,,,,,,
1716,,CORRUGATED BOX 3 PLY (DULY PRINTED)FOR HIGH ANKLE BOOT DVS AS PER DRG. NO.SK-1174A SIZE 365X335X125MM,,,,,,,
10120,,"POLYPROPYLINE CORRUGATED PACKING BOX,DRG.NO.CO-484 POLYPROPYLINE CORRUGATED PACKING BOX,DRG.NO.CO-485",,,,,,,
605,,ELECTRODE 680 10SWG,,,,,,,
32,,CLOTH DRILL COTTON WHITE BLEACHED 71 CMS(V.NO.3)[,,,,,,,
605,,FLUX CORED WIRE 2.4MM JSS 3439-12,,,,,,,
1825,,MULTI SPECTRAL CAMOUFLAGE EQUIPMENT FOR 155MM DHANUSH GUN,,,,,,,
2339,,FORGING FOR BREECH FRAME(COMP DRG 9-A-621.05.001) LEVER IN FORGED CONDITION TO DRG. NO. F-2283.,,,,,,,
1825,,HEATING BLANKET FOR 155MM DHANUSH GUN SYSTEM,,,,,,,
32,,CLOTH DUCK POLYESTER/COTTON BLENDED RIP STOP OG WP ROT PROOF 135 CM,,,,,,,
4484,,FIRE CONTROL SYSTEM 4X16 TUBE LAUNCHERS,,,,,,,
2491,,BRASS EDM WIRE 0.25MM DIA(HARD).,,,,,,,
4484,,JUNCTION BOX,,,,,,,
4484,,DIFFERENT TYPES OF CABLE ASSEMBLIES,,,,,,,
1767,,DEES STEELS VARIOUS,,,,,,,
1767,,BUCKLE IRON VARIOUS[,,,,,,,
6536,,BRASS EDM WIRE 0.25MM DIA(HARD). LEFT & RIGHT DOVETAIL INSERT & HOLDER SET CONSISTS GROOVING HOLDER SET SHANK SIZE 16 X 16 MM,,,,,,,
14913,,WHEEL ASSEMBLY,,,,,,,
1911,,PVC COATED FR TREATED GREY COLOUR POLYESTER FABRIC 360 GSM 91 CMS[,,,,,,,
9670,,SILICONE GREASE MOLYCOTE 111,,,,,,,
9670,,ON /OFF AMPLIFIER VALVE,,,,,,,
9670,,BATTENBERG COURSE FINDER,,,,,,,
1911,,FABRIC PP TPO COATED WITH F.R. TREATED FOR FLOORING 115 CM WIDE,,,,,,,
9670,,One Set of B&D Spares for Various POS,,,,,,,
9670,,Lot 01 / Inv No.502425,,,,,,,
270,,140 MM DIA CYLINDER COMPRESSED AIR WITH ADAPTER,,,,,,,
11,,STEEL SHEET 4 MM +/-0.30 MM(THICK)X1200 MM(W)X2400,,,,,,,
9670,,"BIPOLAR BREAKER 10A, PART NO: 077050",,,,,,,
9670,,"DOBLE BUILT-IN BOX, PART NO: 080142,",,,,,,,
270,,AIR VESSEL ILG-448,,,,,,,
12134,,TAPE WOVEN NYLON,,,,,,,
2727,,MMASTER INSTRUMENTS CALIBRATION,,,,,,,
9670,,"SUPPORT FRAME FOR 2X2 MODULES, PART NO:",,,,,,,
5885,,PAINT RFU FINISHING WAR EQUIPMENT STOVING BRUSHING SPRAYING O G. IS:-8983 -1978,,,,,,,
9670,,FUSE FUSIBLE SURMOULE 1.6A,,,,,,,
9670,,LIMIT SWITCH ASSEMBLY WITH ZCKE05 HEAD (,,,,,,,
6026,,REPAIRING OF POWER LOGGER,,,,,,,
594,,STEEL ELECTRODES 3.15MM & 1.2MM,,,,,,,
9670,,"SIMATIC DP, interface module IM 151-1 St",,,,,,,
1136,,"PLY WOOD 7 PLY 12 MM THICK X 1500 MM X 750 MM (OEM is M/s Vishal Wood Craft, Yamuna Nagar)",,,,,,,
594,,"ELECTRODE 10SWG IS:814-1991CL,EB",,,,,,,
1351,,REFRIGERANT R-134A,,,,,,,
15183,,ROTARY SCREW AIR COMPRESSOR,,,,,,,
1136,,"PLYWOOD VARIOUS (OEM is M/s Vishal Wood Craft, Yamuna Nagar)(",,,,,,,
2282,,COPPER TUBE 35MM+/-0.15MM O/D X 2.5MM(+/-)0.30MM W COPPER TUBE 35MM+/-0.15MM O/D X 2.5MM(+/-)0.30MM W,,,,,,,
2384,,RING CONTROL FOR BUFFER IAN-46SA,,,,,,,
9670,,FUSE FUSIBLE SURMOULE 1.6A Your item cod,,,,,,,
3366,,SPRING EXTRACTOR,,,,,,,
3366,,GUARD TRIGGER,,,,,,,
3366,,CATCH MAGAZINE,,,,,,,
9670,,B & D Spares for Miscellaneous Items,,,,,,,
3366,,BOLT GRIP PISTOL,,,,,,,
9670,,RESPIRATOR,,,,,,,
2384,,GEAR LIMITING ELECTRIC FIRE,,,,,,,
3366,,LEVER PLATE,,,,,,,
9670,,FIRE RETARDANT CLOTH,,,,,,,
3366,,CHANNEL LEFT,,,,,,,
9670,,MAGNETIC SENSOR,,,,,,,
3366,,CHANNEL RIGHT,,,,,,,
61,,MULTI GRADE ENGINE OIL,,,,,,,
5685,,I/C OF MAGAZINE TUBE LOCKING,,,,,,,
1696,,NITROGEN GAS CYLINDER WITH GAS,,,,,,,
5685,,IC LEVER CHANGE,,,,,,,
5685,,IC BRACKET LIGHTER,,,,,,,
5685,,I.C OF CONNECTOR BUTT,,,,,,,
5685,,INVESTMENT CASTING FOR TRIGGER,,,,,,,
5685,,I.C.CONNECTOR,,,,,,,
1667,,BLEECHING POWDER,,,,,,,
1570,,"CHEVRON PACKING, 430-HNA33-2""*2.75""",,,,,,,
2156,,FORGING TORSION SHAFT FOR ARTILLERY GUN SYSTEMS,,,,,,,
9670,,B & D Spares for Steering Console,,,,,,,
3099,,SET OF SPARES FOR CNC MACHINES,,,,,,,
9670,,Weapon Loading Adjustable Chain Pulley,,,,,,,
37,,FASTNER HOOK & LOOP OR VALCRO VARIOUS,,,,,,,
9670,,Vacuum Pump,,,,,,,
9670,,CPU 317 2DP,,,,,,,
9670,,CP341 RS422/485 Z02 (PART NO 6ES7321-1CH,,,,,,,
9670,,"STEEL SLIDE, REF: 110QDP-20-1",,,,,,,
2160,,COPPER ALLOY BAR 60MM TO BS:2874 CA104M,,,,,,,
9670,,"STEEL SLIDE, REF: 1101573-A",,,,,,,
1249,,LUBRICANT GUN OIL,,,,,,,
9670,,"Laser Range Finder, Make: Bushnell",,,,,,,
9670,,Digital pH meter + CONDUCTIVITY METER,,,,,,,
9670,,PRESETTING HULL PASSAGE: A/B – penetrato,,,,,,,
9670,,REMOTE ADJ. PLUG: B- and Y-cable plug se,,,,,,,
257,,CAGE ROLLER BEARING CQA/WPN/1742,,,,,,,
9670,,KONTRON POWER SUPPLY Part no:CP3-SVE-P2,,,,,,,
7127,,"SUPPLY, INSTALLATION OF UTM",,,,,,,
257,,RADIAL SPHERICAL PLANE BEARING,,,,,,,
9670,,Digital Weather Station Model: 308-1417,,,,,,,
9670,,B&D SPARES FOR VARIOUS POS,,,,,,,
3664,,HSS BI METAL POWER HACKSAW,,,,,,,
8387,,MATTRESS ECC EXCLUDING CARRY BAG,,,,,,,
272,,HSS DRILLS COUNTERSINK,,,,,,,
9670,,"Barometer, 50PE000C0001",,,,,,,
10118,,HYDRAULIC SYSTEM FOR 155MM DHANUSH GUN SYSTEM,,,,,,,
9670,,"Standard parallel ruler, 20” (Steel)",,,,,,,
9670,,"Standard parallel ruler, 16” (Steel)",,,,,,,
272,,HSS TWIST DRILLS,,,,,,,
9670,,Brass divider 8”,,,,,,,
9670,,Brass compass 8”,,,,,,,
9670,,INCO Spares: Narrow Washers,,,,,,,
9670,,HELMET WITH INTEGRATED HEAD LAMP,,,,,,,
9670,,Portable ICOM A25C V/UHF handset,,,,,,,
9670,,Empty box for soda lime cells,,,,,,,
9670,,Freshwater test kit box,,,,,,,
10067,,HEIGHT MASTER MICROMETER,,,,,,,
9670,,ECG Machine Multi Channel,,,,,,,
10067,,DIGIMATIC MICROMETER,,,,,,,
9670,,Chemco RF900,,,,,,,
3480,,PLASTIC SLIDE FASTENER,,,,,,,
9670,,FDBZ290-AIR SAMPLE SMOKE DETECTION KIT S,,,,,,,
10118,,REAR AXLE ASSEMBLY FOR ARTILLERY GUNS,,,,,,,
9670,,Life support blankets,,,,,,,
6555,,DRALORIC CERAM PLATE CAPACITOR,,,,,,,
10118,,FORK CASTINGS,,,,,,,
4226,,SEMI HARD BRASS WIRE,,,,,,,
9670,,"RHODOID tube 9 X 15 , length 2 meter",,,,,,,
10118,,JOY STICK ASSEMBLY BOFORS- 4027765,,,,,,,
5151,,"DIRECTOR FIRE CONTROL NO.7 CASED MK-5, V6/1210-000",,,,,,,
3419,,FORE GRIP ASSEMBLY,,,,,,,
3419,,GUARD HAND ASSY UPPER,,,,,,,
7268,,SPHERICAL BEARINGS,,,,,,,
5151,,SIGHT UNIT CASED 102-B TO DRG.V5/1240-001569  F/C.,,,,,,,
3419,,SPRING REAR SIGHT,,,,,,,
1482,,RUBBER ADHESIVE,,,,,,,
3419,,CLEANING ROD EXTN,,,,,,,
3069,,GROUND HYDRAULIC TROLLEY,,,,,,,
9360,,FORGING TORSION SHAFT FOR ARTILLERY GUN SYSTEMS,,,,,,,
3419,,BOX FOR ACCESSORIES,,,,,,,
6463,,CAMC of DELL POWER EDGE R740 Servers,,,,,,,
3419,,GRIP PISTOL,,,,,,,
5151,,TELESCOPIC SIGHT ASSY. 557 B 14 DRG.F1303-030500 B,,,,,,,
9670,,Oxygen detector-Pac 6500,,,,,,,
9670,,Support Frame plexo 55 with smoked flap,,,,,,,
5706,,BLENDED FABRIC P C (67:33),,,,,,,
8815,,CAMC of 5 Nos 30 KVA UPS,,,,,,,
5151,,KNOB 751+441 ASSY.TO PART NO: F1303-029360 REF NO,,,,,,,
7371,,GOST STANDARDS,,,,,,,
9670,,MN08-1 SHOCK MOUNT,,,,,,,
4573,,DIFFERENT TYPES OF BEARINGS,,,,,,,
9670,,"POWER SUPPLY (70W), REF: FP2001-A1",,,,,,,
9670,,non-return check valve “G1/8’’ type RK0,,,,,,,
9670,,"Hydraulic Jack, Model RC-57, Make:- ENER",,,,,,,
106,,LASTED UPPER OF VARIOUS SIZES FOR BOOT HIGH ANKLE DVS,,,,,,,
4023,,Four nos of Welding Machines equipped with Fronius Contro,,,,,,,
9670,,Dosing Pump Type: GMXA 1602,,,,,,,
7371,,ASTM PLATES,,,,,,,
9670,,Contact water meter; R3/4 DN20 4m3/hr,,,,,,,
106,,LEATHER BUFF. CHROME TANNED SIDE BLACK FOOT BALL PRINT(,,,,,,,
9670,,RECTIFICATION OF GARBAGE EJECTOR UNIT,,,,,,,
9670,,Motorola plastic covers with floats,,,,,,,
9670,,FLOATING COLLAR STRAP FOR BINOCULARS,,,,,,,
8323,,Third party Inspection (TPI) body service for inspection of machined components,,,,,,,
9670,,HEAVY DUTY LIFE JACKET(HDLJ),,,,,,,
1814,,O-RINGS OF DIFFERENT SIZES,,,,,,,
9670,,GENERAL DUTY LIFE JACKET(GSLJ),,,,,,,
3699,,ROTARY SWITCH.  MODEL: AD 3708 301  (8 POSITION),,,,,,,
9670,,HEAVY DUTY RAIN COAT,,,,,,,
6303,,QUILTED PANNELS WITH ALL COMPONENTS OF BAG SLEEPING LIGHT WT,,,,,,,
1814,,RUBBER GASKETS,,,,,,,
9670,,PORTABLE FENDER (APPLE TYPE),,,,,,,
5690,,WING TILTING TROLLEY RH,,,,,,,
5504,,AMC FOR ZEISS 3D CMM M/C,,,,,,,
9670,,B&D SPARES_Fire Detection Box & Sensors,,,,,,,
9670,,B&D SPARES_IPMS_MA17,,,,,,,
6303,,FABRICATION OF LINER INNER FOR TEFS 2M UNIT[,,,,,,,
9670,,"B&D SPARES-MA17, SP07-D, MU14-C5",,,,,,,
9670,,B & D Spares for MA19 HOISTABLE MASTIC,,,,,,,
5504,,COMPONENTS OF CMM MACHINE,,,,,,,
7258,,TAPE,,,,,,,
9670,,B&D SPARES_IPMS,,,,,,,
6303,,Fabrication of Fly Outer for Tent Arctic Medium MK-2,,,,,,,
9670,,B&D SPARES FOR STEERING CONSOLE,,,,,,,
1814,,RUBBER BUFFER (2A20-09-54) & BUFFER (2A26-09-39),,,,,,,
9670,,B&D SPARES_MAIN SWITCHBOARD (MU14-A),,,,,,,
9670,,B&D SPARES_MU14-B,,,,,,,
2469,,Passenger Lift,,,,,,,
9670,,B&D SPARES for various POS,,,,,,,
526,,STEEL MILD SHEETS OR PLATES VARIOUS,,,,,,,
9670,,Lot 1 /Inv No.0352324,,,,,,,
1814,,V-RINGS OF DIFFERENT SIZES,,,,,,,
12343,,FSW TOOL ELEMENTS FOR FSW MACHINE,,,,,,,
526,,CARBON STEEL STRIP SIZE 1.00 MM THICK X 102 MM WIDE,,,,,,,
6635,,"CLIP, FACE PAD TO DRG.NO: F13O3-O2O68O D IN F/C TO",,,,,,,
5951,,Floor Moping Machine,,,,,,,
2189,,STEEL PIPE 100X78MM,,,,,,,
5039,,Online UPS for CNC Machines AND Workstations,,,,,,,
5969,,Pressure blasting machine,,,,,,,
363,,L32309KA1954GOI000787,,,,,,,
12432,,"SPRING, MAGAZINE TO DRG. NO. TRD-02-0041 OF 0.32"" PISTOL",,,,,,,
5382,,Electro mechanical floor mounted 50 kN Universal Testing Machine,,,,,,,
3347,,Calibration of Dyeglo make MPI machine Digital Ammeter AND Timer,,,,,,,
9670,,Avometer MJ159 “Megger”,,,,,,,
13279,,GAMET BEARING NO. 133075/ 133130 HEO. ANGULAR CONTRACT BALL BEARING NO. 2MM9120WI CR DUL,,,,,,,
2420,,BAMBOO SUPPORT FOR CAMOUFLAGE EQUIPMENT IND/GS/1101,,,,,,,
9670,,Fixing loctite,,,,,,,
6547,,NITROGEN CHARGING TROLLEY,,,,,,,
2420,,JACK STAND FOR 155MM DHANUSH GUN SYSTEM,,,,,,,
9670,,Aquabond putty,,,,,,,
9670,,High temp loctite sealent (NS 5109),,,,,,,
9939,,Balancing machine for Adour Assembly,,,,,,,
2420,,SCALE TRAVERSING IFL-8511,,,,,,,
2420,,ROLLER ROCKER ARM CAM FOLLOWER,,,,,,,
2420,,U-SHAPE BRACKET,,,,,,,
10177,,AMC FOR 26 NOS. OF AUTOMATED STORAGE RETRIEVAL SYSTEMS,,,,,,,
9670,,Devcon bronze .putty-10260,,,,,,,
9670,,Devcon stainless steel putty-10270,,,,,,,
9670,,Devcon titanium putty-10770,,,,,,,
9530,,SC RODS,,,,,,,
9670,,G-460 Mystik jet Marine grease (fut 25k,,,,,,,
2420,,COVER (TEXTILE),,,,,,,
7111,,TRANSPORTATION OF DEFENCE STORES FROM GUN & SHELL,,,,,,,
4471,,CAMC of Fortigate240D,,,,,,,
9670,,B&D SPARES_STATIC CONVERTER,,,,,,,
9530,,TUNGSTEN CARBIDE RODS,,,,,,,
9670,,DEHUMIDIFIER 2T,,,,,,,
2420,,LOCK ASSEMBLY TO DRG. NO. 675-51-154,,,,,,,
9670,,B&D SPARES_MU15-D,,,,,,,
7532,,CAMC of HP Storage EVA8100 2c2d Array,,,,,,,
9670,,B&D SPARES FOR KLAXON 100 DB & 120 DB,,,,,,,
9530,,S/C END MILLS,,,,,,,
9670,,B&D SPARES FOR KLAXON 120 DB,,,,,,,
9670,,Protection Cover (Part of 61140S2Z0073),,,,,,,
9530,,SOLID CARBIDE T-SLOT CUTTERS,,,,,,,
9670,,Ear defender muff type,,,,,,,
348,,Tungsten Inert Gas (TIG) Welding Machine,,,,,,,
9670,,SS split pins : 3X20 mm,,,,,,,
9670,,Torque spanner  20- 100 N,,,,,,,
9670,,Torque spanner and accessories 20- 200,,,,,,,
9670,,"Screw driver,159.1200.",,,,,,,
9530,,INSERT CARBIDE CUTTER,,,,,,,
2292,,STEEL BLOCKS OF DIFFERENT SIZES (RECTANGULAR & SQUARE),,,,,,,
9670,,Torque spanner 3/8” 8-60 Nm irimo withou,,,,,,,
9296,,HIRING OF BRAND NEW COLOR COPIER MACHINE,,,,,,,
9530,,CARBIDE CUTTER HOLDERS,,,,,,,
2292,,STEEL ROUNDS RAW MATERIAL (DIFFERENT SIZES),,,,,,,
9530,,INSERT SCREWS,,,,,,,
184,,STEEL SHEET OF DIFFERENT SIZES,,,,,,,
441,,cloth PC disp.220 GSM,,,,,,,
1120,,ANTI SKID SHOE WORKING VARIOUS SIZES,,,,,,,
1412,,INSECTICIDE MALATHION 50% EC,,,,,,,
719,,LATHE MACHINE,,,,,,,
1120,,"chrome tanned black buff din apollo leather embassed full grain leather, thickness 2+0.2mm[21](SSA of Calico Trends., Kanpur",,,,,,,
1931,,INTERIOR PACKING BOTTOM F 1303-027152 B F/C INTERIOR PACKING TOP DRG NO.F 1303-027162 D IN F/C,,,,,,,
9670,,Torque spanner 300 irimo capacity 60-300,,,,,,,
9670,,"VARISTOR EPCOS, REFERENCE: SIOV-B80K385",,,,,,,
3681,,PIN STOP TRIGGER,,,,,,,
1120,,INDUSTRIAL SAFETY SHOES DUAL DENSITY INJECTION MOULDED WITH STEEL TOE OF VARIOUS SIZES,,,,,,,
9670,,"GUIDE TUBE, Part of 01PV000C0092",,,,,,,
5090,,SAFETY BREAK M10A,,,,,,,
1874,,"PACKING RING SET FOR RECOIL BUFFER, ELEVATING CYLINDER & TRAVERSING CYLINDER  FOR 155MM GUN SYSTEM",,,,,,,
2733,,On-site Breakdown Maintenance of HERMLE C400U CNC Milling machine,,,,,,,
3681,,TRIGGER HOUSING,,,,,,,
9670,,BASCCA SET,,,,,,,
3681,,MAGAZINE ASSY,,,,,,,
5090,,AMC/repair for automatic rolloing shutters,,,,,,,
1874,,DIFFERENT TYPES OF SEALS AND O-RINGS FOR ARTILLERY GUN SYSTEM,,,,,,,
3681,,PACKING PIECE,,,,,,,
9012,,HYDRAULIC TROLLEY SERVICING(DIESEL),,,,,,,
5384,,SPARK GAP MACHINE WITH TECHNICAL SPECIFICATION,,,,,,,
5027,,ELECTRO POWER PLANT FOR 155MM GUN SYSTEM,,,,,,,
7670,,INDIAN STANDARDS,,,,,,,
4752,,Cord Cotton Braided various,,,,,,,
4666,,SINUMERIK DRIVE ELECTRONIC,,,,,,,
990,,DIFFERENT TYPES OF TEXTILE (CLOTH)  COVERS FOR ARTILLERY GUN SYSTEM,,,,,,,
3709,,ROTARY BURR CYLINDRICAL,,,,,,,
4752,,CORD COTTON U/D 4 MM DIA,,,,,,,
5110,,THREAD PLUG GUAGE 4-40 UNC,,,,,,,
3709,,TUNGSTEN CARBIDE ROTARY BURRS,,,,,,,
1743,,DIFFERENT TYPES OF SEALS AND O-RINGS FOR ARTILLERY GUN SYSTEM,,,,,,,
5110,,HELICOIL THREADED PLUG GUAGE,,,,,,,
3824,,DOUBLE DIRECTION BEARING,,,,,,,
3824,,HIGH PRECISION SCHAEFFLER,,,,,,,
1743,,PACKING PREFORMED (DIFFERENT SIZES),,,,,,,
3824,,CROSSED ROLLER BEARING,,,,,,,
959,,CANVAS FLAX (TOW) VARIOUS,,,,,,,
5176,,IP PHONE 7821,,,,,,,
3824,,BALL BEARINGS,,,,,,,
398,,RIM TO PART NO. 3049494 FOR 155MM GUN SYSTEM,,,,,,,
3824,,NEEDLE CAGE BEARING,,,,,,,
5176,,CISCO CALL MANAGER,,,,,,,
3824,,ANGULAR CONTACT BALL BEARING,,,,,,,
398,,WHEEL RIM 5.00 X 19 HD,,,,,,,
1000,,LT.WT.WEB O.G. THICK OFF SIZES FOR RUCK SACK LT.WT. ALUMINIUM,,,,,,,
1370,,GAS NITROGEN TO SPECN.IS-1747,,,,,,,
379,,DIFFERENT TYPES OF PNEUMATIC ITEMS FOR 155MM GUN SYSTEM,,,,,,,
1370,,GAS OXYGEN-COMPRESSED,,,,,,,
1000,,SYN. TAPE 13 MM PV DOPE DYED O.G.,,,,,,,
1370,,GAS ARGON,,,,,,,
1000,,CORD COTTON BRAIDED VARIOUS,,,,,,,
35,,PENDANT HAND-HELD WITH E-STOP,,,,,,,
5196,,IR ILLUMINATOR 850nm,,,,,,,
5196,,Repair of IR ILLUMINATOR,,,,,,,
4216,,LOCK RETAINER,,,,,,,
10727,,TYRE 14.00 R 20 XZL,,,,,,,
4958,,ELECTRODES WELDING QUASI ARC SIMIILAR TO GUAGE,,,,,,,
4216,,PLUNGER MA (HOD) OVERMOULD,,,,,,,
4216,,STOPPER FRONT,,,,,,,
9731,,SLEEVE (T-90 ARTILLERY GUN),,,,,,,
4216,,NUT FORE SIGHT,,,,,,,
4216,,FORE SIGHT ASSY,,,,,,,
4216,,BLOCK FIXING PISTOL GRIP,,,,,,,
4626,,INDUCTION HARDENING OF SHIELD,,,,,,,
4216,,ADOP.FOR CLEAN.OF BORE BY PULL,,,,,,,
903,,FABRIC RUBBER PROOFED DOUBLE TEXTURE ALUM. FINISH 100/104CM,,,,,,,
903,,FABRIC WATERPROOF RUBBERISED O.G. 91 CM,,,,,,,
2492,,AXIAL NEEDLE ROLLER AND CAGE ASSEMBLY,,,,,,,
2095,,IC OF BRACKET(WITH HOD),,,,,,,
903,,FABRIC WATERPROOF RUBBERISED WHITE 91 CMS.,,,,,,,
2095,,IC FRONT SIGHT BLOCK,,,,,,,
6337,,"1/8"" X 1/16"" REDUCERS,Check Valve SS- 8C-VCR-1",,,,,,,
2095,,IC GAS PORT BLOCK,,,,,,,
6337,,EWELLIX INDIA PRIVATE LIMITED,,,,,,,
5099,,BARREL SCANNING AND INSPECTION,,,,,,,
2095,,IC REAR SIGHT BLOCK,,,,,,,
944,,TAPE POLYPROPELENE VARIOUS,,,,,,,
2095,,IC RETAINER,,,,,,,
6340,,DC ACTUATOR (24V),,,,,,,
2095,,INVESTMENT CASTING FOR TRIGGER,,,,,,,
944,,CORD NYLON VARIOUS,,,,,,,
5210,,16A STATIC SWITCH,,,,,,,
6343,,1:2 Optical Splitter,,,,,,,
5827,,COMPLETE BREAK FOR NISSAN PETROL,,,,,,,
944,,TWINE NYLON 3 PLY O.G.F.R.TREATED,,,,,,,
5210,,UPS1 KVA,,,,,,,
6356,,OPS 2 PRESSURE SENSOR,,,,,,,
9898,,MAGAZINE CATCH,,,,,,,
5827,,MASTER CYLINDER TO PART NO. LV7/NSN/64068422,,,,,,,
9898,,TRIGGER MECHANISM HOUSING,,,,,,,
6373,,Height Gauge V5 with Granite Table,,,,,,,
9898,,FOLLOWER,,,,,,,
9898,,SLIDE COVER PLATE,,,,,,,
6427,,CAT 6 cable Armoured,,,,,,,
9898,,TRIGGER,,,,,,,
9898,,SPRING LOADED BEARING,,,,,,,
5233,,AMC for TWTA,,,,,,,
6457,,TERRYCOT POLYSTER TROUSERS,,,,,,,
9898,,SPRING CUP,,,,,,,
5233,,CAMC for BUC and LNB,,,,,,,
9898,,TRIGGER SAFETY LOCK,,,,,,,
9898,,SPACER SLEEVE,,,,,,,
6463,,"IT hardware, including laptops, desktops, printers, and UPS",,,,,,,
9898,,MAGAZINE FLOOR PLATE,,,,,,,
6471,,VLT HVAC DRIVE FC-102 W/IP 66 ENCLOSURE,,,,,,,
5256,,KEY PAD SILICON RUBBERS VCCS,,,,,,,
6476,,BEARING -ANGULAR CONTACT,,,,,,,
5256,,KEY PAD FSDU,,,,,,,
5259,,ISOLATOR COAXIAL,,,,,,,
5259,,3 PORT T ISOLATOR,,,,,,,
5267,,HERMETIC HOUSING 8,,,,,,,
5267,,EXTERNAL BRACKET,,,,,,,
5273,,PCB ASSEMBLY TAMPER DETECT,,,,,,,
8987,,CANVAS RAYON PVC COATED O.G. 91 CMS,,,,,,,
8987,,DRILL COTTON PROOFED WHITE (BLEACHED) 71 CMS,,,,,,,
5273,,Enhanced SoW Display board,,,,,,,
8987,,FABRIC NYLON 48 GMS OG P.U.COATED 122 CM. WIDTH,,,,,,,
8987,,FABRIC POLYAMIDE PLAIN WEAVE PU COATED 85 GMS. DISRUPTIVE 150 CM. WIDE,,,,,,,
5276,,XTAL OSC 40MHz,,,,,,,
5276,,OSCILLATOR TCXO 40MHz,,,,,,,
5313,,JUMPER (HOLE),,,,,,,
5313,,EH    TB MILD BARR DBL 15A300V,,,,,,,
6493,,Connectors,,,,,,,
6494,,QDC SET (1INCH),,,,,,,
6502,,Soldering Stations,,,,,,,
6503,,PORTABLE REFRIGERATOR,,,,,,,
6513,,"32"" FULL HD TELEVISION SET",,,,,,,
6516,,LASER DIODE DRIVER,,,,,,,
6531,,DISPLAY CABLE OXYFLO5D,,,,,,,
6543,,Durian RICH/37826/HB,,,,,,,
6551,,SINGLE BATTERY FOR UPS- 5 KVA,,,,,,,
6568,,EYE BOLT,,,,,,,
6583,,LED LIGHT 60W WALL MOUNTED,,,,,,,
6593,,Bollard,,,,,,,
6594,,SWING GATE -6M,,,,,,,
6615,,RIVET NUT CSK CLD END -AISI 304 M6x18.0,,,,,,,
6628,,INDUCTOR CHIP 0.27uH,,,,,,,
6638,,Foam Making Branch pipe-EB5X,,,,,,,
6672,,ATTENUATOR FXD COAX SMA DC-12.4G 25dB 2W,,,,,,,
6674,,REPAIR OF 40 W BUC,,,,,,,
6678,,ANTENNA GNSS PATCH 1575MHz 50? 3.3V RoHS,,,,,,,
6686,,OSCILLOSCOPE MXD SIGNAL 500MHz 2I/P CH.,,,,,,,
6696,,GENERATOR PETROL 7KVA,,,,,,,
6723,,PRIMER EPOXY&HARDENER HS 2PT KIT-YELLOW,,,,,,,
6731,,TRANSFORMER ISOLATION 2KVA,,,,,,,
6735,,WIRE CUTTING AND STRIPPING MACHINE,,,,,,,
6738,,CAPACITOR CERG CH 22µF ±20% 6.3V,,,,,,,
6748,,RESOLVER TO DC CONVERTER,,,,,,,
6751,,HF625/14-30 Flat Cables 14C 30M roll,,,,,,,
6763,,"ANTENNA W/BRACKET CX4,XCVR  ACCS",,,,,,,
6774,,PCB DEPANELLING MACHINE,,,,,,,
6822,,NFTR CTRL ROOM A/C COMPRESSOR,,,,,,,
6823,,AJB INCL ACCESSORIES FOR SOLAR IG CAR,,,,,,,
6829,,"Inhibitor, Corrosion 10 liters",,,,,,,
6841,,FITTING SWIVEL SAE 37 DEGREE HEXAGON,,,,,,,
6857,,SC20 Tea Card,,,,,,,
6861,,WALL MOUNTED FANS,,,,,,,
6869,,PACKING BOX ( GYRO ) - 425x300x200.,,,,,,,
6885,,TONER CYAN C-9731A FR 5500 PRNTR,,,,,,,
6894,,CONDUCTIVE ADHESIVE CHOBOND-1029,,,,,,,
5353,,CON CIR ACCE ADAP SPIN25S12,,,,,,,
5353,,DUST CAP WITH CHAIN,,,,,,,
5356,,4 PORT RS232 SERIAL TO ETHENET CONVERTER,,,,,,,
5356,,ETHERNET SURGE PROTECTOR CAT5,,,,,,,
5453,,PCB BLANK OLED INTERFACE,,,,,,,
5453,,INTERFACE CARD1 FOR VSD,,,,,,,
5459,,COMPACT AUTOMATIC AIR DATA TEST SET,,,,,,,
5459,,PRESSURE CALIBRATOR KIT WITH ACCESSORY,,,,,,,
5496,,BAKING OVEN,,,,,,,
5496,,TEMPERATURE SENSORS,,,,,,,
5539,,SEAL KIT FOR VAT VALVE (14052),,,,,,,
5611,,MOUNTING PLATE,,,,,,,
5611,,BRACKET WELDED,,,,,,,
5725,,PIN SHAFT (ANTENNA-REVATHI),,,,,,,
5725,,"TORO, TUBE",,,,,,,
5757,,CARRYING CASE-AC MK2,,,,,,,
5757,,PACKING BOX(DISPLAYS BMP UPGRADE),,,,,,,
5794,,CREW SEAT STD,,,,,,,
5797,,TRACKING ANTENNA SIMPULSE GRS-T200-239-E,,,,,,,
5797,,portable solar generator 3KW,,,,,,,
498,,PCB,,,,,,,
498,,PRINTED BOARD,,,,,,,
106,,Boot High Ankle PU Rubber Sole size 5M Boot High Ankle PU Rubber Sole size 5L Boot High Ankle PU Rubber Sole size 6M Boot High Ankle PU Rubber Sole size 6L Boot High Ankle PU Rubber Sole size 7M Boot High Ankle PU Rubber Sole size 7L Boot High Ankle PU Rubber Sole size 8M Boot High Ankle PU Rubber Sole size 8L Boot High Ankle PU Rubber Sole size 9M Boot High Ankle PU Rubber Sole size 9L Boot High Ankle PU Rubber Sole size 10M Boot High Ankle PU Rubber Sole size 10L Boot High Ankle PU Rubber Sole,,,,,,,
498,,V2 CABLE ASSY,,,,,,,
5851,,REVOLVING CHAIR HIGH BACK,,,,,,,
498,,MASD PCB ASSY,,,,,,,
498,,CPU PCB,,,,,,,
498,,INTERFACE PCB ASSY,,,,,,,
5880,,CONTROLLER ROTARY 24V W/RAMP 56886,,,,,,,
498,,ASSEMBLY HOMING HEAD BDL ASSY,,,,,,,
5880,,WHEEL ASSY INDUSTRIAL AF 45093GT,,,,,,,
498,,POWER SUPPLY SITCH CIRC CARD,,,,,,,
5911,,UF MEMBRANE,,,,,,,
498,,DATA ACQUISTION AND RECORDING SYSTEM TE,,,,,,,
5966,,NITROGEN GAS FOR VALVE OPERATING,,,,,,,
498,,PCB 5 ASSY,,,,,,,
7620,,S BAND TRANSMITTER,,,,,,,
7620,,PDU 2,,,,,,,
7620,,INTEGRATED TELEMETRY SYSTEMS,,,,,,,
5974,,ELECTRICAL PANELS FOR DIVISIONS,,,,,,,
7620,,SERVO CONTROL UNIT,,,,,,,
5974,,AUTOMATIC CHANGE OVER PANEL BOARD,,,,,,,
7620,,ON BOARD PROCESSOR,,,,,,,
6418,,Gloves Outer Gloves Inner Head Cap Special Socks Woollen Special (Two Layer) Socks ECC Coat Extreme Cold Climate (Improved Version) Coat Combat Disrp Indian Army Logo(IV),,,,,,,
6000,,AMC of 80KWP SPP,,,,,,,
7620,,10 W S BAND TRANSMITTER,,,,,,,
6000,,VV PAT Movement & Handling,,,,,,,
1089,,Boot High Ankle Rubber Sole Size 5M Boot High Ankle Rubber Sole Size 5L Boot High Ankle Rubber Sole Size 6M Boot High Ankle Rubber Sole Size 6L Boot High Ankle Rubber Sole Size 7M Boot High Ankle Rubber Sole Size 7L Boot High Ankle Rubber Sole Size 8M Boot High Ankle Rubber Sole Size 8L Boot High Ankle Rubber Sole Size 9M Boot High Ankle Rubber Sole Size 9 L Boot High Ankle Rubber Sole Size 10M Boot High Ankle Rubber Sole Size 10L Boot High Ankle Rubber Sole Size 11M Boot High Ankle Rubber Sole ,,,,,,,
8341,,Boot High Ankle PU Rubber Sole size 5M Boot High Ankle PU Rubber Sole size 5L Boot High Ankle PU Rubber Sole size 6M Boot High Ankle PU Rubber Sole size 6L Boot High Ankle PU Rubber Sole size 7M Boot High Ankle PU Rubber Sole size 7L Boot High Ankle PU Rubber Sole size 8M Boot High Ankle PU Rubber Sole size 8L Boot High Ankle PU Rubber Sole size 9M Boot High Ankle PU Rubber Sole size 9L Boot High Ankle PU Rubber Sole size 10M Boot High Ankle PU Rubber Sole size 10L Boot High Ankle PU Rubber Sole,,,,,,,
994,,Cotton Wool Absorbent pkd 500 gm Cotton Wool Absorbent pkd 50 gm Cotton Wool  Non Absorbent pkd 500 gm Gauze Surgical openwove unmedicated 60 cm wide Gauze Surgical openwove unmedicated 60 cm  x 3 m Lint Absorbent Cotton Pad Abdominal (Swab) 25 x 25 cm wide Tape 30 cm Pad Abdominal (Swab) 40 x 25 cm wide Tape 30 cm Bandage Openwove uncompressed 10cm x 4 m Bandage Openwove uncompressed  6cm x 4 m Bandage Openwove uncompressed  2.5cm x 4 m Dressing First aid Unmedicated sterrile pkd of 4 Dressing ,,,,,,,
11767,,THREE WAY MILD STEEL JOINT WITH BASE PLATE,,,,,,,
8387,,Thermal Insole Size 5 Thermal Insole Size 6 Thermal Insole Size 7 Thermal Insole Size 8 Thermal Insole Size 9 Thermal Insole Size 10 Thermal Insole Size 11 Thermal Insole Size 12 Thermal Insole Size 13,,,,,,,
548,,SEWING THREAD SPUN POLYESTER 125 D TEX/3 OG,,,,,,,
30,,SHIRTING ANGOLA DRAB POLYWOOL 152CM WIDE,,,,,,,
8719,,FABRICATION OF COAT ECC (DGOS),,,,,,,
5906,,TIMBER CHIR BATTON (30X90X1450)MM,,,,,,,
10849,,TAPE NIWAR POLYESTER OFF SIZE OG,,,,,,,
5813,,PROPULSION SYSTEM(CCW)SYS-PORT FOR LOGISTIC DRONE,,,,,,,
998,,MSCN DESERT AND SEMI DESERT TERRAIN WITH ACCESSORIES WITH SIZE 20X25 M,,,,,,,
1641,,MDM. GRD. QUENCHING OIL,,,,,,,
2635,,LEAD TIN SHEET,,,,,,,
121,,Paints as Per P17A Painting Scheme,,,,,,,
4833,,TITANIUM MADE ANODIZING FIXTURE,,,,,,,
4833,,ANODIZING SEALING POWDER,,,,,,,
4190,,SEAMLESS TUBE,,,,,,,
9062,,LED TUBE LIGHT,,,,,,,
9062,,LED STREET LIGHT FITTING,,,,,,,
11623,,TAPE NIWAR UNDYED,,,,,,,
2303,,ELECTROMAGNETIC CLUTCH,,,,,,,
125,,REFRIGERANT GAS,,,,,,,
6247,,DUST COLLECTOR/EXTRACTOR,,,,,,,
10451,,650 KW Air Conditioning Plant,,,,,,,
2384,,INPUT BARREL BLANK,,,,,,,
1282,,TEMPERING SALT,,,,,,,
189,,70/30 Cu-Ni PIPES,,,,,,,
1282,,SALT BATH RECTIFIER CHEMICAL,,,,,,,
1282,,AQUEOUS POLYMER QUENCHANT,,,,,,,
1282,,HEAT TREATMENT SALT 660,,,,,,,
1282,,BLASO CUT 4000,,,,,,,
7407,,SHIP WEAPON INTERLOCK SAFETY SYSTEM,,,,,,,
61,,OIL TRIPONOL-H / SERVO-CUT-253,,,,,,,
2568,,I.C.HINGE COVER,,,,,,,
2568,,IC HOUSING SIGHT REAR,,,,,,,
138,,TUBE SIZE FOR JEEP,,,,,,,
345,,Navigational Light Control Panel,,,,,,,
31,,BLENDED FABRIC POLYESTER & COTTON (67:33),,,,,,,
3433,,9 MM TRACER FFV 840,,,,,,,
3433,,"PROOF CARTZ.FOR PISTOL OF 0.32""(REFILLED)",,,,,,,
3433,,"0.32"" SERVICE CARTZ.REQD.FOR ACCURACY TEST OF 0.32",,,,,,,
345,,Integrated Bridge System (IBS),,,,,,,
3433,,CARTIDGE SA 9MM PROOF 1Z.,,,,,,,
3433,,CAP-0.22 RIMFIRE TO DRG.PART NO:IQW-43AF CAP-0.22 RIMFIRE TO DRG.PART NO:IQW-43AF,,,,,,,
2568,,I.C.RETAINER SPRING RECOIL,,,,,,,
592,,Foldable Hanger Door,,,,,,,
229,,SOLID CARBIDE DRILLS,,,,,,,
229,,HSS DRILLS,,,,,,,
3433,,GRIP HANDLE TO D.S.CAT.NO.5340-004220. CAPS KNEE TO DRG.NO. CN/AA-0490 IN F/C.,,,,,,,
270,,High Pressure Air Cylinders,,,,,,,
31,,FABRIC COTTON 375 GMS. OG WATER REPELLANT 135 CM WIDTH (FOR AERONAUTICAL PURPOSE,,,,,,,
229,,S.C. ENDMILL,,,,,,,
229,,S C T-SLOT CUTTER,,,,,,,
31,,FABRIC NYLON LT.WT.37 GM RIPSTOP WEAVE OLIVE DRAB SHADE NO,,,,,,,
4671,,SENSORS,,,,,,,
62,,SERVO QUENCH 11,,,,,,,
773,,Deck/BHD Fitting for CS Pipe,,,,,,,
773,,Butt welded Fitting for 90/10 CuNi Pipes,,,,,,,
31,,"FABRIC NYLON LOW POROSITY 52 GM RIP STOP WEAVE OLIVE DRABSHADE NO.298 AS PER SPECN NO.IS:5, 94 CMS",,,,,,,
773,,Copper butt welded fittings,,,,,,,
498,,"SUPPLY,INSTLN.OF 6NO.HIKVISION CAMERA,NVR",,,,,,,
773,,AL. Brass Union Coupling,,,,,,,
773,,MHD Fittings,,,,,,,
4423,,SILVER BRAZING FOIL,,,,,,,
2630,,LUG BAYONET,,,,,,,
1145,,"CONTINUOUS STATIONERY 22.9X30.5 CMS,3RD PART,70GSM",,,,,,,
2820,,Un-Equal Angles,,,,,,,
31,,FABRIC COTTON CW 310g OG 91.4 CM.,,,,,,,
2012,,DESKTOP BASED AADHAAR ENABLED BIOMETRIC ATTENDANCE,,,,,,,
1434,,Scheme Paints for Refurbishment of Under Water External Hull,,,,,,,
1434,,Primer & Thinner  for  Paint Scheme  for  Machinery Compartments and Ballast Tanks,,,,,,,
31,,") FABRIC NYLON 370 gm. AIR TEXTURE,DISRUPTIVE PRINTED,PU COATED INSIDE AS PER PARTICULARS",,,,,,,
1434,,Additional Paint/Primer & Thinner,,,,,,,
1434,,PAINT ITEMS FOR ABOVE WATER & SUPERSTRUCTURE,,,,,,,
447,,"SPINDLE CARTRIDGE ASSEMBLY,6000 RPM, CHETAK75",,,,,,,
1434,,AVGAS & AVCAT Tanks,,,,,,,
31,,DUCK NYLON 230g 91.4cm OG,,,,,,,
1428,,"H/CHROMIUM PLATING FOR SR ""KAVACH BARREL""M-11261 &",,,,,,,
4451,,HOSTING INFRASTRUCTURE FOR IT HARDWARE OF PDM/PLM,,,,,,,
7348,,Laptop,,,,,,,
31,,FABRIC NYLON LT. WT. 37G RIP STOP WEAVE OLIVE DRAB SHADE NO. 298 AS PER SPECN. 94CM WIDTH,,,,,,,
1485,,Launching Paint IWC& Deck Dado,,,,,,,
2503,,STRAIGHT ANGLE GRINDER MODEL:GGS50001 OR EQUIVALEN,,,,,,,
1485,,Thinner  for  Paint Scheme for Deck & Dado,,,,,,,
1485,,"Additional Paints, Primers & Thinners as per Painting Schemes",,,,,,,
31,,"FABRIC NYLON LOW POROSITY 52 GM,RIP STOP WEAVE ORANGE 94 CM.",,,,,,,
31,,FABRIC COTTON MERCERISED 140 G U/D 136_+4CM,,,,,,,
306,,SIGNAL CABLE PRE-ASSEMBLED.TYPE NO.6FX8002-2DC10-1,,,,,,,
6379,,Forged Eye Plates,,,,,,,
6379,,DK/BHD and BW Fittings for Copper pipes,,,,,,,
6379,,Deck Scupper Head with Bottom Sleeve,,,,,,,
6379,,Butt welded Fitting for 90/10 CuNi Pipes,,,,,,,
6379,,SS Socket Welded Fittings,,,,,,,
6379,,MHD Fittings,,,,,,,
12340,,ELECTRODE:IS 5206/E 25.20 R 26 X OR AWS SIZE:2.5MM,,,,,,,
10347,,DE AIR INTAKE & UPTAKE,,,,,,,
10347,,HP Air Fittings,,,,,,,
10347,,Gas Turbine (GT) and Diesel Engine (DE) Infra-Red Signature Suppression (IRSS),,,,,,,
3319,,OUT SIDE MICROMETER RANGE-75-100MM LAST COUNT EXTERNAL MICROMETER ( RANGE:50MM - 75MM / .001MM ) DIGITAL HEIGHT GAUGE ( RANGE : 0-300MM/LEAST COUNT,,,,,,,
10347,,Pressure Reducing  Panels ( PRP),,,,,,,
1064,,SEWING COTTON 100D TEX/6 OG,,,,,,,
3941,,S.R.D.G. BALL BEARING.NO:6202 ZZ.,,,,,,,
6075,,INSERT NO:CNMG 120408 GR.GC3015/TN2000 IC908 OF IS MICROGRAIN SOLID CARBIDE END MILL CUTTER. SOLID CARBIDE END MILL CUTTER 10MM.DIA.X38MM.FX100,,,,,,,
9247,,THREE WAY JOINT FOR ROOF POLE,,,,,,,
4665,,Power Panels,,,,,,,
7169,,TOOTH PULLEY(AT 5d20z30)PART NO.429396 FOR TORNOS,,,,,,,
403,,RUBBER BEARING FOR COLOUM PIPE,,,,,,,
345,,Tri-Axial Degaussing System,,,,,,,
345,,Motorized Shore Supply Cable Handling & Stowage System,,,,,,,
345,,Auto Transfer Switches,,,,,,,
345,,EXPLOSION PROOF PRESSURE TRANSMITTER,,,,,,,
345,,Bearing Repeater Compass with Pelorus Stand & Telescoping Bearing Sight,,,,,,,
345,,Explosion Proof Pressure Transmitter PCE,,,,,,,
345,,Motorola Handset With Charger,,,,,,,
9027,,GAUGE DRG.NO. LK-8109-5405.,,,,,,,
9018,,BATTERY ( VOLT : 06 / BR 2/3 AGCT4A / PANASONIC ),,,,,,,
8311,,Grip Type Coupling,,,,,,,
7162,,Stainless Steel Flanges,,,,,,,
6415,,STAINLESS ST.WIRE 5 MM.DIA.X 2 MTR.LONG *AISI:304* WIRE COPPER 24 SWG BS 2873 C-101,,,,,,,
7162,,Carbon Steel Flanges,,,,,,,
280,,NDS Doors,,,,,,,
280,,NWT Double Skin Screened Cat-A Doors,,,,,,,
3243,,Line Valves,,,,,,,
1313,,Epoxy Alluminium Primer,,,,,,,
1313,,HDNS Paints,,,,,,,
1313,,Potting Compound in Cofferdam ICCP,,,,,,,
13724,,PVC INSULATED SINGLE CORE MULTISTAND COPPER WIRE,,,,,,,
9397,,MCT GLANDS & ACCESSORIES,,,,,,,
9397,,bulk head sleeves,,,,,,,
592,,Indigenous Rocket Launcher,,,,,,,
592,,SWITCHBOARD FOR C&C,,,,,,,
592,,SWITCHBOARD FOR EMERGENCY D.A.,,,,,,,
592,,Auto Change Over Switch,,,,,,,
2901,,ELECTRICIAN'S  SCREW DRIVER 0.6 X 3.5 X 100 SCREW DRIVER 1.2 X 8 X 175 TO PART.NO.614O-11421O,,,,,,,
592,,Helo Deck Communication System(HDCS),,,,,,,
31,,CLOTH DOSUTI BLUE 91 CM,,,,,,,
12484,,"SS Bolts, Plugs and Keys for Shaft Lifting Lug Components",,,,,,,
12484,,Stainless Steel Flanges,,,,,,,
12484,,SLOPPING LADDER TYPE A,,,,,,,
12484,,Storm Rail,,,,,,,
13724,,"CABLE ELECTRIC PVC,SINGLE CORE,COPP.CONDUCTOR,35MM CABLE ELECTRIC 3 CORE,1.5 SQ.MM PVC INSULATED,MULT",,,,,,,
12484,,LADDER-PORTABLE,,,,,,,
4281,,DK/BHD and BW Fittings for Copper pipes,,,,,,,
7709,,"A.M.C FOR PC, PRINTER ETC.AS PER SCOPE OF WORK-II.",,,,,,,
2914,,Stainless Steel Sleeves,,,,,,,
2914,,CUNI Deck Bulkhead Fitting,,,,,,,
2914,,Holding Down Material,,,,,,,
2914,,Projector Type-B,,,,,,,
31,,FABRIC NY. 109GM ORANGE 120 CM WIDTH,,,,,,,
2914,,Gun Metals Flanges,,,,,,,
2914,,AL. Brass Union Coupling,,,,,,,
2914,,Rod Gearing Fittings,,,,,,,
2914,,MHD Fittings,,,,,,,
690,,TIMBER CHIR PLANK,,,,,,,
2914,,ALUMINIUM BRONZE FASTNERS,,,,,,,
31,,"FABRIC NYLON 66, 93g U/D 120 Cm.",,,,,,,
31,,Cloth Cotton Closely Woven 170 Grms Scoured 91.4 Cms.,,,,,,,
3300,,High Pressure Air Valves,,,,,,,
31,,DUCK COTTON 475 GMS O.G. UNPROOFED 91.4 CMS FOR AERONAUTICAL PURPOSE,,,,,,,
3300,,PRP System,,,,,,,
31,,FABRIC NYLON 109g U/D 91.4cm[,,,,,,,
8507,,High Pressure Cylinder Head Assembly,,,,,,,
8957,,S.R.D.G. BALL BEARING.NO:6203 ZZ.,,,,,,,
31,,FABRIC NYLON 58g ORANGE,,,,,,,
1361,,SODIUM META BISULPHATE SPECN IS: 248-1992(TECH GRD,,,,,,,
31,,CANVAS NYLON 220g 91.4 cm OG,,,,,,,
585,,EBXL Cable,,,,,,,
585,,Non-EBXL Cables,,,,,,,
585,,Cables-LMGSGO,,,,,,,
9664,,"ADHESIVE TAPE WIDTH 45 MM X 0.1 MM, PERMACELL",,,,,,,
31,,COTTON CANVAS 545 GR. O.G. 91.4 CM UNPROOFED VARIETY NO.3,,,,,,,
947,,DOUBLE LAYER POLY FLEECE OG,,,,,,,
9035,,Water Tight Doors & Hatches,,,,,,,
9035,,GT & WT Doors & Hatches,,,,,,,
31,,FABRIC NYLON 93GM U/D WIDTH 95 CM,,,,,,,
9035,,Arrangement of Shoring Hatches,,,,,,,
9035,,"Gastight Doors, Watertight Doors And Watertight Hatches",,,,,,,
985,,FABRIC GREEN 205 GSM,,,,,,,
31,,FABRIC NYLON ORANGE 37 GM 94 cm WIDTH,,,,,,,
13404,,Valves Fire Safe.,,,,,,,
31,,FABRIC COTTON CLOSELY WOVEN 235 GMS O.G. 91.4 CMS.[,,,,,,,
31,,FABRIC NYLON FOR PARACHUTES TYPE SM 91.4 cms,,,,,,,
31,,CANVAS NYLON 220 GM. 91.4 CMS. UNDYED,,,,,,,
31,,FABRIC NYLON 105 GM UNDYED 110 CM.[,,,,,,,
6565,,Valves Fire Safe,,,,,,,
31,,FABRIC NYLON 185 GM UNDYED 92 CM .,,,,,,,
3020,,PIPE CLAMPS,,,,,,,
1976,,PLOLYTHENE FILM,,,,,,,
31,,FABRIC NYLON 136 GRAM UNDYED WIDTH 110 + - 1 CMS.,,,,,,,
10267,,Blind & IMO Flanges,,,,,,,
2457,,Blind & IMO Flanges,,,,,,,
31,,"FAB.NYL.66,93 GM.U/DWIDTH 101+-1 CM.(EXCLUDING SELVEDGE)",,,,,,,
13050,,SS Butt Welded Fittings,,,,,,,
13050,,Blind & IMO Flanges,,,,,,,
13050,,CS Flanges Flat Face,,,,,,,
31,,FABRIC NYLON 48 +-2 GM ORANGE TWILL WEAVE 92 CM.,,,,,,,
2090,,FABRICATION OF TEFS 4S,,,,,,,
31,,FARIC NYLON 48 +-2 GM U/D TWILL WEAVE 92 CM,,,,,,,
5354,,Video Conferencing,,,,,,,
31,,FABRIC NYLON 52 GMS UNDYED 91.4 CMS. FABRIC NYLON 52 GMS UNDYED 91.4 CMS. FABRIC NYLON 52 GMS UNDYED 91.4 CMS.,,,,,,,
6772,,ADHESIVE OG TYPE,,,,,,,
537,,Non-EBXL Cables,,,,,,,
31,,FABRIC NYLON 180 GM 94 CM U/D,,,,,,,
8277,,Non-EBXL Cables,,,,,,,
31,,FABRIC COTTON GREY MERCERISED WIDTH 94 CM,,,,,,,
2979,,Holding Down Material,,,,,,,
9262,,CS Flanges Flat Face,,,,,,,
9262,,Carbon Steel Flanges,,,,,,,
4090,,"65 NB SIMPLEX STRAINER (CS), 25 NB Y TYPE STRAINER (CS) & 250 NB STRAINER SEA GUARD TYPE (GM)",,,,,,,
9631,,Emergency Line Valves,,,,,,,
5106,,Level Gauges,,,,,,,
360,,Data Centre,,,,,,,
6559,,"Design, Manufacture, Supply, installation and Commissioning of Manually Operated Closures",,,,,,,
6559,,RTM Vertical Ladders and associated fittings,,,,,,,
6559,,"Design, Manufacture, Supply, installation and Commissioning of RSS Closures",,,,,,,
14341,,Dial Type Indicator Pressure Gauges,,,,,,,
6062,,Pressure Reducing  Panels ( PRP),,,,,,,
1798,,General Service Life  Jackets,,,,,,,
1222,,OM-100 OIL FOR CPP & SHAFTING,,,,,,,
1222,,BRAKE Oil For Shaft ISO VG 46,,,,,,,
1222,,SAE 140 Lubrication Gear Oil,,,,,,,
1222,,HYDRAULIC OIL FOR BOAT DAVIT,,,,,,,
3465,,Metal Detector · Central Monitoring And Control System,,,,,,,
3466,,dvance detection and fire suppression systems and equipment,,,,,,,
3494,,"filtration equipment, including compressed air filters, process filters, natural gas filters, and bag filters and strainers",,,,,,,
3528,,"air compressors, pneumatic tools, hydraulic tools, and airless spraying equipment",,,,,,,
2677,,Gun Metals Flanges,,,,,,,
1258,,Paint items,,,,,,,
9002,,Sea Boat,,,,,,,
402,,40TPH Submersible Pump,,,,,,,
402,,Bulkhead Connection Box for Portable,,,,,,,
3722,,Standard Furniture Items,,,,,,,
3722,,Wooden Block,,,,,,,
3722,,Modular Accommodation VIP Compartment,,,,,,,
3722,,Installation of Office Furniture for Crew,,,,,,,
3722,,Hull Allowance Items,,,,,,,
3722,,Additional Standard Furniture,,,,,,,
121,,Scheme Paints,,,,,,,
31,,FABRIC NYLON LOW POROSITY 52 GM RIP STOP WEAVE U/D 95 CM.,,,,,,,
31,,DUCK NYLON 230 GM STEEL GREY 91.4 CM WIDTH,,,,,,,
31,,"FABRIC NYLON 66, 37 GM U/D 91.4 CM",,,,,,,
31,,FABRIC NYLON 48+-2 GM PLAIN WEAVE U/D 100 CM WIDTH.,,,,,,,
31,,FABRIC NYLON 48 +- 2 GM PLAIN WEAVE ORANGE 100 CM WIDTH.,,,,,,,
31,,FABRIC NYLON 48+-2 GM ORANGE 95 CM[,,,,,,,
31,,DUCK NYLON 230 GM DESRUPTIVE DESIGN 104 CM WIDTH,,,,,,,
7625,,ELECTRONIC CONTROL UNIT ASSY,,,,,,,
7625,,ECU ASSY,,,,,,,
7625,,ADM ASSY,,,,,,,
7625,,RELAY UNIT,,,,,,,
7625,,DATA BUS CABLE,,,,,,,
7625,,PCI ADD ON CARD,,,,,,,
7625,,STATIC FREQUENCY CONVERTER WITH OUT PUT,,,,,,,
7625,,TERMINATOR,,,,,,,
7625,,2 PORT 4 STUB DATA BUS COUPLER,,,,,,,
2894,,PRYRO RELAY UNIT,,,,,,,
2894,,POWER DISTRUBUTION UNIT,,,,,,,
2894,,IC BMC 1438/MPQ3798,,,,,,,
2894,,IC LH,,,,,,,
2894,,METAL FILM RESISTOR,,,,,,,
2894,,DIODE BY 399,,,,,,,
2894,,SAFETY ARM MECHANISM WITHOUT EXPLOSIVE,,,,,,,
2894,,PCB 2 ASSY,,,,,,,
2894,,DIODE 1N 829,,,,,,,
299,,TX ANTENNA FOR RPF,,,,,,,
299,,COMMAND GUIDANCE UNIT,,,,,,,
299,,ANTENNA ASSY UNIT FOR CGU,,,,,,,
299,,S BAND 2W TRANSMITTER,,,,,,,
299,,RADIO PROXMITY FUSE,,,,,,,
299,,RX ANTENNA,,,,,,,
299,,5W S BAND TRANSMITTER,,,,,,,
3144,,AIR BOTTLE,,,,,,,
3144,,HOUSING FOR HT,,,,,,,
31,,CANVAS NYLON 425 GM GREY 105 CM,,,,,,,
31,,FABRIC NYLON 48+-2gm Plain Weave OG 100cm width,,,,,,,
31,,FABRIC NYLON 48+-2gm Plain Weave SAND 100 cm width,,,,,,,
31,,FABRIC NYLON 35 GM U/D WIDTH 94 CM[,,,,,,,
31,,FABRIC NYLON 35 GSM WIDTH 94 CM ORANGE[,,,,,,,
31,,FABRIC NYLON 35 GSM WIDTH 94 CM SAND COLOR,,,,,,,
31,,FABRIC NYLON 35 GSM WIDTH 94 CM OG,,,,,,,
31,,FABRIC NYLON 48 + - 2 GMS U/D 95 CMS[,,,,,,,
31,,FABRIC NYLON 48 + -2 GMS OG 95 CMS,,,,,,,
31,,FABRIC NYLON 48 + -2 GMS ORANGE 95 CMS,,,,,,,
31,,FABRIC NYLON 48 + - 2 GMS SAND 92 CMS,,,,,,,
31,,FABRIC COTTON 375 GMS O.G. WATER REPELLANT 90 CMS WIDE (FOR AERONAUTICAL PURPOSES),,,,,,,
31,,FABRIC NYLON LIGHT WEIGHT 37 GMS UNDYED 94 CMS FOR P.P.,,,,,,,
31,,FABRIC NYLON 37GM ORANGE 122CM WIDTH RIP STOP 3X3,,,,,,,
1917,,FLANGE PIPE SIZE 150 MM,,,,,,,
31,,FABRIC NYLON 75GM UNDYED 91.4CM,,,,,,,
31,,FABRIC NY.109 gms UD/DYED 122CM FOR PARA BOMB105MM,,,,,,,
31,,FABRIC NYLON LOW POROSITY 52 GMS RIP STOP WEAVE RED 94 CMS.[,,,,,,,
31,,FABRIC NYLON LOW POROSITY 52 GMS RIP STOP WEAVE SKY BLUE 94 CMS.[,,,,,,,
31,,FABRIC NYLON LOW POROSITY 52 GMS RIP STOP WEAVE NAVY BLUE 94 CMS.[,,,,,,,
31,,DUCK NYLON 230 GM.RED 91.4 CMS.,,,,,,,
31,,FABRIC NYLON 109 GM ORANGE 91.4 CMS,,,,,,,
31,,FABRIC NYLON 1.5 Oz (52GM) U/D RIP STOP 92 CMS.,,,,,,,
31,,FABRIC NYLON 32G U/D 100 CM WIDTH,,,,,,,
8682,,HIGH PRESSURE FUEL TUBING ASSY,,,,,,,
31,,) FABRIC NY. 58 G UD 100 CM WIDTH,,,,,,,
467,,CTN FABRIC S.D. PARA SCOURED,,,,,,,
31,,FABRIC NYLON POLYURETHENE COATED 105 GMS WHITE WIDTH 100 CM[,,,,,,,
31,,FABRIC NYLON 230GM U/D 92 CM,,,,,,,
8682,,LEFT HAND STARTING AIR PIPE LI,,,,,,,
31,,) FABRIC NY. 58 G UD 100 CM WIDTH[,,,,,,,
8682,,STARTING AIR PIPE LINE R.H.,,,,,,,
8682,,STARTING AIR PIPE LINE L.H.,,,,,,,
8682,,STARTING VALVE ASSY,,,,,,,
8682,,OIL PIPE LINE ASSY,,,,,,,
3144,,CASE FOR EP,,,,,,,
3144,,ROTOR COVER FOR HT,,,,,,,
3144,,REAR NUT,,,,,,,
3144,,FAIRING,,,,,,,
8594,,FRONT GRILL FOR EP,,,,,,,
8682,,HIGH PRESSURE FUEL LINE,,,,,,,
8594,,JACK POST SCREW,,,,,,,
8594,,RM TUBE PACKING BOX,,,,,,,
8682,,AIR STARTING SYSTEM PIPE LINE,,,,,,,
8594,,JACK POST NUT,,,,,,,
8682,,COMPRESSED AIR STARTING TUBING ASSY,,,,,,,
8682,,TUBE FOR OIL FEED TO TURBO CHARGER ASSY,,,,,,,
31,,FABRIC NYLON 37GM ORANGE 122CM WIDTH RIP STOP 3X3[,,,,,,,
8682,,TUBE ASSY,,,,,,,
8682,,TUBING FROM OIL FILTER TO MAIN OIL,,,,,,,
31,,FABRIC NYLON 75GM UNDYED 91.4CM[,,,,,,,
8682,,ASSY PIPE DELIVERY,,,,,,,
8682,,HEATING PIPE UPPER L.H.,,,,,,,
8682,,LOW PRESSURE FUEL PIPE,,,,,,,
563,,ASSY VALVE EXHAUST WITH DISC LOCK,,,,,,,
21,,FABRIC NYLON 48 + - 2 GMS U/D 95 CMS[,,,,,,,
21,,FABRIC NYLON 48 + -2 GMS OG 95 CMS[,,,,,,,
21,,FABRIC NYLON 48 + -2 GMS ORANGE 95 CMS,,,,,,,
21,,FABRIC NYLON 48 + - 2 GMS SAND 92 CMS,,,,,,,
21,,Fabric Nylon 32gm U D 103 cm,,,,,,,
21,,FABRIC NYLON 230 GMS UD 92 CMS,,,,,,,
21,,FABRIC NYLON 48 +-2 GM ORANGE TWILL WEAVE 92 CM.[,,,,,,,
21,,FABRIC NYLON LT WT 37 GM RIPSTOP WEAVE OLIVE DRAB SHADE NO 298 AS PER IS SPECN NO IS 5 1994 122 CM WIDTH,,,,,,,
21,,FABRIC NYLON 42 GM LOW POROSITY RIP STOP WEAVE SKY BLUE 120 CM[,,,,,,,
21,,FABRIC NYLON 35 GM U/D WIDTH 94 CM,,,,,,,
21,,FABRIC NYLON 35 GSM WIDTH 94 CM ORANGE,,,,,,,
21,,FABRIC NYLON 35 GSM WIDTH 94 CM SAND COLOR,,,,,,,
21,,FABRIC NYLON 35 GSM WIDTH 94 CM OG[,,,,,,,
21,,FABRIC NYLON POLYURETHENE COATED 105 GM WHITE WIDTH 100 CM DS Cat No 8305 003 728,,,,,,,
21,,FABRIC NYLON 190 GSM UNDYED,,,,,,,
21,,FABRIC NYLON 32GM UD 107CM MIN WIDTH EXLUDING SELVEDGE,,,,,,,
21,,FABRIC NYLON LT WT 37g RIP STOP WEAVE OLIVE DRAB SHADE NO 298 AS PER SPECN NO IS 5 1994 94 CM WIDTH,,,,,,,
21,,FABRIC NYLON 66 90 3 gm UD,,,,,,,
21,,FABRIC NYLON 37 GM ORANGE,,,,,,,
21,,FABRIC NYLON 32 GM UD RIP STOP,,,,,,,
21,,FABRIC NYLON 66 93 GM ORANGE SHADE ISC NO 592 AS PER IS 5 2007 WIDTH 100 CM,,,,,,,
21,,FABRIC NYLON 58 GM UD 105 CM MIN WIDTH EXCLUDING SELVEDGE,,,,,,,
21,,FABRIC NYLON 66 BREATHABLE POLYURETHANE COATED DISRUPTIVE ARMY CAMOUFLAGE PATTERN 180 CMS WIDE,,,,,,,
21,,Fabric Nylon 66 48 GSM Undyed 95 Cm plus1 minus0,,,,,,,
21,,FABRIC NYLON 93 GM STEEL GREY WIDTH 95 CM,,,,,,,
21,,FABRIC NYLON 45 GSM ZERO POROSITY SG,,,,,,,
243,,ASSY. INLET VALVE WITH DISC LOCK,,,,,,,
21,,FABRIC NYLON 42 GSM LOW POROSITY STEEL GREY WITH 120 cm,,,,,,,
243,,PISTON ASSEMBLY UTD-20,,,,,,,
7180,,CRANK SHAFT (FORGING),,,,,,,
7180,,CRANK SHAFT,,,,,,,
7180,,INLET CAMSHAFT (FORGING),,,,,,,
7180,,CONVERSION OF ESR STEEL BILLETS,,,,,,,
7180,,EXHAUST CAM SHAFT(FORGING),,,,,,,
401,,STUD M 8 X 30,,,,,,,
401,,STUD M 6 X 32,,,,,,,
401,,STUD(M8 X 50),,,,,,,
401,,STUD (M10x92),,,,,,,
401,,STUD (M 10 x 42),,,,,,,
401,,STUD M8 X 35,,,,,,,
401,,STUD (M10x110),,,,,,,
401,,STUD M8x40,,,,,,,
401,,STUD M9x40,,,,,,,
401,,STUD M14X75,,,,,,,
401,,STUD M8 X 40,,,,,,,
401,,STUD M6 X 32,,,,,,,
401,,STUD M8 X 32,,,,,,,
401,,STUD M 8 X 46,,,,,,,
401,,STUD M6 X 26,,,,,,,
401,,STUD,,,,,,,
401,,JOINT PIN,,,,,,,
401,,CRANK PIN PLUG BOLT,,,,,,,
401,,MAIN JOURNAL PLUG BOLT,,,,,,,
401,,STUD M6 X 24,,,,,,,
5971,,INTAKE MANIFOLD,,,,,,,
5971,,INTAKE MANIFOLD R.H.,,,,,,,
8977,,ENGINE ASSEMBLY FOR 155MM DHANUSH GUN SYSTEM,,,,,,,
187,,STEEL PIPE OF DIFFERENT SIZES AND SPECIFICATIONS,,,,,,,
