Id,ProductTypeName,IsActive,CreatedBy,CreatedDate
1,System  ,1,NULL,NULL
2,Sub-System  ,1,NULL,NULL
3,Assembly  ,1,NULL,NULL
4,Sub-Assembly  ,1,NULL,NULL
5,LRU  ,1,NULL,NULL
6,Spares & Companents  ,1,NULL,NULL
7,Explosive  ,1,NULL,NULL
8,Ammunition  ,1,NULL,NULL
9,Consumable  ,1,NULL,NULL
10,Software  ,1,NULL,NULL
11,MRO  ,1,NULL,NULL
12,Others,1,NULL,NULL
13,Services,1,NULL,NULL
14,Earth Station Antenna System,1,NULL,NULL
15,Mobile Antenna System ,1,NULL,NULL
16,Component,1,NULL,NULL
17,Textiles,1,NULL,NULL
18,Textile Yarns & fabrics,1,NULL,NULL
19,fabrics,1,NULL,NULL
20,Non-woven fabrics,1,NULL,NULL
21,Woolen Yarn & fabrics,1,NULL,NULL
22,Woolen Yarn & Blankets,1,NULL,NULL
23,Cotton and synthetic fabrics,1,NULL,NULL
24,Boots,1,NULL,NULL
25,Cotton and synthetic fabrics,1,NULL,NULL
26,Multiple LRUs of SAP Electronic Warfare Pods,1,NULL,NULL
27,Upgrade and Refurbishment of Su-30MKI Simulators,1,NULL,NULL
28,Repair and Upgrade of Radars and Avionics,1,NULL,NULL
29,Upgrade of Avionic Systems,1,NULL,NULL
30,Upgrade of Aviation Platforms,1,NULL,NULL
31,Small Arms,1,NULL,NULL
32,Raw Material,1,NULL,NULL
34,Instrument,0,snitesh@midhani-india.in,29:20.7
37,Brass Cartridge cups,0,mcbairwa@ord.gov.in,29:31.2
39,othertype,0,admin@gmail.com,30:08.7
43,cable hanger & Cable Trays,0,M.Mahendran@grse.co.in,31:13.9
49,Plastic Box,0,snitesh@midhani-india.in,32:48.7
51,Cable Hanger & Cable Trays,0,M.Mahendran@grse.co.in,33:33.7
54,Metal Tags,0,snitesh@midhani-india.in,35:03.1
59,Electric Cable & Wires,0,M.Mahendran@grse.co.in,35:55.9
66,Fire Extinguisher,0,M.Mahendran@grse.co.in,38:47.4
69,HT cable for power system,0,mcbairwa@ord.gov.in,39:21.6
81,Raw mater,0,rajkumar@midhani-india.in,43:27.8
112,"petrol , diesel and LDO",0,mcbairwa@ord.gov.in,57:17.3
114,Chemical,0,vendorcell@goashipyard.com,58:01.2
116,FOUNDRY CHEMICAL,0,kajodmalsharma@ord.gov.in,58:36.2
124,REFRACTORY BRICKS,0,kajodmalsharma@ord.gov.in,01:05.2
125,Boat,0,vendorcell@goashipyard.com,01:07.1
137,PENETRANT TEST KIT,0,kajodmalsharma@ord.gov.in,05:42.1
140,"petrol , diesel and LDO",0,mcbairwa@ord.gov.in,06:34.1
186,REFRACTORY ITEM,0,kajodmalsharma@ord.gov.in,34:54.4
192,NDT INSPECTION,0,kajodmalsharma@ord.gov.in,13:43.4
193,FOUNDRY CHEMICAL,0,kajodmalsharma@ord.gov.in,18:39.3
202,PUMPS,0,kajodmalsharma@ord.gov.in,38:50.2
251,FOUNDRY CHEMICAL,0,kajodmalsharma@ord.gov.in,47:25.5
254,REFRACTORY,0,kajodmalsharma@ord.gov.in,58:47.3
255,PACKING BOX,0,pawanjeetsingh@ord.gov.in,59:49.2
265,Appliances,0,vendorcell@goashipyard.com,05:04.0
270,Nylon fabric,0,odc-opf@ord.gov.in,06:59.6
272,REFRACTORY,0,kajodmalsharma@ord.gov.in,08:11.0
293,SPARES FOR DIESEL ENGINE/D.G.SETS,0,M.Mahendran@grse.co.in,17:23.1
294,Civil supply,0,vendorcell@goashipyard.com,17:53.1
300,CARTRIDGE CASES,0,mcbairwa@ord.gov.in,23:49.1
305,FIRE DETECTION SYSTEM,0,M.Mahendran@grse.co.in,26:49.5
306,Machining Works,0,snitesh@midhani-india.in,27:39.5
308,CARTRIDGE CASES,0,mcbairwa@ord.gov.in,29:11.1
309,CNC Machining,0,snitesh@midhani-india.in,29:21.4
310,CASTING NON FERROUS,0,M.Mahendran@grse.co.in,29:46.2
314,TROLLEY-HAND/PLATFORM/WHEEL BARROW,0,M.Mahendran@grse.co.in,32:16.3
315,Grinding and Polishing of Plates,0,snitesh@midhani-india.in,32:38.7
321,PROTECTIVE,0,mcbairwa@ord.gov.in,35:00.9
325,CNC PLASMA PLATE & PROFILE CUTTING.,0,M.Mahendran@grse.co.in,39:04.6
329,PROTECTIVE,0,mcbairwa@ord.gov.in,41:14.6
338,body armor,0,rajkumar@midhani-india.in,48:21.4
340,RUBBERISED FABRICS,0,odc-opf@ord.gov.in,48:54.8
362,Body armor,0,rajkumar@midhani-india.in,03:18.6
369,HULL  PANEL  FABRICATION,0,M.Mahendran@grse.co.in,06:03.8
374,FOAM,0,odc-opf@ord.gov.in,10:38.6
378,Connectors,0,pramithch@bel.co.in,14:05.2
382,PARACHUTE METAL COMPONENTS,0,odc-opf@ord.gov.in,15:33.0
386,FABRICATION,0,odc-opf@ord.gov.in,18:13.6
388,RUBBER,0,odc-opf@ord.gov.in,22:19.4
391,TAPES AND CORDAGES,0,odc-opf@ord.gov.in,25:00.3
394,PARACHUTE METAL COMPONENTS,0,odc-opf@ord.gov.in,27:07.6
399,RUBBER PRODUCTS,0,odc-opf@ord.gov.in,30:08.5
411,packing,0,mcbairwa@ord.gov.in,36:17.7
412,BRASS/NON FERROUS ROD-EXTRUDED/NAVAL/HIGH TENSILE/COMMERCIAL,0,M.Mahendran@grse.co.in,36:18.5
415,ELECTRONICS,0,odc-opf@ord.gov.in,38:53.1
419,NON FERROUS FLATS & SECTIONS,0,M.Mahendran@grse.co.in,39:15.9
426,EXPANSION BELLOW,0,M.Mahendran@grse.co.in,41:33.2
429,FILTERS/STRAINERS,0,M.Mahendran@grse.co.in,43:15.2
432,THREADS,0,odc-opf@ord.gov.in,44:49.8
435,PARACHUTE METAL COMPONENTS,0,odc-opf@ord.gov.in,47:13.4
437,"PROPELLER SHAFT,STEERING GEAR",0,M.Mahendran@grse.co.in,48:18.2
441,AIR CONDITIONING / VENTILATION,0,M.Mahendran@grse.co.in,50:02.3
445,PIPE FITTINGS,0,M.Mahendran@grse.co.in,51:49.8
448,PIPES & TUBES ( STAINLESS STEEL),0,M.Mahendran@grse.co.in,54:02.3
453,PIPES & TUBES ( STAINLESS STEEL),0,M.Mahendran@grse.co.in,56:36.2
455,PLASTIC SLIDE FASTNER,0,odc-opf@ord.gov.in,57:25.7
457,PIPES & TUBES ( STAINLESS STEEL),0,M.Mahendran@grse.co.in,58:31.3
459,TOLUOLE,0,odc-opf@ord.gov.in,59:34.9
461,CHAIN & SPROCKET,0,M.Mahendran@grse.co.in,00:36.2
463,ADHESIVE,0,odc-opf@ord.gov.in,01:36.2
467,VALVES (COMMERCIAL) / COCKS (COMMERCIAL),0,M.Mahendran@grse.co.in,03:29.3
469,ADHESIVE,0,odc-opf@ord.gov.in,04:02.3
473,ELECTRONIC MEASURING & SPECIAL INSTRUMENTS,0,M.Mahendran@grse.co.in,06:23.2
478,BOLTS & NUTS,0,M.Mahendran@grse.co.in,09:18.7
481,HOSES / HOSE FITTINGS,0,M.Mahendran@grse.co.in,11:27.2
486,WOOD,0,M.Mahendran@grse.co.in,14:19.6
489,Outsourcing,0,diptimoy.mohanty@midhani-india.in,19:31.9
490,Outsourcing,0,diptimoy.mohanty@midhani-india.in,20:47.1
491,CORRUGATED BOXES,0,odc-opf@ord.gov.in,21:00.0
493,MACHINE TOOLS,0,M.Mahendran@grse.co.in,22:39.4
495,Outsourcing,0,diptimoy.mohanty@midhani-india.in,24:07.9
497,MACHINE TOOLS,0,M.Mahendran@grse.co.in,24:32.9
498,PARACHUTE COMPONENTS,0,odc-opf@ord.gov.in,24:46.3
500,MACHINE TOOLS,0,M.Mahendran@grse.co.in,27:08.3
502,COMPUTER & ACCESSORIES,0,M.Mahendran@grse.co.in,30:08.1
503,COMPUTER & ACCESSORIES,0,M.Mahendran@grse.co.in,31:51.8
504,Outsourcing,0,diptimoy.mohanty@midhani-india.in,31:52.7
507,COMPUTER SOFTWARE,0,M.Mahendran@grse.co.in,34:04.7
509,Outsourcing,0,diptimoy.mohanty@midhani-india.in,34:41.9
510,Outsourcing,0,diptimoy.mohanty@midhani-india.in,35:33.9
511,THREADS,0,odc-opf@ord.gov.in,36:24.7
512,COMPUTER SOFTWARE,0,M.Mahendran@grse.co.in,36:57.2
513,Outsourcing,0,diptimoy.mohanty@midhani-india.in,37:11.2
516,DIGITIZATION OF VARIOUS DRAWINGS,0,M.Mahendran@grse.co.in,39:00.9
517,Outsourcing,0,diptimoy.mohanty@midhani-india.in,39:21.7
518,TAPES AND CORDAGES,0,odc-opf@ord.gov.in,39:44.0
519,DIGITIZATION OF VARIOUS DRAWINGS,0,M.Mahendran@grse.co.in,40:52.7
520,TAPES AND CORDAGES,0,odc-opf@ord.gov.in,41:13.2
521,TAPES AND CORDAGES,0,odc-opf@ord.gov.in,41:13.4
522,Outsourcing,0,diptimoy.mohanty@midhani-india.in,41:14.5
524,CRUSHER / SCREEN,0,M.Mahendran@grse.co.in,42:47.9
525,RUBBER PRODUCTS,0,odc-opf@ord.gov.in,42:53.4
527,"LABORATORY EQUIPMENTS,NDT EQUIPMENTS",0,M.Mahendran@grse.co.in,44:42.9
528,Outsourcing,0,diptimoy.mohanty@midhani-india.in,44:48.5
529,RUBBER PRODUCTS,0,odc-opf@ord.gov.in,45:22.4
530,RUBBER PRODUCTS,0,odc-opf@ord.gov.in,45:22.6
531,Outsourcing,0,diptimoy.mohanty@midhani-india.in,46:21.8
532,TAPES AND CORDAGES,0,odc-opf@ord.gov.in,46:27.6
533,TAPES AND CORDAGES,0,odc-opf@ord.gov.in,46:27.8
534,CHEMICALS & X RAY FILMS,0,M.Mahendran@grse.co.in,46:56.0
535,Outsourcing,0,diptimoy.mohanty@midhani-india.in,47:22.9
537,Outsourcing,0,diptimoy.mohanty@midhani-india.in,48:26.9
538,CHEMICALS & X RAY FILMS,0,M.Mahendran@grse.co.in,49:05.6
539,Outsourcing,0,diptimoy.mohanty@midhani-india.in,50:18.3
540,NDT CHEMICALS,0,M.Mahendran@grse.co.in,50:49.7
541,DIESEL GENERATING SET,0,M.Mahendran@grse.co.in,52:51.8
543,DIESEL GENERATING SET,0,M.Mahendran@grse.co.in,54:17.8
544,Outsourcing,0,diptimoy.mohanty@midhani-india.in,55:33.0
546,DIESEL GENERATING SET,0,M.Mahendran@grse.co.in,56:26.1
547,DIESEL GENERATING SET,0,M.Mahendran@grse.co.in,58:45.9
549,Outsourcing,0,diptimoy.mohanty@midhani-india.in,59:53.9
550,DIESEL GENERATING SET,0,M.Mahendran@grse.co.in,00:53.7
555,ELECTRIC HOIST BLOCK,0,M.Mahendran@grse.co.in,06:58.6
559,PARACHUTE METAL COMPONENTS,0,odc-opf@ord.gov.in,16:12.2
560,PARACHUTE METAL COMPONENTS,0,odc-opf@ord.gov.in,22:16.0
561,Sewing Threads,0,odc-opf@ord.gov.in,24:33.0
562,Parachute fabrics,0,odc-opf@ord.gov.in,27:25.4
563,TAPES AND CORDAGES,0,odc-opf@ord.gov.in,30:08.9
564,PARACHUTE METAL COMPONENTS,0,odc-opf@ord.gov.in,31:38.5
565,TAPES AND CORDAGES,0,odc-opf@ord.gov.in,32:39.3
566,PARACHUTE METAL COMPONENTS,0,odc-opf@ord.gov.in,39:04.2
567,ADHESIVE,0,odc-opf@ord.gov.in,41:25.9
568,NYLON FABRICS,0,odc-opf@ord.gov.in,42:46.8
569,TAPES AND CORDAGES,0,odc-opf@ord.gov.in,44:07.5
570,Inflatable Rubberised Products,0,odc-opf@ord.gov.in,46:03.7
571,"ELECTRIC FANS,REGULATOR",0,M.Mahendran@grse.co.in,00:34.8
572,"ELECTRIC FANS,REGULATOR",0,M.Mahendran@grse.co.in,02:36.0
573,ELECTRIC AIR CONDITIONER,0,M.Mahendran@grse.co.in,09:05.7
574,ELECTRIC AIR CONDITIONER,0,M.Mahendran@grse.co.in,10:50.0
576,ELECTRIC BATTERY CHARGER,0,M.Mahendran@grse.co.in,12:58.1
578,ELECTRIC BATTERY CHARGER,0,M.Mahendran@grse.co.in,16:07.2
579,ELECTRIC BATTERY CHARGER,0,M.Mahendran@grse.co.in,17:40.9
581,ELECTRIC BLOWER,0,M.Mahendran@grse.co.in,21:24.7
583,"CABLE HANGER, CABLE TRAYS",0,M.Mahendran@grse.co.in,23:20.5
584,ELECTRIC CABLE/WIRE (COMMERCIAL),0,M.Mahendran@grse.co.in,26:52.7
586,ELECTRIC CABLE/WIRE (COMMERCIAL),0,M.Mahendran@grse.co.in,28:38.4
588,ELECTRIC CABLE / WIRE (COMMERCIAL),0,M.Mahendran@grse.co.in,30:21.3
590,CNC  & Conventional  Machining,0,dirtc.dgaqa@gov.in,34:22.0
592,ELECTRIC CABLE / WIRE (COMMERCIAL),0,M.Mahendran@grse.co.in,36:06.9
595,Ground Support Equipments,0,dirtc.dgaqa@gov.in,41:10.5
597,CABLE / WIRE,0,M.Mahendran@grse.co.in,46:17.0
599,CABLE / WIRE,0,M.Mahendran@grse.co.in,48:29.0
601,CABLE / WIRE,0,M.Mahendran@grse.co.in,51:31.7
603,CABLE / WIRE,0,M.Mahendran@grse.co.in,53:09.1
606,CABLE / WIRE,0,M.Mahendran@grse.co.in,54:58.1
609,CABLE / WIRE,0,M.Mahendran@grse.co.in,58:04.7
614,MAIN SWITCH BOARDS,0,M.Mahendran@grse.co.in,02:02.3
616,MAIN SWITCH BOARDS,0,M.Mahendran@grse.co.in,03:31.6
619,MAIN SWITCH BOARDS,0,M.Mahendran@grse.co.in,05:05.1
622,ELECTRIC MOTORS,0,M.Mahendran@grse.co.in,06:48.1
626,EMERGENCY LIGHT / INVERTER / UPS,0,M.Mahendran@grse.co.in,10:35.1
629,EMERGENCY LIGHT / INVERTER / UPS,0,M.Mahendran@grse.co.in,13:27.6
636,GYSER / HEATING ELEMENT,0,M.Mahendran@grse.co.in,19:18.0
641,HEAT EXCHANGER,0,M.Mahendran@grse.co.in,22:06.5
643,Outsourcing,0,diptimoy.mohanty@midhani-india.in,22:37.7
714,HEAT EXCHANGER,0,M.Mahendran@grse.co.in,52:02.8
717,HEAT EXCHANGER,0,M.Mahendran@grse.co.in,53:39.8
722,"MUSICAL SYSTEMS(TAPE RECORDER,TV, VCR)",0,M.Mahendran@grse.co.in,55:47.8
729,RECTIFIER / TRANSFORMERS,0,M.Mahendran@grse.co.in,58:03.9
740,RECTIFIER / TRANSFORMERS,0,M.Mahendran@grse.co.in,02:07.1
753,UNIT LOAD FOR EXPLOSIVE PACKAGING,0,cfa@ord.gov.in,07:48.1
757,ELECTRIC MEASURING & SPECIAL INSTRUMENT,0,M.Mahendran@grse.co.in,08:13.8
760,ELECTRIC MEASURING & SPECIAL INSTRUMENT,0,M.Mahendran@grse.co.in,09:41.7
763,Paints,0,sg1dqan-dgqa@nic.in,10:30.6
771,BREATHING APPARATUS,0,M.Mahendran@grse.co.in,13:33.2
784,BREATHING APPARATUS,0,M.Mahendran@grse.co.in,19:24.5
788,BREATHING APPARATUS,0,M.Mahendran@grse.co.in,21:44.2
792,FIRE HOSE / NOZZLES,0,M.Mahendran@grse.co.in,23:36.0
797,FIRE EXTINGUISHER,0,M.Mahendran@grse.co.in,25:46.4
799,Binocular,0,sg1dqan-dgqa@nic.in,27:59.2
801,FIRE FIGHTING PUMP,0,M.Mahendran@grse.co.in,28:45.7
806,FIRE FIGHTING PUMP,0,M.Mahendran@grse.co.in,33:07.5
815,FIRE FIGHTING PUMP,0,M.Mahendran@grse.co.in,37:56.0
825,FIRE FIGHTING PUMP,0,M.Mahendran@grse.co.in,45:32.9
831,FIRE EXTINGUISHER,0,M.Mahendran@grse.co.in,56:01.6
833,FIRE DETECTION SYSTEM,0,M.Mahendran@grse.co.in,57:41.8
848,FIRE EXTINGUISHER CHEMICALS & COMPOUNDS,0,M.Mahendran@grse.co.in,00:46.5
849,FIRE EXTINGUISHER CHEMICALS & COMPOUNDS,0,M.Mahendran@grse.co.in,03:20.6
859,"CASTING - CI,SGI,MALLEABLE,GREY IRON",0,M.Mahendran@grse.co.in,39:08.7
863,"CASTING - CI,SGI,MALLEABLE,GREY IRON",0,M.Mahendran@grse.co.in,45:53.9
875,DIFFERENT FORGED ITEMS ( LIGHT & MEDIUM FORGING),0,M.Mahendran@grse.co.in,04:52.1
877,DIFFERENT FORGED ITEMS ( LIGHT & MEDIUM FORGING),0,M.Mahendran@grse.co.in,07:58.9
879,DIFFERENT FORGED ITEMS ( LIGHT & MEDIUM FORGING),0,M.Mahendran@grse.co.in,10:08.3
883,DIFFERENT FORGED ITEMS ( LIGHT & MEDIUM FORGING),0,M.Mahendran@grse.co.in,13:50.4
888,DIFFERENT FORGED ITEMS ( HEAVY FORGING),0,M.Mahendran@grse.co.in,17:48.7
920,MOBILE CRANES,0,M.Mahendran@grse.co.in,26:20.1
921,MOBILE CRANES,0,M.Mahendran@grse.co.in,33:39.2
923,TROLLEY-HAND/PLATFORM/WHEEL BARROW,0,M.Mahendran@grse.co.in,35:25.7
925,FORKLIFT,0,M.Mahendran@grse.co.in,42:04.3
927,ACETYLENE,0,M.Mahendran@grse.co.in,55:11.3
928,ACETYLENE,0,M.Mahendran@grse.co.in,56:48.8
932,ELEC. CABLING & FITTING WORK ON SHIP,0,M.Mahendran@grse.co.in,05:48.7
933,ELECTRO PLATING / ENAMELLING,0,M.Mahendran@grse.co.in,07:56.7
934,FABRICATION OF CONTROL PANEL,0,M.Mahendran@grse.co.in,11:01.0
935,FABRICATION ERECTION (SITE),0,M.Mahendran@grse.co.in,12:27.9
936,FABRICATION ERECTION (SITE),0,M.Mahendran@grse.co.in,15:30.4
937,GALVANIZING,0,M.Mahendran@grse.co.in,16:50.0
944,Rubber Sheet,0,hsyadav1@ord.gov.in,03:25.6
946,TAPES AND CORDAGES,0,odc-opf@ord.gov.in,11:55.4
1030,Extinguishers,0,vendorcell@goashipyard.com,18:08.4
1034,Cables,0,vendorcell@goashipyard.com,30:58.1
1037,EVAPORATIVE AIR COOLER,0,pawanjeetsingh@ord.gov.in,36:45.5
1056,NON DESTRUCTIVE TESTING,0,M.Mahendran@grse.co.in,07:55.2
1060,NON DESTRUCTIVE TESTING,0,M.Mahendran@grse.co.in,10:20.8
1062,HIRING OF D.G.SETS,0,M.Mahendran@grse.co.in,11:50.9
1085,Fuel,0,lochankarekar@goashipyard.com,29:00.5
1086,SHIP REPAIR (HULL PREPARATION ETC.),0,M.Mahendran@grse.co.in,29:12.9
1092,medical chemical,0,lochankarekar@goashipyard.com,31:00.8
1097,Chemical,0,lochankarekar@goashipyard.com,33:24.8
1110,GEARS,0,M.Mahendran@grse.co.in,40:02.9
1139,ANODE / ICCP / AFAC / MGPS,0,M.Mahendran@grse.co.in,54:32.9
1142,ANODE / ICCP / AFAC / MGPS,0,M.Mahendran@grse.co.in,55:49.0
1144,Vehicle,0,lochankarekar@goashipyard.com,57:47.7
1189,BRASS/NON FERROUS ROD-EXTRUDED/NAVAL/HIGH TENSILE/COMMERCIAL,0,M.Mahendran@grse.co.in,21:15.3
1193,BRASS/NON FERROUS ROD-EXTRUDED/NAVAL/HIGH TENSILE/COMMERCIAL,0,M.Mahendran@grse.co.in,22:57.3
1217,NIL,0,cqametichapur-dgqa@nic.in,09:07.8
1223,NIL,0,cqametichapur-dgqa@nic.in,19:24.0
1224,NIL,0,cqametichapur-dgqa@nic.in,20:49.9
1225,NIL,0,cqametichapur-dgqa@nic.in,22:11.9
1310,"BOATS, BARGES",0,Chowdhury.Santanu@grse.co.in,58:13.7
1331,ELECTRIC MOTORS (NAVAL),0,Das.ArupKr@grse.co.in,02:18.7
1332,AIRCONDITIONING / VENTILATION,0,Das.ArupKr@grse.co.in,04:51.4
1334,SAND/GRIT/QUARTZ BLASTING,0,Das.ArupKr@grse.co.in,12:51.5
1336,GREASE LUBRICATION EQUIPMENT / FITTINGS,0,Das.ArupKr@grse.co.in,19:19.3
1338,ORDER SUPPLIER,0,Das.ArupKr@grse.co.in,21:18.7
1339,VALVES (COMMERCIAL) / COCKS (COMMERCIAL),0,Das.ArupKr@grse.co.in,23:34.3
1340,"CABLE HANGER, CABLE TRAYS (MANUFACTURING VENDOR ONLY)",0,Das.ArupKr@grse.co.in,25:23.1
1342,Petroleum Product,0,umakant.prajapati@gov.in,25:58.3
1343,Petroleum Product,0,umakant.prajapati@gov.in,27:36.8
1346,FIRE RESISTANCE COATINGS,0,Das.ArupKr@grse.co.in,31:01.8
1349,MODULAR ACCOMODATION,0,Das.ArupKr@grse.co.in,35:57.2
1350,Petroleum Product,0,umakant.prajapati@gov.in,36:24.8
1351,CABLE / WIRE (NAVAL PATTERNISED),0,Das.ArupKr@grse.co.in,37:37.7
1353,ELECTRIC / ELECTRONIC CONTROL  &   POWER PANEL,0,Das.ArupKr@grse.co.in,39:19.8
1357,PLUMBING WORK ON BOARD SHIP,0,Das.ArupKr@grse.co.in,43:14.6
1358,Petroleum Product,0,umakant.prajapati@gov.in,43:21.7
1361,PIPE FITTINGS,0,Das.ArupKr@grse.co.in,46:01.6
1364,MS RODS / ANGLES / CHANNEL / JOIST / BEAM SECTION,0,Chowdhury.Santanu@grse.co.in,47:23.4
1365,ELECTRIC CABLE/WIRE (COMMERCIAL),0,Das.ArupKr@grse.co.in,47:30.5
1366,ORDER SUPPLIER,0,Das.ArupKr@grse.co.in,50:03.6
1372,Petroleum Product,0,umakant.prajapati@gov.in,52:06.2
1376,Petroleum Product,0,umakant.prajapati@gov.in,53:23.4
1377,CAPSTAN,0,Das.ArupKr@grse.co.in,53:51.7
1379,Petroleum Product,0,umakant.prajapati@gov.in,54:48.6
1382,COMPUTER & ACCESSORIES,0,Das.ArupKr@grse.co.in,55:48.8
1384,Petroleum Product,0,umakant.prajapati@gov.in,56:00.2
1390,Petroleum Product,0,umakant.prajapati@gov.in,57:34.6
1393,ROPE - WIRE,0,Das.ArupKr@grse.co.in,58:34.6
1395,Petroleum Product,0,umakant.prajapati@gov.in,59:02.9
1401,FABRICATION JOB,0,Das.ArupKr@grse.co.in,00:26.3
1402,FILTERS/STRAINERS,0,Das.ArupKr@grse.co.in,01:27.7
1405,ELECTRIC CABLE/WIRE (COMMERCIAL),0,Das.ArupKr@grse.co.in,04:32.7
1407,Petroleum Product,0,umakant.prajapati@gov.in,05:26.6
1409,Petroleum Product,0,umakant.prajapati@gov.in,07:20.7
1410,Petroleum Product,0,umakant.prajapati@gov.in,08:19.1
1412,"CASTING STEEL,STAINLESS STEEL,ALLOY STEEL",0,Das.ArupKr@grse.co.in,08:47.4
1413,Petroleum Product,0,umakant.prajapati@gov.in,09:10.4
1415,ONBOARD SMALL FABRICATION JOB,0,Chowdhury.Santanu@grse.co.in,09:49.1
1416,GALVANIZING,0,Das.ArupKr@grse.co.in,10:08.5
1418,Petroleum Product,0,umakant.prajapati@gov.in,10:53.3
1419,"ABRASIVE CUTTER, GRINDING WHEEL",0,Das.ArupKr@grse.co.in,11:22.7
1421,Petroleum Product,0,umakant.prajapati@gov.in,11:54.6
1424,Petroleum Product,0,umakant.prajapati@gov.in,12:54.7
1426,MAIN SWITCH BOARDS,0,Das.ArupKr@grse.co.in,13:14.2
1428,Petroleum Product,0,umakant.prajapati@gov.in,14:35.0
1430,Petroleum Product,0,umakant.prajapati@gov.in,15:40.6
1432,ELECTRIC BATTERY CHARGER,0,Das.ArupKr@grse.co.in,15:48.6
1434,Petroleum Product,0,umakant.prajapati@gov.in,16:43.1
1435,LIGHT FITTINGS,0,Chowdhury.Santanu@grse.co.in,17:25.4
1436,ADHESIVE USED FOR ASSY. SULUTION,0,Das.ArupKr@grse.co.in,17:53.9
1440,Petroleum Product,0,umakant.prajapati@gov.in,19:10.7
1441,Maintenance of Telephone Exchange EPABX,0,vbwakchaure@mazdock.com,19:12.1
1442,PAINT STOVE ENAMEL/SYNTHETIC ENAMEL,0,Das.ArupKr@grse.co.in,20:14.2
1444,Petroleum Product,0,umakant.prajapati@gov.in,20:34.8
1446,Petroleum Product,0,umakant.prajapati@gov.in,21:29.6
1448,Petroleum Product,0,umakant.prajapati@gov.in,22:36.4
1449,MS RODS ANGLES CHANNEL JOIST BEAM SECTION TQ.STEEL,0,Das.ArupKr@grse.co.in,22:41.3
1452,Petroleum Product,0,umakant.prajapati@gov.in,24:08.6
1453,FORGING,0,Das.ArupKr@grse.co.in,24:11.7
1455,"BLASTING, SURFACE PREPARATION AND APPLICATION OF PAINTS ON P15B / P17A",0,vbwakchaure@mazdock.com,25:23.1
1456,RESILIENT & SHOCK MOUNTINGS,0,Chowdhury.Santanu@grse.co.in,25:24.5
1457,Petroleum Product,0,umakant.prajapati@gov.in,25:47.9
1460,SHIP REPAIR (ELECTRONIC/NAVIGATIONAL AIDS/PROPRIETORY ITEMS),0,Das.ArupKr@grse.co.in,26:51.4
1465,VIBRATION MEASUREMENT/SOUND LEVEL MONITORING,0,Das.ArupKr@grse.co.in,28:24.6
1470,"CASTING STEEL,STAINLESS STEEL,ALLOY STEEL",0,Chowdhury.Santanu@grse.co.in,31:04.1
1472,JACK (HYDRAULIC/MECHANICAL),0,Das.ArupKr@grse.co.in,31:35.5
1473,Laser Alignment Services for Propulsion Shafting System for P17A class ships,0,vbwakchaure@mazdock.com,31:55.1
1476,"blasting, surface preparation and application of paints on P15B /P17A",0,vbwakchaure@mazdock.com,33:07.0
1477,RUBBER-STRIPS/LIPS/GASKET,0,Das.ArupKr@grse.co.in,33:25.0
1480,COMPRESSOR,0,Das.ArupKr@grse.co.in,35:25.5
1481,Blasting with Shot/Grit & Priming by one coat of epoxy primer on steel plates,0,vbwakchaure@mazdock.com,35:29.9
1482,RUBBER-STRIPS/LIPS/GASKET,0,Das.ArupKr@grse.co.in,36:45.3
1483,SHIP REPAIR (ELECTRICAL WORK),0,Chowdhury.Santanu@grse.co.in,37:07.6
1485,ON-BOARD WORK (MISCELLANEOUS).,0,Das.ArupKr@grse.co.in,38:47.1
1486,Repair/Refurbishment of Techometer - GTG (P15B),0,vbwakchaure@mazdock.com,39:02.8
1488,Tank Cleaning by Mechanical Means & Oiling of Tanks on Y–12707 of P-15B,0,vbwakchaure@mazdock.com,39:54.1
1491,Repair/Refurbishment of A2 Card (01Nos)-P15B GTG,0,vbwakchaure@mazdock.com,41:10.5
1492,PAINT STOVE ENAMEL/SYNTHETIC ENAMEL,0,Das.ArupKr@grse.co.in,41:47.1
1500,RUBBER-STRIPS/LIPS/GASKET,0,Das.ArupKr@grse.co.in,43:57.6
1507,COMPUTER & ACCESSORIES,0,Das.ArupKr@grse.co.in,46:14.7
1509,VALVES / COCKS,0,Das.ArupKr@grse.co.in,47:54.7
1512,REPAIR & SERVICING OF DG SET.,0,Das.ArupKr@grse.co.in,49:36.6
1515,DIESEL GENERATING SET,0,Das.ArupKr@grse.co.in,51:19.4
1518,PLUMBING WORK ON BOARD SHIP,0,Das.ArupKr@grse.co.in,52:32.7
1524,SHIP REPAIR (ELECTRICAL WORK),0,Das.ArupKr@grse.co.in,53:54.0
1527,ELECTRODES,0,Das.ArupKr@grse.co.in,55:23.7
1536,ACOUSTIC MARINE EXHAUST SYSTEM,0,Das.ArupKr@grse.co.in,57:47.2
1540,INSTALLATION OF ELECTRONICS/ELECTRICAL SYSTEMS,0,Das.ArupKr@grse.co.in,00:26.5
1545,CYLINDER - HYDRAULIC / PNEUMATIC,0,Das.ArupKr@grse.co.in,01:20.1
1553,"CASTING STEEL,STAINLESS STEEL,ALLOY STEEL",0,Das.ArupKr@grse.co.in,04:37.9
1554,PIPES & TUBES,0,Das.ArupKr@grse.co.in,09:09.8
1556,NAVIGATION EXTERNAL & INTERNAL COMMUNICATION EUIP,0,Das.ArupKr@grse.co.in,11:32.6
1557,ELECTRIC LAMPS/TUBES,0,Das.ArupKr@grse.co.in,15:25.3
1559,GEARS,0,Das.ArupKr@grse.co.in,17:39.9
1566,Petroleum Product,0,umakant.prajapati@gov.in,24:59.5
1567,Petroleum Product,0,umakant.prajapati@gov.in,26:28.6
1568,Petroleum Product,0,umakant.prajapati@gov.in,28:22.2
1573,Petroleum Product,0,umakant.prajapati@gov.in,47:26.0
1574,Petroleum Product,0,umakant.prajapati@gov.in,50:48.1
1575,Hiring of services for calibration of sensors fitted onboard on boat 2 and 4,0,vbwakchaure@mazdock.com,51:50.5
1576,Petroleum Product,0,umakant.prajapati@gov.in,52:48.0
1577,Petroleum Product,0,umakant.prajapati@gov.in,55:08.6
1578,Petroleum Product,0,umakant.prajapati@gov.in,56:24.9
1581,Petroleum Product,0,umakant.prajapati@gov.in,59:05.1
1585,Petroleum Product,0,umakant.prajapati@gov.in,30:45.6
1586,Petroleum Product,0,umakant.prajapati@gov.in,33:13.7
1587,Petroleum Product,0,umakant.prajapati@gov.in,35:37.8
1588,Petroleum Product,0,umakant.prajapati@gov.in,37:07.5
1589,Petroleum Product,0,umakant.prajapati@gov.in,38:28.8
1590,Petroleum Product,0,umakant.prajapati@gov.in,39:23.7
1591,Petroleum Product,0,umakant.prajapati@gov.in,40:11.2
1592,Petroleum Product,0,umakant.prajapati@gov.in,41:55.6
1593,Petroleum Product,0,umakant.prajapati@gov.in,43:26.4
1594,Petroleum Product,0,umakant.prajapati@gov.in,55:24.4
1595,Petroleum Product,0,umakant.prajapati@gov.in,56:49.8
1597,Petroleum Product,0,umakant.prajapati@gov.in,58:08.5
1599,Petroleum Product,0,umakant.prajapati@gov.in,59:31.0
1601,Petroleum Product,0,umakant.prajapati@gov.in,00:36.7
1603,Petroleum Product,0,umakant.prajapati@gov.in,02:07.6
1604,Petroleum Product,0,umakant.prajapati@gov.in,03:31.5
1605,Petroleum Product,0,umakant.prajapati@gov.in,04:31.4
1607,Petroleum Product,0,umakant.prajapati@gov.in,05:31.7
1637,DOORS WT/NWT,0,Chowdhury.Santanu@grse.co.in,51:50.9
1641,ELECTRIC MOTORS,0,Chowdhury.Santanu@grse.co.in,53:23.7
1646,SHIP REPAIR,0,Chowdhury.Santanu@grse.co.in,57:53.8
1652,CABLE GLANDS (MCT),0,Chowdhury.Santanu@grse.co.in,02:19.3
1663,PAINTS,0,Chowdhury.Santanu@grse.co.in,58:45.3
1664,LUBRICANT & GREASE,0,Chowdhury.Santanu@grse.co.in,02:32.7
1665,PUMPS-CENTRIFUGAL,0,Chowdhury.Santanu@grse.co.in,07:22.4
1666,P.T.F.E/FIBRE GLASS/F.G.TAPE,0,Chowdhury.Santanu@grse.co.in,14:38.4
1668,PIPES & TUBES NON FERROUS - LOW & HIGH PRESSURES,0,Chowdhury.Santanu@grse.co.in,19:01.6
1669,REPAIR & SERVICING OF PUMP,0,Chowdhury.Santanu@grse.co.in,23:03.8
1671,COMPRESSOR,0,Chowdhury.Santanu@grse.co.in,26:51.4
1672,PIPE FITTINGS  (SS)(NAVAL PATT),0,Chowdhury.Santanu@grse.co.in,28:49.0
1674,VALVES (HYDRAULIC & PNEUMATIC ),0,Chowdhury.Santanu@grse.co.in,30:47.0
1675,CNC PLASMA PLATE & PROFILE CUTTING.,0,Chowdhury.Santanu@grse.co.in,32:45.8
1677,Petroleum Product,0,umakant.prajapati@gov.in,39:13.3
1678,Petroleum Product,0,umakant.prajapati@gov.in,40:38.2
1680,Petroleum Product,0,umakant.prajapati@gov.in,42:52.9
1681,Petroleum Product,0,umakant.prajapati@gov.in,44:08.3
1684,Petroleum Product,0,umakant.prajapati@gov.in,50:08.8
1685,Petroleum Product,0,umakant.prajapati@gov.in,51:49.3
1686,Petroleum Product,0,umakant.prajapati@gov.in,53:01.1
1687,Petroleum Product,0,umakant.prajapati@gov.in,54:39.9
1688,Petroleum Product,0,umakant.prajapati@gov.in,55:39.0
1689,Petroleum Product,0,umakant.prajapati@gov.in,56:49.3
1690,Petroleum Product,0,umakant.prajapati@gov.in,02:44.9
1691,Petroleum Product,0,umakant.prajapati@gov.in,04:10.8
1692,Petroleum Product,0,umakant.prajapati@gov.in,06:27.1
1693,Petroleum Product,0,umakant.prajapati@gov.in,07:56.8
1694,Petroleum Product,0,umakant.prajapati@gov.in,09:16.1
1697,Petroleum Product,0,umakant.prajapati@gov.in,19:11.5
1698,Petroleum Product,0,umakant.prajapati@gov.in,20:40.5
1700,Petroleum Product,0,umakant.prajapati@gov.in,21:40.7
1702,Petroleum Product,0,umakant.prajapati@gov.in,22:38.4
1703,Petroleum Product,0,umakant.prajapati@gov.in,24:04.3
1705,Petroleum Product,0,umakant.prajapati@gov.in,25:14.5
1707,Petroleum Product,0,umakant.prajapati@gov.in,26:29.0
1729,RECTIFIER / TRANSFORMERS,0,Das.ArupKr@grse.co.in,56:48.4
1731,SUPPLY OF FRP PRODUCTS,0,Das.ArupKr@grse.co.in,58:27.3
1732,CASTING,0,sekar.v@bemlltd.in,59:48.0
1733,SPECIAL MEASURING TOOLS & GAUGES,0,Das.ArupKr@grse.co.in,00:10.2
1736,VALVES,0,Das.ArupKr@grse.co.in,01:51.6
1740,ELECTRONIC MEASURING,0,Das.ArupKr@grse.co.in,05:08.5
1743,FIRE FIGHTING COAT / TROUSURE / JACKET & PAINT.,0,Das.ArupKr@grse.co.in,07:30.7
1744,WATER/OIL LEVEL CONTROLLER/INDICATOR,0,Das.ArupKr@grse.co.in,09:15.4
1745,DIESEL GENERATING SET,0,Das.ArupKr@grse.co.in,10:29.9
1747,"BOATS, BARGES",0,Das.ArupKr@grse.co.in,11:57.0
1749,DIFFERENT FORGED ITEMS ( LIGHT & MEDIUM FORGING),0,Das.ArupKr@grse.co.in,14:14.8
1754,EXTERNAL COMMUNICATION (WIRELESS COMMUNICATION SYSTEM),0,Das.ArupKr@grse.co.in,16:48.8
1759,CCTV SYSTEMS,0,Das.ArupKr@grse.co.in,23:39.9
1760,DRAWING / DESIGN / CONSULTANCY,0,Das.ArupKr@grse.co.in,25:28.0
1762,GAS CUTTING & WELDING EQPT.,0,Das.ArupKr@grse.co.in,27:04.4
1764,ELECTRODES,0,Das.ArupKr@grse.co.in,28:32.6
1767,HULL  BLOCK  FABRICATION,0,Das.ArupKr@grse.co.in,30:19.1
1768,ELECTRONIC MEASURING & SPECIAL INSTRUMENTS,0,Das.ArupKr@grse.co.in,31:32.2
1771,HULL  BLOCK  FABRICATION,0,Das.ArupKr@grse.co.in,33:34.6
1773,PAINT,0,Das.ArupKr@grse.co.in,35:04.0
1783,NON FERROUS FLATS & SECTIONS,0,Das.ArupKr@grse.co.in,40:27.1
1786,COMPRESSOR,0,Das.ArupKr@grse.co.in,43:11.2
1788,FORGED ITEMS ( LIGHT & MEDIUM),0,Das.ArupKr@grse.co.in,45:04.4
1792,EXTERNAL COMMUNICATION,0,Das.ArupKr@grse.co.in,48:40.8
1795,SEAMLESS STEEL PIPE,0,Das.ArupKr@grse.co.in,51:15.1
1800,DIFFERENT FORGED ITEMS ( LIGHT & MEDIUM FORGING),0,Das.ArupKr@grse.co.in,53:53.7
1802,VALVES/ COCKS,0,Das.ArupKr@grse.co.in,56:04.2
1807,RECTIFIER / TRANSFORMERS,0,Das.ArupKr@grse.co.in,58:16.5
1813,ELECTRIC / ELECTRONIC CONTROL  &   POWER PANEL,0,Das.ArupKr@grse.co.in,03:16.2
1818,ELECTRIC CABLE/WIRE,0,Das.ArupKr@grse.co.in,05:16.2
1821,CUTTING OIL,0,ofkpv4@ord.gov.in,06:47.0
1822,ELECTRIC / ELECTRONIC CONTROL  &   POWER PANEL,0,Das.ArupKr@grse.co.in,07:48.6
1825,PUMPS-CENTRIFUGAL,0,Das.ArupKr@grse.co.in,10:39.4
1827,"PAINT - ACID, ALKALI & HEAT RESISTANT",0,Das.ArupKr@grse.co.in,12:35.2
1835,CASTING NON FERROUS,0,Das.ArupKr@grse.co.in,32:58.1
1837,DRAWING / DESIGN / CONSULTANCY,0,Das.ArupKr@grse.co.in,36:49.0
1838,LUBRICANT & GREASE,0,Das.ArupKr@grse.co.in,38:14.2
1839,"CASTING STEEL,STAINLESS STEEL,ALLOY STEEL",0,Das.ArupKr@grse.co.in,40:11.1
1840,ELECTRIC CABLE/WIRE (COMMERCIAL),0,Das.ArupKr@grse.co.in,42:14.2
1842,MODULAR ACCOMODATION,0,Das.ArupKr@grse.co.in,47:06.1
1846,"WOOD (PLY,PACKING)",0,Das.ArupKr@grse.co.in,50:02.7
1848,DIFFERENT FORGED ITEMS ( LIGHT & MEDIUM FORGING),0,Das.ArupKr@grse.co.in,52:19.8
1849,"CASTING - CI,SGI,MALLEABLE,GREY IRON",0,Das.ArupKr@grse.co.in,54:26.5
1851,BREATHING APPARATUS - COMPRESSED AIR/BELLOW TYPE,0,Das.ArupKr@grse.co.in,56:51.9
1852,ELEC. CABLING & FITTING,0,Das.ArupKr@grse.co.in,59:05.2
1853,"CABLE HANGER, CABLE TRAYS",0,Das.ArupKr@grse.co.in,01:22.9
1854,BEARING,0,Das.ArupKr@grse.co.in,03:13.0
1855,INSULATING MATERIAL (CERAMIC),0,Das.ArupKr@grse.co.in,05:44.3
1856,,0,Das.ArupKr@grse.co.in,08:08.7
1857,,0,bdldgmcc-ap@bdl-india.in,08:25.6
1858,GALVANIZING,0,Das.ArupKr@grse.co.in,10:21.6
1859,,0,Das.ArupKr@grse.co.in,11:40.4
1860,,0,bdldgmcc-ap@bdl-india.in,11:53.0
1861,"SHACKLES, HOOKS",0,Das.ArupKr@grse.co.in,12:39.9
1862,,0,bdldgmcc-ap@bdl-india.in,13:02.5
1863,PIPE FITTINGS,0,Das.ArupKr@grse.co.in,14:24.9
1864,,0,bdldgmcc-ap@bdl-india.in,15:01.5
1865,,0,Das.ArupKr@grse.co.in,15:24.3
1866,BOLTS & NUTS,0,Das.ArupKr@grse.co.in,18:08.5
1867,PUMP,0,Das.ArupKr@grse.co.in,21:09.8
1868,MACHINED COMPONENTS (LIGHT),0,Das.ArupKr@grse.co.in,22:47.3
1869,HULL  PANEL  FABRICATION.,0,Das.ArupKr@grse.co.in,24:59.9
1870,PRINTING LETTER PRESS,0,Das.ArupKr@grse.co.in,26:39.0
1871,"CASTING STEEL,STAINLESS STEEL,ALLOY STEEL",0,Das.ArupKr@grse.co.in,28:05.5
1872,FILTERS/STRAINERS,0,Das.ArupKr@grse.co.in,29:00.9
1873,DIFFERENT FORGED ITEMS ( LIGHT & MEDIUM FORGING),0,Das.ArupKr@grse.co.in,58:18.5
1874,,0,Das.ArupKr@grse.co.in,00:06.0
1875,CHIPPING/PAINTING/CLEANING,0,Das.ArupKr@grse.co.in,01:12.9
1876,ELECTRODES,0,Das.ArupKr@grse.co.in,02:10.2
1877,"CASTING STEEL,STAINLESS STEEL,ALLOY STEEL",0,Das.ArupKr@grse.co.in,05:47.0
1878,EOT  CRANE,0,Das.ArupKr@grse.co.in,07:16.2
1879,PAINT BITUMINOUS,0,Das.ArupKr@grse.co.in,08:43.1
1880,,0,sg1dqan-dgqa@nic.in,09:29.7
1881,"INSULATION OF PIPES, COMPARTMENTS",0,Das.ArupKr@grse.co.in,10:06.1
1882,DRAWING / DESIGN / CONSULTANCY,0,Das.ArupKr@grse.co.in,18:15.4
1883,,0,Das.ArupKr@grse.co.in,19:50.9
1884,ELECTRIC / ELECTRONIC CONTROL  &   POWER PANEL,0,Das.ArupKr@grse.co.in,21:40.5
1885,SAFETY SURVEILLANCE,0,Das.ArupKr@grse.co.in,23:06.6
1886,,0,Das.ArupKr@grse.co.in,25:04.3
1887,"CASTING STEEL,STAINLESS STEEL,ALLOY STEEL",0,Das.ArupKr@grse.co.in,27:29.8
1888,PAINT STOVE ENAMEL/SYNTHETIC ENAMEL,0,Das.ArupKr@grse.co.in,29:33.7
1889,COMPOSITE SUPER STRUCTURE,0,Das.ArupKr@grse.co.in,31:11.3
1890,,0,Das.ArupKr@grse.co.in,32:46.0
1891,ELECTRONIC MEASURING & SPECIAL INSTRUMENTS,0,Das.ArupKr@grse.co.in,34:11.4
1892,,0,Das.ArupKr@grse.co.in,36:20.4
1893,,0,Das.ArupKr@grse.co.in,38:15.2
1894,ELECTRIC / ELECTRONIC CONTROL  &   POWER PANEL,0,Das.ArupKr@grse.co.in,39:56.5
1895,ELECTRODES,0,Das.ArupKr@grse.co.in,42:49.1
1896,NAVIGATIONAL LIGHTS,0,Das.ArupKr@grse.co.in,44:40.6
1897,FABRICATED COMPONENT,0,Das.ArupKr@grse.co.in,47:33.6
1898,GEARS,0,Das.ArupKr@grse.co.in,49:31.8
1899,LUBRICANT & GREASE,0,Das.ArupKr@grse.co.in,50:34.4
1900,FIRE FIGHTING PUMP / EQUIPMENT.,0,Das.ArupKr@grse.co.in,52:38.3
1901,,0,Das.ArupKr@grse.co.in,53:40.3
1902,REPAIR / CALIBRATION OF INSTRUMENTS,0,Das.ArupKr@grse.co.in,55:15.0
1903,,0,Das.ArupKr@grse.co.in,57:46.3
1904,PAINT STOVE ENAMEL/SYNTHETIC ENAMEL,0,Das.ArupKr@grse.co.in,00:20.7
1905,PAINT STOVE ENAMEL/SYNTHETIC ENAMEL,0,Das.ArupKr@grse.co.in,02:34.3
1906,PUMPS-CENTRIFUGAL,0,Das.ArupKr@grse.co.in,03:47.7
1907,,0,mahesh.kumar68@gov.in,05:06.5
1908,SAND/GRIT/QUARTZ BLASTING,0,Das.ArupKr@grse.co.in,05:22.3
1909,DIFFERENT FORGED ITEMS ( LIGHT & MEDIUM FORGING),0,Das.ArupKr@grse.co.in,06:57.7
1910,,0,mahesh.kumar68@gov.in,07:29.6
1911,SHIP REPAIR (ELECTRICAL WORK),0,Das.ArupKr@grse.co.in,08:26.7
1912,DIESEL GENERATING SET,0,Das.ArupKr@grse.co.in,10:17.2
1913,PLUMBING WORK ON BOARD SHIP,0,Das.ArupKr@grse.co.in,11:25.4
1914,,0,mahesh.kumar68@gov.in,12:24.5
1915,BULLET PROOF GLASS,0,Das.ArupKr@grse.co.in,12:29.4
1916,SHIP REPAIR (A.C. & REFRIGERATION PLANT ETC.),0,Das.ArupKr@grse.co.in,14:26.8
1917,,0,mahesh.kumar68@gov.in,15:03.0
1918,,0,mahesh.kumar68@gov.in,17:38.2
1919,FLANGES (FERROUS),0,Das.ArupKr@grse.co.in,18:35.5
1920,,0,mahesh.kumar68@gov.in,20:01.6
1921,ERW STEEL PIPE,0,Das.ArupKr@grse.co.in,20:06.8
1922,,0,hod-imm-co@hal-india.co.in,26:20.8
1923,,0,mahesh.kumar68@gov.in,27:18.8
1924,,0,mahesh.kumar68@gov.in,28:37.3
1925,,0,mahesh.kumar68@gov.in,29:55.5
1926,,0,mahesh.kumar68@gov.in,34:38.3
1927,,0,mahesh.kumar68@gov.in,37:42.3
1928,,0,mahesh.kumar68@gov.in,40:08.7
1929,,0,mahesh.kumar68@gov.in,43:29.6
1930,,0,mahesh.kumar68@gov.in,45:53.4
1931,,0,mahesh.kumar68@gov.in,48:14.7
1932,POLY TUBING,0,hod-imm-co@hal-india.co.in,48:34.0
1933,,0,mahesh.kumar68@gov.in,51:21.5
1934,,0,hod-imm-co@hal-india.co.in,56:41.4
1935,,0,mahesh.kumar68@gov.in,57:01.9
1936,,0,mahesh.kumar68@gov.in,58:53.5
1937,industrial sensors,0,hod-imm-co@hal-india.co.in,00:17.5
1938,,0,sekar.v@bemlltd.in,02:19.9
1939,,0,hod-imm-co@hal-india.co.in,04:05.2
1940,,0,sekar.v@bemlltd.in,04:31.4
1941,PLASTIC,0,hod-imm-co@hal-india.co.in,07:05.5
1942,,0,mahesh.kumar68@gov.in,08:17.9
1943,,0,sekar.v@bemlltd.in,08:28.9
1944,,0,hsyadav1@ord.gov.in,09:10.5
1945,,0,sekar.v@bemlltd.in,10:04.6
1946,,0,mahesh.kumar68@gov.in,10:15.5
1947,,0,mahesh.kumar68@gov.in,12:05.7
1948,,0,sekar.v@bemlltd.in,13:15.9
1949,,0,sekar.v@bemlltd.in,14:06.5
1950,,0,mahesh.kumar68@gov.in,14:13.1
1951,,0,mahesh.kumar68@gov.in,15:50.1
1952,,0,mahesh.kumar68@gov.in,21:44.1
1953,,0,mahesh.kumar68@gov.in,23:52.1
1954,,0,mahesh.kumar68@gov.in,25:25.2
1955,,0,mahesh.kumar68@gov.in,26:54.9
1956,,0,hsyadav1@ord.gov.in,33:55.4
1957,,0,hsyadav1@ord.gov.in,38:00.1
1958,,0,sekar.v@bemlltd.in,38:39.0
1959,,0,hsyadav1@ord.gov.in,39:40.7
1960,,0,sekar.v@bemlltd.in,40:05.5
1961,RAW MATERIAL,0,sekar.v@bemlltd.in,42:23.2
1962,,0,hsyadav1@ord.gov.in,43:01.9
1963,,0,hsyadav1@ord.gov.in,45:06.5
1964,OIL PUMP,0,sekar.v@bemlltd.in,45:57.4
1965,WATER PUMP,0,sekar.v@bemlltd.in,47:33.7
1966,,0,hsyadav1@ord.gov.in,48:12.2
1967,,0,sekar.v@bemlltd.in,51:01.4
1968,,0,hsyadav1@ord.gov.in,51:10.8
1969,,0,ocfspv@ord.gov.in,52:17.9
1970,,0,ofkpv4@ord.gov.in,53:07.9
1971,,0,ofkpv4@ord.gov.in,53:43.0
1972,,0,hod-imm-co@hal-india.co.in,53:50.5
1973,ENGINE VALVES,0,sekar.v@bemlltd.in,54:39.8
1974,,0,ofkpv4@ord.gov.in,54:52.5
1975,,0,ofkpv4@ord.gov.in,55:40.8
1976,ENGINE VALVES,0,sekar.v@bemlltd.in,55:40.8
1977,,0,ocfspv@ord.gov.in,56:00.7
1978,,0,ocfspv@ord.gov.in,56:55.2
1979,BEARING,0,sekar.v@bemlltd.in,58:01.2
1980,,0,hod-imm-co@hal-india.co.in,01:23.2
1981,NEEDLE BEARING,0,sekar.v@bemlltd.in,02:16.6
1982,,0,ocfspv@ord.gov.in,05:21.1
1983,,0,ocfspv@ord.gov.in,06:44.1
1984,ENGINE OIL FILTER,0,sekar.v@bemlltd.in,07:24.6
1985,,0,ofkpv4@ord.gov.in,07:25.3
1986,,0,ocfspv@ord.gov.in,07:45.6
1987,FUEL FILTER,0,sekar.v@bemlltd.in,08:19.8
1988,,0,ofkpv4@ord.gov.in,08:44.9
1989,,0,hod-imm-co@hal-india.co.in,09:21.1
1990,ENGINE VALVE SEAT,0,sekar.v@bemlltd.in,12:29.3
1991,,0,ofkpv4@ord.gov.in,12:50.4
1992,,0,ofkpv4@ord.gov.in,13:30.4
1993,,0,hod-imm-co@hal-india.co.in,13:33.4
1994,ENGINE VALVE SEAT,0,sekar.v@bemlltd.in,13:53.1
1995,,0,ofkpv4@ord.gov.in,14:22.9
1996,Petroleum Product,0,umakant.prajapati@gov.in,14:31.2
1997,Petroleum Product,0,umakant.prajapati@gov.in,16:09.0
1998,Petroleum Product,0,umakant.prajapati@gov.in,17:34.3
1999,ENGINE VALVE SPRING,0,sekar.v@bemlltd.in,19:03.1
2000,Petroleum Product,0,umakant.prajapati@gov.in,19:04.7
2001,,0,ofkpv4@ord.gov.in,21:05.2
2002,,0,ofkpv4@ord.gov.in,21:59.9
2003,,0,ofkpv4@ord.gov.in,22:16.8
2004,,0,sekar.v@bemlltd.in,23:18.6
2005,,0,ofkpv4@ord.gov.in,23:59.8
2006,,0,ofkpv4@ord.gov.in,24:50.6
2007,,0,ofkpv4@ord.gov.in,25:20.1
2008,,0,ofkpv4@ord.gov.in,26:24.2
2009,,0,sekar.v@bemlltd.in,27:14.2
2010,,0,ofkpv4@ord.gov.in,31:15.7
2011,OIL FILTER,0,sekar.v@bemlltd.in,33:17.1
2012,,0,ofkpv4@ord.gov.in,33:24.5
2013,,0,ofkpv4@ord.gov.in,35:14.1
2014,,0,sekar.v@bemlltd.in,37:55.7
2015,,0,sekar.v@bemlltd.in,38:09.5
2016,,0,ofkpv4@ord.gov.in,38:17.1
2017,,0,sekar.v@bemlltd.in,38:33.8
2018,,0,sekar.v@bemlltd.in,38:49.7
2019,,0,ofkpv4@ord.gov.in,40:51.5
2020,,0,sekar.v@bemlltd.in,41:13.2
2021,,0,ofkpv4@ord.gov.in,42:32.3
2022,,0,sekar.v@bemlltd.in,43:39.9
2023,,0,ofkpv4@ord.gov.in,43:48.3
2024,,0,ofkpv4@ord.gov.in,44:17.3
2025,,0,sekar.v@bemlltd.in,44:32.4
2026,,0,ofkpv4@ord.gov.in,44:52.5
2027,,0,ofkpv4@ord.gov.in,45:47.8
2028,,0,ofkpv4@ord.gov.in,46:36.5
2029,,0,sekar.v@bemlltd.in,50:33.8
2030,,0,sekar.v@bemlltd.in,52:36.2
2031,,0,sekar.v@bemlltd.in,53:22.5
2032,,0,sekar.v@bemlltd.in,57:17.0
2033,,0,sekar.v@bemlltd.in,57:42.6
2034,,0,sekar.v@bemlltd.in,58:05.7
2035,,0,sekar.v@bemlltd.in,58:48.9
2036,,0,sekar.v@bemlltd.in,00:03.9
2037,,0,sekar.v@bemlltd.in,01:56.4
2038,,0,sekar.v@bemlltd.in,04:08.8
2039,SENSOR,0,sekar.v@bemlltd.in,06:34.3
2040,,0,sekar.v@bemlltd.in,07:29.7
2041,RUBBER,0,sekar.v@bemlltd.in,10:34.9
2042,,0,sekar.v@bemlltd.in,11:05.1
2043,,0,sekar.v@bemlltd.in,17:51.7
2044,,0,sekar.v@bemlltd.in,18:13.7
2045,,0,sg.rane1977@gov.in,15:48.8
2046,,0,sg.rane1977@gov.in,18:28.2
2047,,0,sg.rane1977@gov.in,20:39.5
2048,,0,sg.rane1977@gov.in,24:59.9
2049,,0,sg.rane1977@gov.in,28:10.2
2050,,0,sg.rane1977@gov.in,30:38.0
2051,,0,sg.rane1977@gov.in,33:18.8
2052,,0,sg.rane1977@gov.in,35:47.1
2053,,0,sg.rane1977@gov.in,38:12.6
2054,,0,sg.rane1977@gov.in,40:37.3
2055,,0,sg.rane1977@gov.in,43:19.8
2056,,0,sg.rane1977@gov.in,46:53.3
2057,,0,sg.rane1977@gov.in,49:18.0
2058,,0,sg.rane1977@gov.in,51:27.9
2059,,0,sg.rane1977@gov.in,53:29.3
2060,,0,sg.rane1977@gov.in,55:16.1
2061,,0,sg.rane1977@gov.in,57:21.2
2062,,0,sg.rane1977@gov.in,30:52.7
2063,,0,sg.rane1977@gov.in,33:10.1
2064,,0,sg.rane1977@gov.in,36:22.1
2065,,0,hod-imm-co@hal-india.co.in,40:09.6
2066,,0,sg.rane1977@gov.in,40:48.4
2067,,0,sg.rane1977@gov.in,43:19.6
2068,,0,sg.rane1977@gov.in,45:13.4
2069,,0,sg.rane1977@gov.in,47:10.6
2070,,0,sg.rane1977@gov.in,51:13.7
2071,,0,sg.rane1977@gov.in,55:15.5
2072,,0,sg.rane1977@gov.in,58:10.6
2073,,0,sg.rane1977@gov.in,01:38.1
2074,,0,sg.rane1977@gov.in,04:16.6
2075,,0,hod-imm-co@hal-india.co.in,06:02.5
2076,,0,sg.rane1977@gov.in,07:37.7
2077,,0,cqasa-dgqa@nic.in,09:14.4
2078,,0,sg.rane1977@gov.in,10:20.3
2079,,0,sg.rane1977@gov.in,12:40.6
2080,,0,Chowdhury.Santanu@grse.co.in,14:27.7
2081,,0,sg.rane1977@gov.in,14:48.5
2082,,0,Chowdhury.Santanu@grse.co.in,16:57.0
2083,,0,sg.rane1977@gov.in,17:26.9
2084,,0,pawanjeetsingh@ord.gov.in,18:31.5
2085,,0,sg.rane1977@gov.in,19:41.1
2086,,0,pawanjeetsingh@ord.gov.in,19:44.3
2087,,0,hod-imm-co@hal-india.co.in,19:55.8
2088,,0,sg.rane1977@gov.in,22:07.8
2089,,0,Chowdhury.Santanu@grse.co.in,22:55.9
2090,,0,pawanjeetsingh@ord.gov.in,24:35.9
2091,ELECTRICAL,0,hod-imm-co@hal-india.co.in,25:15.5
2092,,0,umakant.prajapati@gov.in,26:20.8
2093,,0,umakant.prajapati@gov.in,27:14.4
2094,,0,pawanjeetsingh@ord.gov.in,27:55.9
2095,,0,sg.rane1977@gov.in,29:27.6
2096,,0,pawanjeetsingh@ord.gov.in,29:35.3
2097,,0,pawanjeetsingh@ord.gov.in,30:03.8
2098,,0,pawanjeetsingh@ord.gov.in,30:52.2
2099,,0,umakant.prajapati@gov.in,30:52.2
2100,,0,sg.rane1977@gov.in,31:56.8
2101,WEB BASED,0,hod-imm-co@hal-india.co.in,32:44.7
2102,,0,umakant.prajapati@gov.in,32:50.4
2103,,0,pawanjeetsingh@ord.gov.in,33:30.6
2104,,0,umakant.prajapati@gov.in,33:57.7
2105,,0,sg.rane1977@gov.in,34:17.9
2106,,0,umakant.prajapati@gov.in,34:47.8
2107,,0,pawanjeetsingh@ord.gov.in,35:20.0
2108,,0,pawanjeetsingh@ord.gov.in,35:54.4
2109,,0,Chowdhury.Santanu@grse.co.in,36:05.2
2110,,0,umakant.prajapati@gov.in,36:10.9
2111,,0,sg.rane1977@gov.in,36:28.9
2112,,0,umakant.prajapati@gov.in,37:11.0
2113,,0,Chowdhury.Santanu@grse.co.in,38:02.7
2114,,0,umakant.prajapati@gov.in,38:18.3
2115,,0,sg.rane1977@gov.in,38:35.4
2116,,0,umakant.prajapati@gov.in,38:59.7
2117,,0,umakant.prajapati@gov.in,39:48.8
2118,,0,Chowdhury.Santanu@grse.co.in,40:28.7
2119,,0,umakant.prajapati@gov.in,40:33.8
2120,,0,sg.rane1977@gov.in,40:44.8
2121,,0,pawanjeetsingh@ord.gov.in,40:49.8
2122,,0,umakant.prajapati@gov.in,41:25.7
2123,,0,pawanjeetsingh@ord.gov.in,41:36.6
2124,,0,pawanjeetsingh@ord.gov.in,42:10.7
2125,DECORATIVE LAMINATES,0,Chowdhury.Santanu@grse.co.in,42:40.4
2126,,0,pawanjeetsingh@ord.gov.in,42:44.4
2127,,0,sg.rane1977@gov.in,42:51.5
2128,,0,pawanjeetsingh@ord.gov.in,44:39.9
2129,,0,sg.rane1977@gov.in,45:11.2
2130,,0,Chowdhury.Santanu@grse.co.in,45:37.1
2131,,0,hod-imm-co@hal-india.co.in,46:07.9
2132,,0,pawanjeetsingh@ord.gov.in,46:09.0
2133,,0,pawanjeetsingh@ord.gov.in,47:04.9
2134,,0,sg.rane1977@gov.in,47:31.4
2135,,0,Chowdhury.Santanu@grse.co.in,48:11.9
2136,,0,cqasa-dgqa@nic.in,48:23.4
2137,,0,hod-imm-co@hal-india.co.in,49:39.3
2138,,0,sg.rane1977@gov.in,49:52.1
2139,,0,umakant.prajapati@gov.in,50:20.8
2140,,0,pawanjeetsingh@ord.gov.in,50:47.3
2141,,0,umakant.prajapati@gov.in,51:16.1
2142,,0,pawanjeetsingh@ord.gov.in,51:34.2
2143,,0,sg.rane1977@gov.in,52:33.4
2144,,0,umakant.prajapati@gov.in,53:08.4
2145,,0,pawanjeetsingh@ord.gov.in,53:22.4
2146,,0,hod-imm-co@hal-india.co.in,53:39.0
2147,DOORS WT / NWT,0,Chowdhury.Santanu@grse.co.in,53:41.9
2148,,0,pawanjeetsingh@ord.gov.in,54:50.4
2149,,0,umakant.prajapati@gov.in,54:55.2
2150,,0,Chowdhury.Santanu@grse.co.in,55:16.3
2151,,0,umakant.prajapati@gov.in,55:56.7
2152,,0,Chowdhury.Santanu@grse.co.in,57:28.5
2153,,0,pawanjeetsingh@ord.gov.in,57:34.8
2154,,0,pawanjeetsingh@ord.gov.in,58:21.7
2155,,0,Chowdhury.Santanu@grse.co.in,58:37.3
2156,,0,Chowdhury.Santanu@grse.co.in,59:45.1
2157,,0,pawanjeetsingh@ord.gov.in,00:03.5
2158,,0,umakant.prajapati@gov.in,00:29.5
2159,,0,Chowdhury.Santanu@grse.co.in,01:19.7
2160,,0,pawanjeetsingh@ord.gov.in,01:49.1
2161,,0,umakant.prajapati@gov.in,02:07.1
2162,,0,pawanjeetsingh@ord.gov.in,02:24.1
2163,,0,Chowdhury.Santanu@grse.co.in,03:37.7
2164,,0,umakant.prajapati@gov.in,03:57.7
2165,,0,pawanjeetsingh@ord.gov.in,04:29.4
2166,,0,Chowdhury.Santanu@grse.co.in,05:29.5
2167,,0,umakant.prajapati@gov.in,05:35.1
2168,,0,pawanjeetsingh@ord.gov.in,06:19.3
2169,DRAWING / DESIGN / CONSULTANCY,0,Das.ArupKr@grse.co.in,06:35.4
2170,,0,umakant.prajapati@gov.in,06:58.7
2171,,0,cqasa-dgqa@nic.in,07:53.3
2172,,0,pawanjeetsingh@ord.gov.in,08:03.5
2173,,0,Chowdhury.Santanu@grse.co.in,08:14.2
2174,FIRE DETECTION SYSTEM.,0,Das.ArupKr@grse.co.in,08:24.4
2175,,0,umakant.prajapati@gov.in,08:33.2
2176,,0,pawanjeetsingh@ord.gov.in,08:55.9
2177,,0,pawanjeetsingh@ord.gov.in,09:38.3
2178,,0,umakant.prajapati@gov.in,10:19.1
2179,,0,Chowdhury.Santanu@grse.co.in,10:47.6
2180,,0,umakant.prajapati@gov.in,11:33.1
2181,,0,pawanjeetsingh@ord.gov.in,11:46.0
2182,,0,pawanjeetsingh@ord.gov.in,12:12.7
2183,,0,umakant.prajapati@gov.in,12:19.6
2184,,0,pawanjeetsingh@ord.gov.in,12:45.6
2185,,0,dirtc.dgaqa@gov.in,13:17.5
2186,"CASTING STEEL,STAINLESS STEEL,ALLOY STEEL",0,Das.ArupKr@grse.co.in,13:38.4
2187,,0,umakant.prajapati@gov.in,13:54.7
2188,,0,pawanjeetsingh@ord.gov.in,14:37.0
2189,,0,Chowdhury.Santanu@grse.co.in,14:54.3
2190,,0,hod-imm-co@hal-india.co.in,17:29.8
2191,"CASTING STEEL,STAINLESS STEEL,ALLOY STEEL",0,Das.ArupKr@grse.co.in,20:45.8
2192,,0,amitkumar6@ord.gov.in,21:22.5
2193,INSULATING MATERIAL (CERAMIC),0,Chowdhury.Santanu@grse.co.in,22:54.0
2194,,0,hod-imm-co@hal-india.co.in,23:00.1
2195,GAS CUTTING & WELDING EQPT,0,Das.ArupKr@grse.co.in,25:21.3
2196,INSULATING MATERIAL (CERAMIC),0,Chowdhury.Santanu@grse.co.in,26:37.1
2197,COMPUTER & ACCESSORIES,0,Das.ArupKr@grse.co.in,27:04.9
2198,SUPPLY OF FRP PRODUCTS,0,Chowdhury.Santanu@grse.co.in,29:57.0
2199,,0,Chowdhury.Santanu@grse.co.in,31:46.4
2200,COMPRESSOR,0,Das.ArupKr@grse.co.in,32:17.9
2201,HEAT EXCHANGER,0,Das.ArupKr@grse.co.in,33:53.1
2202,INSULATION TAPE,0,Das.ArupKr@grse.co.in,35:04.2
2203,INDUSTRIAL RESIN,0,Chowdhury.Santanu@grse.co.in,36:27.3
2204,NAVIGATION EXTERNAL & INTERNAL COMMUNICATION EUIP,0,Das.ArupKr@grse.co.in,38:01.8
2205,MACHINED COMPONENTS (LIGHT),0,Das.ArupKr@grse.co.in,39:55.6
2206,SHIP DECK COVERING,0,Das.ArupKr@grse.co.in,41:41.4
2207,,0,Chowdhury.Santanu@grse.co.in,42:36.7
2208,FILTERS/STRAINERS,0,Das.ArupKr@grse.co.in,43:24.1
2209,,0,Chowdhury.Santanu@grse.co.in,45:02.2
2210,"CASTING - CI,SGI,MALLEABLE,GREY IRON",0,Das.ArupKr@grse.co.in,45:07.4
2211,,0,Chowdhury.Santanu@grse.co.in,46:30.9
2212,PUMP - HAND,0,Das.ArupKr@grse.co.in,46:38.1
2213,,0,Das.ArupKr@grse.co.in,48:23.7
2214,,0,Chowdhury.Santanu@grse.co.in,48:46.2
2215,ELECTRIC LAMPS/TUBES,0,Das.ArupKr@grse.co.in,49:34.2
2216,,0,Das.ArupKr@grse.co.in,50:50.6
2217,,0,Chowdhury.Santanu@grse.co.in,51:48.9
2218,,0,Das.ArupKr@grse.co.in,52:46.1
2219,,0,Chowdhury.Santanu@grse.co.in,54:08.0
2220,CYLINDER - HYDRAULIC / PNEUMATIC,0,Das.ArupKr@grse.co.in,54:41.3
2221,RUBBER MOULDED ITEMS,0,Das.ArupKr@grse.co.in,56:28.8
2222,,0,Das.ArupKr@grse.co.in,00:09.7
2223,"CASTING - CI,SGI,MALLEABLE,GREY IRON",0,Das.ArupKr@grse.co.in,02:11.8
2224,,0,amitkumar6@ord.gov.in,03:44.4
2225,"CASTING - CI,SGI,MALLEABLE,GREY IRON",0,Das.ArupKr@grse.co.in,04:33.2
2226,HIRING OF DEHUMIDIFICATION EQUIPMENT,0,Das.ArupKr@grse.co.in,06:17.0
2227,THERMAL IMAGING CAMERAS,0,Das.ArupKr@grse.co.in,11:26.4
2228,"CASTING STEEL,STAINLESS STEEL,ALLOY STEEL",0,Das.ArupKr@grse.co.in,14:02.5
2229,CAPITAL ITEMS,0,hod-imm-co@hal-india.co.in,59:34.0
2230,FURNITURE,0,hod-imm-co@hal-india.co.in,03:26.7
2231,,0,hod-imm-co@hal-india.co.in,07:30.5
2232,,0,hod-imm-co@hal-india.co.in,12:30.8
2233,,0,hod-imm-co@hal-india.co.in,17:57.3
2234,,0,hod-imm-co@hal-india.co.in,26:32.5
2235,JIG & FIXTURES,0,hod-imm-co@hal-india.co.in,31:44.4
2236,,0,sbsutar@mazdock.com,32:05.2
2237,,0,M.Mahendran@grse.co.in,32:57.2
2238,,0,M.Mahendran@grse.co.in,36:08.2
2239,,0,sbsutar@mazdock.com,36:37.6
2240,,0,sbsutar@mazdock.com,37:45.5
2241,,0,sbsutar@mazdock.com,38:48.9
2242,FRESH WATER GENERATOR / DISTILLATION PLANT,0,M.Mahendran@grse.co.in,39:37.9
2243,,0,sbsutar@mazdock.com,39:59.1
2244,,0,sbsutar@mazdock.com,41:18.1
2245,,0,sbsutar@mazdock.com,42:36.3
2246,,0,sbsutar@mazdock.com,47:06.2
2247,,0,sbsutar@mazdock.com,47:49.9
2248,Technical documents,0,sbsutar@mazdock.com,52:48.8
2249,Technical documents,0,sbsutar@mazdock.com,53:21.2
2250,Technical documents,0,sbsutar@mazdock.com,53:54.2
2251,Technical documents,0,sbsutar@mazdock.com,54:15.1
2252,LRUs,0,hod-imm-co@hal-india.co.in,27:18.0
2253,,0,hod-imm-co@hal-india.co.in,34:24.7
2254,,0,hod-imm-co@hal-india.co.in,34:24.8
2255,TRANSFORMER OIL,0,Chowdhury.Santanu@grse.co.in,36:57.0
2256,,0,hod-imm-co@hal-india.co.in,37:51.8
2257,SCAFFOLDING MATERIALS,0,Chowdhury.Santanu@grse.co.in,39:04.1
2258,RUBBER SHEETS,0,Chowdhury.Santanu@grse.co.in,40:29.5
2259,,0,hod-imm-co@hal-india.co.in,41:06.8
2260,,0,amitkumarsarraf@ord.gov.in,41:20.9
2261,RUBBER MOULDED ITEMS,0,Chowdhury.Santanu@grse.co.in,41:55.1
2262,ROPE - WIRE,0,Chowdhury.Santanu@grse.co.in,43:29.2
2263,,0,amitkumar6@ord.gov.in,43:29.6
2264,,0,hod-imm-co@hal-india.co.in,44:49.2
2265,ROPE - WIRE,0,Chowdhury.Santanu@grse.co.in,45:46.1
2266,ROPE - NYLON/POLYPROPYLENE,0,Chowdhury.Santanu@grse.co.in,47:20.1
2267,,0,amitkumarsarraf@ord.gov.in,47:33.5
2268,HOSES/HOSE FITTINGS (NAVAL PATTERNISED),0,Chowdhury.Santanu@grse.co.in,48:37.2
2269,LRUs,0,hod-imm-co@hal-india.co.in,48:58.4
2270,GEAR BOX,0,Chowdhury.Santanu@grse.co.in,50:22.0
2271,,0,amitkumar6@ord.gov.in,51:07.1
2272,COUPLING/CLUTCHES,0,Chowdhury.Santanu@grse.co.in,52:09.4
2273,,0,amitkumarsarraf@ord.gov.in,53:29.7
2274,COUPLING/CLUTCHES,0,Chowdhury.Santanu@grse.co.in,54:29.2
2275,,0,amitkumar6@ord.gov.in,55:41.0
2276,BEARING,0,Chowdhury.Santanu@grse.co.in,56:36.4
2277,,0,M.Mahendran@grse.co.in,56:51.3
2278,,0,sbsutar@mazdock.com,58:14.1
2279,JOINTING/PACKING (NON ASBESTOS),0,Chowdhury.Santanu@grse.co.in,58:33.3
2280,,0,sbsutar@mazdock.com,59:21.0
2281,,0,M.Mahendran@grse.co.in,00:36.0
2282,,0,sbsutar@mazdock.com,00:44.6
2283,"ASBESTOS JOINTING (WIRE/CLOTH), ROPE.",0,Chowdhury.Santanu@grse.co.in,00:48.3
2284,COOLING TOWER & SPARES,0,Chowdhury.Santanu@grse.co.in,02:31.8
2285,,0,amitkumar6@ord.gov.in,03:13.4
2286,,0,M.Mahendran@grse.co.in,04:59.3
2287,,0,sbsutar@mazdock.com,05:33.8
2288,CHOKFAST MATERIALS,0,Chowdhury.Santanu@grse.co.in,06:11.5
2289,,0,sbsutar@mazdock.com,06:19.7
2290,,0,rajkumar@midhani-india.in,06:52.0
2291,,0,hod-imm-co@hal-india.co.in,06:58.6
2292,,0,M.Mahendran@grse.co.in,07:13.1
2293,ADHESIVE-NORMAL,0,Chowdhury.Santanu@grse.co.in,08:10.1
2294,,0,amitkumar6@ord.gov.in,08:52.7
2295,,0,M.Mahendran@grse.co.in,09:18.7
2296,Technical Documents,0,sbsutar@mazdock.com,09:25.4
2297,SAFETY SHOES,0,Chowdhury.Santanu@grse.co.in,09:47.0
2298,,0,M.Mahendran@grse.co.in,10:41.6
2299,,0,sbsutar@mazdock.com,11:08.7
2300,JACKET  BULLET  PROOF.,0,Chowdhury.Santanu@grse.co.in,11:35.6
2301,,0,sbsutar@mazdock.com,13:23.1
2302,,0,M.Mahendran@grse.co.in,13:37.7
2303,INDUSTRIAL GLOVES,0,Chowdhury.Santanu@grse.co.in,14:14.9
2304,GAS,0,dirtc.dgaqa@gov.in,15:29.2
2305,,0,sbsutar@mazdock.com,15:44.0
2306,CYLINDER - HYDRAULIC / PNEUMATIC,0,Chowdhury.Santanu@grse.co.in,16:09.2
2307,PAINTS,0,M.Mahendran@grse.co.in,17:28.8
2308,,0,sbsutar@mazdock.com,17:47.4
2309,"Wires, Cables & Sleeves",0,dirtc.dgaqa@gov.in,18:14.8
2310,PUMPS-GEAR/SCREW,0,Chowdhury.Santanu@grse.co.in,18:38.6
2311,,0,rajkumar@midhani-india.in,19:18.2
2312,,0,M.Mahendran@grse.co.in,19:44.3
2313,PUMPS-GEAR/SCREW,0,Chowdhury.Santanu@grse.co.in,20:16.8
2314,Forging & Machining of Components,0,dirtc.dgaqa@gov.in,20:44.4
2315,,0,sbsutar@mazdock.com,21:23.1
2316,,0,M.Mahendran@grse.co.in,21:27.5
2317,,0,sbsutar@mazdock.com,22:04.3
2318,PUMPS-GEAR/SCREW,0,Chowdhury.Santanu@grse.co.in,22:49.3
2319,,0,M.Mahendran@grse.co.in,23:52.5
2320,PUMPS-GEAR/SCREW,0,Chowdhury.Santanu@grse.co.in,24:24.6
2321,,0,M.Mahendran@grse.co.in,25:26.6
2322,,0,sbsutar@mazdock.com,26:40.0
2323,,0,M.Mahendran@grse.co.in,27:10.1
2324,WATER/OIL LEVEL CONTROLLER/INDICATOR,0,Chowdhury.Santanu@grse.co.in,28:16.8
2325,,0,M.Mahendran@grse.co.in,30:09.7
2326,ELECTRONIC MEASURING & SPECIAL INSTRUMENTS,0,Chowdhury.Santanu@grse.co.in,30:10.5
2327,,0,amitkumarsarraf@ord.gov.in,30:16.6
2328,,0,rajkumar@midhani-india.in,30:44.4
2329,ELECTRONIC MEASURING & SPECIAL INSTRUMENTS,0,Chowdhury.Santanu@grse.co.in,32:16.3
2330,,0,sbsutar@mazdock.com,33:41.3
2331,Electrical equipments,0,amitkumar6@ord.gov.in,33:42.6
2332,FLOWMETER,0,Chowdhury.Santanu@grse.co.in,33:52.6
2333,ALLOY STEEL,0,M.Mahendran@grse.co.in,35:03.4
2334,,0,sbsutar@mazdock.com,35:23.7
2335,FLOWMETER,0,Chowdhury.Santanu@grse.co.in,35:31.7
2336,,0,hod-imm-co@hal-india.co.in,36:12.8
2337,FLOWMETER,0,Chowdhury.Santanu@grse.co.in,36:47.8
2338,,0,sbsutar@mazdock.com,36:58.6
2339,,0,sbsutar@mazdock.com,37:39.8
2340,FLOWMETER,0,Chowdhury.Santanu@grse.co.in,38:03.5
2341,,0,M.Mahendran@grse.co.in,38:18.6
2342,WELDING CABLE,0,Chowdhury.Santanu@grse.co.in,38:59.0
2343,,0,sbsutar@mazdock.com,39:25.2
2344,,0,sbsutar@mazdock.com,40:27.5
2345,,0,M.Mahendran@grse.co.in,40:40.9
2346,,0,sbsutar@mazdock.com,42:26.2
2347,ELECTRODES,0,Chowdhury.Santanu@grse.co.in,43:28.0
2348,,0,sbsutar@mazdock.com,44:29.5
2349,ELECTRODES,0,Chowdhury.Santanu@grse.co.in,44:44.2
2350,,0,sbsutar@mazdock.com,45:13.6
2351,,0,M.Mahendran@grse.co.in,45:37.5
2352,ELECTRODES,0,Chowdhury.Santanu@grse.co.in,46:12.6
2353,,0,sbsutar@mazdock.com,46:38.5
2354,ELECTRODES,0,Chowdhury.Santanu@grse.co.in,47:18.8
2355,ANTI CORROSIVE COATED TMT BARS,0,M.Mahendran@grse.co.in,47:25.7
2356,Equipment,0,rajkumar@midhani-india.in,47:36.5
2357,,0,sbsutar@mazdock.com,48:20.0
2358,ELECTRODES,0,Chowdhury.Santanu@grse.co.in,48:27.5
2359,,0,sbsutar@mazdock.com,49:21.2
2360,ELECTRODES,0,Chowdhury.Santanu@grse.co.in,49:23.1
2361,,0,sangramshetye@ord.gov.in,50:35.1
2362,,0,sangramshetye@ord.gov.in,53:06.4
2363,,0,sangramshetye@ord.gov.in,54:22.0
2364,,0,sangramshetye@ord.gov.in,55:08.0
2365,,0,sangramshetye@ord.gov.in,55:49.7
2366,,0,sangramshetye@ord.gov.in,56:33.3
2367,,0,sangramshetye@ord.gov.in,58:43.8
2368,,0,sangramshetye@ord.gov.in,59:37.0
2369,,0,sangramshetye@ord.gov.in,00:45.1
2370,,0,sangramshetye@ord.gov.in,01:58.5
2371,,0,sangramshetye@ord.gov.in,04:52.2
2372,,0,sangramshetye@ord.gov.in,05:55.6
2373,,0,sangramshetye@ord.gov.in,07:24.6
2374,,0,sangramshetye@ord.gov.in,10:52.4
2375,,0,sangramshetye@ord.gov.in,12:01.5
2376,,0,sangramshetye@ord.gov.in,24:42.1
2377,,0,sangramshetye@ord.gov.in,26:13.1
2378,,0,sangramshetye@ord.gov.in,29:53.4
2379,,0,sangramshetye@ord.gov.in,34:30.0
2380,,0,sangramshetye@ord.gov.in,35:11.5
2381,SLING,0,M.Mahendran@grse.co.in,48:31.7
2382,FASTENER,0,M.Mahendran@grse.co.in,49:54.2
2383,FASTENER,0,M.Mahendran@grse.co.in,50:51.6
2384,MEASURING INSTRUMENTS,0,M.Mahendran@grse.co.in,52:16.6
2385,JIGS & FIXTURE,0,M.Mahendran@grse.co.in,53:29.2
2386,SURFACE ANGLE PLATES,0,M.Mahendran@grse.co.in,55:04.9
2387,UNIFORM,0,M.Mahendran@grse.co.in,58:56.1
2388,GUM BOOT,0,M.Mahendran@grse.co.in,00:30.7
2389,GUM BOOT,0,M.Mahendran@grse.co.in,02:04.2
2390,VALVES,0,M.Mahendran@grse.co.in,03:50.4
2391,VALVES,0,M.Mahendran@grse.co.in,04:56.6
2392,VALVES,0,M.Mahendran@grse.co.in,06:09.4
2393,VALVES,0,M.Mahendran@grse.co.in,08:19.9
2394,VALVES,0,M.Mahendran@grse.co.in,09:31.0
2395,ELECTRODES,0,M.Mahendran@grse.co.in,10:33.8
2396,,0,sg1dqan-dgqa@nic.in,24:03.3
2397,,0,amitkumar6@ord.gov.in,28:09.3
2398,,0,amitkumar6@ord.gov.in,33:01.3
2399,STEEL PLATE & SHEET,0,M.Mahendran@grse.co.in,33:20.1
2400,MAIN SWITCH BOARDS,0,M.Mahendran@grse.co.in,34:27.6
2401,,0,M.Mahendran@grse.co.in,35:51.4
2402,HOSES/HOSE FITTINGS,0,M.Mahendran@grse.co.in,37:08.1
2403,PRINTING OFFSET,0,M.Mahendran@grse.co.in,38:32.7
2404,DIFFERENT FORGED ITEMS ( LIGHT & MEDIUM FORGING),0,M.Mahendran@grse.co.in,41:23.4
2405,PLUMBING WORK ON BOARD SHIP,0,M.Mahendran@grse.co.in,46:57.4
2406,LED LAMP,0,M.Mahendran@grse.co.in,48:09.6
2407,EOT  CRANE,0,M.Mahendran@grse.co.in,49:25.8
2408,,0,dirtc.dgaqa@gov.in,49:26.2
2409,NAVIGATION EXTERNAL & INTERNAL COMMUNICATION EUIP.,0,M.Mahendran@grse.co.in,51:03.8
2410,MEASURING INSTRUMENTS,0,M.Mahendran@grse.co.in,52:23.8
2411,,0,dirtc.dgaqa@gov.in,53:26.0
2412,,0,sg.rane1977@gov.in,54:24.5
2413,,0,amitkumar6@ord.gov.in,54:33.0
2414,CYLINDER - HYDRAULIC / PNEUMATIC,0,M.Mahendran@grse.co.in,54:43.9
2415,,0,M.Mahendran@grse.co.in,55:48.8
2416,,0,dirtc.dgaqa@gov.in,56:13.8
2417,,0,sg.rane1977@gov.in,56:57.5
2418,WATER SEPARATOR,0,M.Mahendran@grse.co.in,58:04.4
2419,,0,sg.rane1977@gov.in,59:43.3
2420,COPPER SEAL & GASKETS,0,M.Mahendran@grse.co.in,59:48.6
2421,,0,sg.rane1977@gov.in,02:12.3
2422,,0,dirtc.dgaqa@gov.in,02:16.2
2423,EPOXY ADHESIVE,0,M.Mahendran@grse.co.in,03:18.0
2424,,0,dirtc.dgaqa@gov.in,03:36.1
2425,,0,sg.rane1977@gov.in,04:22.6
2426,,0,amitkumar6@ord.gov.in,05:18.6
2427,,0,dirtc.dgaqa@gov.in,05:19.1
2428,PVC / FRP - TUBES & FITTINGS,0,M.Mahendran@grse.co.in,05:19.2
2429,,0,dirtc.dgaqa@gov.in,07:29.8
2430,DOORS WT/NWT,0,M.Mahendran@grse.co.in,08:16.6
2431,,0,dirtc.dgaqa@gov.in,09:04.1
2432,LUBRICANT & GREASE,0,M.Mahendran@grse.co.in,09:17.0
2433,ELECTRIC & ELECTRONIC SYSTEM,0,M.Mahendran@grse.co.in,10:50.0
2434,,0,dirtc.dgaqa@gov.in,10:54.3
2435,PIPE FITTINGS,0,M.Mahendran@grse.co.in,12:16.6
2436,SHIP REPAIR (HULL WORK),0,M.Mahendran@grse.co.in,14:18.0
2437,CNC PLASMA PLATE & PROFILE CUTTING,0,M.Mahendran@grse.co.in,15:59.1
2438,CIVIL ENGINEERING PROJECT JOB,0,M.Mahendran@grse.co.in,18:53.7
2439,,0,amitkumarsarraf@ord.gov.in,19:57.1
2440,PUMPS-CENTRIFUGAL,0,M.Mahendran@grse.co.in,20:37.8
2441,,0,dirtc.dgaqa@gov.in,22:13.5
2442,Packing box of wood,0,amitkumarsarraf@ord.gov.in,22:27.8
2443,EXPANSION BELLOW,0,M.Mahendran@grse.co.in,23:04.3
2444,,0,dirtc.dgaqa@gov.in,23:42.7
2445,,0,dirtc.dgaqa@gov.in,24:30.7
2446,LOGISTIC SUPPORT,0,M.Mahendran@grse.co.in,25:20.4
2447,,0,dirtc.dgaqa@gov.in,25:34.5
2448,INSTALLATION OF ELECTRONICS/ELECTRICAL SYSTEMS,0,M.Mahendran@grse.co.in,26:54.7
2449,,0,amitkumarsarraf@ord.gov.in,26:54.8
2450,,0,amitkumar6@ord.gov.in,27:18.8
2451,FIRE EXTINGUISHER,0,M.Mahendran@grse.co.in,28:30.9
2452,,0,dirtc.dgaqa@gov.in,29:04.9
2453,WATER COOLER / PURIFIER,0,M.Mahendran@grse.co.in,30:05.2
2454,,0,amitkumarsarraf@ord.gov.in,31:21.1
2455,CYLINDER - HYDRAULIC / PNEUMATIC,0,M.Mahendran@grse.co.in,31:42.5
2456,INSULATING MATERIAL(POLYURETHANE/POLYISOCYANURATE),0,M.Mahendran@grse.co.in,32:55.0
2457,,0,amitkumarsarraf@ord.gov.in,33:16.9
2458,,0,dirtc.dgaqa@gov.in,33:37.5
2459,,0,sg.rane1977@gov.in,34:38.6
2460,,0,dirtc.dgaqa@gov.in,35:15.8
2461,ELECTRIC / ELECTRONIC CONTROL  &   POWER PANEL,0,M.Mahendran@grse.co.in,35:57.9
2462,,0,amitkumarsarraf@ord.gov.in,36:51.2
2463,,0,sg.rane1977@gov.in,36:57.9
2464,,0,sg.rane1977@gov.in,39:26.0
2465,CASTING NON FERROUS,0,M.Mahendran@grse.co.in,40:03.3
2466,,0,amitkumar6@ord.gov.in,41:19.8
2467,,0,sg.rane1977@gov.in,41:31.6
2468,CIVIL MAINTENANCE(CAT-A),0,M.Mahendran@grse.co.in,43:03.0
2469,,0,sg.rane1977@gov.in,44:11.3
2470,BLASTING & PAINTING.,0,M.Mahendran@grse.co.in,44:42.5
2471,,0,amitkumarsarraf@ord.gov.in,45:03.3
2472,UNIFORM,0,M.Mahendran@grse.co.in,46:16.5
2473,,0,sg.rane1977@gov.in,46:49.9
2474,ELEC. CABLING & FITTING WORK ON SHIP,0,M.Mahendran@grse.co.in,47:14.1
2475,,0,amitkumar6@ord.gov.in,47:57.2
2476,,0,amitkumarsarraf@ord.gov.in,48:07.8
2477,,0,sg.rane1977@gov.in,49:32.0
2478,PLUMBING WORK ON BOARD SHIP,0,M.Mahendran@grse.co.in,50:01.0
2479,FIRE EXTINGUISHER,0,M.Mahendran@grse.co.in,50:56.7
2480,,0,sg.rane1977@gov.in,51:49.8
2481,,0,amitkumarsarraf@ord.gov.in,51:53.0
2482,VALVES,0,M.Mahendran@grse.co.in,51:58.8
2483,,0,sg.rane1977@gov.in,53:56.6
2484,Polymer items,0,amitkumarsarraf@ord.gov.in,54:55.1
2485,,0,sg.rane1977@gov.in,56:24.6
2486,"CABLE HANGER, CABLE TRAYS (MANUFACTURING VENDOR ONLY)",0,M.Mahendran@grse.co.in,57:01.0
2487,,0,sg.rane1977@gov.in,58:49.1
2488,,0,amitkumarsarraf@ord.gov.in,00:57.5
2489,,0,sg.rane1977@gov.in,01:31.0
2490,PUMPS-GEAR/SCREW,0,M.Mahendran@grse.co.in,01:56.8
2491,HULL  BLOCK  FABRICATION,0,M.Mahendran@grse.co.in,03:08.2
2492,,0,sg.rane1977@gov.in,03:55.3
2493,,0,sg.rane1977@gov.in,06:00.4
2494,,0,sg.rane1977@gov.in,08:01.1
2495,,0,amitkumar6@ord.gov.in,08:54.4
2496,,0,amitkumarsarraf@ord.gov.in,09:20.8
2497,PIPE FITTINGS,0,M.Mahendran@grse.co.in,09:47.0
2498,,0,sg.rane1977@gov.in,10:58.2
2499,,0,amitkumarsarraf@ord.gov.in,12:32.9
2500,,0,sg.rane1977@gov.in,12:56.2
2501,,0,sg.rane1977@gov.in,14:54.9
2502,,0,amitkumarsarraf@ord.gov.in,15:17.9
2503,,0,amitkumar6@ord.gov.in,17:13.8
2504,,0,sg.rane1977@gov.in,17:30.9
2505,F R P BOAT,0,M.Mahendran@grse.co.in,19:59.2
2506,,0,sg.rane1977@gov.in,20:07.1
2507,,0,amitkumarsarraf@ord.gov.in,20:12.8
2508,,0,amitkumar6@ord.gov.in,22:13.0
2509,BILGE EDUCTOR,0,M.Mahendran@grse.co.in,22:37.7
2510,,0,sg.rane1977@gov.in,22:57.2
2511,,0,amitkumarsarraf@ord.gov.in,23:10.0
2512,INSTALLATION OF ELECTRONICS/ELECTRICAL SYSTEMS,0,M.Mahendran@grse.co.in,24:25.3
2513,,0,sg.rane1977@gov.in,25:25.5
2514,,0,amitkumarsarraf@ord.gov.in,25:55.5
2515,FABRICATED COMPONENT,0,M.Mahendran@grse.co.in,26:01.6
2516,,0,amitkumarsarraf@ord.gov.in,28:03.6
2517,,0,M.Mahendran@grse.co.in,28:13.4
2518,,0,sg.rane1977@gov.in,29:51.2
2519,FIRE EXTINGUISHER,0,M.Mahendran@grse.co.in,29:58.4
2520,GALVANIZING,0,M.Mahendran@grse.co.in,31:43.9
2521,,0,sg.rane1977@gov.in,32:08.0
2522,,0,amitkumar6@ord.gov.in,33:01.6
2523,PUMPS-GEAR/SCREW,0,M.Mahendran@grse.co.in,33:40.0
2524,,0,sg.rane1977@gov.in,34:22.1
2525,"ELECTRIC WHISTLE, HORN",0,M.Mahendran@grse.co.in,34:58.2
2526,VALVES,0,M.Mahendran@grse.co.in,35:58.9
2527,,0,sg.rane1977@gov.in,37:16.9
2528,Stationary Goods,0,amitkumar6@ord.gov.in,38:57.1
2529,PRINTING LETTER PRESS,0,M.Mahendran@grse.co.in,39:02.1
2530,,0,sg.rane1977@gov.in,40:03.0
2531,VALVES,0,M.Mahendran@grse.co.in,40:09.3
2532,ELECTRIC CABLE/WIRE (COMMERCIAL),0,M.Mahendran@grse.co.in,41:17.4
2533,ELECTRIC CABLE/WIRE (COMMERCIAL),0,M.Mahendran@grse.co.in,42:19.2
2534,,0,sg.rane1977@gov.in,42:33.3
2535,RECTIFIER / TRANSFORMERS,0,M.Mahendran@grse.co.in,43:12.0
2536,,0,M.Mahendran@grse.co.in,44:27.5
2537,,0,sg.rane1977@gov.in,44:55.9
2538,Packing Box,0,cio@indiaoptel.in,44:59.2
2539,,0,amitkumarsarraf@ord.gov.in,45:26.9
2540,COMPOSITE SUPER STRUCTURE,0,M.Mahendran@grse.co.in,45:52.5
2541,,0,sg.rane1977@gov.in,47:03.0
2542,"RUST, GREASE RE REMOVER",0,M.Mahendran@grse.co.in,47:13.3
2543,,0,amitkumarsarraf@ord.gov.in,48:04.6
2544,UNMANEED VEHICLES AND SYSTEMS,0,M.Mahendran@grse.co.in,49:00.3
2545,,0,sg.rane1977@gov.in,49:04.7
2546,FASTENER,0,M.Mahendran@grse.co.in,50:01.0
2547,,0,sg.rane1977@gov.in,50:55.0
2548,,0,sg.rane1977@gov.in,53:01.6
2549,,0,sg.rane1977@gov.in,55:25.3
2550,,0,amitkumar6@ord.gov.in,55:42.5
2551,,0,sg.rane1977@gov.in,57:17.6
2552,,0,amitkumarsarraf@ord.gov.in,59:04.8
2553,,0,pawanjeetsingh@ord.gov.in,59:38.1
2554,,0,pawanjeetsingh@ord.gov.in,00:37.9
2555,,0,sg.rane1977@gov.in,00:38.5
2556,,0,amitkumarsarraf@ord.gov.in,01:32.7
2557,,0,pawanjeetsingh@ord.gov.in,01:33.5
2558,,0,pawanjeetsingh@ord.gov.in,02:28.9
2559,,0,sg.rane1977@gov.in,02:52.5
2560,,0,pawanjeetsingh@ord.gov.in,03:20.6
2561,,0,pawanjeetsingh@ord.gov.in,04:11.5
2562,,0,sg.rane1977@gov.in,05:02.8
2563,,0,amitkumarsarraf@ord.gov.in,05:44.6
2564,,0,anuj.jain94@nic.in,05:53.7
2565,,0,sg.rane1977@gov.in,06:50.3
2566,,0,anuj.jain94@nic.in,07:00.1
2567,,0,amitkumar6@ord.gov.in,07:33.7
2568,,0,pawanjeetsingh@ord.gov.in,07:34.3
2569,optical,0,cio@indiaoptel.in,07:52.0
2570,,0,pawanjeetsingh@ord.gov.in,09:33.5
2571,,0,amitkumarsarraf@ord.gov.in,12:29.7
2572,,0,anuj.jain94@nic.in,13:17.9
2573,,0,anuj.jain94@nic.in,14:19.0
2574,,0,pawanjeetsingh@ord.gov.in,14:20.3
2575,,0,amitkumarsarraf@ord.gov.in,15:21.5
2576,,0,pawanjeetsingh@ord.gov.in,15:53.4
2577,,0,pawanjeetsingh@ord.gov.in,16:38.2
2578,,0,pawanjeetsingh@ord.gov.in,17:18.8
2579,,0,amitkumarsarraf@ord.gov.in,17:59.6
2580,,0,amitkumarsarraf@ord.gov.in,20:30.9
2581,,0,amitkumarsarraf@ord.gov.in,23:40.6
2582,optical,0,cio@indiaoptel.in,25:45.0
2583,,0,amitkumarsarraf@ord.gov.in,26:12.9
2584,,0,amitkumarsarraf@ord.gov.in,28:39.4
2585,,0,cio@indiaoptel.in,33:17.2
2586,,0,amitkumarsarraf@ord.gov.in,35:07.9
2587,,0,amitkumar6@ord.gov.in,35:52.6
2588,,0,amitkumarsarraf@ord.gov.in,37:53.7
2589,,0,amitkumarsarraf@ord.gov.in,43:00.0
2590,,0,cio@indiaoptel.in,44:21.8
2591,,0,anuj.jain94@nic.in,51:44.6
2592,,0,anuj.jain94@nic.in,53:13.3
2593,,0,anuj.jain94@nic.in,54:22.1
2594,,0,anuj.jain94@nic.in,10:59.6
2595,,0,anuj.jain94@nic.in,11:31.8
2596,,0,anuj.jain94@nic.in,12:25.7
2597,,0,anuj.jain94@nic.in,16:11.3
2598,,0,anuj.jain94@nic.in,17:02.0
2599,,0,anuj.jain94@nic.in,18:54.9
2600,,0,anuj.jain94@nic.in,21:53.6
2601,,0,anuj.jain94@nic.in,24:32.4
2602,,0,anuj.jain94@nic.in,25:33.3
2603,,0,anuj.jain94@nic.in,27:54.6
2604,,0,anuj.jain94@nic.in,28:26.1
2605,,0,anuj.jain94@nic.in,29:49.6
2606,,0,anuj.jain94@nic.in,30:34.6
2607,,0,anuj.jain94@nic.in,33:04.1
2608,,0,anuj.jain94@nic.in,34:48.9
2609,,0,anuj.jain94@nic.in,36:15.6
2610,,0,cio@indiaoptel.in,39:01.0
2611,Spares & Components,0,cio@indiaoptel.in,48:44.4
2612,,0,cio@indiaoptel.in,02:23.7
2613,,0,cio@indiaoptel.in,26:02.3
2614,,0,cio@indiaoptel.in,41:36.0
2615,,0,cio@indiaoptel.in,53:22.5
2616,,0,anuj.jain94@nic.in,56:29.1
2617,,0,amitkumar6@ord.gov.in,58:11.4
2618,,0,amitkumar6@ord.gov.in,58:12.5
2619,,0,umakant.prajapati@gov.in,00:15.7
2620,,0,cio@indiaoptel.in,02:23.4
2621,,0,umakant.prajapati@gov.in,04:22.2
2622,,0,amitkumar6@ord.gov.in,05:43.2
2623,,0,umakant.prajapati@gov.in,06:48.9
2624,,0,umakant.prajapati@gov.in,08:46.1
2625,,0,umakant.prajapati@gov.in,09:31.6
2626,,0,umakant.prajapati@gov.in,10:16.1
2627,,0,umakant.prajapati@gov.in,11:36.2
2628,,0,amitkumar6@ord.gov.in,11:44.2
2629,,0,umakant.prajapati@gov.in,12:46.0
2630,,0,umakant.prajapati@gov.in,13:24.7
2631,,0,umakant.prajapati@gov.in,14:26.4
2632,,0,umakant.prajapati@gov.in,15:13.5
2633,,0,umakant.prajapati@gov.in,16:10.0
2634,,0,umakant.prajapati@gov.in,17:16.4
2635,,0,umakant.prajapati@gov.in,18:05.2
2636,,0,diptimoy.mohanty@midhani-india.in,18:25.4
2637,,0,amitkumar6@ord.gov.in,18:42.4
2638,,0,umakant.prajapati@gov.in,20:28.3
2639,Capital Goods,0,diptimoy.mohanty@midhani-india.in,21:55.0
2640,,0,amitkumar6@ord.gov.in,24:41.3
2641,,0,umakant.prajapati@gov.in,26:28.3
2642,,0,umakant.prajapati@gov.in,27:38.2
2643,,0,umakant.prajapati@gov.in,29:33.2
2644,,0,raghunandanjha@ord.gov.in,30:18.3
2645,,0,umakant.prajapati@gov.in,31:01.0
2646,,0,raghunandanjha@ord.gov.in,31:10.4
2647,,0,sekar.v@bemlltd.in,32:01.7
2648,,0,raghunandanjha@ord.gov.in,32:02.8
2649,,0,umakant.prajapati@gov.in,32:47.4
2650,,0,umakant.prajapati@gov.in,34:00.2
2651,,0,raghunandanjha@ord.gov.in,35:51.5
2652,,0,amitkumar6@ord.gov.in,36:59.5
2653,,0,raghunandanjha@ord.gov.in,37:29.4
2654,FIRE EXT. DRY POWDER,0,mahesh.jadhav85@gov.in,39:49.8
2655,,0,raghunandanjha@ord.gov.in,39:54.5
2656,,0,umakant.prajapati@gov.in,39:58.1
2657,,0,raghunandanjha@ord.gov.in,40:57.6
2658,,0,amitkumar6@ord.gov.in,41:20.6
2659,Fire Extinguisher Charge,0,mahesh.jadhav85@gov.in,43:47.0
2660,,0,sekar.v@bemlltd.in,44:07.3
2661,,0,raghunandanjha@ord.gov.in,44:40.6
2662,,0,raghunandanjha@ord.gov.in,45:50.8
2663,Fire Extinguisher Charge,0,mahesh.jadhav85@gov.in,47:00.1
2664,,0,raghunandanjha@ord.gov.in,47:19.4
2665,,0,umakant.prajapati@gov.in,48:05.2
2666,,0,sekar.v@bemlltd.in,48:57.1
2667,,0,umakant.prajapati@gov.in,49:31.8
2668,,0,amitkumar6@ord.gov.in,51:26.1
2669,,0,umakant.prajapati@gov.in,53:05.6
2670,,0,raghunandanjha@ord.gov.in,53:35.8
2671,,0,raghunandanjha@ord.gov.in,54:35.8
2672,,0,umakant.prajapati@gov.in,54:48.9
2673,,0,amitkumar6@ord.gov.in,54:54.1
2674,,0,umakant.prajapati@gov.in,56:10.2
2675,BANDSAW BLADES,0,raghunandanjha@ord.gov.in,57:37.3
2676,,0,umakant.prajapati@gov.in,58:23.3
2677,,0,umakant.prajapati@gov.in,59:35.6
2678,,0,umakant.prajapati@gov.in,00:39.9
2679,,0,sekar.v@bemlltd.in,01:01.7
2680,,0,umakant.prajapati@gov.in,01:47.7
2681,,0,raghunandanjha@ord.gov.in,02:07.0
2682,,0,umakant.prajapati@gov.in,02:59.8
2683,,0,umakant.prajapati@gov.in,03:30.3
2684,,0,umakant.prajapati@gov.in,04:10.3
2685,,0,raghunandanjha@ord.gov.in,04:24.3
2686,,0,umakant.prajapati@gov.in,05:38.7
2687,,0,umakant.prajapati@gov.in,06:48.0
2688,,0,raghunandanjha@ord.gov.in,07:25.9
2689,,0,umakant.prajapati@gov.in,07:55.6
2690,,0,umakant.prajapati@gov.in,08:55.0
2691,PRECISION TOOL,0,raghunandanjha@ord.gov.in,09:57.7
2692,,0,umakant.prajapati@gov.in,10:35.1
2693,,0,umakant.prajapati@gov.in,12:09.2
2694,,0,raghunandanjha@ord.gov.in,13:41.2
2695,,0,umakant.prajapati@gov.in,13:52.0
2696,,0,umakant.prajapati@gov.in,14:46.4
2697,,0,umakant.prajapati@gov.in,15:59.2
2698,,0,raghunandanjha@ord.gov.in,16:03.2
2699,,0,raghunandanjha@ord.gov.in,19:07.4
2700,Forging and Machining of Super Ni,0,diptimoy.mohanty@midhani-india.in,32:59.5
2701,other,0,raghunandanjha@ord.gov.in,34:27.1
2702,Selling of Scrap,0,diptimoy.mohanty@midhani-india.in,34:41.0
2703,Filter Bags and Cages,0,diptimoy.mohanty@midhani-india.in,35:51.8
2704,Revamping of Cooling tower,0,diptimoy.mohanty@midhani-india.in,36:59.2
2705,,0,raghunandanjha@ord.gov.in,37:02.3
2706,ceramics,0,diptimoy.mohanty@midhani-india.in,38:12.3
2707,,0,raghunandanjha@ord.gov.in,38:54.3
2708,,0,diptimoy.mohanty@midhani-india.in,39:48.4
2709,,0,raghunandanjha@ord.gov.in,39:54.1
2710,,0,diptimoy.mohanty@midhani-india.in,41:48.7
2711,,0,raghunandanjha@ord.gov.in,42:13.0
2712,,0,diptimoy.mohanty@midhani-india.in,42:59.3
2713,,0,diptimoy.mohanty@midhani-india.in,43:54.8
2714,,0,raghunandanjha@ord.gov.in,44:13.5
2715,,0,umakant.prajapati@gov.in,44:42.7
2716,,0,diptimoy.mohanty@midhani-india.in,45:14.7
2717,,0,raghunandanjha@ord.gov.in,45:30.3
2718,,0,umakant.prajapati@gov.in,46:21.4
2719,,0,diptimoy.mohanty@midhani-india.in,46:34.7
2720,,0,diptimoy.mohanty@midhani-india.in,47:16.0
2721,,0,raghunandanjha@ord.gov.in,47:35.4
2722,,0,sekar.v@bemlltd.in,47:49.1
2723,,0,diptimoy.mohanty@midhani-india.in,48:00.5
2724,,0,raghunandanjha@ord.gov.in,48:58.7
2725,,0,diptimoy.mohanty@midhani-india.in,49:12.9
2726,,0,raghunandanjha@ord.gov.in,49:56.2
2727,,0,diptimoy.mohanty@midhani-india.in,50:20.1
2728,,0,cio@indiaoptel.in,50:20.1
2729,,0,raghunandanjha@ord.gov.in,50:35.4
2730,,0,diptimoy.mohanty@midhani-india.in,51:05.1
2731,,0,raghunandanjha@ord.gov.in,51:31.6
2732,,0,diptimoy.mohanty@midhani-india.in,51:54.3
2733,,0,diptimoy.mohanty@midhani-india.in,52:36.8
2734,,0,raghunandanjha@ord.gov.in,52:45.6
2735,,0,raghunandanjha@ord.gov.in,53:15.9
2736,,0,diptimoy.mohanty@midhani-india.in,53:32.7
2737,,0,diptimoy.mohanty@midhani-india.in,54:13.9
2738,,0,sekar.v@bemlltd.in,55:18.4
2739,,0,diptimoy.mohanty@midhani-india.in,55:26.9
2740,,0,raghunandanjha@ord.gov.in,55:41.0
2741,,0,raghunandanjha@ord.gov.in,56:14.4
2742,,0,diptimoy.mohanty@midhani-india.in,56:19.4
2743,,0,diptimoy.mohanty@midhani-india.in,57:01.8
2744,,0,sekar.v@bemlltd.in,58:03.2
2745,,0,diptimoy.mohanty@midhani-india.in,58:33.1
2746,,0,raghunandanjha@ord.gov.in,59:11.0
2747,,0,diptimoy.mohanty@midhani-india.in,59:31.3
2748,,0,raghunandanjha@ord.gov.in,00:50.8
2749,,0,diptimoy.mohanty@midhani-india.in,01:00.9
2750,,0,raghunandanjha@ord.gov.in,02:10.5
2751,,0,diptimoy.mohanty@midhani-india.in,02:10.6
2752,,0,cio@indiaoptel.in,02:37.0
2753,,0,sekar.v@bemlltd.in,02:59.4
2754,,0,raghunandanjha@ord.gov.in,03:08.6
2755,,0,diptimoy.mohanty@midhani-india.in,03:09.7
2756,,0,diptimoy.mohanty@midhani-india.in,03:55.5
2757,,0,raghunandanjha@ord.gov.in,04:09.3
2758,,0,diptimoy.mohanty@midhani-india.in,05:01.4
2759,Plastic,0,raghunandanjha@ord.gov.in,06:09.3
2760,,0,diptimoy.mohanty@midhani-india.in,06:20.9
2761,,0,sekar.v@bemlltd.in,07:00.1
2762,,0,raghunandanjha@ord.gov.in,07:31.7
2763,,0,cio@indiaoptel.in,07:55.1
2764,,0,diptimoy.mohanty@midhani-india.in,08:01.7
2765,,0,raghunandanjha@ord.gov.in,08:09.1
2766,,0,diptimoy.mohanty@midhani-india.in,09:12.4
2767,,0,raghunandanjha@ord.gov.in,09:55.3
2768,,0,umakant.prajapati@gov.in,10:11.0
2769,,0,umakant.prajapati@gov.in,10:48.2
2770,,0,sekar.v@bemlltd.in,10:50.9
2771,,0,diptimoy.mohanty@midhani-india.in,11:17.8
2772,,0,umakant.prajapati@gov.in,11:48.7
2773,,0,diptimoy.mohanty@midhani-india.in,12:15.6
2774,,0,umakant.prajapati@gov.in,12:38.0
2775,,0,bdldgmcc-ap@bdl-india.in,12:57.7
2776,,0,diptimoy.mohanty@midhani-india.in,13:09.3
2777,,0,raghunandanjha@ord.gov.in,13:24.2
2778,,0,umakant.prajapati@gov.in,13:26.5
2779,,0,diptimoy.mohanty@midhani-india.in,14:00.3
2780,,0,umakant.prajapati@gov.in,14:18.9
2781,,0,raghunandanjha@ord.gov.in,14:44.7
2782,,0,sekar.v@bemlltd.in,14:50.1
2783,,0,umakant.prajapati@gov.in,14:58.1
2784,,0,diptimoy.mohanty@midhani-india.in,15:03.2
2785,,0,diptimoy.mohanty@midhani-india.in,15:52.5
2786,,0,bdldgmcc-ap@bdl-india.in,16:15.5
2787,,0,raghunandanjha@ord.gov.in,16:51.3
2788,,0,diptimoy.mohanty@midhani-india.in,16:54.5
2789,,0,sharmaswati.1707@gmail.com,17:04.2
2790,,0,sekar.v@bemlltd.in,17:14.5
2791,,0,bdldgmcc-ap@bdl-india.in,17:14.5
2792,,0,diptimoy.mohanty@midhani-india.in,17:49.6
2793,,0,raghunandanjha@ord.gov.in,18:00.9
2794,,0,diptimoy.mohanty@midhani-india.in,18:54.3
2795,,0,raghunandanjha@ord.gov.in,19:07.5
2796,,0,sekar.v@bemlltd.in,19:23.5
2797,,0,raghunandanjha@ord.gov.in,19:42.0
2798,,0,diptimoy.mohanty@midhani-india.in,19:43.7
2799,,0,raghunandanjha@ord.gov.in,20:16.0
2800,,0,diptimoy.mohanty@midhani-india.in,20:37.5
2801,,0,raghunandanjha@ord.gov.in,21:33.7
2802,,0,diptimoy.mohanty@midhani-india.in,21:39.5
2803,,0,sekar.v@bemlltd.in,22:55.9
2804,,0,diptimoy.mohanty@midhani-india.in,23:43.0
2805,,0,bdldgmcc-ap@bdl-india.in,24:27.2
2806,,0,diptimoy.mohanty@midhani-india.in,24:28.6
2807,,0,diptimoy.mohanty@midhani-india.in,25:24.6
2808,,0,sekar.v@bemlltd.in,26:07.2
2809,,0,diptimoy.mohanty@midhani-india.in,26:15.8
2810,,0,bdldgmcc-ap@bdl-india.in,26:37.7
2811,,0,diptimoy.mohanty@midhani-india.in,27:30.1
2812,,0,bdldgmcc-ap@bdl-india.in,28:50.9
2813,,0,diptimoy.mohanty@midhani-india.in,29:35.6
2814,,0,bdldgmcc-ap@bdl-india.in,29:36.1
2815,,0,sekar.v@bemlltd.in,30:21.7
2816,,0,sekar.v@bemlltd.in,32:20.7
2817,,0,bdldgmcc-ap@bdl-india.in,32:43.5
2818,,0,sekar.v@bemlltd.in,34:48.4
2819,,0,sekar.v@bemlltd.in,36:53.8
2820,"Binding drawings, manuals and documents,Installation & commissioning spares,Shipboard incinerator",0,M.Mahendran@grse.co.in,11:41.2
2821,"Electrical Control Panel,Honeycomb Filter ,VALVE CONTROL MANIFOLD",0,M.Mahendran@grse.co.in,17:05.7
2822,"GLAND PACKING,BODY SEAL,STEM SEAL,STUD & NUT",0,M.Mahendran@grse.co.in,23:29.9
2823,Optical Spectrometer,0,M.Mahendran@grse.co.in,26:43.4
2824,"UNDERWAY CTD WITH SENSOR,ON BOARD SPARES",0,M.Mahendran@grse.co.in,29:59.0
2825,Bilge/Fire Pump,0,M.Mahendran@grse.co.in,37:10.4
2826,LED Flood Lights,0,M.Mahendran@grse.co.in,40:54.6
2827,,0,raghunandanjha@ord.gov.in,43:05.0
2828,,0,raghunandanjha@ord.gov.in,45:55.4
2829,HEAT TREATED  STEEL SHOT,0,M.Mahendran@grse.co.in,46:14.5
2830,REPLACEMENT OF HATCH PLUGS,0,M.Mahendran@grse.co.in,48:21.9
2831,,0,raghunandanjha@ord.gov.in,49:05.3
2832,,0,raghunandanjha@ord.gov.in,50:03.1
2833,Shifting of RAILTEL for DC relocation,0,M.Mahendran@grse.co.in,50:22.9
2834,,0,raghunandanjha@ord.gov.in,50:50.4
2835,,0,raghunandanjha@ord.gov.in,51:27.4
2836,AMC of Canon make photocopier Machine,0,M.Mahendran@grse.co.in,52:58.2
2837,TOOLS & DRILLS,0,kajodmalsharma@ord.gov.in,52:58.2
2838,ELECTRODE,0,M.Mahendran@grse.co.in,55:09.6
2839,,0,raghunandanjha@ord.gov.in,55:17.2
2840,,0,raghunandanjha@ord.gov.in,55:53.0
2841,,0,raghunandanjha@ord.gov.in,57:21.9
2842,medicine,0,M.Mahendran@grse.co.in,58:27.2
2843,,0,raghunandanjha@ord.gov.in,58:31.9
2844,,0,raghunandanjha@ord.gov.in,59:10.9
2845,,0,raghunandanjha@ord.gov.in,59:45.6
2846,ELECTRODES,0,M.Mahendran@grse.co.in,00:23.8
2847,,0,raghunandanjha@ord.gov.in,01:39.2
2848,Enterprise Support Service for SAP S/W,0,M.Mahendran@grse.co.in,02:14.2
2849,,0,raghunandanjha@ord.gov.in,02:40.7
2850,LED TUBE LIGHT,0,kajodmalsharma@ord.gov.in,02:47.9
2851,,0,M.Mahendran@grse.co.in,03:42.6
2852,,0,raghunandanjha@ord.gov.in,04:32.0
2853,,0,raghunandanjha@ord.gov.in,05:38.4
2854,WELDING SET 3 PHASE,0,kajodmalsharma@ord.gov.in,05:50.6
2855,,0,pawanjeetsingh@ord.gov.in,06:54.3
2856,STATIONERY,0,raghunandanjha@ord.gov.in,07:01.4
2857,"CONTROL TRANSFORMER -440V HEAVY DUTY,ROTARY SWITCH ON/OF ,INDICATOR LAMP WITH HOLDER,POTENTIO METER ",0,M.Mahendran@grse.co.in,07:14.0
2858,,0,pawanjeetsingh@ord.gov.in,07:17.4
2859,,0,pawanjeetsingh@ord.gov.in,07:55.6
2860,COMPLETE SPINDLE ASSEMBLY,0,kajodmalsharma@ord.gov.in,08:04.4
2861,,0,raghunandanjha@ord.gov.in,08:05.8
2862,MEASURING DEVICE,0,raghunandanjha@ord.gov.in,09:02.1
2863,ON BOARD SPARE FOR OWS,0,M.Mahendran@grse.co.in,09:27.7
2864,,0,pawanjeetsingh@ord.gov.in,09:28.1
2865,MEASURING DEVICE,0,raghunandanjha@ord.gov.in,09:36.4
2866,,0,pawanjeetsingh@ord.gov.in,09:45.5
2867,,0,pawanjeetsingh@ord.gov.in,10:48.8
2868,,0,raghunandanjha@ord.gov.in,10:57.9
2869,PAINT ENAMEL SYNTHETIC GREY,0,kajodmalsharma@ord.gov.in,11:04.2
2870,,0,raghunandanjha@ord.gov.in,11:44.4
2871,,0,pawanjeetsingh@ord.gov.in,13:07.7
2872,,0,raghunandanjha@ord.gov.in,13:16.2
2873,,0,pawanjeetsingh@ord.gov.in,13:57.9
2874,,0,raghunandanjha@ord.gov.in,14:10.6
2875,,0,raghunandanjha@ord.gov.in,15:07.7
2876,,0,kajodmalsharma@ord.gov.in,15:34.7
2877,,0,pawanjeetsingh@ord.gov.in,15:37.4
2878,,0,raghunandanjha@ord.gov.in,15:56.6
2879,,0,raghunandanjha@ord.gov.in,16:22.4
2880,,0,raghunandanjha@ord.gov.in,17:13.2
2881,"GAUGE THREAD,HEAY DUTY 10 TON FLAT HYDRAULIC JACK.RULE TYPE LEVELLING GAUGE TRIANGULAR,",0,M.Mahendran@grse.co.in,17:36.4
2882,CUTTING OIL,0,kajodmalsharma@ord.gov.in,18:50.2
2883,,0,raghunandanjha@ord.gov.in,19:23.3
2884,,0,raghunandanjha@ord.gov.in,19:52.3
2885,,0,pawanjeetsingh@ord.gov.in,20:03.1
2886,,0,raghunandanjha@ord.gov.in,20:23.7
2887,REFRACTORY,0,kajodmalsharma@ord.gov.in,20:29.5
2888,,0,pawanjeetsingh@ord.gov.in,22:11.5
2889,TRACTION BATTERY DRY UNCHARGED,0,kajodmalsharma@ord.gov.in,23:22.1
2890,,0,raghunandanjha@ord.gov.in,23:52.8
2891,,0,raghunandanjha@ord.gov.in,24:25.6
2892,,0,raghunandanjha@ord.gov.in,24:56.7
2893,EXOTHERMIC POWDER,0,kajodmalsharma@ord.gov.in,32:51.0
2894,,0,kajodmalsharma@ord.gov.in,34:49.9
2895,,0,kajodmalsharma@ord.gov.in,37:11.2
2896,WELDING CABLE,0,kajodmalsharma@ord.gov.in,39:25.0
2897,,0,diptimoy.mohanty@midhani-india.in,40:33.1
2898,OIL PUMP WITH MOTOR,0,kajodmalsharma@ord.gov.in,41:14.8
2899,,0,diptimoy.mohanty@midhani-india.in,42:54.0
2900,BOLTS,0,kajodmalsharma@ord.gov.in,43:37.5
2901,,0,diptimoy.mohanty@midhani-india.in,44:15.7
2902,,0,diptimoy.mohanty@midhani-india.in,45:08.3
2903,,0,pawanjeetsingh@ord.gov.in,45:43.0
2904,,0,diptimoy.mohanty@midhani-india.in,46:18.2
2905,,0,pawanjeetsingh@ord.gov.in,46:24.0
2906,,0,pawanjeetsingh@ord.gov.in,47:18.5
2907,ELECTRONIC ITEM,0,kajodmalsharma@ord.gov.in,47:29.9
2908,,0,diptimoy.mohanty@midhani-india.in,48:50.0
2909,,0,pawanjeetsingh@ord.gov.in,49:02.0
2910,,0,kajodmalsharma@ord.gov.in,49:28.8
2911,,0,pawanjeetsingh@ord.gov.in,49:30.4
2912,,0,pawanjeetsingh@ord.gov.in,49:58.1
2913,,0,diptimoy.mohanty@midhani-india.in,50:12.0
2914,,0,pawanjeetsingh@ord.gov.in,50:27.0
2915,,0,kajodmalsharma@ord.gov.in,51:22.6
2916,,0,pawanjeetsingh@ord.gov.in,51:32.2
2917,,0,pawanjeetsingh@ord.gov.in,53:07.4
2918,PRINTER,0,kajodmalsharma@ord.gov.in,53:54.5
2919,,0,cio@indiaoptel.in,54:24.1
2920,,0,diptimoy.mohanty@midhani-india.in,55:25.3
2921,,0,pawanjeetsingh@ord.gov.in,55:35.9
2922,,0,pawanjeetsingh@ord.gov.in,56:19.9
2923,CNC MACHINES CHIP CONVEYOR,0,kajodmalsharma@ord.gov.in,56:51.9
2924,,0,pawanjeetsingh@ord.gov.in,57:05.8
2925,,0,diptimoy.mohanty@midhani-india.in,58:15.5
2926,,0,pawanjeetsingh@ord.gov.in,58:57.1
2927,,0,pawanjeetsingh@ord.gov.in,59:26.7
2928,,0,diptimoy.mohanty@midhani-india.in,59:27.5
2929,,0,kajodmalsharma@ord.gov.in,59:45.2
2930,,0,pawanjeetsingh@ord.gov.in,00:05.0
2931,,0,pawanjeetsingh@ord.gov.in,00:35.1
2932,,0,pawanjeetsingh@ord.gov.in,01:03.3
2933,,0,pawanjeetsingh@ord.gov.in,01:29.1
2934,,0,pawanjeetsingh@ord.gov.in,01:59.0
2935,,0,pawanjeetsingh@ord.gov.in,02:54.9
2936,OTHERS,0,kajodmalsharma@ord.gov.in,02:58.4
2937,,0,pawanjeetsingh@ord.gov.in,03:57.2
2938,,0,pawanjeetsingh@ord.gov.in,06:04.1
2939,,0,pawanjeetsingh@ord.gov.in,06:37.8
2940,OTHERS,0,kajodmalsharma@ord.gov.in,07:37.5
2941,OTHERS,0,kajodmalsharma@ord.gov.in,10:09.6
2942,,0,pawanjeetsingh@ord.gov.in,10:18.9
2943,,0,pawanjeetsingh@ord.gov.in,13:13.3
2944,,0,pawanjeetsingh@ord.gov.in,14:15.7
2945,FOUNDRY CHEMICAL,0,kajodmalsharma@ord.gov.in,19:32.9
2946,,0,pawanjeetsingh@ord.gov.in,19:48.2
2947,,0,pawanjeetsingh@ord.gov.in,20:28.9
2948,,0,kajodmalsharma@ord.gov.in,20:52.9
2949,,0,pawanjeetsingh@ord.gov.in,21:01.0
2950,,0,pawanjeetsingh@ord.gov.in,21:36.6
2951,,0,kajodmalsharma@ord.gov.in,22:05.1
2952,,0,pawanjeetsingh@ord.gov.in,22:08.4
2953,,0,pawanjeetsingh@ord.gov.in,22:43.2
2954,,0,kajodmalsharma@ord.gov.in,24:16.4
2955,,0,pawanjeetsingh@ord.gov.in,25:24.8
2956,,0,pawanjeetsingh@ord.gov.in,25:54.8
2957,,0,pawanjeetsingh@ord.gov.in,26:29.6
2958,,0,pawanjeetsingh@ord.gov.in,26:59.3
2959,,0,pawanjeetsingh@ord.gov.in,27:26.7
2960,,0,pawanjeetsingh@ord.gov.in,28:03.2
2961,,0,pawanjeetsingh@ord.gov.in,28:42.2
2962,,0,kajodmalsharma@ord.gov.in,29:22.6
2963,,0,M.Mahendran@grse.co.in,30:47.1
2964,,0,M.Mahendran@grse.co.in,36:30.3
2965,,0,M.Mahendran@grse.co.in,39:01.1
2966,,0,M.Mahendran@grse.co.in,44:28.7
2967,PSI FOR MAIN PROPULSION,0,M.Mahendran@grse.co.in,59:03.0
2968,,0,amitkumar6@ord.gov.in,02:11.6
2969,,0,amitkumar6@ord.gov.in,11:10.5
2970,,0,M.Mahendran@grse.co.in,13:19.3
2971,,0,M.Mahendran@grse.co.in,15:45.3
2972,,0,cio@indiaoptel.in,16:12.4
2973,,0,pawanjeetsingh@ord.gov.in,16:32.7
2974,,0,amitkumar6@ord.gov.in,17:16.6
2975,,0,amitkumar6@ord.gov.in,21:46.6
2976,,0,cio@indiaoptel.in,21:48.7
2977,,0,pawanjeetsingh@ord.gov.in,28:36.2
2978,,0,M.Mahendran@grse.co.in,29:10.9
2979,,0,pawanjeetsingh@ord.gov.in,30:41.7
2980,,0,amitkumar6@ord.gov.in,30:48.2
2981,,0,cio@indiaoptel.in,31:07.9
2982,,0,pawanjeetsingh@ord.gov.in,32:24.0
2983,,0,pawanjeetsingh@ord.gov.in,32:46.4
2984,,0,pawanjeetsingh@ord.gov.in,33:15.1
2985,,0,M.Mahendran@grse.co.in,36:22.6
2986,,0,cio@indiaoptel.in,38:16.5
2987,,0,amitkumar6@ord.gov.in,39:04.3
2988,,0,cio@indiaoptel.in,40:32.5
2989,,0,cio@indiaoptel.in,46:56.3
2990,,0,amitkumar6@ord.gov.in,48:31.9
2991,CO2 Type Fire Extinguisher,0,M.Mahendran@grse.co.in,53:31.8
2992,AMC OF SCAN SYSTEM OF BARREL,0,amitkumar6@ord.gov.in,54:46.0
2993,,0,cio@indiaoptel.in,56:26.0
2994,FIRE HOSE,0,M.Mahendran@grse.co.in,58:29.3
2995,,0,amitkumar6@ord.gov.in,59:17.4
2996,,0,cio@indiaoptel.in,59:28.8
2997,,0,amitkumar6@ord.gov.in,02:39.2
2998,,0,cio@indiaoptel.in,02:56.4
2999,,0,cio@indiaoptel.in,09:58.8
3000,MACHINING OF WEAPON SEAT,0,M.Mahendran@grse.co.in,10:37.4
3001,SERVICE_SYSTEM COAT PAINTING,0,M.Mahendran@grse.co.in,13:21.7
3002,Packing Material,0,cio@indiaoptel.in,16:44.6
3003,,0,cio@indiaoptel.in,20:50.2
3004,,0,cio@indiaoptel.in,31:59.1
3005,,0,cio@indiaoptel.in,47:42.3
3006,Electric Light Equipment,0,cio@indiaoptel.in,01:12.4
3007,,0,haribabu.kandregula@midhani-india.in,27:22.7
3008,,0,cio@indiaoptel.in,20:14.8
3009,,0,cio@indiaoptel.in,21:54.7
3010,,0,cio@indiaoptel.in,25:30.8
3011,,0,cio@indiaoptel.in,29:21.5
3012,,0,cio@indiaoptel.in,30:04.4
3013,,0,cio@indiaoptel.in,31:42.9
3014,,0,cio@indiaoptel.in,34:03.4
3015,,0,cio@indiaoptel.in,34:44.3
3016,FFE,0,mahesh.jadhav85@gov.in,26:36.2
3017,Fire Ext Charge,0,mahesh.jadhav85@gov.in,29:11.3
3018,Compound Foam Liquid,0,mahesh.jadhav85@gov.in,31:24.8
3019,Charge Fire Extinguisher,0,mahesh.jadhav85@gov.in,33:47.8
3020,Charge Fire Extinguisher,0,mahesh.jadhav85@gov.in,36:02.8
3021,Liquid Foam,0,mahesh.jadhav85@gov.in,38:03.4
3022,Tyre,0,mahesh.jadhav85@gov.in,05:29.6
3023,Tyre,0,mahesh.jadhav85@gov.in,07:04.8
3024,,0,amitkumarsarraf@ord.gov.in,08:27.2
3025,tyre,0,mahesh.jadhav85@gov.in,08:44.8
3026,tyre,0,mahesh.jadhav85@gov.in,10:15.9
3027,tyre,0,mahesh.jadhav85@gov.in,12:04.0
3028,,0,amitkumarsarraf@ord.gov.in,13:17.9
3029,Tyre,0,mahesh.jadhav85@gov.in,13:54.0
3030,,0,amitkumarsarraf@ord.gov.in,15:35.0
3031,,0,amitkumarsarraf@ord.gov.in,18:52.6
3032,,0,rajkumar@midhani-india.in,20:39.4
3033,,0,amitkumarsarraf@ord.gov.in,21:23.4
3034,,0,rajkumar@midhani-india.in,23:20.0
3035,,0,amitkumarsarraf@ord.gov.in,24:17.4
3036,Capital equipment,0,rajkumar@midhani-india.in,28:21.2
3037,,0,amitkumarsarraf@ord.gov.in,28:49.7
3038,,0,mahesh.jadhav85@gov.in,29:37.9
3039,,0,mahesh.jadhav85@gov.in,30:57.4
3040,,0,mahesh.jadhav85@gov.in,32:07.3
3041,,0,amitkumarsarraf@ord.gov.in,33:00.8
3042,,0,mahesh.jadhav85@gov.in,33:21.5
3043,,0,mahesh.jadhav85@gov.in,34:23.0
3044,,0,amitkumarsarraf@ord.gov.in,34:54.9
3045,,0,mahesh.jadhav85@gov.in,35:17.6
3046,,0,amitkumarsarraf@ord.gov.in,36:05.2
3047,,0,mahesh.jadhav85@gov.in,36:09.5
3048,,0,amitkumarsarraf@ord.gov.in,39:50.4
3049,,0,amitkumarsarraf@ord.gov.in,41:31.9
3050,,0,amitkumarsarraf@ord.gov.in,42:41.6
3051,,0,M.Mahendran@grse.co.in,44:12.8
3052,,0,amitkumarsarraf@ord.gov.in,44:23.0
3053,,0,amitkumarsarraf@ord.gov.in,45:35.8
3054,,0,amitkumarsarraf@ord.gov.in,48:08.7
3055,Fire Fighting Eqpt,0,mahesh.jadhav85@gov.in,49:01.3
3056,,0,amitkumarsarraf@ord.gov.in,50:14.1
3057,Fire Fighting Equipment,0,mahesh.jadhav85@gov.in,50:25.0
3058,Fire Fighting Eqpt,0,mahesh.jadhav85@gov.in,51:53.7
3059,,0,hod-imm-co@hal-india.co.in,52:16.2
3060,,0,amitkumarsarraf@ord.gov.in,52:21.3
3061,Fire Fighting Eqpt,0,mahesh.jadhav85@gov.in,53:13.8
3062,,0,M.Mahendran@grse.co.in,53:22.5
3063,,0,cio@indiaoptel.in,53:26.2
3064,Fire Fighting Eqpt,0,mahesh.jadhav85@gov.in,54:29.4
3065,,0,amitkumarsarraf@ord.gov.in,55:18.5
3066,,0,amitkumarsarraf@ord.gov.in,55:51.3
3067,Fire Fighting Eqpt,0,mahesh.jadhav85@gov.in,55:59.5
3068,,0,cio@indiaoptel.in,56:16.9
3069,,0,hod-imm-co@hal-india.co.in,56:58.5
3070,,0,amitkumarsarraf@ord.gov.in,57:00.1
3071,Fire Fighting Eqpt,0,mahesh.jadhav85@gov.in,57:10.8
3072,,0,amitkumarsarraf@ord.gov.in,57:46.9
3073,,0,amitkumarsarraf@ord.gov.in,58:26.1
3074,Fire Fighting Eqpt,0,mahesh.jadhav85@gov.in,58:32.6
3075,,0,amitkumarsarraf@ord.gov.in,59:10.7
3076,,0,amitkumarsarraf@ord.gov.in,00:22.6
3077,,0,hod-imm-co@hal-india.co.in,01:00.9
3078,,0,amitkumarsarraf@ord.gov.in,01:08.3
3079,,0,M.Mahendran@grse.co.in,01:45.1
3080,,0,hod-imm-co@hal-india.co.in,03:25.6
3081,,0,cio@indiaoptel.in,05:42.6
3082,,0,hod-imm-co@hal-india.co.in,05:44.0
3083,,0,mahesh.jadhav85@gov.in,06:01.4
3084,,0,cio@indiaoptel.in,08:47.9
3085,,0,M.Mahendran@grse.co.in,09:55.2
3086,,0,cio@indiaoptel.in,11:40.9
3087,,0,cio@indiaoptel.in,14:36.9
3088,Trailer,0,mahesh.jadhav85@gov.in,15:52.4
3089,ELEVATORS & ESCALATORS,0,M.Mahendran@grse.co.in,15:55.6
3090,,0,cio@indiaoptel.in,17:06.1
3091,Industrial Gases,0,amitkumarsarraf@ord.gov.in,18:15.1
3092,,0,M.Mahendran@grse.co.in,21:47.7
3093,,0,cio@indiaoptel.in,22:06.8
3094,,0,amitkumarsarraf@ord.gov.in,27:17.6
3095,,0,M.Mahendran@grse.co.in,28:03.8
3096,HMPE Ropes,0,M.Mahendran@grse.co.in,31:52.6
3097,,0,rajkumar@midhani-india.in,32:43.3
3098,,0,rajkumar@midhani-india.in,35:41.4
3099,,0,M.Mahendran@grse.co.in,38:33.2
3100,Trailer,0,mahesh.jadhav85@gov.in,39:55.9
3101,,0,rajkumar@midhani-india.in,41:20.0
3102,,0,M.Mahendran@grse.co.in,45:26.2
3103,,0,rajkumar@midhani-india.in,45:50.7
3104,STEEL PLATE,0,M.Mahendran@grse.co.in,48:33.4
3105,Fire Fighting Eqpt,0,mahesh.jadhav85@gov.in,49:01.6
3106,,0,rajkumar@midhani-india.in,49:54.2
3107,Fire Fighting Eqpt,0,mahesh.jadhav85@gov.in,50:22.1
3108,,0,mahesh.jadhav85@gov.in,51:31.2
3109,Fire Fighting Eqpt,0,mahesh.jadhav85@gov.in,52:47.6
3110,Material Handling equipment,0,rajkumar@midhani-india.in,54:20.7
3111,Fire Fighting Eqpt,0,mahesh.jadhav85@gov.in,54:31.3
3112,,0,M.Mahendran@grse.co.in,56:36.2
3113,FIRE Fighting Eqpt,0,mahesh.jadhav85@gov.in,56:42.1
3114,Fire Fighting Eqpt,0,mahesh.jadhav85@gov.in,57:50.1
3115,Servo Motors,0,rajkumar@midhani-india.in,58:21.9
3116,FFE,0,mahesh.jadhav85@gov.in,59:17.2
3117,flanges and pipe fittings.,0,M.Mahendran@grse.co.in,59:27.8
3118,,0,mkshukla@midhani-india.in,00:26.5
3119,FFE,0,mahesh.jadhav85@gov.in,00:28.9
3120,FFE,0,mahesh.jadhav85@gov.in,01:38.4
3121,,0,mkshukla@midhani-india.in,03:09.9
3122,Machine,0,rajkumar@midhani-india.in,03:37.3
3123,,0,snitesh@midhani-india.in,04:22.0
3124,,0,mkshukla@midhani-india.in,07:09.1
3125,,0,rajkumar@midhani-india.in,08:19.6
3126,,0,rajkumar@midhani-india.in,11:20.4
3127,,0,mkshukla@midhani-india.in,13:35.0
3128,FFE,0,mahesh.jadhav85@gov.in,14:46.4
3129,,0,mkshukla@midhani-india.in,15:28.2
3130,,0,rajkumar@midhani-india.in,15:48.2
3131,FFE,0,mahesh.jadhav85@gov.in,16:10.0
3132,,0,mkshukla@midhani-india.in,17:10.5
3133,FFE,0,mahesh.jadhav85@gov.in,18:20.3
3134,,0,mkshukla@midhani-india.in,19:09.4
3135,FFE,0,mahesh.jadhav85@gov.in,19:28.6
3136,Vehicle,0,mahesh.jadhav85@gov.in,20:56.8
3137,WELDING,0,M.Mahendran@grse.co.in,21:49.1
3138,,0,mkshukla@midhani-india.in,22:15.1
3139,,0,rajkumar@midhani-india.in,22:44.1
3140,Vehicle Accessory,0,mahesh.jadhav85@gov.in,22:50.0
3141,,0,snitesh@midhani-india.in,22:56.0
3142,Vehicle Accessory,0,mahesh.jadhav85@gov.in,24:08.6
3143,,0,mkshukla@midhani-india.in,24:18.1
3144,,0,snitesh@midhani-india.in,24:25.3
3145,,0,rajkumar@midhani-india.in,24:50.2
3146,,0,mkshukla@midhani-india.in,26:26.3
3147,,0,M.Mahendran@grse.co.in,26:56.0
3148,Excavator,0,mahesh.jadhav85@gov.in,30:41.6
3149,,0,rajkumar@midhani-india.in,31:31.9
3150,BULLET PROOF JACKET,0,M.Mahendran@grse.co.in,32:49.4
3151,,0,mahesh.jadhav85@gov.in,37:01.8
3152,Capital equipment,0,rajkumar@midhani-india.in,38:02.4
3153,,0,mahesh.jadhav85@gov.in,38:13.0
3154,,0,mahesh.jadhav85@gov.in,39:13.3
3155,,0,mahesh.jadhav85@gov.in,40:44.5
3156,,0,hod-imm-co@hal-india.co.in,41:22.8
3157,,0,mahesh.jadhav85@gov.in,41:49.0
3158,,0,hod-imm-co@hal-india.co.in,42:30.2
3159,,0,hod-imm-co@hal-india.co.in,43:42.2
3160,,0,hod-imm-co@hal-india.co.in,44:50.7
3161,voltage stabilizer and sustainable energy solutions,0,M.Mahendran@grse.co.in,45:17.7
3162,,0,hod-imm-co@hal-india.co.in,45:36.7
3163,,0,hod-imm-co@hal-india.co.in,46:38.6
3164,,0,rajkumar@midhani-india.in,46:58.1
3165,,0,mkshukla@midhani-india.in,47:05.6
3166,,0,hod-imm-co@hal-india.co.in,47:54.5
3167,,0,mkshukla@midhani-india.in,48:42.2
3168,,0,hod-imm-co@hal-india.co.in,49:03.7
3169,,0,rajkumar@midhani-india.in,49:11.5
3170,,0,hod-imm-co@hal-india.co.in,50:02.1
3171,,0,mkshukla@midhani-india.in,50:25.1
3172,,0,rajkumar@midhani-india.in,51:29.9
3173,,0,mkshukla@midhani-india.in,52:24.8
3174,NBC,0,mahesh.jadhav85@gov.in,52:40.3
3175,Portable pump set,0,M.Mahendran@grse.co.in,53:02.1
3176,,0,mkshukla@midhani-india.in,53:47.4
3177,NBC,0,mahesh.jadhav85@gov.in,53:49.3
3178,,0,rajkumar@midhani-india.in,54:55.7
3179,,0,mkshukla@midhani-india.in,56:03.1
3180,SAFETY HELMETS,0,M.Mahendran@grse.co.in,56:38.9
3181,,0,mkshukla@midhani-india.in,57:37.3
3182,NBC,0,mahesh.jadhav85@gov.in,59:29.1
3183,NBC,0,mahesh.jadhav85@gov.in,01:00.4
3184,SERVICES ON GEARBOX,0,M.Mahendran@grse.co.in,02:28.8
3185,,0,rajkumar@midhani-india.in,04:31.9
3186,Ambulance,0,rajkumar@midhani-india.in,07:12.2
3187,,0,rajkumar@midhani-india.in,10:34.6
3188,,0,rajkumar@midhani-india.in,12:48.8
3189,,0,rajkumar@midhani-india.in,17:49.6
3190,,0,hod-imm-co@hal-india.co.in,56:52.0
3191,"DECK COVERING, VINYL FLOORING",0,M.Mahendran@grse.co.in,03:23.1
3192,Lead Acid batteries,0,M.Mahendran@grse.co.in,06:27.7
3193,,0,hod-imm-co@hal-india.co.in,19:52.0
3194,"Chain Slings, Lifting Equipments",0,M.Mahendran@grse.co.in,20:59.9
3195,,0,hod-imm-co@hal-india.co.in,21:32.7
3196,complete design solutions,0,M.Mahendran@grse.co.in,24:28.4
3197,,0,hod-imm-co@hal-india.co.in,27:38.6
3198,,0,rajkumar@midhani-india.in,39:55.4
3199,,0,rajkumar@midhani-india.in,46:29.4
3200,,0,rajkumar@midhani-india.in,50:50.3
3201,,0,rajkumar@midhani-india.in,52:17.4
3202,Equipment,0,rajkumar@midhani-india.in,56:27.3
3203,Equipment,0,rajkumar@midhani-india.in,02:12.3
3204,elevator and escalator,0,Chowdhury.Santanu@grse.co.in,26:09.7
3205,,0,mkshukla@midhani-india.in,31:55.0
3206,,0,mkshukla@midhani-india.in,33:26.4
3207,,0,mkshukla@midhani-india.in,35:12.0
3208,,0,mkshukla@midhani-india.in,36:54.7
3209,,0,mkshukla@midhani-india.in,38:20.3
3210,,0,mkshukla@midhani-india.in,40:32.8
3211,,0,mkshukla@midhani-india.in,42:25.8
3212,Elevators and Escalator,0,Chowdhury.Santanu@grse.co.in,43:49.0
3213,,0,mkshukla@midhani-india.in,44:17.0
3214,,0,mkshukla@midhani-india.in,45:49.7
3215,,0,mkshukla@midhani-india.in,47:10.3
3216,,0,mkshukla@midhani-india.in,48:36.2
3217,LOGISTIC,0,Chowdhury.Santanu@grse.co.in,48:44.0
3218,,0,snitesh@midhani-india.in,49:28.3
3219,,0,mkshukla@midhani-india.in,50:05.9
3220,,0,mkshukla@midhani-india.in,51:48.8
3221,,0,snitesh@midhani-india.in,52:05.5
3222,,0,mkshukla@midhani-india.in,53:08.7
3223,,0,mkshukla@midhani-india.in,55:08.7
3224,Vehicle Tyre,0,mahesh.jadhav85@gov.in,56:32.0
3225,,0,mkshukla@midhani-india.in,57:15.2
3226,Vehicle Tyre,0,mahesh.jadhav85@gov.in,58:03.1
3227,,0,mkshukla@midhani-india.in,58:24.6
3228,,0,mkshukla@midhani-india.in,59:51.3
3229,Vehicle Tyre,0,mahesh.jadhav85@gov.in,00:38.2
3230,,0,mkshukla@midhani-india.in,01:44.0
3231,Vehicle Tyre,0,mahesh.jadhav85@gov.in,02:07.9
3232,,0,mkshukla@midhani-india.in,03:21.1
3233,Vehicle Tyre,0,mahesh.jadhav85@gov.in,03:28.3
3234,Vehicle Tyre,0,mahesh.jadhav85@gov.in,04:50.6
3235,Vehicle Tyre,0,mahesh.jadhav85@gov.in,06:11.5
3236,Vehicle Tyre,0,mahesh.jadhav85@gov.in,07:35.6
3237,Excavator Loader,0,mahesh.jadhav85@gov.in,14:07.4
3238,,0,snitesh@midhani-india.in,20:54.7
3239,TOOLING,0,hod-imm-co@hal-india.co.in,21:09.9
3240,,0,snitesh@midhani-india.in,23:43.5
3241,Vehicle Pneumatic Tyre,0,mahesh.jadhav85@gov.in,23:48.2
3242,Vehicle Tyre,0,mahesh.jadhav85@gov.in,25:08.0
3243,Vehicle Tyre,0,mahesh.jadhav85@gov.in,26:18.3
3244,vehicle tyre,0,mahesh.jadhav85@gov.in,27:42.7
3245,Tyre Related,0,mahesh.jadhav85@gov.in,30:14.1
3246,Tyre Related,0,mahesh.jadhav85@gov.in,32:03.9
3247,,0,hod-imm-co@hal-india.co.in,32:44.4
3248,Vehicle Tyre,0,mahesh.jadhav85@gov.in,33:42.7
3249,,0,hod-imm-co@hal-india.co.in,35:04.0
3250,Vehicle Tyre,0,mahesh.jadhav85@gov.in,36:11.4
3251,,0,hod-imm-co@hal-india.co.in,36:43.3
3252,Works,0,snitesh@midhani-india.in,37:05.7
3253,Tyre Related,0,mahesh.jadhav85@gov.in,37:26.2
3254,Vehicle Tyre,0,mahesh.jadhav85@gov.in,38:46.9
3255,Service,0,snitesh@midhani-india.in,40:05.0
3256,Vehicle Tyre,0,mahesh.jadhav85@gov.in,40:08.8
3257,Vehicle Tyre,0,mahesh.jadhav85@gov.in,41:20.4
3258,,0,snitesh@midhani-india.in,41:58.0
3259,Vehicle Tyre,0,mahesh.jadhav85@gov.in,42:36.6
3260,,0,snitesh@midhani-india.in,43:11.9
3261,,0,hod-imm-co@hal-india.co.in,43:18.5
3262,Vehicle Tyre,0,mahesh.jadhav85@gov.in,43:59.8
3263,,0,hod-imm-co@hal-india.co.in,44:51.7
3264,tyre related,0,mahesh.jadhav85@gov.in,45:01.4
3265,,0,hod-imm-co@hal-india.co.in,46:30.4
3266,Tyre related,0,mahesh.jadhav85@gov.in,47:58.4
3267,,0,snitesh@midhani-india.in,48:11.8
3268,Tyre Related,0,mahesh.jadhav85@gov.in,49:19.6
3269,,0,hod-imm-co@hal-india.co.in,49:28.6
3270,,0,snitesh@midhani-india.in,50:23.5
3271,,0,hod-imm-co@hal-india.co.in,51:05.4
3272,Tyre Related,0,mahesh.jadhav85@gov.in,51:51.1
3273,,0,hod-imm-co@hal-india.co.in,52:19.8
3274,Vehicle Tyre,0,mahesh.jadhav85@gov.in,53:07.9
3275,,0,snitesh@midhani-india.in,53:16.1
3276,vehicle tyre,0,mahesh.jadhav85@gov.in,54:37.0
3277,,0,hod-imm-co@hal-india.co.in,54:53.5
3278,,0,snitesh@midhani-india.in,55:06.7
3279,vehicle tyre,0,mahesh.jadhav85@gov.in,56:01.1
3280,,0,hod-imm-co@hal-india.co.in,56:43.5
3281,,0,snitesh@midhani-india.in,57:14.6
3282,vehicle tyre,0,mahesh.jadhav85@gov.in,57:22.9
3283,,0,snitesh@midhani-india.in,57:58.9
3284,,0,snitesh@midhani-india.in,59:42.7
3285,vehicle tyre,0,mahesh.jadhav85@gov.in,00:00.1
3286,vehicle tyre,0,mahesh.jadhav85@gov.in,01:36.9
3287,,0,hod-imm-co@hal-india.co.in,01:39.2
3288,vehicle tyre,0,mahesh.jadhav85@gov.in,02:54.4
3289,vehicle tyre,0,mahesh.jadhav85@gov.in,04:23.8
3290,,0,hod-imm-co@hal-india.co.in,04:25.2
3291,vehicle tyre,0,mahesh.jadhav85@gov.in,06:18.1
3292,,0,hod-imm-co@hal-india.co.in,06:36.3
3293,vehicle tyre,0,mahesh.jadhav85@gov.in,07:45.9
3294,vehicle tyre,0,mahesh.jadhav85@gov.in,09:12.7
3295,,0,hod-imm-co@hal-india.co.in,09:52.5
3296,vehicle tyre,0,mahesh.jadhav85@gov.in,10:30.7
3297,,0,hod-imm-co@hal-india.co.in,11:52.5
3298,vehicle tyre,0,mahesh.jadhav85@gov.in,12:19.2
3299,vehicle tyre,0,mahesh.jadhav85@gov.in,13:43.8
3300,,0,hod-imm-co@hal-india.co.in,13:47.5
3301,,0,hod-imm-co@hal-india.co.in,15:05.4
3302,vehicle tyre,0,mahesh.jadhav85@gov.in,15:25.9
3303,,0,hod-imm-co@hal-india.co.in,16:05.7
3304,Vehicle Tyre,0,mahesh.jadhav85@gov.in,16:52.7
3305,vehicle tyre,0,mahesh.jadhav85@gov.in,18:17.0
3306,Vehicle Tyre,0,mahesh.jadhav85@gov.in,19:51.2
3307,Cast Iron Block,0,mahesh.jadhav85@gov.in,42:48.7
3308,Fire Fighting Eqpt,0,mahesh.jadhav85@gov.in,53:41.6
3309,fire fighting eqpt,0,mahesh.jadhav85@gov.in,57:09.1
3310,Fire Fighting Eqpt,0,mahesh.jadhav85@gov.in,59:11.1
3311,Fire Fighting Eqpt,0,mahesh.jadhav85@gov.in,01:40.5
3312,FIRE FIGHTING EQPT,0,mahesh.jadhav85@gov.in,12:24.0
3313,FIRE FIGHTING EQPT,0,mahesh.jadhav85@gov.in,13:39.8
3314,Fire Fighting Eqpt,0,akshat.raj@gov.in,20:10.7
3315,FIRE FIGHTING EQPT,0,akshat.raj@gov.in,21:25.3
3316,FIRE FIGHTING EQPT,0,akshat.raj@gov.in,22:43.2
3317,FIRE FIGHTING EQPT,0,akshat.raj@gov.in,23:55.9
3318,FIRE FIGHTING EQPT,0,akshat.raj@gov.in,25:14.4
3319,FIRE FIGHTING EQPT,0,akshat.raj@gov.in,26:15.4
3320,FIRE FIGHTING EQPT,0,akshat.raj@gov.in,28:04.6
3321,FIRE FIGHTING EQPT,0,akshat.raj@gov.in,29:10.2
3322,FIRE FIGHTING EQPT,0,akshat.raj@gov.in,30:11.6
3323,FIRE FIGHTING EQPT,0,akshat.raj@gov.in,31:15.6
3324,FIRE FIGHTING EQPT,0,akshat.raj@gov.in,32:16.7
3325,FIRE FIGHTING EQPT,0,akshat.raj@gov.in,33:24.0
3326,FIRE FIGHTING EQPT,0,akshat.raj@gov.in,34:28.8
3327,FIRE FIGHTING EQPT,0,akshat.raj@gov.in,35:33.4
3328,,0,sbsutar@mazdock.com,58:17.5
3329,,0,sbsutar@mazdock.com,58:56.7
3330,,0,akshat.raj@gov.in,00:04.7
3331,,0,sbsutar@mazdock.com,00:20.1
3332,,0,sbsutar@mazdock.com,00:51.3
3333,,0,sbsutar@mazdock.com,01:22.2
3334,,0,sbsutar@mazdock.com,01:57.8
3335,,0,akshat.raj@gov.in,01:58.9
3336,,0,sbsutar@mazdock.com,02:22.7
3337,,0,sbsutar@mazdock.com,02:56.1
3338,,0,pawanjeetsingh@ord.gov.in,03:00.9
3339,,0,sbsutar@mazdock.com,03:28.5
3340,,0,pawanjeetsingh@ord.gov.in,03:36.1
3341,,0,sbsutar@mazdock.com,03:51.1
3342,,0,pawanjeetsingh@ord.gov.in,04:29.3
3343,,0,sbsutar@mazdock.com,05:00.4
3344,,0,pawanjeetsingh@ord.gov.in,05:16.4
3345,,0,sbsutar@mazdock.com,05:29.8
3346,,0,pawanjeetsingh@ord.gov.in,05:40.5
3347,,0,sbsutar@mazdock.com,06:04.9
3348,,0,pawanjeetsingh@ord.gov.in,06:32.2
3349,,0,sbsutar@mazdock.com,07:19.6
3350,,0,pawanjeetsingh@ord.gov.in,18:18.5
3351,,0,sbsutar@mazdock.com,18:49.4
3352,,0,pawanjeetsingh@ord.gov.in,18:55.1
3353,,0,sbsutar@mazdock.com,20:04.7
3354,,0,sbsutar@mazdock.com,21:06.3
3355,,0,sbsutar@mazdock.com,21:59.8
3356,,0,sbsutar@mazdock.com,22:46.3
3357,,0,sbsutar@mazdock.com,23:35.0
3358,,0,sbsutar@mazdock.com,24:44.9
3359,,0,sbsutar@mazdock.com,25:29.6
3360,,0,sbsutar@mazdock.com,26:30.7
3361,,0,sbsutar@mazdock.com,27:53.3
3362,,0,sbsutar@mazdock.com,28:52.6
3363,,0,pawanjeetsingh@ord.gov.in,30:16.1
3364,,0,pawanjeetsingh@ord.gov.in,30:53.1
3365,,0,pawanjeetsingh@ord.gov.in,35:10.9
3366,,0,mahesh.kumar68@gov.in,59:36.7
3367,,0,mahesh.kumar68@gov.in,07:46.9
3368,,0,mahesh.kumar68@gov.in,11:29.1
3369,,0,mahesh.kumar68@gov.in,17:27.0
3370,,0,mahesh.kumar68@gov.in,20:31.1
3371,,0,akshat.raj@gov.in,22:28.6
3372,,0,akshat.raj@gov.in,23:26.6
3373,,0,akshat.raj@gov.in,24:22.1
3374,,0,mahesh.kumar68@gov.in,24:57.7
3375,,0,akshat.raj@gov.in,25:10.0
3376,,0,akshat.raj@gov.in,25:57.1
3377,,0,mahesh.kumar68@gov.in,26:03.5
3378,,0,akshat.raj@gov.in,26:46.6
3379,,0,mahesh.kumar68@gov.in,27:25.8
3380,,0,akshat.raj@gov.in,27:40.3
3381,,0,mahesh.kumar68@gov.in,28:24.9
3382,,0,akshat.raj@gov.in,28:32.8
3383,,0,akshat.raj@gov.in,29:17.5
3384,,0,mahesh.kumar68@gov.in,29:47.3
3385,,0,akshat.raj@gov.in,30:00.3
3386,,0,akshat.raj@gov.in,30:46.9
3387,,0,akshat.raj@gov.in,31:49.2
3388,,0,akshat.raj@gov.in,32:28.6
3389,,0,akshat.raj@gov.in,33:18.7
3390,,0,akshat.raj@gov.in,34:33.1
3391,,0,akshat.raj@gov.in,35:39.1
3392,,0,akshat.raj@gov.in,36:28.9
3393,"FILE CABINET,ALMIRAH",0,m.mahendran@grse.co.in,36:33.5
3394,,0,akshat.raj@gov.in,37:21.4
3395,,0,akshat.raj@gov.in,38:19.2
3396,SHIP MODEL,0,m.mahendran@grse.co.in,39:32.5
3397,,0,akshat.raj@gov.in,41:52.2
3398,,0,akshat.raj@gov.in,42:38.7
3399,,0,akshat.raj@gov.in,43:50.5
3400,BAKERY PRODUCTS,0,m.mahendran@grse.co.in,44:34.0
3401,,0,akshat.raj@gov.in,44:37.7
3402,,0,akshat.raj@gov.in,45:19.1
3403,,0,akshat.raj@gov.in,46:01.3
3404,,0,akshat.raj@gov.in,46:47.9
3405,,0,akshat.raj@gov.in,47:35.9
3406,,0,akshat.raj@gov.in,48:35.5
3407,,0,akshat.raj@gov.in,49:36.7
3408,,0,akshat.raj@gov.in,50:24.5
3409,,0,akshat.raj@gov.in,51:15.6
3410,,0,akshat.raj@gov.in,52:04.0
3411,,0,akshat.raj@gov.in,52:59.3
3412,,0,akshat.raj@gov.in,53:51.0
3413,,0,akshat.raj@gov.in,54:48.9
3414,,0,akshat.raj@gov.in,55:37.5
3415,,0,akshat.raj@gov.in,56:29.9
3416,,0,akshat.raj@gov.in,57:34.9
3417,,0,akshat.raj@gov.in,58:33.9
3418,,0,akshat.raj@gov.in,59:44.2
3419,,0,akshat.raj@gov.in,00:36.2
3420,,0,akshat.raj@gov.in,01:20.8
3421,,0,akshat.raj@gov.in,02:08.2
3422,,0,akshat.raj@gov.in,03:07.0
3423,,0,akshat.raj@gov.in,03:56.2
3424,,0,akshat.raj@gov.in,04:59.5
3425,,0,akshat.raj@gov.in,05:47.6
3426,,0,akshat.raj@gov.in,06:37.8
3427,,0,akshat.raj@gov.in,07:27.4
3428,,0,akshat.raj@gov.in,08:30.7
3429,Bailey Bridge (GBB 30 FT),0,m.mahendran@grse.co.in,11:25.7
3430,,0,sshekar@mazdock.com,56:49.7
3431,Ball cock,0,sbsutar@mazdock.com,09:00.0
3432,,0,sbsutar@mazdock.com,09:34.5
3433,,0,sbsutar@mazdock.com,10:29.3
3434,,0,sshekar@mazdock.com,13:51.6
3435,,0,akshat.raj@gov.in,16:34.5
3436,,0,sshekar@mazdock.com,17:00.8
3437,,0,akshat.raj@gov.in,17:26.3
3438,,0,akshat.raj@gov.in,18:22.1
3439,,0,akshat.raj@gov.in,19:11.9
3440,,0,akshat.raj@gov.in,19:57.5
3441,,0,akshat.raj@gov.in,20:43.8
3442,,0,akshat.raj@gov.in,21:46.2
3443,,0,akshat.raj@gov.in,22:45.2
3444,,0,akshat.raj@gov.in,23:36.5
3445,,0,akshat.raj@gov.in,24:29.8
3446,,0,sshekar@mazdock.com,25:03.4
3447,,0,akshat.raj@gov.in,25:18.9
3448,,0,akshat.raj@gov.in,26:03.5
3449,,0,akshat.raj@gov.in,26:52.8
3450,,0,akshat.raj@gov.in,27:44.8
3451,,0,sshekar@mazdock.com,28:17.2
3452,,0,akshat.raj@gov.in,28:33.3
3453,,0,akshat.raj@gov.in,29:21.7
3454,,0,sshekar@mazdock.com,29:44.0
3455,,0,akshat.raj@gov.in,30:07.7
3456,,0,akshat.raj@gov.in,30:59.9
3457,,0,akshat.raj@gov.in,31:56.0
3458,,0,sshekar@mazdock.com,32:22.5
3459,,0,akshat.raj@gov.in,33:17.9
3460,,0,sshekar@mazdock.com,33:28.5
3461,,0,akshat.raj@gov.in,34:17.0
3462,,0,akshat.raj@gov.in,35:01.8
3463,,0,akshat.raj@gov.in,36:19.7
3464,,0,akshat.raj@gov.in,37:01.4
3465,,0,akshat.raj@gov.in,37:47.1
3466,,0,akshat.raj@gov.in,38:36.7
3467,,0,akshat.raj@gov.in,39:17.7
3468,,0,akshat.raj@gov.in,40:06.3
3469,,0,mahesh.kumar68@gov.in,40:09.3
3470,,0,akshat.raj@gov.in,41:10.7
3471,,0,mahesh.kumar68@gov.in,41:19.6
3472,,0,akshat.raj@gov.in,41:53.8
3473,manufacturer of VEHICLE,0,m.mahendran@grse.co.in,42:24.0
3474,,0,akshat.raj@gov.in,42:35.3
3475,,0,akshat.raj@gov.in,43:14.3
3476,,0,akshat.raj@gov.in,44:02.2
3477,,0,akshat.raj@gov.in,44:51.4
3478,,0,mahesh.kumar68@gov.in,45:17.5
3479,,0,akshat.raj@gov.in,45:44.7
3480,,0,akshat.raj@gov.in,46:31.4
3481,manufacturer of VEHICLE,0,m.mahendran@grse.co.in,47:07.6
3482,,0,akshat.raj@gov.in,47:18.1
3483,,0,mahesh.kumar68@gov.in,47:28.9
3484,,0,akshat.raj@gov.in,48:02.6
3485,,0,mahesh.kumar68@gov.in,48:47.2
3486,,0,akshat.raj@gov.in,48:48.8
3487,,0,akshat.raj@gov.in,49:38.9
3488,,0,akshat.raj@gov.in,50:26.4
3489,,0,mahesh.kumar68@gov.in,50:31.6
3490,,0,akshat.raj@gov.in,51:18.2
3491,,0,mahesh.kumar68@gov.in,52:01.8
3492,,0,akshat.raj@gov.in,52:06.3
3493,,0,mahesh.kumar68@gov.in,53:15.9
3494,"ELECTRIC -LIGHT,PANEL,GASKET",0,m.mahendran@grse.co.in,53:34.7
3495,,0,mahesh.kumar68@gov.in,54:33.5
3496,,0,mahesh.kumar68@gov.in,55:37.7
3497,,0,akshat.raj@gov.in,56:01.8
3498,,0,akshat.raj@gov.in,56:43.2
3499,,0,akshat.raj@gov.in,57:27.7
3500,,0,akshat.raj@gov.in,58:13.7
3501,CURRENT CONTROL,0,m.mahendran@grse.co.in,58:30.4
3502,,0,akshat.raj@gov.in,58:54.6
3503,,0,akshat.raj@gov.in,59:41.0
3504,,0,akshat.raj@gov.in,00:27.7
3505,,0,akshat.raj@gov.in,01:21.3
3506,,0,akshat.raj@gov.in,02:03.0
3507,,0,mahesh.kumar68@gov.in,02:32.9
3508,,0,akshat.raj@gov.in,02:48.9
3509,,0,akshat.raj@gov.in,03:42.5
3510,,0,mahesh.kumar68@gov.in,04:11.6
3511,,0,akshat.raj@gov.in,04:33.1
3512,"barcode technology, security and surveillance, and enterprise communication",0,m.mahendran@grse.co.in,05:14.8
3513,,0,akshat.raj@gov.in,05:22.2
3514,,0,mahesh.kumar68@gov.in,05:36.7
3515,,0,akshat.raj@gov.in,06:07.7
3516,,0,akshat.raj@gov.in,06:49.5
3517,,0,akshat.raj@gov.in,07:38.9
3518,,0,mahesh.kumar68@gov.in,08:23.4
3519,,0,akshat.raj@gov.in,08:28.3
3520,,0,akshat.raj@gov.in,09:19.2
3521,IT SERVICES,0,m.mahendran@grse.co.in,09:49.5
3522,,0,akshat.raj@gov.in,10:11.0
3523,,0,akshat.raj@gov.in,11:05.4
3524,,0,akshat.raj@gov.in,11:54.8
3525,,0,akshat.raj@gov.in,12:41.6
3526,,0,akshat.raj@gov.in,13:31.1
3527,,0,akshat.raj@gov.in,14:31.2
3528,,0,akshat.raj@gov.in,15:38.9
3529,defense and aerospace electronics solutions provider.,0,m.mahendran@grse.co.in,16:04.4
3530,,0,akshat.raj@gov.in,16:26.8
3531,,0,mahesh.kumar68@gov.in,16:34.5
3532,,0,akshat.raj@gov.in,17:16.7
3533,,0,akshat.raj@gov.in,18:06.4
3534,,0,mahesh.kumar68@gov.in,18:18.5
3535,,0,akshat.raj@gov.in,18:53.9
3536,,0,akshat.raj@gov.in,19:49.2
3537,,0,mahesh.kumar68@gov.in,20:19.4
3538,,0,akshat.raj@gov.in,20:40.7
3539,,0,sangramshetye@ord.gov.in,21:18.9
3540,,0,akshat.raj@gov.in,21:36.7
3541,,0,akshat.raj@gov.in,22:23.2
3542,,0,akshat.raj@gov.in,23:04.9
3543,CAPSTAN,0,m.mahendran@grse.co.in,23:28.1
3544,,0,akshat.raj@gov.in,24:00.0
3545,,0,mahesh.kumar68@gov.in,24:20.8
3546,,0,akshat.raj@gov.in,24:39.9
3547,,0,akshat.raj@gov.in,25:21.4
3548,,0,mahesh.kumar68@gov.in,25:36.4
3549,,0,akshat.raj@gov.in,26:05.7
3550,,0,akshat.raj@gov.in,26:51.8
3551,,0,akshat.raj@gov.in,27:27.4
3552,two-wheeler manufacturer,0,m.mahendran@grse.co.in,28:10.3
3553,,0,akshat.raj@gov.in,30:19.7
3554,automobile manufacturer,0,m.mahendran@grse.co.in,31:00.5
3555,,0,akshat.raj@gov.in,31:06.5
3556,,0,sangramshetye@ord.gov.in,31:07.3
3557,,0,akshat.raj@gov.in,31:52.8
3558,,0,akshat.raj@gov.in,32:42.9
3559,,0,akshat.raj@gov.in,33:26.5
3560,,0,sangramshetye@ord.gov.in,33:55.2
3561,,0,akshat.raj@gov.in,34:09.9
3562,various types of cranes,0,m.mahendran@grse.co.in,34:23.2
3563,,0,akshat.raj@gov.in,34:48.4
3564,,0,akshat.raj@gov.in,35:33.8
3565,,0,akshat.raj@gov.in,36:22.8
3566,,0,akshat.raj@gov.in,37:20.4
3567,variety of glass products,0,m.mahendran@grse.co.in,37:27.5
3568,,0,akshat.raj@gov.in,38:53.3
3569,,0,akshat.raj@gov.in,39:38.7
3570,,0,akshat.raj@gov.in,40:25.8
3571,,0,akshat.raj@gov.in,41:11.6
3572,,0,amitkumar6@ord.gov.in,41:31.0
3573,,0,akshat.raj@gov.in,41:56.3
3574,NIGHT VISION GOGGLES,0,m.mahendran@grse.co.in,42:34.6
3575,,0,akshat.raj@gov.in,42:39.6
3576,,0,akshat.raj@gov.in,43:26.0
3577,,0,akshat.raj@gov.in,44:14.4
3578,,0,akshat.raj@gov.in,45:04.1
3579,,0,akshat.raj@gov.in,45:55.8
3580,,0,akshat.raj@gov.in,46:44.2
3581,,0,akshat.raj@gov.in,47:37.4
3582,,0,akshat.raj@gov.in,48:31.1
3583,,0,amitkumar6@ord.gov.in,48:49.0
3584,,0,sbsutar@mazdock.com,49:03.9
3585,,0,akshat.raj@gov.in,49:26.1
3586,"CRANES,engineering services & equipment rental",0,m.mahendran@grse.co.in,49:44.2
3587,,0,akshat.raj@gov.in,50:14.3
3588,,0,sbsutar@mazdock.com,50:26.6
3589,,0,akshat.raj@gov.in,50:58.3
3590,,0,sbsutar@mazdock.com,51:10.1
3591,,0,akshat.raj@gov.in,51:51.0
3592,,0,sbsutar@mazdock.com,52:02.7
3593,,0,sbsutar@mazdock.com,52:42.7
3594,,0,akshat.raj@gov.in,52:45.2
3595,,0,akshat.raj@gov.in,53:28.9
3596,,0,sbsutar@mazdock.com,53:45.0
3597,,0,amitkumar6@ord.gov.in,53:47.1
3598,,0,akshat.raj@gov.in,54:17.7
3599,,0,pawanjeetsingh@ord.gov.in,54:43.6
3600,,0,sbsutar@mazdock.com,54:58.3
3601,,0,pawanjeetsingh@ord.gov.in,55:28.8
3602,"3D measurement and imaging solutions, including portable measurement arms, laser trackers, laser sca",0,m.mahendran@grse.co.in,56:38.5
3603,,0,sbsutar@mazdock.com,57:09.2
3604,,0,sbsutar@mazdock.com,58:59.9
3605,RADIOGRAPHIC EXAMINATION,0,pawanjeetsingh@ord.gov.in,59:10.4
3606,fire safety equipment and systems,0,m.mahendran@grse.co.in,59:56.8
3607,,0,sbsutar@mazdock.com,00:00.5
3608,,0,pawanjeetsingh@ord.gov.in,01:10.5
3609,,0,sbsutar@mazdock.com,01:11.4
3610,,0,sbsutar@mazdock.com,02:08.4
3611,,0,pawanjeetsingh@ord.gov.in,03:03.8
3612,,0,sbsutar@mazdock.com,03:07.5
3613,,0,amitkumar6@ord.gov.in,03:45.0
3614,,0,pawanjeetsingh@ord.gov.in,03:48.0
3615,,0,akshat.raj@gov.in,05:21.7
3616,,0,pawanjeetsingh@ord.gov.in,06:25.9
3617,,0,akshat.raj@gov.in,06:44.6
3618,,0,pawanjeetsingh@ord.gov.in,07:04.6
3619,,0,sbsutar@mazdock.com,07:38.7
3620,,0,sbsutar@mazdock.com,08:22.3
3621,,0,akshat.raj@gov.in,08:27.6
3622,,0,sbsutar@mazdock.com,09:05.6
3623,,0,pawanjeetsingh@ord.gov.in,09:35.8
3624,,0,akshat.raj@gov.in,09:47.7
3625,,0,sbsutar@mazdock.com,09:47.9
3626,,0,amitkumar6@ord.gov.in,10:34.7
3627,"machinery and equipment,Manufacture of other electrical equip ment",0,m.mahendran@grse.co.in,11:44.4
3628,,0,akshat.raj@gov.in,11:53.7
3629,,0,akshat.raj@gov.in,12:58.6
3630,PAINT CELL EQUIPMENT,0,m.mahendran@grse.co.in,13:42.8
3631,,0,akshat.raj@gov.in,13:50.1
3632,,0,akshat.raj@gov.in,14:38.3
3633,,0,akshat.raj@gov.in,15:37.9
3634,,0,m.mahendran@grse.co.in,16:01.1
3635,,0,akshat.raj@gov.in,16:38.5
3636,,0,akshat.raj@gov.in,17:37.3
3637,,0,akshat.raj@gov.in,18:37.5
3638,,0,akshat.raj@gov.in,19:29.0
3639,,0,akshat.raj@gov.in,20:23.3
3640,,0,akshat.raj@gov.in,21:23.2
3641,,0,akshat.raj@gov.in,22:30.5
3642,,0,akshat.raj@gov.in,23:29.6
3643,connectors and cable assemblies,0,m.mahendran@grse.co.in,24:24.9
3644,,0,akshat.raj@gov.in,24:45.3
3645,,0,akshat.raj@gov.in,25:41.4
3646,,0,akshat.raj@gov.in,26:43.4
3647,,0,akshat.raj@gov.in,27:37.6
3648,POWER CABLE,0,m.mahendran@grse.co.in,28:09.1
3649,,0,akshat.raj@gov.in,28:28.4
3650,,0,akshat.raj@gov.in,29:25.9
3651,,0,amitkumar6@ord.gov.in,29:35.4
3652,,0,akshat.raj@gov.in,30:11.2
3653,,0,akshat.raj@gov.in,31:22.5
3654,,0,akshat.raj@gov.in,32:17.9
3655,,0,akshat.raj@gov.in,33:54.5
3656,,0,akshat.raj@gov.in,34:47.5
3657,,0,akshat.raj@gov.in,35:42.3
3658,power control systems and related equipment,0,m.mahendran@grse.co.in,35:47.7
3659,,0,akshat.raj@gov.in,36:49.8
3660,,0,akshat.raj@gov.in,37:43.4
3661,,0,amitkumar6@ord.gov.in,37:44.0
3662,,0,akshat.raj@gov.in,38:45.0
3663,,0,akshat.raj@gov.in,39:34.8
3664,,0,akshat.raj@gov.in,41:12.2
3665,fire safety equipment and solutions,0,m.mahendran@grse.co.in,41:45.8
3666,,0,akshat.raj@gov.in,42:01.0
3667,,0,akshat.raj@gov.in,43:02.8
3668,AMC OF LIFT,0,amitkumar6@ord.gov.in,44:01.1
3669,,0,akshat.raj@gov.in,44:05.1
3670,,0,akshat.raj@gov.in,44:52.3
3671,,0,akshat.raj@gov.in,45:37.6
3672,,0,akshat.raj@gov.in,46:21.0
3673,CENTRIFUGAL SEPARATOR FOR HSD OIL,0,m.mahendran@grse.co.in,46:54.3
3674,,0,akshat.raj@gov.in,47:15.3
3675,,0,akshat.raj@gov.in,48:05.6
3676,OPERATOR CHAIR,0,m.mahendran@grse.co.in,49:05.6
3677,,0,akshat.raj@gov.in,49:06.6
3678,,0,akshat.raj@gov.in,49:54.2
3679,,0,akshat.raj@gov.in,50:49.1
3680,,0,akshat.raj@gov.in,51:44.1
3681,,0,akshat.raj@gov.in,52:45.6
3682,,0,akshat.raj@gov.in,53:39.2
3683,,0,amitkumar6@ord.gov.in,53:59.3
3684,,0,mahesh.kumar68@gov.in,54:08.5
3685,,0,akshat.raj@gov.in,54:34.2
3686,,0,akshat.raj@gov.in,55:24.0
3687,,0,akshat.raj@gov.in,56:19.8
3688,,0,akshat.raj@gov.in,57:22.1
3689,,0,akshat.raj@gov.in,58:12.0
3690,,0,akshat.raj@gov.in,58:56.9
3691,,0,akshat.raj@gov.in,59:41.1
3692,,0,amitkumar6@ord.gov.in,00:36.7
3693,,0,akshat.raj@gov.in,00:38.6
3694,,0,akshat.raj@gov.in,01:36.0
3695,,0,akshat.raj@gov.in,02:21.3
3696,,0,mahesh.kumar68@gov.in,03:03.3
3697,,0,akshat.raj@gov.in,03:04.7
3698,,0,akshat.raj@gov.in,03:56.5
3699,,0,mahesh.kumar68@gov.in,04:06.5
3700,,0,akshat.raj@gov.in,04:34.0
3701,,0,akshat.raj@gov.in,05:11.4
3702,,0,akshat.raj@gov.in,05:55.1
3703,,0,akshat.raj@gov.in,06:36.6
3704,,0,mahesh.kumar68@gov.in,07:06.3
3705,,0,akshat.raj@gov.in,07:15.0
3706,,0,akshat.raj@gov.in,07:56.7
3707,,0,akshat.raj@gov.in,08:41.4
3708,,0,amitkumar6@ord.gov.in,09:07.2
3709,,0,akshat.raj@gov.in,09:27.9
3710,,0,akshat.raj@gov.in,10:06.8
3711,,0,akshat.raj@gov.in,10:49.3
3712,,0,akshat.raj@gov.in,11:39.8
3713,,0,akshat.raj@gov.in,12:20.3
3714,,0,akshat.raj@gov.in,13:05.2
3715,,0,akshat.raj@gov.in,13:45.0
3716,,0,akshat.raj@gov.in,14:24.8
3717,,0,akshat.raj@gov.in,15:19.7
3718,,0,akshat.raj@gov.in,16:03.1
3719,,0,akshat.raj@gov.in,16:50.5
3720,,0,akshat.raj@gov.in,17:38.4
3721,,0,akshat.raj@gov.in,18:21.8
3722,,0,akshat.raj@gov.in,19:04.1
3723,,0,akshat.raj@gov.in,19:42.2
3724,,0,mahesh.kumar68@gov.in,20:25.6
3725,,0,akshat.raj@gov.in,20:26.5
3726,,0,akshat.raj@gov.in,26:02.1
3727,,0,akshat.raj@gov.in,26:50.2
3728,,0,akshat.raj@gov.in,27:55.9
3729,,0,akshat.raj@gov.in,29:00.1
3730,,0,akshat.raj@gov.in,30:17.7
3731,,0,akshat.raj@gov.in,31:09.1
3732,,0,akshat.raj@gov.in,32:06.7
3733,,0,akshat.raj@gov.in,26:31.4
3734,,0,akshat.raj@gov.in,27:41.1
3735,,0,akshat.raj@gov.in,28:41.1
3736,,0,akshat.raj@gov.in,29:47.8
3737,,0,akshat.raj@gov.in,30:48.9
3738,,0,akshat.raj@gov.in,31:47.5
3739,,0,akshat.raj@gov.in,33:08.5
3740,,0,akshat.raj@gov.in,34:17.9
3741,,0,akshat.raj@gov.in,35:14.6
3742,,0,akshat.raj@gov.in,36:21.1
3743,,0,akshat.raj@gov.in,37:24.3
3744,,0,akshat.raj@gov.in,38:34.0
3745,,0,akshat.raj@gov.in,39:41.9
3746,,0,akshat.raj@gov.in,40:43.8
3747,,0,akshat.raj@gov.in,41:41.5
3748,,0,akshat.raj@gov.in,42:49.2
3749,,0,akshat.raj@gov.in,43:51.4
3750,,0,akshat.raj@gov.in,45:03.9
3751,,0,akshat.raj@gov.in,46:05.7
3752,,0,akshat.raj@gov.in,47:00.3
3753,,0,akshat.raj@gov.in,47:56.0
3754,,0,akshat.raj@gov.in,48:56.5
3755,,0,akshat.raj@gov.in,49:56.4
3756,,0,akshat.raj@gov.in,51:05.9
3757,,0,akshat.raj@gov.in,52:11.1
3758,,0,akshat.raj@gov.in,53:20.2
3759,,0,akshat.raj@gov.in,54:19.7
3760,,0,akshat.raj@gov.in,55:17.0
3761,,0,akshat.raj@gov.in,56:09.8
3762,,0,akshat.raj@gov.in,57:37.5
3763,,0,akshat.raj@gov.in,58:35.2
3764,,0,akshat.raj@gov.in,59:36.6
3765,,0,akshat.raj@gov.in,01:13.9
3766,,0,akshat.raj@gov.in,03:34.2
3767,,0,akshat.raj@gov.in,06:10.6
3768,,0,akshat.raj@gov.in,07:09.9
3769,,0,akshat.raj@gov.in,07:18.5
3770,,0,akshat.raj@gov.in,08:37.8
3771,,0,akshat.raj@gov.in,11:32.1
3772,,0,akshat.raj@gov.in,16:55.4
3773,,0,akshat.raj@gov.in,18:15.6
3774,,0,akshat.raj@gov.in,22:58.9
3775,,0,akshat.raj@gov.in,24:20.6
3776,,0,gm-ofn-bih@nic.in,42:02.5
3777,,0,gm-ofn-bih@nic.in,56:25.3
3778,,0,gm-ofn-bih@nic.in,58:39.2
3779,,0,gm-ofn-bih@nic.in,05:49.7
3780,,0,pawanjeetsingh@ord.gov.in,12:05.4
3781,,0,pawanjeetsingh@ord.gov.in,12:57.1
3782,,0,akshat.raj@gov.in,18:07.7
3783,,0,pawanjeetsingh@ord.gov.in,18:21.6
3784,,0,akshat.raj@gov.in,20:07.7
3785,,0,pawanjeetsingh@ord.gov.in,20:31.1
3786,,0,gm-ofn-bih@nic.in,20:44.8
3787,,0,Chowdhury.Santanu@grse.co.in,20:53.2
3788,,0,pawanjeetsingh@ord.gov.in,21:28.5
3789,,0,akshat.raj@gov.in,22:04.3
3790,,0,pawanjeetsingh@ord.gov.in,22:27.4
3791,,0,pawanjeetsingh@ord.gov.in,23:11.8
3792,,0,pawanjeetsingh@ord.gov.in,23:58.0
3793,,0,akshat.raj@gov.in,25:00.8
3794,,0,pawanjeetsingh@ord.gov.in,25:47.5
3795,,0,Chowdhury.Santanu@grse.co.in,25:57.4
3796,,0,akshat.raj@gov.in,26:37.3
3797,,0,pawanjeetsingh@ord.gov.in,27:43.0
3798,,0,akshat.raj@gov.in,27:53.5
3799,,0,pawanjeetsingh@ord.gov.in,28:51.1
3800,,0,akshat.raj@gov.in,28:59.0
3801,,0,gm-ofn-bih@nic.in,28:59.9
3802,,0,akshat.raj@gov.in,30:02.7
3803,,0,akshat.raj@gov.in,31:16.2
3804,,0,pawanjeetsingh@ord.gov.in,31:50.4
3805,,0,akshat.raj@gov.in,32:34.7
3806,,0,akshat.raj@gov.in,33:37.1
3807,,0,akshat.raj@gov.in,34:40.1
3808,,0,mahesh.kumar68@gov.in,35:12.0
3809,,0,gm-ofn-bih@nic.in,35:29.2
3810,,0,mahesh.kumar68@gov.in,36:09.3
3811,,0,akshat.raj@gov.in,36:31.0
3812,,0,pawanjeetsingh@ord.gov.in,36:35.4
3813,,0,akshat.raj@gov.in,37:38.9
3814,,0,gm-ofn-bih@nic.in,38:27.1
3815,,0,akshat.raj@gov.in,38:57.1
3816,,0,Chowdhury.Santanu@grse.co.in,39:49.5
3817,,0,pawanjeetsingh@ord.gov.in,40:18.4
3818,,0,akshat.raj@gov.in,40:26.7
3819,,0,pawanjeetsingh@ord.gov.in,41:26.7
3820,,0,akshat.raj@gov.in,41:33.4
3821,,0,pawanjeetsingh@ord.gov.in,42:42.9
3822,,0,akshat.raj@gov.in,42:46.9
3823,,0,akshat.raj@gov.in,44:03.3
3824,,0,pawanjeetsingh@ord.gov.in,44:47.2
3825,,0,akshat.raj@gov.in,45:18.1
3826,,0,pawanjeetsingh@ord.gov.in,45:39.0
3827,,0,akshat.raj@gov.in,46:26.5
3828,,0,pawanjeetsingh@ord.gov.in,46:45.8
3829,,0,pawanjeetsingh@ord.gov.in,47:57.7
3830,,0,pawanjeetsingh@ord.gov.in,49:20.7
3831,,0,akshat.raj@gov.in,50:23.1
3832,,0,akshat.raj@gov.in,51:41.8
3833,,0,pawanjeetsingh@ord.gov.in,53:08.1
3834,HYDRAUNYCOIL FH 19,0,Chowdhury.Santanu@grse.co.in,53:21.5
3835,,0,pawanjeetsingh@ord.gov.in,55:05.5
3836,CORDLESS SOLDERING IRON,0,Chowdhury.Santanu@grse.co.in,56:10.3
3837,,0,pawanjeetsingh@ord.gov.in,57:55.6
3838,,0,akshat.raj@gov.in,58:56.4
3839,,0,akshat.raj@gov.in,00:39.9
3840,TRI CLAD AL/ST TRAN.JNT.20MMWIDEX2.85MLG,0,Chowdhury.Santanu@grse.co.in,00:43.1
3841,,0,pawanjeetsingh@ord.gov.in,01:04.3
3842,,0,pawanjeetsingh@ord.gov.in,01:56.2
3843,,0,akshat.raj@gov.in,02:21.9
3844,,0,pawanjeetsingh@ord.gov.in,03:49.8
3845,,0,akshat.raj@gov.in,04:11.8
3846,,0,Chowdhury.Santanu@grse.co.in,05:06.7
3847,,0,pawanjeetsingh@ord.gov.in,05:37.9
3848,,0,akshat.raj@gov.in,05:42.0
3849,,0,akshat.raj@gov.in,06:56.6
3850,,0,pawanjeetsingh@ord.gov.in,07:29.3
3851,,0,akshat.raj@gov.in,08:02.9
3852,AIR DRIVEN HYD PP,0,Chowdhury.Santanu@grse.co.in,08:53.5
3853,,0,akshat.raj@gov.in,09:17.1
3854,,0,pawanjeetsingh@ord.gov.in,10:04.5
3855,,0,akshat.raj@gov.in,10:41.4
3856,,0,gm-ofn-bih@nic.in,10:59.2
3857,SAFETY SHOE,0,Chowdhury.Santanu@grse.co.in,11:52.9
3858,,0,akshat.raj@gov.in,11:55.3
3859,,0,pawanjeetsingh@ord.gov.in,12:57.8
3860,,0,akshat.raj@gov.in,13:15.7
3861,,0,akshat.raj@gov.in,14:28.5
3862,PAINT,0,pawanjeetsingh@ord.gov.in,15:43.2
3863,,0,akshat.raj@gov.in,20:38.3
3864,,0,akshat.raj@gov.in,22:02.2
3865,VALUATION OF THREE LOTS OF MIXED SCRAP,0,Chowdhury.Santanu@grse.co.in,23:18.8
3866,,0,akshat.raj@gov.in,23:20.0
3867,,0,akshat.raj@gov.in,24:32.6
3868,,0,Chowdhury.Santanu@grse.co.in,26:04.5
3869,,0,akshat.raj@gov.in,26:08.9
3870,,0,pawanjeetsingh@ord.gov.in,26:21.1
3871,,0,akshat.raj@gov.in,27:18.4
3872,,0,akshat.raj@gov.in,28:28.5
3873,PACKING BOX,0,pawanjeetsingh@ord.gov.in,28:30.4
3874,,0,akshat.raj@gov.in,29:40.9
3875,,0,Chowdhury.Santanu@grse.co.in,30:04.6
3876,,0,pawanjeetsingh@ord.gov.in,30:58.3
3877,,0,akshat.raj@gov.in,31:00.4
3878,,0,pawanjeetsingh@ord.gov.in,31:41.6
3879,,0,akshat.raj@gov.in,32:08.7
3880,,0,akshat.raj@gov.in,33:14.7
3881,,0,akshat.raj@gov.in,34:21.8
3882,,0,akshat.raj@gov.in,35:38.9
3883,Design & drawing of 25 T  Tower Crane,0,Chowdhury.Santanu@grse.co.in,36:13.1
3884,,0,akshat.raj@gov.in,36:58.7
3885,,0,akshat.raj@gov.in,38:19.9
3886,Latest Generation PAUT-UFD with TFM M/C.,0,Chowdhury.Santanu@grse.co.in,43:08.8
3887,Sea Freight Charges,0,Chowdhury.Santanu@grse.co.in,47:34.7
3888,CHEMICAL&METALLOGRAPHIC TEST,0,m.mahendran@grse.co.in,51:16.4
3889,3 MM THICK CERAMIC CLOTH,0,Chowdhury.Santanu@grse.co.in,56:46.6
3890,,0,m.mahendran@grse.co.in,57:03.5
3891,Portable High Pr. Air Driven Pump,0,Chowdhury.Santanu@grse.co.in,01:39.4
3892,hydraulic tools and solutions,0,m.mahendran@grse.co.in,04:53.2
3893,,0,Chowdhury.Santanu@grse.co.in,05:26.1
3894,FAX MACHINE,0,m.mahendran@grse.co.in,08:14.4
3895,Sandals with strap for female employees,0,Chowdhury.Santanu@grse.co.in,09:08.7
3896,Aqua Gas On-site Oxy-Hydrogen Fuel Gas,0,Chowdhury.Santanu@grse.co.in,12:01.7
3897,,0,m.mahendran@grse.co.in,13:26.5
3898,Optimizer  Storage System,0,Chowdhury.Santanu@grse.co.in,19:10.2
3899,,0,Chowdhury.Santanu@grse.co.in,18:29.4
3900,PROCUREMENT OF HD SETTOP BOX,0,Chowdhury.Santanu@grse.co.in,21:09.9
3901,Copper Power Cable Armoured,0,Chowdhury.Santanu@grse.co.in,25:33.0
3902,RECTIFICATION OF BAND BRAKE OF AC OF GSL,0,m.mahendran@grse.co.in,27:45.7
3903,3D TOTAL STATION WITH ACCESSORIES,0,Chowdhury.Santanu@grse.co.in,28:47.5
3904,BOILER SUIT,0,Chowdhury.Santanu@grse.co.in,34:34.8
3905,MISSILES,0,Chowdhury.Santanu@grse.co.in,39:42.7
3906,Procurement of HHMD,0,m.mahendran@grse.co.in,40:14.1
3907,,0,Chowdhury.Santanu@grse.co.in,42:36.6
3908,Portable Ultrasonic Flaw Detector,0,Chowdhury.Santanu@grse.co.in,46:50.1
3909,insulation solutions,0,m.mahendran@grse.co.in,47:33.9
3910,variety of lubricating oils and greases,0,m.mahendran@grse.co.in,50:33.7
3911,,0,Chowdhury.Santanu@grse.co.in,50:58.5
3912,,0,Chowdhury.Santanu@grse.co.in,54:40.0
3913,,0,Chowdhury.Santanu@grse.co.in,09:27.7
3914,,0,Chowdhury.Santanu@grse.co.in,14:52.4
3915,Pipe,0,m.mahendran@grse.co.in,17:50.8
3916,,0,Chowdhury.Santanu@grse.co.in,20:21.4
3917,,0,Chowdhury.Santanu@grse.co.in,22:56.5
3918,"FILTER-MODIFICATION OF SIAS FILTER,SHIP SIDE AIR FILTER UNIT",0,m.mahendran@grse.co.in,23:55.5
3919,XEROX PAPER,0,m.mahendran@grse.co.in,25:52.1
3920,SPARE GEARBOX,0,m.mahendran@grse.co.in,27:42.2
3921,Stage High Flow DA Pressure Regulator,0,Chowdhury.Santanu@grse.co.in,28:18.8
3922,,0,sbsutar@mazdock.com,31:00.3
3923,,0,m.mahendran@grse.co.in,31:25.6
3924,,0,sbsutar@mazdock.com,32:01.0
3925,SERV_FREIGHT&TRANST INSRNCE_INNOVA CRYST,0,Chowdhury.Santanu@grse.co.in,32:16.3
3926,,0,sbsutar@mazdock.com,32:53.8
3927,,0,sbsutar@mazdock.com,34:05.8
3928,,0,sbsutar@mazdock.com,34:47.4
3929,VHF set,0,Chowdhury.Santanu@grse.co.in,34:52.9
3930,,0,sbsutar@mazdock.com,36:15.8
3931,,0,sbsutar@mazdock.com,36:48.2
3932,,0,Chowdhury.Santanu@grse.co.in,38:22.9
3933,,0,sbsutar@mazdock.com,39:09.1
3934,,0,sbsutar@mazdock.com,39:35.8
3935,,0,sbsutar@mazdock.com,40:01.2
3936,,0,sbsutar@mazdock.com,40:59.6
3937,HOSE LINE,0,m.mahendran@grse.co.in,43:21.9
3938,Dehumidification,0,Chowdhury.Santanu@grse.co.in,43:57.4
3939,"AIR,SEA  FREIGHT CHARGES",0,m.mahendran@grse.co.in,46:23.4
3940,B&D_LED DRIVER PCB,0,Chowdhury.Santanu@grse.co.in,49:30.1
3941,SOFTWARE SUPPORT ENGINEER,0,m.mahendran@grse.co.in,51:42.0
3942,PHOTOGRAMMETRY SOFTWARE LIC,0,Chowdhury.Santanu@grse.co.in,52:47.2
3943,DGPS (Satellite based),0,m.mahendran@grse.co.in,53:44.8
3944,MACHINERY,0,rajkumar@midhani-india.in,19:54.7
3945,CONVERSION OF INGOTS TO BREACH RINGS.,0,rajkumar@midhani-india.in,24:11.6
3946,,0,rajkumar@midhani-india.in,25:52.1
3947,,0,rajkumar@midhani-india.in,26:53.6
3948,MACHINING WORK,0,rajkumar@midhani-india.in,28:38.7
3949,,0,rajkumar@midhani-india.in,30:00.4
3950,,0,rajkumar@midhani-india.in,31:40.6
3951,,0,rajkumar@midhani-india.in,32:54.9
3952,,0,rajkumar@midhani-india.in,33:52.8
3953,SERVICE,0,rajkumar@midhani-india.in,37:43.2
3954,,0,rajkumar@midhani-india.in,38:46.9
3955,CONVERSION OF SCRAP TO INGOTS,0,rajkumar@midhani-india.in,40:25.2
3956,,0,rajkumar@midhani-india.in,41:51.1
3957,TOOLS,0,rajkumar@midhani-india.in,45:42.1
3958,,0,rajkumar@midhani-india.in,46:27.1
3959,,0,rajkumar@midhani-india.in,47:44.2
3960,,0,rajkumar@midhani-india.in,49:00.7
3961,,0,rajkumar@midhani-india.in,49:41.2
3962,Office Equipment,0,snitesh@midhani-india.in,27:32.2
3963,,0,snitesh@midhani-india.in,41:17.6
3964,,0,vaprasannakumar@ord.gov.in,47:59.3
3965,,0,snitesh@midhani-india.in,48:58.5
3966,,0,vaprasannakumar@ord.gov.in,52:26.2
3967,,0,m.mahendran@grse.co.in,58:08.8
3968,MULTIMETER,0,m.mahendran@grse.co.in,07:07.1
3969,,0,vaprasannakumar@ord.gov.in,07:33.8
3970,,0,vaprasannakumar@ord.gov.in,14:11.4
3971,BASE FRAME,0,m.mahendran@grse.co.in,14:20.1
3972,,0,vaprasannakumar@ord.gov.in,18:05.5
3973,,0,tank.ofmk@ord.gov.in,20:30.6
3974,,0,vaprasannakumar@ord.gov.in,20:44.2
3975,,0,vaprasannakumar@ord.gov.in,22:38.1
3976,,0,vaprasannakumar@ord.gov.in,25:42.8
3977,,0,vaprasannakumar@ord.gov.in,28:01.3
3978,,0,vaprasannakumar@ord.gov.in,29:27.3
3979,,0,vaprasannakumar@ord.gov.in,30:59.7
3980,,0,vaprasannakumar@ord.gov.in,32:14.4
3981,,0,vaprasannakumar@ord.gov.in,33:42.3
3982,,0,vaprasannakumar@ord.gov.in,34:55.9
3983,,0,vaprasannakumar@ord.gov.in,37:10.1
3984,,0,vaprasannakumar@ord.gov.in,05:37.1
3985,,0,vaprasannakumar@ord.gov.in,09:02.0
3986,,0,vaprasannakumar@ord.gov.in,15:18.4
3987,,0,vaprasannakumar@ord.gov.in,17:17.1
3988,,0,vaprasannakumar@ord.gov.in,19:41.0
3989,,0,vaprasannakumar@ord.gov.in,24:52.5
3990,,0,tank.ofmk@ord.gov.in,25:33.2
3991,,0,vaprasannakumar@ord.gov.in,26:06.6
3992,,0,vaprasannakumar@ord.gov.in,26:59.8
3993,,0,vaprasannakumar@ord.gov.in,30:04.9
3994,,0,vaprasannakumar@ord.gov.in,31:11.8
3995,,0,vaprasannakumar@ord.gov.in,32:24.9
3996,,0,vaprasannakumar@ord.gov.in,37:57.5
3997,,0,bdldgmcc-ap@bdl-india.in,37:57.9
3998,,0,tank.ofmk@ord.gov.in,38:43.6
3999,,0,bdldgmcc-ap@bdl-india.in,38:45.4
4000,,0,vaprasannakumar@ord.gov.in,39:19.7
4001,,0,bdldgmcc-ap@bdl-india.in,39:49.4
4002,,0,bdldgmcc-ap@bdl-india.in,41:52.4
4003,,0,vaprasannakumar@ord.gov.in,44:33.4
4004,,0,vaprasannakumar@ord.gov.in,46:16.6
4005,,0,vaprasannakumar@ord.gov.in,49:44.5
4006,LAUNCHING EQPT FOR MISSILE,0,bdldgmcc-ap@bdl-india.in,49:58.1
4007,NMEA buffer unit,0,vmsalvi@mazdock.com,20:32.8
4008,RUBBERIZATION,0,tank.ofmk@ord.gov.in,39:09.0
4009,,0,tank.ofmk@ord.gov.in,45:50.2
4010,,0,vaprasannakumar@ord.gov.in,48:03.2
4011,,0,vaprasannakumar@ord.gov.in,49:14.9
4012,ELECTRODE,0,tank.ofmk@ord.gov.in,50:48.7
4013,,0,m.mahendran@grse.co.in,51:25.1
4014,,0,vaprasannakumar@ord.gov.in,52:41.9
4015,,0,vaprasannakumar@ord.gov.in,54:29.6
4016,Machining works,0,rajkumar@midhani-india.in,56:54.4
4017,,0,m.mahendran@grse.co.in,02:57.3
4018,,0,rajkumar@midhani-india.in,06:10.4
4019,,0,m.mahendran@grse.co.in,06:19.7
4020,,0,vaprasannakumar@ord.gov.in,07:12.4
4021,,0,m.mahendran@grse.co.in,10:27.4
4022,INSURANCE,0,Chowdhury.Santanu@grse.co.in,11:08.9
4023,HYDRAULIC Â FILTER,0,m.mahendran@grse.co.in,12:43.8
4024,"PORTABLE, SUBMERSIBLE PUMP",0,m.mahendran@grse.co.in,15:25.5
4025,,0,vaprasannakumar@ord.gov.in,15:32.3
4026,MACHINERY,0,rajkumar@midhani-india.in,15:56.5
4027,MACHINING WORK,0,rajkumar@midhani-india.in,17:30.9
4028,,0,vaprasannakumar@ord.gov.in,17:36.8
4029,,0,rajkumar@midhani-india.in,18:48.2
4030,,0,vaprasannakumar@ord.gov.in,19:51.0
4031,FORKLIFTS MACHINARY,0,rajkumar@midhani-india.in,20:16.0
4032,MAGNA FLUX,0,tank.ofmk@ord.gov.in,53:00.4
4033,,0,tank.ofmk@ord.gov.in,00:07.3
4034,,0,imrankhan@ord.gov.in,02:21.7
4035,,0,imrankhan@ord.gov.in,04:22.3
4036,HIRING OF 100 KVA PORTABLE DG SET DURING UNDOCKING OF Y-12653 At MbPT,0,vbwakchaure@mazdock.com,05:03.2
4037,,0,imrankhan@ord.gov.in,06:01.1
4038,"Requirement of Electrical and Weapon Outfitting for P17A""",0,vbwakchaure@mazdock.com,06:04.4
4039,Forging,0,Chowdhury.Santanu@grse.co.in,06:54.7
4040,"Outsourcing of comprehensive work package consisting of plate cutting, Block Construction, outfittin",0,vbwakchaure@mazdock.com,07:29.8
4041,,0,imrankhan@ord.gov.in,10:12.4
4042,"SHIPBORNE RADAR , INSTALLATION MATERIALS AND ACCESSORIES ,CABLE ASSEMBLIES ,ON BOARD SPARES",0,Chowdhury.Santanu@grse.co.in,11:39.3
4043,,0,imrankhan@ord.gov.in,11:49.5
4044,,0,imrankhan@ord.gov.in,12:56.2
4045,,0,imrankhan@ord.gov.in,13:46.6
4046,Wristwatch,0,Chowdhury.Santanu@grse.co.in,13:51.6
4047,,0,imrankhan@ord.gov.in,15:43.4
4048,Cyber Vulnerability Scan.  Cyber Security Audit First Stage,0,Chowdhury.Santanu@grse.co.in,16:14.3
4049,,0,imrankhan@ord.gov.in,16:36.4
4050,,0,imrankhan@ord.gov.in,17:15.8
4051,,0,imrankhan@ord.gov.in,17:57.8
4052,,0,imrankhan@ord.gov.in,19:49.4
4053,Radio Repairing,0,Chowdhury.Santanu@grse.co.in,20:14.5
4054,,0,imrankhan@ord.gov.in,21:34.1
4055,,0,imrankhan@ord.gov.in,24:58.7
4056,,0,imrankhan@ord.gov.in,25:40.3
4057,,0,imrankhan@ord.gov.in,28:15.6
4058,,0,imrankhan@ord.gov.in,30:56.1
4059,,0,imrankhan@ord.gov.in,31:48.2
4060,,0,imrankhan@ord.gov.in,32:37.7
4061,,0,imrankhan@ord.gov.in,33:45.4
4062,,0,imrankhan@ord.gov.in,35:34.0
4063,,0,imrankhan@ord.gov.in,36:42.7
4064,,0,imrankhan@ord.gov.in,38:40.2
4065,,0,rajkumar@midhani-india.in,38:54.2
4066,,0,imrankhan@ord.gov.in,40:19.0
4067,,0,rajkumar@midhani-india.in,40:58.3
4068,,0,imrankhan@ord.gov.in,41:23.1
4069,,0,imrankhan@ord.gov.in,42:11.4
4070,,0,rajkumar@midhani-india.in,42:58.5
4071,,0,rajkumar@midhani-india.in,43:54.9
4072,,0,rajkumar@midhani-india.in,45:19.4
4073,,0,imrankhan@ord.gov.in,45:34.6
4074,SHELLS & PANELS,0,rajkumar@midhani-india.in,46:19.0
4075,,0,imrankhan@ord.gov.in,46:42.0
4076,,0,rajkumar@midhani-india.in,47:18.5
4077,,0,rajkumar@midhani-india.in,48:12.1
4078,,0,rajkumar@midhani-india.in,49:05.9
4079,,0,imrankhan@ord.gov.in,49:44.6
4080,,0,rajkumar@midhani-india.in,50:40.8
4081,,0,rajkumar@midhani-india.in,51:29.6
4082,,0,imrankhan@ord.gov.in,53:08.2
4083,,0,rajkumar@midhani-india.in,53:12.5
4084,AIRDRYER MACHINE,0,rajkumar@midhani-india.in,54:08.1
4085,,0,rajkumar@midhani-india.in,55:12.2
4086,,0,imrankhan@ord.gov.in,55:16.4
4087,,0,imrankhan@ord.gov.in,55:57.2
4088,,0,rajkumar@midhani-india.in,56:02.9
4089,,0,rajkumar@midhani-india.in,56:49.9
4090,,0,imrankhan@ord.gov.in,57:11.0
4091,,0,rajkumar@midhani-india.in,58:00.4
4092,,0,imrankhan@ord.gov.in,58:08.2
4093,,0,imrankhan@ord.gov.in,59:40.7
4094,,0,imrankhan@ord.gov.in,00:30.7
4095,,0,imrankhan@ord.gov.in,01:28.6
4096,,0,imrankhan@ord.gov.in,02:34.5
4097,,0,hvfprojects@ord.gov.in,11:37.2
4098,DIGITALIZATION FOR BEVEL GEAR REDUCTION,0,hvfprojects@ord.gov.in,17:45.9
4099,ELECTRICAL SAFETY SHOE LEATHER BROWN,0,hvfprojects@ord.gov.in,24:26.6
4100,TAP HAND & SHORT,0,hvfprojects@ord.gov.in,28:20.6
4101,PRINTED CIRCUIT BOARD,0,hvfprojects@ord.gov.in,34:50.9
4102,,0,hvfprojects@ord.gov.in,39:42.4
4103,,0,hvfprojects@ord.gov.in,46:59.0
4104,SPANNER DOUBLE ENDED OPEN JAW,0,hvfprojects@ord.gov.in,51:15.9
4105,MICROMETER INTERNAL 3 LINE CONTACT,0,hvfprojects@ord.gov.in,58:11.0
4106,,0,hvfprojects@ord.gov.in,02:06.8
4107,,0,rajkumar@midhani-india.in,54:42.0
4108,,0,rajkumar@midhani-india.in,57:36.7
4109,,0,rajkumar@midhani-india.in,02:27.4
4110,,0,rajkumar@midhani-india.in,08:25.4
4111,,0,rajkumar@midhani-india.in,17:16.0
4112,,0,rajkumar@midhani-india.in,19:59.1
4113,,0,rajkumar@midhani-india.in,22:26.9
4114,,0,rajkumar@midhani-india.in,24:32.7
4115,Measuring instrument,0,rajkumar@midhani-india.in,28:08.3
4116,,0,rajkumar@midhani-india.in,30:44.1
4117,,0,rajkumar@midhani-india.in,40:37.0
4118,ROAD WHEEL WITH SOLID RUBBER,0,tank.ofmk@ord.gov.in,29:38.7
4119,,0,tank.ofmk@ord.gov.in,36:40.3
4120,,0,tank.ofmk@ord.gov.in,42:32.1
4121,,0,vaprasannakumar@ord.gov.in,43:00.1
4122,,0,vaprasannakumar@ord.gov.in,45:28.6
4123,,0,tank.ofmk@ord.gov.in,46:10.6
4124,,0,tank.ofmk@ord.gov.in,46:40.5
4125,,0,vaprasannakumar@ord.gov.in,54:05.0
4126,,0,vaprasannakumar@ord.gov.in,56:02.5
4127,,0,vaprasannakumar@ord.gov.in,59:26.5
4128,,0,mmofbol@ord.gov.in,01:09.0
4129,,0,vaprasannakumar@ord.gov.in,05:03.0
4130,,0,vaprasannakumar@ord.gov.in,05:55.0
4131,,0,vmsalvi@mazdock.com,09:17.3
4132,,0,mmofbol@ord.gov.in,10:32.4
4133,,0,vaprasannakumar@ord.gov.in,10:40.9
4134,,0,vaprasannakumar@ord.gov.in,13:54.9
4135,,0,vmsalvi@mazdock.com,14:56.5
4136,,0,vaprasannakumar@ord.gov.in,16:19.2
4137,,0,vmsalvi@mazdock.com,16:28.7
4138,,0,mmofbol@ord.gov.in,17:00.4
4139,,0,vaprasannakumar@ord.gov.in,17:11.6
4140,,0,mmofbol@ord.gov.in,19:49.3
4141,sensor,0,vmsalvi@mazdock.com,21:12.4
4142,,0,mmofbol@ord.gov.in,23:10.6
4143,,0,Chowdhury.Santanu@grse.co.in,24:09.4
4144,,0,mmofbol@ord.gov.in,24:36.9
4145,ISO SURVEILLANCE AUDIT,0,Chowdhury.Santanu@grse.co.in,29:44.5
4146,HULL,0,vmsalvi@mazdock.com,29:47.2
4147,,0,mmofbol@ord.gov.in,30:59.1
4148,ENGINNERING,0,vmsalvi@mazdock.com,31:24.8
4149,,0,vmsalvi@mazdock.com,34:18.1
4150,,0,vaprasannakumar@ord.gov.in,41:22.0
4151,,0,vmsalvi@mazdock.com,41:49.4
4152,,0,vaprasannakumar@ord.gov.in,42:45.8
4153,ENGINNERING,0,vmsalvi@mazdock.com,44:06.2
4154,ENGINNERING,0,vmsalvi@mazdock.com,44:38.8
4155,,0,mmofbol@ord.gov.in,44:53.0
4156,,0,vaprasannakumar@ord.gov.in,46:08.3
4157,ENGINNERING,0,vmsalvi@mazdock.com,46:28.6
4158,,0,vaprasannakumar@ord.gov.in,47:06.1
4159,HULL,0,vmsalvi@mazdock.com,48:39.7
4160,,0,mmofbol@ord.gov.in,49:18.4
4161,ENGINNERING,0,vmsalvi@mazdock.com,51:45.2
4162,,0,vaprasannakumar@ord.gov.in,52:57.1
4163,OPERATIONALIZE OF HYD ALIGNER,0,Chowdhury.Santanu@grse.co.in,54:31.4
4164,,0,mmofbol@ord.gov.in,55:04.8
4165,,0,vaprasannakumar@ord.gov.in,55:15.3
4166,ELECTRICAL,0,vmsalvi@mazdock.com,58:12.3
4167,,0,vaprasannakumar@ord.gov.in,58:13.1
4168,HULL,0,vmsalvi@mazdock.com,59:39.4
4169,,0,mmofbol@ord.gov.in,00:26.3
4170,,0,vaprasannakumar@ord.gov.in,01:28.2
4171,,0,vaprasannakumar@ord.gov.in,02:26.8
4172,,0,mmofbol@ord.gov.in,04:45.2
4173,,0,vaprasannakumar@ord.gov.in,05:02.0
4174,,0,vaprasannakumar@ord.gov.in,06:32.4
4175,V/UHF Radio Rack,0,Chowdhury.Santanu@grse.co.in,08:22.6
4176,,0,vaprasannakumar@ord.gov.in,11:01.9
4177,,0,vaprasannakumar@ord.gov.in,12:15.0
4178,AFFF Concentrate,0,Chowdhury.Santanu@grse.co.in,14:20.1
4179,,0,vaprasannakumar@ord.gov.in,14:52.4
4180,,0,vaprasannakumar@ord.gov.in,16:09.5
4181,NEOPRENE RUBBER SHEET,0,Chowdhury.Santanu@grse.co.in,17:42.0
4182,ENGINNERING,0,vmsalvi@mazdock.com,18:27.9
4183,ENGINNERING,0,vmsalvi@mazdock.com,19:59.2
4184,ENGINNERING,0,vmsalvi@mazdock.com,23:01.0
4185,ENGINNERING,0,vmsalvi@mazdock.com,24:29.9
4186,UV Blaster,0,Chowdhury.Santanu@grse.co.in,24:49.2
4187,,0,vaprasannakumar@ord.gov.in,25:47.4
4188,ENGINNERING,0,vmsalvi@mazdock.com,26:18.3
4189,,0,vaprasannakumar@ord.gov.in,26:35.2
4190,,0,mmofbol@ord.gov.in,27:53.2
4191,Repair of IRL Davit,0,Chowdhury.Santanu@grse.co.in,28:44.6
4192,ENGINNERING,0,vmsalvi@mazdock.com,30:47.6
4193,,0,mmofbol@ord.gov.in,31:56.6
4194,,0,vaprasannakumar@ord.gov.in,31:56.8
4195,ENGINNERING,0,vmsalvi@mazdock.com,32:08.5
4196,,0,vaprasannakumar@ord.gov.in,33:33.1
4197,EBXL EED,0,Chowdhury.Santanu@grse.co.in,33:39.9
4198,ENGINNERING,0,vmsalvi@mazdock.com,33:50.6
4199,ELECTRICAL,0,vmsalvi@mazdock.com,35:04.9
4200,,0,hvfprojects@ord.gov.in,35:18.8
4201,,0,Chowdhury.Santanu@grse.co.in,35:47.8
4202,ENGINNERING,0,vmsalvi@mazdock.com,36:19.4
4203,,0,vaprasannakumar@ord.gov.in,36:45.0
4204,ENGINNERING,0,vmsalvi@mazdock.com,37:31.8
4205,HULL,0,vmsalvi@mazdock.com,39:02.1
4206,,0,vaprasannakumar@ord.gov.in,39:44.7
4207,ELECTRICAL,0,vmsalvi@mazdock.com,40:01.8
4208,,0,vaprasannakumar@ord.gov.in,40:42.9
4209,ELECTRICAL,0,vmsalvi@mazdock.com,41:01.0
4210,ENGINNERING,0,vmsalvi@mazdock.com,42:17.8
4211,HAD-T UNDERCUT ANCHOR,0,Chowdhury.Santanu@grse.co.in,42:37.8
4212,,0,Chowdhury.Santanu@grse.co.in,45:07.9
4213,,0,vaprasannakumar@ord.gov.in,45:42.3
4214,ENGINNERING,0,vmsalvi@mazdock.com,46:33.9
4215,ELECTRICAL,0,vmsalvi@mazdock.com,47:52.2
4216,,0,vaprasannakumar@ord.gov.in,48:21.5
4217,ENGINNERING,0,vmsalvi@mazdock.com,49:14.4
4218,,0,Chowdhury.Santanu@grse.co.in,49:27.5
4219,ENGINNERING,0,vmsalvi@mazdock.com,51:26.4
4220,,0,ofajmfcc@ord.gov.in,52:15.3
4221,ASM BPVC,0,Chowdhury.Santanu@grse.co.in,52:54.9
4222,ELECTRICAL,0,vmsalvi@mazdock.com,52:58.5
4223,,0,ofajmfcc@ord.gov.in,53:05.1
4224,ELECTRICAL,0,vmsalvi@mazdock.com,54:41.6
4225,,0,vaprasannakumar@ord.gov.in,55:13.6
4226,,0,vaprasannakumar@ord.gov.in,01:06.6
4227,,0,vaprasannakumar@ord.gov.in,02:59.2
4228,,0,Chowdhury.Santanu@grse.co.in,05:37.1
4229,,0,vaprasannakumar@ord.gov.in,05:38.1
4230,,0,vaprasannakumar@ord.gov.in,06:37.9
4231,AMC of 7.5T AC Plant,0,Chowdhury.Santanu@grse.co.in,10:00.9
4232,AMC FOR NEW MULTIPURPOSE FIRE TENDER,0,Chowdhury.Santanu@grse.co.in,17:28.7
4233,Video IP Phones for Dept.,0,Chowdhury.Santanu@grse.co.in,24:08.5
4234,DGP-2201-002-Control,0,Chowdhury.Santanu@grse.co.in,27:25.9
4235,,0,vaprasannakumar@ord.gov.in,27:50.4
4236,,0,vaprasannakumar@ord.gov.in,31:10.5
4237,NWT DS SCREENED DOOR,0,Chowdhury.Santanu@grse.co.in,31:50.3
4238,,0,vaprasannakumar@ord.gov.in,35:33.4
4239,,0,hvfprojects@ord.gov.in,35:48.2
4240,,0,vaprasannakumar@ord.gov.in,36:32.9
4241,"CABLE ASSY-W10, SIGHT",0,hvfprojects@ord.gov.in,36:51.7
4242,,0,vaprasannakumar@ord.gov.in,40:00.8
4243,,0,hvfprojects@ord.gov.in,49:05.6
4244,"HELIUM GAS   PURITY (VOL%) 99.996,",0,hvfprojects@ord.gov.in,54:42.4
4245,CLAMP ON GROUND RESISTANCE TESTER,0,Chowdhury.Santanu@grse.co.in,55:02.3
4246,ZINC ANTISEIZE THREAD COMPOUND,0,Chowdhury.Santanu@grse.co.in,58:51.6
4247,SERVICE FOR LIQUIDATION,0,Chowdhury.Santanu@grse.co.in,02:22.7
4248,Soldering station with accessories,0,Chowdhury.Santanu@grse.co.in,06:23.8
4249,LIQUIDATION OF DL LB-5210,0,Chowdhury.Santanu@grse.co.in,10:58.0
4250,Consultant,0,Chowdhury.Santanu@grse.co.in,13:16.8
4251,,0,Chowdhury.Santanu@grse.co.in,15:43.1
4252,DESIGN & FABRICATION,0,Chowdhury.Santanu@grse.co.in,18:35.8
4253,WIRE ROPE,0,tank.ofmk@ord.gov.in,23:20.3
4254,LIQUIDATION OF DL HA-1071 & 1072,0,Chowdhury.Santanu@grse.co.in,24:36.0
4255,CABLES,0,tank.ofmk@ord.gov.in,26:51.2
4256,,0,tank.ofmk@ord.gov.in,31:41.3
4257,,0,tank.ofmk@ord.gov.in,34:27.2
4258,Hydraulic oil,0,Chowdhury.Santanu@grse.co.in,34:54.2
4259,BULB,0,tank.ofmk@ord.gov.in,38:13.7
4260,Medicine,0,Chowdhury.Santanu@grse.co.in,38:50.8
4261,WIRE,0,tank.ofmk@ord.gov.in,40:46.4
4262,,0,hvfprojects@ord.gov.in,42:01.5
4263,,0,tank.ofmk@ord.gov.in,44:21.4
4264,,0,hvfprojects@ord.gov.in,45:50.2
4265,Events organization,0,Chowdhury.Santanu@grse.co.in,46:01.4
4266,,0,vaprasannakumar@ord.gov.in,47:04.2
4267,,0,tank.ofmk@ord.gov.in,47:05.2
4268,,0,hvfprojects@ord.gov.in,49:43.6
4269,Insurance activity,0,Chowdhury.Santanu@grse.co.in,50:52.2
4270,,0,tank.ofmk@ord.gov.in,51:25.6
4271,,0,hvfprojects@ord.gov.in,53:48.5
4272,,0,tank.ofmk@ord.gov.in,53:58.1
4273,,0,vaprasannakumar@ord.gov.in,54:38.6
4274,,0,hvfprojects@ord.gov.in,56:35.3
4275,Association,0,Chowdhury.Santanu@grse.co.in,56:55.5
4276,,0,vaprasannakumar@ord.gov.in,57:37.8
4277,,0,hvfprojects@ord.gov.in,59:17.1
4278,,0,vaprasannakumar@ord.gov.in,59:36.6
4279,,0,vaprasannakumar@ord.gov.in,00:23.0
4280,UPPER RACE RING,0,tank.ofmk@ord.gov.in,00:49.5
4281,,0,vaprasannakumar@ord.gov.in,02:09.5
4282,,0,vaprasannakumar@ord.gov.in,02:55.7
4283,IT activity,0,Chowdhury.Santanu@grse.co.in,02:56.8
4284,DRILL,0,tank.ofmk@ord.gov.in,03:05.9
4285,,0,hvfprojects@ord.gov.in,03:27.3
4286,SILICON CARBIDE CRUCIBLE.,0,tank.ofmk@ord.gov.in,06:10.1
4287,,0,vaprasannakumar@ord.gov.in,07:08.1
4288,,0,hvfprojects@ord.gov.in,07:19.4
4289,,0,vaprasannakumar@ord.gov.in,08:02.0
4290,,0,vaprasannakumar@ord.gov.in,10:09.0
4291,,0,hvfprojects@ord.gov.in,11:51.6
4292,,0,hvfprojects@ord.gov.in,14:12.6
4293,,0,vaprasannakumar@ord.gov.in,16:00.6
4294,,0,hvfprojects@ord.gov.in,18:24.9
4295,,0,vaprasannakumar@ord.gov.in,18:30.5
4296,,0,vaprasannakumar@ord.gov.in,19:41.5
4297,,0,hvfprojects@ord.gov.in,21:21.2
4298,,0,vaprasannakumar@ord.gov.in,23:11.7
4299,,0,vaprasannakumar@ord.gov.in,24:27.6
4300,SHIPYARD,0,Chowdhury.Santanu@grse.co.in,24:43.5
4301,PORTABLE FIRE EXTINGUISHER AS PER BS-EN3,0,hvfprojects@ord.gov.in,25:27.7
4302,,0,amitkumarpatel@ord.gov.in,26:20.8
4303,,0,amitkumarpatel@ord.gov.in,28:57.6
4304,,0,Chowdhury.Santanu@grse.co.in,29:09.5
4305,,0,hvfprojects@ord.gov.in,30:49.4
4306,,0,amitkumarpatel@ord.gov.in,31:20.3
4307,,0,vaprasannakumar@ord.gov.in,37:06.4
4308,,0,vaprasannakumar@ord.gov.in,38:40.3
4309,,0,hvfprojects@ord.gov.in,39:19.8
4310,CNAL,0,Chowdhury.Santanu@grse.co.in,40:14.2
4311,,0,tank.ofmk@ord.gov.in,42:06.9
4312,,0,vaprasannakumar@ord.gov.in,43:27.9
4313,,0,vaprasannakumar@ord.gov.in,44:43.7
4314,,0,hvfprojects@ord.gov.in,45:53.8
4315,,0,vaprasannakumar@ord.gov.in,48:15.5
4316,LPG GAS,0,tank.ofmk@ord.gov.in,48:21.9
4317,,0,vaprasannakumar@ord.gov.in,49:21.5
4318,GAUGES,0,hvfprojects@ord.gov.in,51:17.4
4319,,0,tank.ofmk@ord.gov.in,51:43.8
4320,,0,hvfprojects@ord.gov.in,54:25.5
4321,,0,hvfprojects@ord.gov.in,56:43.4
4322,,0,hvfprojects@ord.gov.in,59:49.7
4323,,0,vaprasannakumar@ord.gov.in,00:46.6
4324,,0,tank.ofmk@ord.gov.in,01:32.7
4325,,0,hvfprojects@ord.gov.in,03:05.5
4326,,0,vaprasannakumar@ord.gov.in,03:40.4
4327,Events organization,0,Chowdhury.Santanu@grse.co.in,04:18.5
4328,,0,vaprasannakumar@ord.gov.in,04:44.4
4329,,0,hvfprojects@ord.gov.in,05:54.0
4330,,0,vaprasannakumar@ord.gov.in,06:17.9
4331,,0,tank.ofmk@ord.gov.in,07:19.2
4332,,0,vaprasannakumar@ord.gov.in,07:59.9
4333,,0,amitkumar6@ord.gov.in,08:01.8
4334,,0,vaprasannakumar@ord.gov.in,13:45.6
4335,,0,hvfprojects@ord.gov.in,13:54.3
4336,,0,vaprasannakumar@ord.gov.in,15:16.0
4337,,0,vaprasannakumar@ord.gov.in,16:53.9
4338,,0,vaprasannakumar@ord.gov.in,17:48.6
4339,,0,hvfprojects@ord.gov.in,17:56.8
4340,,0,hvfprojects@ord.gov.in,20:49.2
4341,,0,vaprasannakumar@ord.gov.in,21:53.5
4342,,0,vaprasannakumar@ord.gov.in,23:07.5
4343,,0,hvfprojects@ord.gov.in,23:45.6
4344,SUPPLY OF MACHINE PARTS,0,amitkumar6@ord.gov.in,24:01.1
4345,,0,vaprasannakumar@ord.gov.in,25:20.5
4346,,0,vaprasannakumar@ord.gov.in,26:09.0
4347,internet,0,hvfprojects@ord.gov.in,26:40.9
4348,,0,vaprasannakumar@ord.gov.in,28:56.4
4349,,0,vaprasannakumar@ord.gov.in,29:53.5
4350,,0,hvfprojects@ord.gov.in,30:09.1
4351,,0,vaprasannakumar@ord.gov.in,31:29.3
4352,,0,amitkumar6@ord.gov.in,32:12.6
4353,,0,vaprasannakumar@ord.gov.in,32:18.6
4354,,0,hvfprojects@ord.gov.in,32:35.7
4355,,0,hvfprojects@ord.gov.in,34:47.8
4356,,0,amitkumar6@ord.gov.in,39:24.6
4357,,0,amitkumar6@ord.gov.in,49:41.5
4358,,0,amitkumar6@ord.gov.in,56:27.6
4359,,0,amitkumar6@ord.gov.in,02:14.1
4360,,0,amitkumar6@ord.gov.in,09:31.2
4361,,0,imrankhan@ord.gov.in,15:55.2
4362,,0,imrankhan@ord.gov.in,16:37.8
4363,,0,imrankhan@ord.gov.in,17:36.6
4364,,0,imrankhan@ord.gov.in,24:17.5
4365,,0,imrankhan@ord.gov.in,27:26.8
4366,,0,imrankhan@ord.gov.in,28:01.7
4367,,0,hvfprojects@ord.gov.in,48:08.7
4368,,0,hvfprojects@ord.gov.in,51:09.5
4369,,0,hvfprojects@ord.gov.in,54:22.7
4370,,0,hvfprojects@ord.gov.in,05:54.6
4371,,0,hvfprojects@ord.gov.in,12:47.4
4372,,0,hvfprojects@ord.gov.in,15:42.8
4373,,0,hvfprojects@ord.gov.in,19:37.4
4374,,0,hvfprojects@ord.gov.in,22:47.5
4375,,0,hvfprojects@ord.gov.in,27:24.0
4376,,0,hvfprojects@ord.gov.in,30:26.9
4377,,0,hvfprojects@ord.gov.in,34:46.7
4378,,0,hvfprojects@ord.gov.in,38:23.5
4379,,0,hvfprojects@ord.gov.in,42:15.6
4380,,0,hvfprojects@ord.gov.in,47:29.0
4381,,0,hvfprojects@ord.gov.in,50:34.7
4382,,0,hvfprojects@ord.gov.in,52:45.7
4383,,0,hvfprojects@ord.gov.in,05:09.0
4384,,0,hvfprojects@ord.gov.in,08:32.8
4385,,0,hvfprojects@ord.gov.in,11:00.5
4386,,0,hvfprojects@ord.gov.in,14:35.2
4387,,0,hvfprojects@ord.gov.in,26:16.6
4388,,0,hvfprojects@ord.gov.in,30:26.1
4389,MILL BOARD,0,tank.ofmk@ord.gov.in,31:58.8
4390,,0,hvfprojects@ord.gov.in,32:12.1
4391,,0,hvfprojects@ord.gov.in,34:53.3
4392,ABRASIVE STRAIGHT CUT TRIANGLE,0,tank.ofmk@ord.gov.in,35:38.7
4393,,0,hvfprojects@ord.gov.in,37:01.7
4394,,0,tank.ofmk@ord.gov.in,39:41.4
4395,,0,hvfprojects@ord.gov.in,41:04.1
4396,,0,hvfprojects@ord.gov.in,43:29.8
4397,,0,hvfprojects@ord.gov.in,46:11.9
4398,,0,hvfprojects@ord.gov.in,49:45.2
4399,,0,tank.ofmk@ord.gov.in,51:06.4
4400,,0,tank.ofmk@ord.gov.in,54:54.1
4401,,0,vaprasannakumar@ord.gov.in,55:37.3
4402,COPPER-ASBESTOS PACKING RING 12X18,0,hvfprojects@ord.gov.in,56:42.4
4403,,0,vaprasannakumar@ord.gov.in,58:52.3
4404,,0,vaprasannakumar@ord.gov.in,00:28.6
4405,,0,vaprasannakumar@ord.gov.in,01:32.6
4406,,0,tank.ofmk@ord.gov.in,01:38.4
4407,,0,hvfprojects@ord.gov.in,02:44.8
4408,,0,vaprasannakumar@ord.gov.in,03:19.3
4409,,0,vaprasannakumar@ord.gov.in,04:05.9
4410,,0,vaprasannakumar@ord.gov.in,05:25.9
4411,,0,vaprasannakumar@ord.gov.in,08:43.8
4412,,0,vaprasannakumar@ord.gov.in,10:23.9
4413,,0,vaprasannakumar@ord.gov.in,11:15.7
4414,,0,vaprasannakumar@ord.gov.in,12:49.4
4415,,0,vaprasannakumar@ord.gov.in,13:59.5
4416,SMART CARD PRINTER,0,hvfprojects@ord.gov.in,14:48.1
4417,,0,vaprasannakumar@ord.gov.in,15:29.9
4418,,0,vaprasannakumar@ord.gov.in,16:13.9
4419,,0,vaprasannakumar@ord.gov.in,17:00.4
4420,,0,vaprasannakumar@ord.gov.in,17:41.9
4421,,0,vaprasannakumar@ord.gov.in,18:59.6
4422,,0,hvfprojects@ord.gov.in,19:43.9
4423,,0,vaprasannakumar@ord.gov.in,19:55.7
4424,,0,vaprasannakumar@ord.gov.in,21:12.6
4425,,0,vaprasannakumar@ord.gov.in,22:33.3
4426,,0,hvfprojects@ord.gov.in,22:36.5
4427,,0,vaprasannakumar@ord.gov.in,23:49.9
4428,,0,hvfprojects@ord.gov.in,25:46.6
4429,,0,vaprasannakumar@ord.gov.in,26:58.6
4430,,0,hvfprojects@ord.gov.in,28:17.4
4431,,0,hvfprojects@ord.gov.in,31:22.4
4432,,0,vaprasannakumar@ord.gov.in,32:32.5
4433,,0,vaprasannakumar@ord.gov.in,34:59.3
4434,,0,hvfprojects@ord.gov.in,36:48.2
4435,,0,vaprasannakumar@ord.gov.in,37:23.2
4436,,0,vaprasannakumar@ord.gov.in,38:11.1
4437,,0,vaprasannakumar@ord.gov.in,39:17.4
4438,,0,hvfprojects@ord.gov.in,39:31.5
4439,,0,vaprasannakumar@ord.gov.in,40:35.4
4440,,0,vaprasannakumar@ord.gov.in,41:35.2
4441,,0,tank.ofmk@ord.gov.in,42:35.6
4442,,0,vaprasannakumar@ord.gov.in,42:48.6
4443,,0,vaprasannakumar@ord.gov.in,43:28.3
4444,,0,vaprasannakumar@ord.gov.in,45:21.7
4445,,0,tank.ofmk@ord.gov.in,47:00.0
4446,,0,vaprasannakumar@ord.gov.in,47:05.8
4447,,0,vaprasannakumar@ord.gov.in,50:37.2
4448,,0,tank.ofmk@ord.gov.in,50:58.3
4449,,0,vaprasannakumar@ord.gov.in,51:43.4
4450,,0,vaprasannakumar@ord.gov.in,54:02.9
4451,,0,tank.ofmk@ord.gov.in,54:25.2
4452,,0,vaprasannakumar@ord.gov.in,54:48.2
4453,,0,vaprasannakumar@ord.gov.in,55:41.6
4454,"BATTERY HEAVY DUTY TRACTION 36V 300AH,",0,tank.ofmk@ord.gov.in,57:09.8
4455,,0,vaprasannakumar@ord.gov.in,58:58.6
4456,,0,tank.ofmk@ord.gov.in,59:42.7
4457,,0,tank.ofmk@ord.gov.in,05:32.7
4458,,0,tank.ofmk@ord.gov.in,09:40.7
4459,,0,tank.ofmk@ord.gov.in,12:08.7
4460,,0,vaprasannakumar@ord.gov.in,12:12.4
4461,,0,vaprasannakumar@ord.gov.in,13:24.0
4462,,0,vaprasannakumar@ord.gov.in,16:18.4
4463,,0,vaprasannakumar@ord.gov.in,17:46.9
4464,,0,tank.ofmk@ord.gov.in,17:52.0
4465,,0,mmofbol@ord.gov.in,19:35.2
4466,,0,vaprasannakumar@ord.gov.in,20:02.7
4467,,0,tank.ofmk@ord.gov.in,20:20.1
4468,,0,mmofbol@ord.gov.in,22:20.3
4469,,0,vaprasannakumar@ord.gov.in,23:00.3
4470,,0,vaprasannakumar@ord.gov.in,24:36.2
4471,,0,tank.ofmk@ord.gov.in,24:53.2
4472,,0,vaprasannakumar@ord.gov.in,25:49.2
4473,,0,vaprasannakumar@ord.gov.in,27:23.8
4474,,0,mmofbol@ord.gov.in,28:24.1
4475,,0,vaprasannakumar@ord.gov.in,28:24.8
4476,,0,tank.ofmk@ord.gov.in,28:59.4
4477,,0,vaprasannakumar@ord.gov.in,29:33.7
4478,,0,mmofbol@ord.gov.in,30:22.2
4479,,0,vaprasannakumar@ord.gov.in,30:41.1
4480,,0,tank.ofmk@ord.gov.in,31:37.4
4481,,0,vaprasannakumar@ord.gov.in,32:12.4
4482,,0,mmofbol@ord.gov.in,33:01.1
4483,,0,vaprasannakumar@ord.gov.in,33:33.2
4484,,0,vaprasannakumar@ord.gov.in,35:01.9
4485,,0,tank.ofmk@ord.gov.in,35:04.5
4486,,0,mmofbol@ord.gov.in,35:12.0
4487,,0,mmofbol@ord.gov.in,37:48.1
4488,,0,vaprasannakumar@ord.gov.in,43:12.8
4489,,0,vaprasannakumar@ord.gov.in,44:55.8
4490,,0,mmofbol@ord.gov.in,46:20.7
4491,,0,mmofbol@ord.gov.in,49:32.4
4492,,0,vaprasannakumar@ord.gov.in,49:35.3
4493,,0,hvfprojects@ord.gov.in,50:24.6
4494,,0,mmofbol@ord.gov.in,50:27.1
4495,,0,mmofbol@ord.gov.in,52:17.1
4496,,0,mmofbol@ord.gov.in,54:25.2
4497,,0,vaprasannakumar@ord.gov.in,55:36.2
4498,,0,vaprasannakumar@ord.gov.in,58:20.4
4499,,0,hvfprojects@ord.gov.in,59:06.4
4500,,0,mmofbol@ord.gov.in,59:14.1
4501,,0,vaprasannakumar@ord.gov.in,00:28.3
4502,,0,vaprasannakumar@ord.gov.in,01:12.2
4503,,0,mmofbol@ord.gov.in,03:20.1
4504,,0,mmofbol@ord.gov.in,04:38.2
4505,,0,hvfprojects@ord.gov.in,04:48.1
4506,,0,hvfprojects@ord.gov.in,06:40.0
4507,,0,vaprasannakumar@ord.gov.in,07:57.3
4508,,0,vaprasannakumar@ord.gov.in,09:58.9
4509,,0,hvfprojects@ord.gov.in,11:42.5
4510,,0,vaprasannakumar@ord.gov.in,12:03.3
4511,,0,vaprasannakumar@ord.gov.in,12:41.0
4512,,0,vaprasannakumar@ord.gov.in,14:06.8
4513,,0,hvfprojects@ord.gov.in,14:20.5
4514,,0,vaprasannakumar@ord.gov.in,15:50.3
4515,,0,vaprasannakumar@ord.gov.in,17:20.5
4516,,0,vaprasannakumar@ord.gov.in,18:12.0
4517,,0,vaprasannakumar@ord.gov.in,28:23.1
4518,,0,vaprasannakumar@ord.gov.in,30:04.6
4519,,0,vaprasannakumar@ord.gov.in,31:03.5
4520,,0,vaprasannakumar@ord.gov.in,32:00.4
4521,,0,vaprasannakumar@ord.gov.in,34:25.9
4522,,0,vaprasannakumar@ord.gov.in,35:24.3
4523,,0,vaprasannakumar@ord.gov.in,37:56.7
4524,,0,vaprasannakumar@ord.gov.in,39:33.8
4525,,0,vaprasannakumar@ord.gov.in,47:36.1
4526,,0,vaprasannakumar@ord.gov.in,48:25.3
4527,,0,vaprasannakumar@ord.gov.in,50:25.2
4528,,0,vaprasannakumar@ord.gov.in,52:38.0
4529,,0,vaprasannakumar@ord.gov.in,46:05.3
4530,,0,vaprasannakumar@ord.gov.in,47:54.5
4531,,0,vaprasannakumar@ord.gov.in,48:51.5
4532,,0,vaprasannakumar@ord.gov.in,53:43.3
4533,,0,vaprasannakumar@ord.gov.in,55:17.4
4534,,0,vaprasannakumar@ord.gov.in,56:27.7
4535,,0,vaprasannakumar@ord.gov.in,57:15.4
4536,,0,vaprasannakumar@ord.gov.in,58:42.1
4537,,0,vaprasannakumar@ord.gov.in,00:01.7
4538,,0,vaprasannakumar@ord.gov.in,01:45.8
4539,,0,vaprasannakumar@ord.gov.in,02:51.1
4540,,0,vaprasannakumar@ord.gov.in,03:46.1
4541,,0,vaprasannakumar@ord.gov.in,04:55.7
4542,,0,vaprasannakumar@ord.gov.in,06:11.7
4543,,0,vaprasannakumar@ord.gov.in,07:15.6
4544,,0,vaprasannakumar@ord.gov.in,12:04.9
4545,,0,vaprasannakumar@ord.gov.in,15:49.5
4546,,0,vaprasannakumar@ord.gov.in,17:27.8
4547,,0,vaprasannakumar@ord.gov.in,19:15.5
4548,,0,vaprasannakumar@ord.gov.in,19:59.3
4549,OXYGEN GAS,0,tank.ofmk@ord.gov.in,02:00.9
4550,M35(HSS) P/S END MILLS 12X12X53X101MM.,0,tank.ofmk@ord.gov.in,04:19.3
4551,,0,tank.ofmk@ord.gov.in,08:05.0
4552,PRINTER,0,tank.ofmk@ord.gov.in,12:35.7
4553,,0,tank.ofmk@ord.gov.in,18:50.0
4554,,0,tank.ofmk@ord.gov.in,25:02.8
4555,,0,tank.ofmk@ord.gov.in,28:33.3
4556,,0,tank.ofmk@ord.gov.in,31:01.8
4557,,0,tank.ofmk@ord.gov.in,34:42.5
4558,,0,tank.ofmk@ord.gov.in,38:21.4
4559,,0,vaprasannakumar@ord.gov.in,43:14.5
4560,,0,vaprasannakumar@ord.gov.in,44:12.7
4561,PAINT,0,tank.ofmk@ord.gov.in,44:20.8
4562,,0,vaprasannakumar@ord.gov.in,46:08.1
4563,,0,vaprasannakumar@ord.gov.in,47:14.6
4564,,0,tank.ofmk@ord.gov.in,47:18.3
4565,,0,vaprasannakumar@ord.gov.in,49:44.7
4566,,0,vaprasannakumar@ord.gov.in,50:49.2
4567,,0,vaprasannakumar@ord.gov.in,51:47.1
4568,,0,vaprasannakumar@ord.gov.in,56:40.5
4569,,0,tank.ofmk@ord.gov.in,56:48.6
4570,,0,tank.ofmk@ord.gov.in,59:44.6
4571,,0,vaprasannakumar@ord.gov.in,02:44.8
4572,,0,tank.ofmk@ord.gov.in,03:16.8
4573,,0,vaprasannakumar@ord.gov.in,08:08.6
4574,,0,vaprasannakumar@ord.gov.in,09:58.4
4575,,0,vaprasannakumar@ord.gov.in,10:54.3
4576,,0,vaprasannakumar@ord.gov.in,11:39.6
4577,,0,vaprasannakumar@ord.gov.in,12:29.7
4578,,0,vaprasannakumar@ord.gov.in,13:30.6
4579,,0,vaprasannakumar@ord.gov.in,14:27.8
4580,,0,vaprasannakumar@ord.gov.in,15:12.5
4581,,0,vaprasannakumar@ord.gov.in,16:19.9
4582,,0,vaprasannakumar@ord.gov.in,17:14.2
4583,,0,vaprasannakumar@ord.gov.in,17:59.5
4584,,0,vaprasannakumar@ord.gov.in,19:02.5
4585,,0,vaprasannakumar@ord.gov.in,20:16.1
4586,,0,vaprasannakumar@ord.gov.in,24:28.0
4587,,0,vaprasannakumar@ord.gov.in,25:45.6
4588,,0,vaprasannakumar@ord.gov.in,27:04.1
4589,,0,vaprasannakumar@ord.gov.in,28:03.6
4590,,0,vaprasannakumar@ord.gov.in,29:08.6
4591,,0,vaprasannakumar@ord.gov.in,29:59.6
4592,,0,vaprasannakumar@ord.gov.in,31:02.8
4593,,0,vaprasannakumar@ord.gov.in,32:35.0
4594,,0,vaprasannakumar@ord.gov.in,38:05.5
4595,,0,vaprasannakumar@ord.gov.in,39:10.3
4596,,0,vaprasannakumar@ord.gov.in,40:48.5
4597,,0,vaprasannakumar@ord.gov.in,41:53.9
4598,,0,vaprasannakumar@ord.gov.in,43:00.3
4599,,0,vaprasannakumar@ord.gov.in,46:27.4
4600,,0,tank.ofmk@ord.gov.in,47:52.1
4601,,0,tank.ofmk@ord.gov.in,52:24.0
4602,GAS,0,tank.ofmk@ord.gov.in,54:43.7
4603,,0,tank.ofmk@ord.gov.in,59:43.0
4604,,0,tank.ofmk@ord.gov.in,02:12.0
4605,,0,tank.ofmk@ord.gov.in,06:51.3
4606,,0,vaprasannakumar@ord.gov.in,46:29.5
4607,,0,vaprasannakumar@ord.gov.in,47:39.4
4608,,0,vaprasannakumar@ord.gov.in,49:16.7
4609,,0,vaprasannakumar@ord.gov.in,50:16.9
4610,,0,tank.ofmk@ord.gov.in,51:19.4
4611,,0,vaprasannakumar@ord.gov.in,53:52.6
4612,,0,vaprasannakumar@ord.gov.in,55:01.7
4613,,0,tank.ofmk@ord.gov.in,56:25.0
4614,,0,vaprasannakumar@ord.gov.in,56:36.5
4615,,0,tank.ofmk@ord.gov.in,58:33.5
4616,,0,vaprasannakumar@ord.gov.in,58:41.0
4617,,0,vaprasannakumar@ord.gov.in,59:44.7
4618,,0,vaprasannakumar@ord.gov.in,00:39.9
4619,,0,tank.ofmk@ord.gov.in,01:55.4
4620,,0,vaprasannakumar@ord.gov.in,02:28.2
4621,,0,vaprasannakumar@ord.gov.in,03:24.8
4622,,0,vaprasannakumar@ord.gov.in,04:24.4
4623,,0,tank.ofmk@ord.gov.in,04:42.5
4624,,0,vaprasannakumar@ord.gov.in,05:27.8
4625,,0,vaprasannakumar@ord.gov.in,06:26.2
4626,,0,vaprasannakumar@ord.gov.in,07:31.1
4627,,0,vaprasannakumar@ord.gov.in,08:31.9
4628,,0,vaprasannakumar@ord.gov.in,09:39.3
4629,,0,vaprasannakumar@ord.gov.in,11:56.0
4630,,0,vaprasannakumar@ord.gov.in,13:58.4
4631,,0,tank.ofmk@ord.gov.in,16:12.7
4632,,0,vaprasannakumar@ord.gov.in,18:33.9
4633,,0,tank.ofmk@ord.gov.in,18:46.5
4634,,0,vaprasannakumar@ord.gov.in,19:31.2
4635,,0,vaprasannakumar@ord.gov.in,21:37.9
4636,,0,tank.ofmk@ord.gov.in,21:50.2
4637,,0,vaprasannakumar@ord.gov.in,22:50.4
4638,,0,tank.ofmk@ord.gov.in,24:10.2
4639,,0,vaprasannakumar@ord.gov.in,24:15.9
4640,,0,tank.ofmk@ord.gov.in,30:01.4
4641,,0,vaprasannakumar@ord.gov.in,31:53.8
4642,,0,tank.ofmk@ord.gov.in,32:42.1
4643,,0,vaprasannakumar@ord.gov.in,33:25.0
4644,,0,vaprasannakumar@ord.gov.in,34:23.8
4645,,0,tank.ofmk@ord.gov.in,34:44.8
4646,,0,vaprasannakumar@ord.gov.in,35:08.9
4647,,0,vaprasannakumar@ord.gov.in,38:27.4
4648,,0,vaprasannakumar@ord.gov.in,39:28.7
4649,,0,vaprasannakumar@ord.gov.in,40:24.6
4650,,0,vaprasannakumar@ord.gov.in,41:10.7
4651,,0,vaprasannakumar@ord.gov.in,41:53.1
4652,,0,vaprasannakumar@ord.gov.in,42:36.8
4653,,0,vaprasannakumar@ord.gov.in,45:21.8
4654,,0,vaprasannakumar@ord.gov.in,46:11.0
4655,,0,vaprasannakumar@ord.gov.in,47:28.0
4656,,0,vaprasannakumar@ord.gov.in,50:02.2
4657,,0,vaprasannakumar@ord.gov.in,53:15.2
4658,,0,vaprasannakumar@ord.gov.in,55:06.0
4659,,0,tank.ofmk@ord.gov.in,08:16.7
4660,,0,tank.ofmk@ord.gov.in,12:35.6
4661,,0,tank.ofmk@ord.gov.in,16:03.4
4662,,0,amitsingh.kumar@midhani-india.in,25:55.0
4663,,0,amitsingh.kumar@midhani-india.in,26:49.8
4664,SAFETY SHOES,0,tank.ofmk@ord.gov.in,28:12.4
4665,,0,amitsingh.kumar@midhani-india.in,29:03.8
4666,,0,tank.ofmk@ord.gov.in,30:19.3
4667,,0,amitsingh.kumar@midhani-india.in,31:52.8
4668,,0,amitsingh.kumar@midhani-india.in,32:40.2
4669,,0,tank.ofmk@ord.gov.in,33:29.8
4670,,0,amitsingh.kumar@midhani-india.in,33:33.6
4671,,0,tank.ofmk@ord.gov.in,36:37.7
4672,,0,amitsingh.kumar@midhani-india.in,40:40.0
4673,,0,amitsingh.kumar@midhani-india.in,46:34.4
4674,,0,tank.ofmk@ord.gov.in,47:51.3
4675,,0,vaprasannakumar@ord.gov.in,48:14.4
4676,,0,vaprasannakumar@ord.gov.in,49:23.6
4677,,0,vaprasannakumar@ord.gov.in,52:06.9
4678,,0,tank.ofmk@ord.gov.in,52:17.5
4679,,0,vaprasannakumar@ord.gov.in,53:15.8
4680,,0,vaprasannakumar@ord.gov.in,54:25.7
4681,,0,amitsingh.kumar@midhani-india.in,55:50.9
4682,,0,tank.ofmk@ord.gov.in,57:12.5
4683,,0,amitsingh.kumar@midhani-india.in,57:43.0
4684,,0,amitsingh.kumar@midhani-india.in,59:23.4
4685,,0,tank.ofmk@ord.gov.in,00:05.7
4686,,0,tank.ofmk@ord.gov.in,02:20.5
4687,,0,amitsingh.kumar@midhani-india.in,04:45.5
4688,,0,vaprasannakumar@ord.gov.in,08:08.3
4689,,0,amitsingh.kumar@midhani-india.in,09:45.1
4690,,0,vaprasannakumar@ord.gov.in,10:43.2
4691,,0,vaprasannakumar@ord.gov.in,12:59.4
4692,,0,amitsingh.kumar@midhani-india.in,14:05.7
4693,,0,vaprasannakumar@ord.gov.in,18:05.7
4694,,0,vaprasannakumar@ord.gov.in,20:30.5
4695,,0,amitsingh.kumar@midhani-india.in,20:57.6
4696,,0,vaprasannakumar@ord.gov.in,27:43.1
4697,,0,vaprasannakumar@ord.gov.in,30:19.8
4698,,0,vaprasannakumar@ord.gov.in,32:07.9
4699,,0,vaprasannakumar@ord.gov.in,33:30.2
4700,,0,vaprasannakumar@ord.gov.in,34:45.3
4701,,0,amitsingh.kumar@midhani-india.in,35:50.0
4702,,0,vaprasannakumar@ord.gov.in,36:03.2
4703,,0,vaprasannakumar@ord.gov.in,37:47.1
4704,,0,vaprasannakumar@ord.gov.in,38:29.8
4705,,0,amitsingh.kumar@midhani-india.in,39:29.1
4706,,0,vaprasannakumar@ord.gov.in,41:20.4
4707,,0,vaprasannakumar@ord.gov.in,43:11.5
4708,,0,tank.ofmk@ord.gov.in,43:51.0
4709,,0,amitsingh.kumar@midhani-india.in,43:59.1
4710,,0,vaprasannakumar@ord.gov.in,45:19.0
4711,,0,vaprasannakumar@ord.gov.in,46:06.3
4712,,0,tank.ofmk@ord.gov.in,47:32.9
4713,,0,amitsingh.kumar@midhani-india.in,47:40.0
4714,,0,vaprasannakumar@ord.gov.in,48:27.9
4715,,0,amitsingh.kumar@midhani-india.in,52:51.5
4716,,0,tank.ofmk@ord.gov.in,55:18.8
4717,,0,tank.ofmk@ord.gov.in,56:59.9
4718,,0,amitsingh.kumar@midhani-india.in,57:11.3
4719,,0,vaprasannakumar@ord.gov.in,02:28.0
4720,,0,vaprasannakumar@ord.gov.in,05:01.9
4721,,0,vaprasannakumar@ord.gov.in,06:33.3
4722,,0,vaprasannakumar@ord.gov.in,07:38.3
4723,,0,vaprasannakumar@ord.gov.in,09:01.2
4724,,0,vaprasannakumar@ord.gov.in,10:24.7
4725,,0,amitsingh.kumar@midhani-india.in,10:33.2
4726,,0,vaprasannakumar@ord.gov.in,11:28.3
4727,,0,vaprasannakumar@ord.gov.in,12:19.0
4728,,0,vaprasannakumar@ord.gov.in,15:06.8
4729,,0,vaprasannakumar@ord.gov.in,16:11.5
4730,,0,vaprasannakumar@ord.gov.in,16:54.9
4731,,0,vaprasannakumar@ord.gov.in,17:38.4
4732,,0,vaprasannakumar@ord.gov.in,18:54.4
4733,,0,vaprasannakumar@ord.gov.in,19:57.6
4734,,0,vaprasannakumar@ord.gov.in,20:47.2
4735,,0,vaprasannakumar@ord.gov.in,21:41.4
4736,,0,vaprasannakumar@ord.gov.in,22:52.4
4737,,0,vaprasannakumar@ord.gov.in,23:55.9
4738,,0,vaprasannakumar@ord.gov.in,24:48.8
4739,,0,vaprasannakumar@ord.gov.in,25:40.2
4740,,0,vaprasannakumar@ord.gov.in,26:16.7
4741,,0,vaprasannakumar@ord.gov.in,28:47.9
4742,,0,vaprasannakumar@ord.gov.in,31:39.5
4743,,0,tank.ofmk@ord.gov.in,33:14.5
4744,,0,amitsingh.kumar@midhani-india.in,37:38.5
4745,,0,amitsingh.kumar@midhani-india.in,38:54.3
4746,,0,tank.ofmk@ord.gov.in,40:40.7
4747,,0,amitsingh.kumar@midhani-india.in,40:46.2
4748,,0,amitsingh.kumar@midhani-india.in,42:11.2
4749,,0,amitkumar6@ord.gov.in,42:26.7
4750,,0,amitsingh.kumar@midhani-india.in,44:21.0
4751,,0,amitsingh.kumar@midhani-india.in,50:40.6
4752,,0,amitsingh.kumar@midhani-india.in,52:48.1
4753,,0,tank.ofmk@ord.gov.in,08:45.9
4754,,0,amitkumar6@ord.gov.in,09:33.0
4755,,0,amitkumar6@ord.gov.in,12:25.1
4756,,0,amitkumar6@ord.gov.in,14:49.3
4757,,0,amitkumar6@ord.gov.in,18:27.6
4758,,0,amitsingh.kumar@midhani-india.in,20:05.2
4759,,0,amitsingh.kumar@midhani-india.in,20:57.3
4760,,0,amitkumar6@ord.gov.in,21:02.4
4761,,0,amitsingh.kumar@midhani-india.in,21:57.5
4762,,0,amitsingh.kumar@midhani-india.in,24:00.6
4763,,0,amitkumar6@ord.gov.in,24:06.9
4764,,0,amitsingh.kumar@midhani-india.in,28:05.4
4765,,0,amitsingh.kumar@midhani-india.in,29:41.6
4766,,0,amitsingh.kumar@midhani-india.in,30:53.5
4767,,0,vaprasannakumar@ord.gov.in,39:57.6
4768,,0,vaprasannakumar@ord.gov.in,43:00.1
4769,,0,vaprasannakumar@ord.gov.in,45:09.0
4770,,0,vaprasannakumar@ord.gov.in,46:44.5
4771,,0,vaprasannakumar@ord.gov.in,50:43.4
4772,,0,vaprasannakumar@ord.gov.in,52:17.4
4773,,0,vaprasannakumar@ord.gov.in,53:41.7
4774,,0,vaprasannakumar@ord.gov.in,59:43.8
4775,,0,vaprasannakumar@ord.gov.in,01:01.9
4776,,0,vaprasannakumar@ord.gov.in,02:25.1
4777,,0,vaprasannakumar@ord.gov.in,22:09.4
4778,,0,vaprasannakumar@ord.gov.in,23:21.4
4779,,0,vaprasannakumar@ord.gov.in,24:37.1
4780,,0,vaprasannakumar@ord.gov.in,26:24.2
4781,,0,vaprasannakumar@ord.gov.in,27:36.8
4782,,0,vaprasannakumar@ord.gov.in,29:41.1
4783,,0,vaprasannakumar@ord.gov.in,30:49.1
4784,,0,vaprasannakumar@ord.gov.in,31:45.0
4785,,0,vaprasannakumar@ord.gov.in,34:06.3
4786,,0,vaprasannakumar@ord.gov.in,36:53.1
4787,,0,vaprasannakumar@ord.gov.in,38:06.9
4788,,0,vaprasannakumar@ord.gov.in,39:17.4
4789,,0,vaprasannakumar@ord.gov.in,40:21.3
4790,,0,vaprasannakumar@ord.gov.in,41:20.0
4791,,0,vaprasannakumar@ord.gov.in,42:20.9
4792,,0,vaprasannakumar@ord.gov.in,48:56.6
4793,,0,vaprasannakumar@ord.gov.in,51:11.2
4794,,0,vaprasannakumar@ord.gov.in,52:45.4
4795,,0,vaprasannakumar@ord.gov.in,55:36.3
4796,,0,vaprasannakumar@ord.gov.in,56:48.0
4797,,0,vaprasannakumar@ord.gov.in,57:52.0
4798,,0,vaprasannakumar@ord.gov.in,59:11.6
4799,,0,vaprasannakumar@ord.gov.in,00:59.8
4800,,0,vaprasannakumar@ord.gov.in,01:56.8
4801,,0,vaprasannakumar@ord.gov.in,02:47.2
4802,,0,vaprasannakumar@ord.gov.in,04:05.2
4803,,0,vaprasannakumar@ord.gov.in,05:08.7
4804,,0,vaprasannakumar@ord.gov.in,06:17.3
4805,,0,vaprasannakumar@ord.gov.in,07:19.2
4806,,0,vaprasannakumar@ord.gov.in,09:41.7
4807,,0,vaprasannakumar@ord.gov.in,13:11.0
4808,,0,vaprasannakumar@ord.gov.in,14:51.3
4809,,0,vaprasannakumar@ord.gov.in,15:41.0
4810,,0,vaprasannakumar@ord.gov.in,17:10.2
4811,,0,vaprasannakumar@ord.gov.in,19:01.4
4812,AUTO TELEPHONE SYSTEM,0,m.mahendran@grse.co.in,19:30.0
4813,,0,tank.ofmk@ord.gov.in,21:37.3
4814,AMC for IT devices,0,m.mahendran@grse.co.in,25:08.8
4815,,0,vaprasannakumar@ord.gov.in,25:24.5
4816,,0,m.mahendran@grse.co.in,27:36.5
4817,,0,vaprasannakumar@ord.gov.in,32:51.5
4818,PROPELLER,0,m.mahendran@grse.co.in,36:13.8
4819,,0,vaprasannakumar@ord.gov.in,37:12.9
4820,,0,vaprasannakumar@ord.gov.in,40:45.6
4821,,0,vaprasannakumar@ord.gov.in,41:35.7
4822,,0,m.mahendran@grse.co.in,41:41.2
4823,,0,vaprasannakumar@ord.gov.in,44:25.2
4824,'A' BRACKET,0,m.mahendran@grse.co.in,44:51.2
4825,,0,vaprasannakumar@ord.gov.in,46:16.9
4826,,0,m.mahendran@grse.co.in,48:26.7
4827,WEAPON SYSTEMS,0,m.mahendran@grse.co.in,55:34.6
4828,,0,vaprasannakumar@ord.gov.in,59:20.6
4829,,0,vaprasannakumar@ord.gov.in,01:00.4
4830,,0,vaprasannakumar@ord.gov.in,03:28.1
4831,,0,vaprasannakumar@ord.gov.in,05:28.5
4832,,0,vaprasannakumar@ord.gov.in,07:23.5
4833,PRECESION  MACHINED  COMPONENTS,0,m.mahendran@grse.co.in,11:30.8
4834,,0,vaprasannakumar@ord.gov.in,12:10.2
4835,HIRE OF LORRY,0,m.mahendran@grse.co.in,16:06.3
4836,,0,vaprasannakumar@ord.gov.in,16:07.8
4837,,0,vaprasannakumar@ord.gov.in,17:10.1
4838,LUBRICANT & GREASE,0,m.mahendran@grse.co.in,17:30.9
4839,,0,vaprasannakumar@ord.gov.in,19:00.4
4840,,0,vaprasannakumar@ord.gov.in,20:25.5
4841,,0,vaprasannakumar@ord.gov.in,21:18.4
4842,,0,vaprasannakumar@ord.gov.in,22:10.0
4843,,0,vaprasannakumar@ord.gov.in,23:35.8
4844,,0,vaprasannakumar@ord.gov.in,24:55.6
4845,,0,vaprasannakumar@ord.gov.in,25:59.0
4846,,0,vaprasannakumar@ord.gov.in,27:44.4
4847,,0,vaprasannakumar@ord.gov.in,29:06.2
4848,,0,vaprasannakumar@ord.gov.in,30:27.7
4849,,0,vaprasannakumar@ord.gov.in,32:02.3
4850,CHEMICAL & METALLOGRAPHIC TEST,0,m.mahendran@grse.co.in,32:38.8
4851,,0,vaprasannakumar@ord.gov.in,33:11.7
4852,,0,vaprasannakumar@ord.gov.in,35:38.6
4853,,0,vaprasannakumar@ord.gov.in,36:42.5
4854,,0,vaprasannakumar@ord.gov.in,38:09.2
4855,,0,vaprasannakumar@ord.gov.in,39:40.1
4856,,0,vaprasannakumar@ord.gov.in,40:54.5
4857,,0,vaprasannakumar@ord.gov.in,42:12.3
4858,,0,vaprasannakumar@ord.gov.in,44:14.0
4859,,0,vaprasannakumar@ord.gov.in,45:23.4
4860,packers and mover,0,m.mahendran@grse.co.in,35:58.5
4861,,0,m.mahendran@grse.co.in,54:34.6
4862,CASTING,0,m.mahendran@grse.co.in,57:20.8
4863,,0,vaprasannakumar@ord.gov.in,01:14.0
4864,,0,vaprasannakumar@ord.gov.in,03:01.4
4865,STOCK /ACCOUNTING RELATED ACTIVITY,0,m.mahendran@grse.co.in,04:52.3
4866,,0,vaprasannakumar@ord.gov.in,05:10.0
4867,,0,vaprasannakumar@ord.gov.in,08:36.7
4868,,0,vaprasannakumar@ord.gov.in,10:25.3
4869,,0,vaprasannakumar@ord.gov.in,11:42.3
4870,,0,vaprasannakumar@ord.gov.in,12:57.2
4871,,0,vaprasannakumar@ord.gov.in,14:02.4
4872,,0,vaprasannakumar@ord.gov.in,15:10.5
4873,,0,vaprasannakumar@ord.gov.in,16:00.0
4874,,0,vaprasannakumar@ord.gov.in,19:01.4
4875,,0,vaprasannakumar@ord.gov.in,20:01.7
4876,,0,vaprasannakumar@ord.gov.in,33:55.7
4877,,0,vaprasannakumar@ord.gov.in,36:30.9
4878,,0,vaprasannakumar@ord.gov.in,38:27.7
4879,,0,vaprasannakumar@ord.gov.in,40:16.8
4880,,0,vaprasannakumar@ord.gov.in,41:18.7
4881,,0,vaprasannakumar@ord.gov.in,42:00.3
4882,,0,vaprasannakumar@ord.gov.in,43:34.4
4883,,0,vaprasannakumar@ord.gov.in,44:53.2
4884,,0,vaprasannakumar@ord.gov.in,46:09.4
4885,,0,vaprasannakumar@ord.gov.in,47:00.0
4886,,0,vaprasannakumar@ord.gov.in,47:50.1
4887,,0,vaprasannakumar@ord.gov.in,48:54.3
4888,,0,vaprasannakumar@ord.gov.in,50:33.9
4889,,0,vaprasannakumar@ord.gov.in,51:45.0
4890,,0,vaprasannakumar@ord.gov.in,52:39.0
4891,,0,vaprasannakumar@ord.gov.in,55:47.4
4892,,0,vaprasannakumar@ord.gov.in,56:43.2
4893,,0,vaprasannakumar@ord.gov.in,59:06.0
4894,,0,vaprasannakumar@ord.gov.in,00:49.7
4895,,0,vaprasannakumar@ord.gov.in,02:14.2
4896,,0,tank.ofmk@ord.gov.in,16:44.2
4897,,0,m.mahendran@grse.co.in,18:27.7
4898,,0,m.mahendran@grse.co.in,19:40.7
4899,,0,m.mahendran@grse.co.in,20:33.6
4900,,0,tank.ofmk@ord.gov.in,21:22.2
4901,,0,m.mahendran@grse.co.in,21:31.1
4902,,0,m.mahendran@grse.co.in,22:05.2
4903,,0,m.mahendran@grse.co.in,22:36.2
4904,,0,m.mahendran@grse.co.in,23:14.5
4905,,0,m.mahendran@grse.co.in,23:58.4
4906,EXHAUST FAN,0,tank.ofmk@ord.gov.in,26:12.5
4907,,0,m.mahendran@grse.co.in,27:30.0
4908,,0,vaprasannakumar@ord.gov.in,28:26.1
4909,,0,m.mahendran@grse.co.in,29:52.3
4910,,0,tank.ofmk@ord.gov.in,30:11.3
4911,,0,m.mahendran@grse.co.in,31:28.5
4912,,0,vaprasannakumar@ord.gov.in,35:23.9
4913,,0,vaprasannakumar@ord.gov.in,48:50.3
4914,,0,vaprasannakumar@ord.gov.in,53:57.6
4915,,0,vaprasannakumar@ord.gov.in,04:33.2
4916,,0,vaprasannakumar@ord.gov.in,05:32.6
4917,,0,vaprasannakumar@ord.gov.in,10:43.4
4918,,0,vaprasannakumar@ord.gov.in,12:13.3
4919,,0,vaprasannakumar@ord.gov.in,13:58.7
4920,,0,vaprasannakumar@ord.gov.in,15:19.1
4921,,0,vaprasannakumar@ord.gov.in,16:32.4
4922,,0,vaprasannakumar@ord.gov.in,17:36.0
4923,,0,vaprasannakumar@ord.gov.in,18:31.3
4924,,0,vaprasannakumar@ord.gov.in,19:35.8
4925,,0,vaprasannakumar@ord.gov.in,20:40.2
4926,,0,vaprasannakumar@ord.gov.in,23:50.1
4927,,0,vaprasannakumar@ord.gov.in,24:47.2
4928,,0,vaprasannakumar@ord.gov.in,25:32.8
4929,,0,vaprasannakumar@ord.gov.in,26:15.9
4930,,0,vaprasannakumar@ord.gov.in,27:39.2
4931,,0,vaprasannakumar@ord.gov.in,28:41.5
4932,,0,vaprasannakumar@ord.gov.in,29:39.4
4933,,0,vaprasannakumar@ord.gov.in,30:18.9
4934,,0,vaprasannakumar@ord.gov.in,35:42.6
4935,,0,vaprasannakumar@ord.gov.in,37:03.0
4936,,0,vaprasannakumar@ord.gov.in,38:13.0
4937,,0,vaprasannakumar@ord.gov.in,40:29.3
4938,,0,vaprasannakumar@ord.gov.in,49:23.0
4939,,0,vaprasannakumar@ord.gov.in,52:06.6
4940,,0,vaprasannakumar@ord.gov.in,53:14.7
4941,,0,vaprasannakumar@ord.gov.in,56:15.4
4942,,0,vaprasannakumar@ord.gov.in,57:18.3
4943,,0,vaprasannakumar@ord.gov.in,58:43.4
4944,,0,vaprasannakumar@ord.gov.in,00:44.2
4945,,0,vaprasannakumar@ord.gov.in,05:58.7
4946,,0,vaprasannakumar@ord.gov.in,09:03.8
4947,,0,vaprasannakumar@ord.gov.in,10:59.8
4948,,0,vaprasannakumar@ord.gov.in,12:37.3
4949,,0,hvfprojects@ord.gov.in,14:54.2
4950,,0,vaprasannakumar@ord.gov.in,16:15.5
4951,,0,vaprasannakumar@ord.gov.in,16:16.1
4952,,0,vaprasannakumar@ord.gov.in,17:32.9
4953,,0,vaprasannakumar@ord.gov.in,18:32.5
4954,,0,hvfprojects@ord.gov.in,18:33.7
4955,,0,vaprasannakumar@ord.gov.in,21:04.5
4956,,0,hvfprojects@ord.gov.in,22:04.2
4957,,0,vaprasannakumar@ord.gov.in,22:15.2
4958,,0,vaprasannakumar@ord.gov.in,24:41.2
4959,,0,hvfprojects@ord.gov.in,25:04.7
4960,,0,vaprasannakumar@ord.gov.in,25:45.1
4961,,0,hvfprojects@ord.gov.in,27:09.5
4962,,0,vaprasannakumar@ord.gov.in,30:16.4
4963,,0,hvfprojects@ord.gov.in,30:29.5
4964,,0,hvfprojects@ord.gov.in,35:40.9
4965,,0,hvfprojects@ord.gov.in,38:41.3
4966,,0,vaprasannakumar@ord.gov.in,44:29.4
4967,,0,vaprasannakumar@ord.gov.in,46:01.5
4968,,0,vaprasannakumar@ord.gov.in,46:51.4
4969,,0,hvfprojects@ord.gov.in,48:01.3
4970,,0,vaprasannakumar@ord.gov.in,53:12.4
4971,,0,hvfprojects@ord.gov.in,53:55.4
4972,,0,vaprasannakumar@ord.gov.in,54:10.3
4973,,0,vaprasannakumar@ord.gov.in,55:51.3
4974,,0,hvfprojects@ord.gov.in,56:43.1
4975,,0,vaprasannakumar@ord.gov.in,56:50.8
4976,,0,vaprasannakumar@ord.gov.in,58:55.0
4977,,0,vaprasannakumar@ord.gov.in,00:19.4
4978,,0,vaprasannakumar@ord.gov.in,02:37.5
4979,,0,hvfprojects@ord.gov.in,03:11.1
4980,,0,vaprasannakumar@ord.gov.in,04:02.1
4981,,0,vaprasannakumar@ord.gov.in,05:18.2
4982,,0,vaprasannakumar@ord.gov.in,06:01.9
4983,,0,vaprasannakumar@ord.gov.in,07:55.8
4984,,0,hvfprojects@ord.gov.in,08:28.1
4985,,0,hvfprojects@ord.gov.in,09:15.9
4986,,0,hvfprojects@ord.gov.in,09:46.7
4987,,0,vaprasannakumar@ord.gov.in,09:59.0
4988,,0,vaprasannakumar@ord.gov.in,10:39.5
4989,,0,vaprasannakumar@ord.gov.in,12:48.2
4990,,0,hvfprojects@ord.gov.in,13:13.0
4991,,0,hvfprojects@ord.gov.in,13:41.8
4992,,0,vaprasannakumar@ord.gov.in,14:43.0
4993,,0,vaprasannakumar@ord.gov.in,16:46.3
4994,,0,hvfprojects@ord.gov.in,17:37.6
4995,,0,vaprasannakumar@ord.gov.in,18:00.8
4996,,0,vaprasannakumar@ord.gov.in,19:23.4
4997,,0,hvfprojects@ord.gov.in,20:04.3
4998,,0,hvfprojects@ord.gov.in,20:29.4
4999,,0,vaprasannakumar@ord.gov.in,20:47.5
5000,,0,hvfprojects@ord.gov.in,20:52.3
5001,,0,hvfprojects@ord.gov.in,21:13.9
5002,,0,hvfprojects@ord.gov.in,21:48.0
5003,,0,hvfprojects@ord.gov.in,24:33.2
5004,,0,hvfprojects@ord.gov.in,27:57.9
5005,,0,hvfprojects@ord.gov.in,30:23.0
5006,,0,hvfprojects@ord.gov.in,32:12.4
5007,,0,hvfprojects@ord.gov.in,32:51.6
5008,,0,hvfprojects@ord.gov.in,34:43.5
5009,,0,hvfprojects@ord.gov.in,35:20.4
5010,,0,hvfprojects@ord.gov.in,35:44.1
5011,,0,hvfprojects@ord.gov.in,38:03.0
5012,,0,hvfprojects@ord.gov.in,39:27.2
5013,,0,hvfprojects@ord.gov.in,40:02.4
5014,,0,hvfprojects@ord.gov.in,42:25.5
5015,,0,hvfprojects@ord.gov.in,45:30.5
5016,,0,tank.ofmk@ord.gov.in,35:09.6
5017,,0,tank.ofmk@ord.gov.in,36:36.0
5018,,0,vaprasannakumar@ord.gov.in,10:04.7
5019,,0,vaprasannakumar@ord.gov.in,10:35.1
5020,,0,vaprasannakumar@ord.gov.in,11:32.9
5021,,0,vaprasannakumar@ord.gov.in,12:29.4
5022,,0,vaprasannakumar@ord.gov.in,13:39.0
5023,,0,vaprasannakumar@ord.gov.in,15:34.8
5024,,0,vaprasannakumar@ord.gov.in,17:09.1
5025,,0,vaprasannakumar@ord.gov.in,17:55.7
5026,,0,vaprasannakumar@ord.gov.in,18:49.9
5027,,0,vaprasannakumar@ord.gov.in,20:00.3
5028,,0,vaprasannakumar@ord.gov.in,20:48.9
5029,,0,vaprasannakumar@ord.gov.in,21:38.2
5030,,0,vaprasannakumar@ord.gov.in,23:09.5
5031,,0,vaprasannakumar@ord.gov.in,14:32.3
5032,,0,vaprasannakumar@ord.gov.in,21:45.8
5033,,0,vaprasannakumar@ord.gov.in,23:32.2
5034,,0,vaprasannakumar@ord.gov.in,24:39.6
5035,,0,vaprasannakumar@ord.gov.in,25:50.5
5036,,0,vaprasannakumar@ord.gov.in,27:02.8
5037,,0,vaprasannakumar@ord.gov.in,34:06.0
5038,,0,vaprasannakumar@ord.gov.in,35:38.1
5039,,0,vaprasannakumar@ord.gov.in,40:42.9
5040,,0,vaprasannakumar@ord.gov.in,42:49.9
5041,,0,vaprasannakumar@ord.gov.in,44:56.8
5042,,0,vaprasannakumar@ord.gov.in,46:12.9
5043,,0,vaprasannakumar@ord.gov.in,49:43.1
5044,,0,vaprasannakumar@ord.gov.in,52:36.5
5045,Parachute,0,odc-opf@ord.gov.in,17:12.0
5046,Parachute,0,odc-opf@ord.gov.in,18:24.8
5047,Parachute,0,odc-opf@ord.gov.in,19:20.7
5048,Parachute,0,odc-opf@ord.gov.in,20:07.8
5049,Parachute,0,odc-opf@ord.gov.in,20:54.0
5050,Parachute,0,odc-opf@ord.gov.in,21:57.3
5051,Parachute,0,odc-opf@ord.gov.in,22:36.6
5052,Parachute,0,odc-opf@ord.gov.in,23:13.7
5053,Parachute,0,odc-opf@ord.gov.in,23:59.6
5054,Parachute,0,odc-opf@ord.gov.in,24:33.8
5055,Parachute,0,odc-opf@ord.gov.in,25:07.3
5056,Parachute,0,odc-opf@ord.gov.in,25:40.0
5057,Parachute,0,odc-opf@ord.gov.in,26:28.6
5058,Parachute,0,odc-opf@ord.gov.in,27:26.9
5059,Parachute,0,odc-opf@ord.gov.in,28:03.1
5060,Parachute,0,odc-opf@ord.gov.in,28:47.7
5061,Rubberised Inflatable Product,0,odc-opf@ord.gov.in,31:22.2
5062,Rubberised Inflatable Product,0,odc-opf@ord.gov.in,32:29.0
5063,Commuter Aircraft,0,hod-imm-co@hal-india.co.in,05:32.8
5064,Do-228 Aircraft,0,hod-imm-co@hal-india.co.in,08:53.3
5065,,0,hod-imm-co@hal-india.co.in,11:52.5
5066,,0,hod-imm-co@hal-india.co.in,13:09.7
5067,,0,hod-imm-co@hal-india.co.in,14:33.1
5068,,0,hod-imm-co@hal-india.co.in,20:09.7
5069,,0,hod-imm-co@hal-india.co.in,28:22.0
5070,,0,hod-imm-co@hal-india.co.in,28:58.5
5071,,0,hod-imm-co@hal-india.co.in,29:39.6
5072,,0,hod-imm-co@hal-india.co.in,30:11.8
5073,,0,hod-imm-co@hal-india.co.in,31:13.5
5074,,0,hod-imm-co@hal-india.co.in,31:50.6
5075,,0,hod-imm-co@hal-india.co.in,32:50.8
5076,,0,hod-imm-co@hal-india.co.in,37:06.6
5077,,0,hod-imm-co@hal-india.co.in,37:41.2
5078,,0,hod-imm-co@hal-india.co.in,38:09.8
5079,,0,hod-imm-co@hal-india.co.in,38:45.7
5080,,0,hod-imm-co@hal-india.co.in,39:22.1
5081,,0,hod-imm-co@hal-india.co.in,39:52.0
5082,,0,hod-imm-co@hal-india.co.in,40:20.3
5083,,0,hod-imm-co@hal-india.co.in,40:55.5
5084,,0,hod-imm-co@hal-india.co.in,43:13.9
5085,,0,hod-imm-co@hal-india.co.in,43:42.5
5086,,0,hod-imm-co@hal-india.co.in,44:12.3
5087,,0,hod-imm-co@hal-india.co.in,45:10.1
5088,,0,tank.ofmk@ord.gov.in,51:02.8
5089,,0,hod-imm-co@hal-india.co.in,51:49.9
5090,,0,hod-imm-co@hal-india.co.in,52:22.2
5091,,0,hod-imm-co@hal-india.co.in,53:12.1
5092,,0,tank.ofmk@ord.gov.in,53:52.4
5093,,0,hod-imm-co@hal-india.co.in,54:10.4
5094,,0,hod-imm-co@hal-india.co.in,54:41.7
5095,,0,hod-imm-co@hal-india.co.in,55:14.5
5096,,0,tank.ofmk@ord.gov.in,55:34.4
5097,,0,hod-imm-co@hal-india.co.in,55:50.1
5098,,0,hod-imm-co@hal-india.co.in,56:21.5
5099,,0,hod-imm-co@hal-india.co.in,56:56.8
5100,,0,hod-imm-co@hal-india.co.in,57:27.4
5101,,0,hod-imm-co@hal-india.co.in,58:31.8
5102,,0,hod-imm-co@hal-india.co.in,59:01.1
5103,,0,hod-imm-co@hal-india.co.in,59:31.4
5104,,0,hod-imm-co@hal-india.co.in,59:59.2
5105,,0,hod-imm-co@hal-india.co.in,00:43.0
5106,,0,hod-imm-co@hal-india.co.in,01:10.2
5107,,0,tank.ofmk@ord.gov.in,01:32.9
5108,,0,hod-imm-co@hal-india.co.in,01:34.8
5109,,0,hod-imm-co@hal-india.co.in,02:00.1
5110,,0,hod-imm-co@hal-india.co.in,02:31.0
5111,,0,hod-imm-co@hal-india.co.in,03:02.6
5112,,0,tank.ofmk@ord.gov.in,03:26.6
5113,,0,hod-imm-co@hal-india.co.in,03:31.8
5114,,0,hod-imm-co@hal-india.co.in,03:57.0
5115,,0,lochankarekar@goashipyard.com,05:24.8
5116,,0,lochankarekar@goashipyard.com,05:54.5
5117,,0,lochankarekar@goashipyard.com,06:21.6
5118,,0,tank.ofmk@ord.gov.in,07:50.1
5119,,0,lochankarekar@goashipyard.com,07:55.2
5120,,0,lochankarekar@goashipyard.com,09:26.3
5121,,0,tank.ofmk@ord.gov.in,10:07.9
5122,,0,lochankarekar@goashipyard.com,10:13.0
5123,,0,hod-imm-co@hal-india.co.in,11:52.4
5124,ACCESORIES,0,cqav-dgqa@nic.in,14:20.1
5125,,0,lochankarekar@goashipyard.com,17:42.7
5126,,0,lochankarekar@goashipyard.com,18:11.6
5127,,0,tank.ofmk@ord.gov.in,27:48.1
5128,,0,vendorcell@goashipyard.com,46:04.1
5129,,0,vendorcell@goashipyard.com,46:26.6
5130,,0,vendorcell@goashipyard.com,46:52.3
5131,,0,vendorcell@goashipyard.com,47:24.1
5132,,0,vendorcell@goashipyard.com,48:02.3
5133,,0,vendorcell@goashipyard.com,48:38.3
5134,,0,vendorcell@goashipyard.com,49:18.0
5135,,0,vendorcell@goashipyard.com,49:43.6
5136,,0,vendorcell@goashipyard.com,52:44.1
5137,,0,vendorcell@goashipyard.com,55:05.1
5138,,0,vendorcell@goashipyard.com,55:42.6
5139,,0,vendorcell@goashipyard.com,56:14.6
5140,,0,vendorcell@goashipyard.com,56:43.2
5141,,0,vendorcell@goashipyard.com,57:11.4
5142,Life Cycle Clothing,0,sumitpatle@ord.gov.in,58:20.2
5143,,0,vendorcell@goashipyard.com,59:02.1
5144,,0,vendorcell@goashipyard.com,59:34.8
5145,,0,vendorcell@goashipyard.com,00:10.8
5146,,0,vendorcell@goashipyard.com,00:59.6
5147,,0,vendorcell@goashipyard.com,01:31.1
5148,,0,vendorcell@goashipyard.com,02:06.5
5149,Life Cycle Clothing,0,sumitpatle@ord.gov.in,02:21.4
5150,,0,vendorcell@goashipyard.com,02:43.6
5151,,0,vendorcell@goashipyard.com,03:14.8
5152,Life Cycle Clothing,0,sumitpatle@ord.gov.in,05:43.3
5153,,0,vendorcell@goashipyard.com,07:12.1
5154,,0,vendorcell@goashipyard.com,08:26.0
5155,,0,vendorcell@goashipyard.com,09:00.0
5156,,0,vendorcell@goashipyard.com,10:10.5
5157,Extreme Cold Climate Clothing,0,sumitpatle@ord.gov.in,11:02.5
5158,,0,vendorcell@goashipyard.com,11:22.9
5159,,0,vendorcell@goashipyard.com,11:48.2
5160,,0,vendorcell@goashipyard.com,12:08.3
5161,,0,vendorcell@goashipyard.com,12:35.6
5162,,0,vendorcell@goashipyard.com,13:16.4
5163,Extreme Cold Climate Clothing,0,sumitpatle@ord.gov.in,14:04.6
5164,,0,vendorcell@goashipyard.com,14:21.8
5165,,0,vendorcell@goashipyard.com,14:50.3
5166,,0,vendorcell@goashipyard.com,15:20.3
5167,,0,vendorcell@goashipyard.com,16:04.8
5168,Extreme Cold Climate Clothing,0,sumitpatle@ord.gov.in,16:20.1
5169,,0,vendorcell@goashipyard.com,16:36.5
5170,,0,vendorcell@goashipyard.com,17:04.3
5171,,0,vendorcell@goashipyard.com,17:50.0
5172,Appliances,0,vendorcell@goashipyard.com,19:29.2
5173,Appliances,0,vendorcell@goashipyard.com,20:02.8
5174,Appliances,0,vendorcell@goashipyard.com,20:39.4
5175,Appliances,0,vendorcell@goashipyard.com,21:29.8
5176,,0,sumitpatle@ord.gov.in,21:47.0
5177,,0,vendorcell@goashipyard.com,22:36.7
5178,,0,vendorcell@goashipyard.com,22:57.9
5179,,0,vendorcell@goashipyard.com,23:25.7
5180,,0,vendorcell@goashipyard.com,23:45.8
5181,,0,vendorcell@goashipyard.com,24:06.8
5182,,0,sumitpatle@ord.gov.in,24:38.5
5183,,0,vendorcell@goashipyard.com,24:40.1
5184,Extreme Cold Climate Clothing,0,sumitpatle@ord.gov.in,26:58.7
5185,Rucksack,0,sumitpatle@ord.gov.in,29:04.7
5186,Bag,0,sumitpatle@ord.gov.in,30:32.2
5187,,0,vendorcell@goashipyard.com,32:51.4
5188,Ballistic Protective Gears,0,sumitpatle@ord.gov.in,37:48.1
5189,,0,vendorcell@goashipyard.com,38:41.8
5190,,0,vendorcell@goashipyard.com,39:06.8
5191,,0,vendorcell@goashipyard.com,39:26.6
5192,Ballistic Protective Gears,0,sumitpatle@ord.gov.in,40:28.9
5193,,0,vendorcell@goashipyard.com,40:52.3
5194,,0,vendorcell@goashipyard.com,41:10.5
5195,Ballistic Protective Gears,0,sumitpatle@ord.gov.in,42:01.7
5196,,0,vendorcell@goashipyard.com,42:45.2
5197,,0,vendorcell@goashipyard.com,43:08.4
5198,,0,vendorcell@goashipyard.com,43:58.0
5199,Sleeping Bag,0,sumitpatle@ord.gov.in,45:14.0
5200,,0,vendorcell@goashipyard.com,46:41.4
5201,,0,vendorcell@goashipyard.com,46:55.0
5202,,0,vendorcell@goashipyard.com,47:10.5
5203,,0,vendorcell@goashipyard.com,48:07.9
5204,Shelter system,0,sumitpatle@ord.gov.in,48:47.9
5205,Shelter system,0,sumitpatle@ord.gov.in,50:28.5
5206,,0,vendorcell@goashipyard.com,51:42.5
5207,,0,vendorcell@goashipyard.com,52:02.1
5208,,0,vendorcell@goashipyard.com,52:34.7
5209,Aerial Delivery System,0,sumitpatle@ord.gov.in,53:25.3
5210,,0,vendorcell@goashipyard.com,54:40.4
5211,,0,vendorcell@goashipyard.com,55:06.6
5212,Braking System,0,sumitpatle@ord.gov.in,55:32.4
5213,,0,pramithch@bel.co.in,01:29.1
5214,,0,pramithch@bel.co.in,04:42.3
5215,,0,pramithch@bel.co.in,10:39.0
5216,,0,pramithch@bel.co.in,19:48.0
5217,,0,pramithch@bel.co.in,29:12.2
5218,,0,pramithch@bel.co.in,33:26.0
5219,,0,pramithch@bel.co.in,34:30.4
5220,,0,pramithch@bel.co.in,36:00.5
5221,,0,pramithch@bel.co.in,38:14.9
5222,,0,pramithch@bel.co.in,44:42.7
5223,,0,pramithch@bel.co.in,47:18.7
5224,,0,pramithch@bel.co.in,07:44.9
5225,,0,pramithch@bel.co.in,09:30.7
5226,,0,pramithch@bel.co.in,14:23.9
5227,,0,pramithch@bel.co.in,17:06.5
5228,,0,pramithch@bel.co.in,20:10.5
5229,,0,pramithch@bel.co.in,22:31.1
5230,,0,pramithch@bel.co.in,25:08.5
5231,,0,pramithch@bel.co.in,27:28.2
5232,,0,pramithch@bel.co.in,33:17.7
5233,,0,pramithch@bel.co.in,36:22.4
5234,,0,pramithch@bel.co.in,38:39.8
5235,,0,pramithch@bel.co.in,41:48.0
5236,,0,pramithch@bel.co.in,45:40.8
5237,,0,pramithch@bel.co.in,48:27.1
5238,,0,pramithch@bel.co.in,49:44.9
5239,,0,pramithch@bel.co.in,53:08.6
5240,,0,pramithch@bel.co.in,57:49.5
5241,,0,pramithch@bel.co.in,59:50.7
5242,,0,pramithch@bel.co.in,06:21.4
5243,,0,pramithch@bel.co.in,08:43.6
5244,,0,pramithch@bel.co.in,20:51.5
5245,,0,pramithch@bel.co.in,24:38.8
5246,,0,pramithch@bel.co.in,35:08.0
5247,,0,pramithch@bel.co.in,37:29.9
5248,,0,pramithch@bel.co.in,41:12.4
5249,,0,pramithch@bel.co.in,42:51.4
5250,,0,pramithch@bel.co.in,45:23.4
5251,,0,pramithch@bel.co.in,53:20.1
5252,,0,pramithch@bel.co.in,56:04.2
5253,,0,pramithch@bel.co.in,58:56.0
5254,,0,pramithch@bel.co.in,00:47.1
5255,,0,pramithch@bel.co.in,02:47.9
5256,,0,pramithch@bel.co.in,04:24.8
5257,,0,pramithch@bel.co.in,07:01.6
5258,,0,pramithch@bel.co.in,09:13.9
5259,,0,pramithch@bel.co.in,10:52.2
5260,,0,pramithch@bel.co.in,12:22.1
5261,,0,pramithch@bel.co.in,13:45.3
5262,,0,pramithch@bel.co.in,16:03.8
5263,,0,pramithch@bel.co.in,17:12.8
5264,,0,pramithch@bel.co.in,18:32.8
5265,,0,pramithch@bel.co.in,20:04.5
5266,,0,pramithch@bel.co.in,21:10.1
5267,,0,pramithch@bel.co.in,22:20.6
5268,,0,pramithch@bel.co.in,24:37.9
5269,,0,pramithch@bel.co.in,26:23.7
5270,,0,pramithch@bel.co.in,28:27.7
5271,,0,pramithch@bel.co.in,46:52.4
5272,,0,pramithch@bel.co.in,48:09.9
5273,,0,pramithch@bel.co.in,49:37.1
5274,,0,pramithch@bel.co.in,52:32.1
5275,,0,pramithch@bel.co.in,53:36.5
5276,Food,0,pramithch@bel.co.in,55:36.9
5277,,0,pramithch@bel.co.in,01:11.9
5278,,0,pramithch@bel.co.in,02:35.2
5279,,0,pramithch@bel.co.in,04:24.1
5280,,0,pramithch@bel.co.in,06:14.7
5281,,0,pramithch@bel.co.in,07:46.1
5282,,0,pramithch@bel.co.in,09:11.1
5283,,0,pramithch@bel.co.in,12:22.2
5284,Consumables,0,pramithch@bel.co.in,15:59.6
5285,,0,pramithch@bel.co.in,17:39.9
5286,,0,pramithch@bel.co.in,19:01.8
5287,,0,pramithch@bel.co.in,22:07.1
5288,,0,pramithch@bel.co.in,24:00.7
5289,,0,pramithch@bel.co.in,28:02.0
5290,,0,pramithch@bel.co.in,29:44.5
5291,,0,pramithch@bel.co.in,31:36.8
5292,,0,pramithch@bel.co.in,32:30.3
5293,,0,pramithch@bel.co.in,33:41.8
5294,,0,pramithch@bel.co.in,34:45.5
5295,,0,pramithch@bel.co.in,38:33.8
5296,,0,pramithch@bel.co.in,39:24.3
5297,,0,pramithch@bel.co.in,40:33.6
5298,,0,pramithch@bel.co.in,41:21.7
5299,,0,pramithch@bel.co.in,43:36.3
5300,,0,pramithch@bel.co.in,44:48.4
5301,,0,pramithch@bel.co.in,45:57.4
5302,,0,pramithch@bel.co.in,46:59.6
5303,,0,pramithch@bel.co.in,48:05.9
5304,,0,pramithch@bel.co.in,48:57.7
5305,,0,pramithch@bel.co.in,50:38.5
5306,,0,pramithch@bel.co.in,51:42.7
5307,,0,pramithch@bel.co.in,11:03.8
5308,,0,pramithch@bel.co.in,12:49.8
5309,,0,pramithch@bel.co.in,14:02.7
5310,,0,pramithch@bel.co.in,14:46.9
5311,,0,pramithch@bel.co.in,15:08.1
5312,,0,pramithch@bel.co.in,16:40.9
5313,,0,pramithch@bel.co.in,18:52.8
5314,,0,pramithch@bel.co.in,20:04.0
5315,,0,pramithch@bel.co.in,21:13.9
5316,,0,pramithch@bel.co.in,22:31.3
5317,,0,pramithch@bel.co.in,23:51.1
5318,,0,pramithch@bel.co.in,25:02.8
5319,,0,pramithch@bel.co.in,26:16.4
5320,,0,pramithch@bel.co.in,27:30.1
5321,,0,pramithch@bel.co.in,28:58.2
5322,,0,pramithch@bel.co.in,29:59.9
5323,,0,pramithch@bel.co.in,32:00.7
5324,,0,pramithch@bel.co.in,35:33.3
5325,,0,pramithch@bel.co.in,38:33.7
5326,,0,pramithch@bel.co.in,39:42.5
5327,,0,pramithch@bel.co.in,44:03.5
5328,,0,pramithch@bel.co.in,45:11.4
5329,,0,pramithch@bel.co.in,46:45.3
5330,,0,pramithch@bel.co.in,48:36.5
5331,,0,pramithch@bel.co.in,50:14.2
5332,,0,pramithch@bel.co.in,51:28.2
5333,,0,pramithch@bel.co.in,53:01.5
5334,,0,pramithch@bel.co.in,55:03.0
5335,,0,pramithch@bel.co.in,56:05.6
5336,,0,pramithch@bel.co.in,57:49.2
5337,,0,tank.ofmk@ord.gov.in,03:04.5
5338,,0,tank.ofmk@ord.gov.in,07:01.4
5339,,0,tank.ofmk@ord.gov.in,09:24.3
5340,,0,tank.ofmk@ord.gov.in,12:35.9
5341,,0,tank.ofmk@ord.gov.in,15:26.1
5342,,0,tank.ofmk@ord.gov.in,21:02.4
5343,,0,tank.ofmk@ord.gov.in,24:36.3
5344,,0,tank.ofmk@ord.gov.in,27:16.2
5345,,0,tank.ofmk@ord.gov.in,30:48.0
5346,,0,tank.ofmk@ord.gov.in,36:09.1
5347,,0,tank.ofmk@ord.gov.in,39:20.9
5348,MACHINE,0,tank.ofmk@ord.gov.in,43:54.8
5349,,0,tank.ofmk@ord.gov.in,45:44.1
5350,,0,tank.ofmk@ord.gov.in,49:41.8
5351,,0,vendorcell@goashipyard.com,51:22.2
5352,,0,vendorcell@goashipyard.com,51:42.2
5353,,0,tank.ofmk@ord.gov.in,52:55.1
5354,,0,vendorcell@goashipyard.com,54:48.1
5355,,0,vendorcell@goashipyard.com,55:17.0
5356,,0,vendorcell@goashipyard.com,55:48.7
5357,,0,vendorcell@goashipyard.com,56:16.7
5358,,0,vendorcell@goashipyard.com,56:43.0
5359,,0,vendorcell@goashipyard.com,57:05.0
5360,,0,vendorcell@goashipyard.com,57:23.2
5361,,0,vendorcell@goashipyard.com,57:38.8
5362,,0,vendorcell@goashipyard.com,58:00.0
5363,,0,vendorcell@goashipyard.com,58:18.0
5364,,0,vendorcell@goashipyard.com,58:43.0
5365,,0,tank.ofmk@ord.gov.in,59:48.3
5366,,0,vendorcell@goashipyard.com,02:12.2
5367,,0,vendorcell@goashipyard.com,02:35.0
5368,,0,vendorcell@goashipyard.com,03:13.2
5369,,0,vendorcell@goashipyard.com,03:42.7
5370,,0,vendorcell@goashipyard.com,04:10.9
5371,,0,vendorcell@goashipyard.com,06:27.2
5372,,0,vendorcell@goashipyard.com,06:55.3
5373,,0,vendorcell@goashipyard.com,07:17.6
5374,,0,vendorcell@goashipyard.com,07:53.1
5375,,0,vendorcell@goashipyard.com,08:15.8
5376,,0,vendorcell@goashipyard.com,08:36.3
5377,,0,vendorcell@goashipyard.com,08:55.4
5378,,0,vendorcell@goashipyard.com,09:51.4
5379,,0,vendorcell@goashipyard.com,10:09.9
5380,,0,vendorcell@goashipyard.com,11:01.6
5381,,0,vendorcell@goashipyard.com,11:51.8
5382,,0,vendorcell@goashipyard.com,12:16.3
5383,,0,vendorcell@goashipyard.com,12:49.4
5384,,0,vendorcell@goashipyard.com,13:10.7
5385,,0,vendorcell@goashipyard.com,13:40.7
5386,,0,vendorcell@goashipyard.com,14:14.1
5387,,0,vendorcell@goashipyard.com,14:45.1
5388,,0,vendorcell@goashipyard.com,17:35.7
5389,,0,vendorcell@goashipyard.com,17:59.6
5390,,0,vendorcell@goashipyard.com,19:31.0
5391,,0,vendorcell@goashipyard.com,24:06.5
5392,,0,vendorcell@goashipyard.com,24:24.8
5393,,0,tank.ofmk@ord.gov.in,36:01.8
5394,,0,tank.ofmk@ord.gov.in,38:57.8
5395,,0,tank.ofmk@ord.gov.in,40:37.8
5396,ELECTRONIC HEAVY DUTY DISPENSING PUMP,0,tank.ofmk@ord.gov.in,45:33.7
5397,,0,tank.ofmk@ord.gov.in,49:17.2
5398,,0,tank.ofmk@ord.gov.in,52:17.0
5399,,0,tank.ofmk@ord.gov.in,55:15.2
5400,,0,tank.ofmk@ord.gov.in,58:34.1
5401,,0,tank.ofmk@ord.gov.in,01:23.4
5402,,0,tank.ofmk@ord.gov.in,04:41.0
5403,,0,tank.ofmk@ord.gov.in,07:17.5
5404,,0,tank.ofmk@ord.gov.in,10:06.5
5405,,0,tank.ofmk@ord.gov.in,15:57.8
5406,,0,tank.ofmk@ord.gov.in,18:54.3
5407,,0,tank.ofmk@ord.gov.in,21:45.8
5408,,0,tank.ofmk@ord.gov.in,24:19.4
5409,,0,tank.ofmk@ord.gov.in,27:49.3
5410,SHIPS,0,dgmmdo@hslvizag.in,36:10.3
5411,SHIPS,0,dgmmdo@hslvizag.in,42:19.7
5412,SHIPS,0,dgmmdo@hslvizag.in,55:39.6
5413,SHIPS,0,dgmmdo@hslvizag.in,59:03.7
5414,SHIPS,0,dgmmdo@hslvizag.in,02:17.6
5415,,0,dgmmdo@hslvizag.in,07:13.9
5416,SHIPS,0,dgmmdo@hslvizag.in,14:41.9
5417,SHIPS,0,dgmmdo@hslvizag.in,15:41.2
5418,SHIPS,0,dgmmdo@hslvizag.in,16:41.9
5419,SHIPS,0,dgmmdo@hslvizag.in,17:29.0
5420,,0,dgmmdo@hslvizag.in,28:46.0
5421,SHIPS,0,dgmmdo@hslvizag.in,30:05.7
5422,,0,vendorcell@goashipyard.com,29:48.0
5423,,0,vendorcell@goashipyard.com,34:08.9
5424,,0,vendorcell@goashipyard.com,34:44.9
5425,,0,vendorcell@goashipyard.com,35:25.9
5426,,0,vendorcell@goashipyard.com,36:13.6
5427,,0,vendorcell@goashipyard.com,36:43.6
5428,,0,vendorcell@goashipyard.com,37:23.6
5429,,0,pramithch@bel.co.in,04:49.1
5430,,0,pramithch@bel.co.in,06:09.7
5431,,0,pramithch@bel.co.in,07:19.2
5432,,0,pramithch@bel.co.in,08:42.3
5433,,0,pramithch@bel.co.in,09:46.3
5434,,0,pramithch@bel.co.in,10:44.7
5435,,0,pramithch@bel.co.in,11:35.2
5436,,0,pramithch@bel.co.in,12:39.5
5437,,0,pramithch@bel.co.in,14:18.2
5438,,0,pramithch@bel.co.in,15:14.6
5439,,0,pramithch@bel.co.in,16:19.0
5440,,0,pramithch@bel.co.in,17:40.3
5441,,0,pramithch@bel.co.in,19:12.1
5442,,0,pramithch@bel.co.in,20:17.6
5443,,0,pramithch@bel.co.in,21:26.0
5444,,0,pramithch@bel.co.in,22:25.3
5445,,0,pramithch@bel.co.in,24:27.0
5446,,0,pramithch@bel.co.in,25:20.5
5447,,0,pramithch@bel.co.in,26:17.9
5448,,0,pramithch@bel.co.in,27:33.8
5449,,0,pramithch@bel.co.in,28:40.7
5450,,0,pramithch@bel.co.in,29:37.0
5451,,0,pramithch@bel.co.in,31:30.1
5452,,0,pramithch@bel.co.in,32:35.5
5453,,0,sshekar@mazdock.com,37:18.9
5454,,0,sshekar@mazdock.com,58:51.8
5455,,0,pramithch@bel.co.in,35:20.9
5456,,0,pramithch@bel.co.in,36:49.1
5457,,0,pramithch@bel.co.in,37:55.2
5458,,0,pramithch@bel.co.in,39:05.4
5459,,0,pramithch@bel.co.in,41:26.6
5460,,0,pramithch@bel.co.in,42:29.2
5461,,0,pramithch@bel.co.in,43:13.5
5462,,0,pramithch@bel.co.in,44:17.6
5463,,0,pramithch@bel.co.in,46:02.2
5464,,0,pramithch@bel.co.in,47:05.8
5465,,0,pramithch@bel.co.in,48:17.8
5466,,0,pramithch@bel.co.in,49:41.8
5467,,0,pramithch@bel.co.in,50:40.2
5468,,0,pramithch@bel.co.in,52:09.0
5469,,0,pramithch@bel.co.in,53:00.9
5470,,0,pramithch@bel.co.in,54:31.2
5471,,0,pramithch@bel.co.in,55:30.7
5472,,0,pramithch@bel.co.in,56:43.5
5473,,0,pramithch@bel.co.in,57:49.0
5474,,0,pramithch@bel.co.in,59:19.5
5475,,0,pramithch@bel.co.in,00:11.9
5476,,0,pramithch@bel.co.in,01:45.2
5477,,0,pramithch@bel.co.in,02:55.2
5478,,0,pramithch@bel.co.in,04:37.5
5479,,0,pramithch@bel.co.in,06:01.3
5480,,0,pramithch@bel.co.in,07:04.4
5481,,0,pramithch@bel.co.in,08:06.5
5482,,0,pramithch@bel.co.in,09:08.9
5483,,0,pramithch@bel.co.in,10:10.8
5484,,0,pramithch@bel.co.in,11:51.0
5485,,0,pramithch@bel.co.in,13:15.5
5486,,0,pramithch@bel.co.in,14:40.7
5487,,0,pramithch@bel.co.in,16:20.3
5488,,0,pramithch@bel.co.in,17:32.2
5489,,0,pramithch@bel.co.in,18:49.0
5490,,0,pramithch@bel.co.in,20:05.3
5491,,0,pramithch@bel.co.in,21:03.7
5492,,0,pramithch@bel.co.in,22:20.9
5493,,0,pramithch@bel.co.in,23:55.2
5494,,0,pramithch@bel.co.in,24:48.5
5495,,0,pramithch@bel.co.in,25:52.6
5496,,0,pramithch@bel.co.in,27:27.8
5497,,0,pramithch@bel.co.in,28:16.6
5498,,0,pramithch@bel.co.in,29:39.7
5499,,0,pramithch@bel.co.in,30:38.8
5500,,0,pramithch@bel.co.in,31:23.1
5501,,0,pramithch@bel.co.in,32:20.6
5502,,0,pramithch@bel.co.in,33:19.6
5503,,0,pramithch@bel.co.in,36:49.9
5504,,0,pramithch@bel.co.in,37:43.5
5505,,0,pramithch@bel.co.in,39:29.0
5506,,0,pramithch@bel.co.in,44:20.6
5507,,0,pramithch@bel.co.in,44:36.5
5508,,0,pramithch@bel.co.in,44:57.1
5509,,0,pramithch@bel.co.in,45:13.2
5510,,0,pramithch@bel.co.in,45:29.6
5511,,0,pramithch@bel.co.in,45:45.4
5512,,0,pramithch@bel.co.in,46:02.2
5513,,0,pramithch@bel.co.in,46:30.6
5514,,0,pramithch@bel.co.in,46:57.9
5515,,0,pramithch@bel.co.in,49:16.7
5516,,0,pramithch@bel.co.in,50:30.7
5517,,0,pramithch@bel.co.in,51:49.7
5518,,0,pramithch@bel.co.in,54:00.6
5519,,0,pramithch@bel.co.in,54:57.1
5520,,0,pramithch@bel.co.in,55:51.4
5521,,0,pramithch@bel.co.in,57:13.6
5522,,0,pramithch@bel.co.in,58:18.3
5523,,0,pramithch@bel.co.in,59:41.8
5524,,0,pramithch@bel.co.in,00:29.4
5525,,0,pramithch@bel.co.in,01:20.3
5526,,0,pramithch@bel.co.in,02:32.0
5527,,0,pramithch@bel.co.in,03:44.0
5528,,0,pramithch@bel.co.in,04:58.4
5529,,0,pramithch@bel.co.in,05:53.6
5530,,0,sbsutar@mazdock.com,44:07.2
5531,,0,sbsutar@mazdock.com,45:04.2
5532,,0,sbsutar@mazdock.com,47:44.3
5533,,0,sbsutar@mazdock.com,48:21.1
5534,,0,sbsutar@mazdock.com,48:48.8
5535,,0,sbsutar@mazdock.com,49:15.9
5536,,0,sbsutar@mazdock.com,49:36.7
5537,,0,sbsutar@mazdock.com,50:01.8
5538,,0,sbsutar@mazdock.com,50:24.4
5539,,0,sbsutar@mazdock.com,50:46.6
5540,,0,sbsutar@mazdock.com,02:38.3
5541,,0,sbsutar@mazdock.com,03:19.4
5542,,0,sbsutar@mazdock.com,04:03.2
5543,,0,sbsutar@mazdock.com,04:42.9
5544,,0,sbsutar@mazdock.com,05:12.9
5545,,0,sbsutar@mazdock.com,06:03.3
5546,,0,sbsutar@mazdock.com,06:47.3
5547,ELECTRICAL,0,vmsalvi@mazdock.com,07:34.7
5548,,0,sbsutar@mazdock.com,07:55.4
5549,ENGINNERING,0,vmsalvi@mazdock.com,09:46.5
5550,HULL,0,vmsalvi@mazdock.com,11:00.2
5551,ENGINNERING,0,vmsalvi@mazdock.com,13:37.8
5552,,0,sbsutar@mazdock.com,15:27.7
5553,,0,hvfprojects@ord.gov.in,18:03.5
5554,,0,rajeshpande2@ord.gov.in,22:43.8
5555,,0,sbsutar@mazdock.com,24:56.0
5556,,0,hvfprojects@ord.gov.in,25:50.5
5557,,0,sbsutar@mazdock.com,25:51.1
5558,,0,sbsutar@mazdock.com,28:08.5
5559,,0,rajeshpande2@ord.gov.in,28:41.7
5560,,0,sbsutar@mazdock.com,28:45.5
5561,,0,rajeshpande2@ord.gov.in,29:22.1
5562,,0,sbsutar@mazdock.com,29:25.2
5563,,0,hvfprojects@ord.gov.in,29:39.4
5564,,0,rajeshpande2@ord.gov.in,30:01.7
5565,,0,sbsutar@mazdock.com,30:11.4
5566,,0,sbsutar@mazdock.com,30:36.7
5567,,0,rajeshpande2@ord.gov.in,30:51.7
5568,,0,sbsutar@mazdock.com,32:54.1
5569,,0,hvfprojects@ord.gov.in,33:00.2
5570,,0,hvfprojects@ord.gov.in,33:25.8
5571,,0,hvfprojects@ord.gov.in,34:02.3
5572,,0,sbsutar@mazdock.com,34:08.7
5573,,0,sbsutar@mazdock.com,34:55.1
5574,,0,tank.ofmk@ord.gov.in,35:09.1
5575,,0,sbsutar@mazdock.com,35:42.8
5576,,0,cio@indiaoptel.in,36:44.9
5577,,0,sbsutar@mazdock.com,36:56.9
5578,,0,sbsutar@mazdock.com,37:36.6
5579,,0,tank.ofmk@ord.gov.in,39:24.8
5580,,0,sbsutar@mazdock.com,39:41.0
5581,,0,sbsutar@mazdock.com,41:16.4
5582,,0,cio@indiaoptel.in,41:30.9
5583,,0,sbsutar@mazdock.com,41:49.0
5584,,0,sbsutar@mazdock.com,42:20.0
5585,,0,sbsutar@mazdock.com,42:44.9
5586,,0,sbsutar@mazdock.com,43:15.3
5587,,0,hvfprojects@ord.gov.in,43:21.8
5588,,0,hvfprojects@ord.gov.in,43:54.6
5589,,0,hvfprojects@ord.gov.in,44:20.8
5590,,0,hvfprojects@ord.gov.in,45:06.2
5591,,0,hvfprojects@ord.gov.in,47:54.5
5592,,0,hvfprojects@ord.gov.in,48:22.3
5593,,0,hvfprojects@ord.gov.in,48:49.2
5594,,0,tank.ofmk@ord.gov.in,48:49.8
5595,,0,hvfprojects@ord.gov.in,49:14.5
5596,,0,hvfprojects@ord.gov.in,51:32.4
5597,,0,hvfprojects@ord.gov.in,52:00.5
5598,,0,hvfprojects@ord.gov.in,52:28.3
5599,,0,hvfprojects@ord.gov.in,52:54.6
5600,,0,cio@indiaoptel.in,52:55.1
5601,,0,hvfprojects@ord.gov.in,04:15.1
5602,,0,tank.ofmk@ord.gov.in,04:33.4
5603,,0,hvfprojects@ord.gov.in,13:44.2
5604,,0,hvfprojects@ord.gov.in,14:08.9
5605,,0,hvfprojects@ord.gov.in,14:31.6
5606,,0,hvfprojects@ord.gov.in,17:21.6
5607,,0,hvfprojects@ord.gov.in,17:47.5
5608,,0,tank.ofmk@ord.gov.in,19:40.1
5609,,0,hvfprojects@ord.gov.in,21:49.7
5610,,0,hvfprojects@ord.gov.in,22:25.5
5611,,0,tank.ofmk@ord.gov.in,22:35.8
5612,,0,hvfprojects@ord.gov.in,23:01.6
5613,,0,hvfprojects@ord.gov.in,23:36.1
5614,,0,hvfprojects@ord.gov.in,34:52.4
5615,,0,hvfprojects@ord.gov.in,37:46.4
5616,,0,hvfprojects@ord.gov.in,41:28.8
5617,,0,hvfprojects@ord.gov.in,41:57.9
5618,,0,hvfprojects@ord.gov.in,42:27.4
5619,,0,hvfprojects@ord.gov.in,44:25.8
5620,,0,hvfprojects@ord.gov.in,44:50.2
5621,ELECTRICAL,0,vmsalvi@mazdock.com,02:10.2
5622,ELECTRICAL,0,vmsalvi@mazdock.com,04:48.9
5623,ELECTRICAL,0,vmsalvi@mazdock.com,05:42.8
5624,,0,cio@indiaoptel.in,15:50.7
5625,,0,cio@indiaoptel.in,17:30.7
5626,,0,cio@indiaoptel.in,18:54.4
5627,Equipment,0,cio@indiaoptel.in,27:50.3
5628,Equipment,0,cio@indiaoptel.in,28:53.1
5629,,0,sshekar@mazdock.com,38:20.7
5630,,0,cio@indiaoptel.in,41:53.6
5631,,0,cio@indiaoptel.in,49:01.7
5632,,0,sshekar@mazdock.com,50:35.2
5633,,0,cio@indiaoptel.in,56:44.4
5634,,0,sshekar@mazdock.com,06:23.2
5635,,0,cio@indiaoptel.in,09:06.4
5636,,0,cio@indiaoptel.in,10:32.7
5637,,0,cio@indiaoptel.in,11:40.8
5638,,0,cio@indiaoptel.in,14:43.9
5639,,0,sshekar@mazdock.com,15:09.8
5640,,0,cio@indiaoptel.in,16:02.1
5641,Warships,0,gsmeena@mazdock.com,16:49.6
5642,,0,cio@indiaoptel.in,18:25.4
5643,,0,cio@indiaoptel.in,19:43.2
5644,Optical Sight,0,cio@indiaoptel.in,22:05.1
5645,,0,cio@indiaoptel.in,23:31.4
5646,,0,sshekar@mazdock.com,24:26.0
5647,,0,cio@indiaoptel.in,24:54.1
5648,,0,cio@indiaoptel.in,25:32.7
5649,,0,cio@indiaoptel.in,26:40.1
5650,,0,rajeshpande2@ord.gov.in,40:22.5
5651,,0,rajeshpande2@ord.gov.in,40:59.3
5652,,0,rajeshpande2@ord.gov.in,41:49.4
5653,Power Cables,0,cio@indiaoptel.in,42:43.9
5654,,0,rajeshpande2@ord.gov.in,43:46.5
5655,Power Cables,0,cio@indiaoptel.in,44:04.9
5656,,0,rajeshpande2@ord.gov.in,44:21.0
5657,Power Cables,0,cio@indiaoptel.in,45:34.5
5658,,0,rajeshpande2@ord.gov.in,47:00.6
5659,Power Cables,0,cio@indiaoptel.in,52:03.6
5660,Coating/epoxy,0,cio@indiaoptel.in,54:56.2
5661,Epoxy,0,cio@indiaoptel.in,55:44.8
5662,,0,tank.ofmk@ord.gov.in,58:53.7
5663,Optical Fiber Cable,0,cio@indiaoptel.in,59:20.4
5664,Optical Fiber Cable,0,cio@indiaoptel.in,01:51.0
5665,Coating Chemical,0,cio@indiaoptel.in,06:45.3
5666,Cement-based materials,0,cio@indiaoptel.in,08:14.1
5667,Sealants,0,cio@indiaoptel.in,09:22.2
5668,Chemical Compound,0,cio@indiaoptel.in,11:35.0
5669,Mortar,0,cio@indiaoptel.in,12:49.4
5670,,0,cio@indiaoptel.in,22:31.7
5671,,0,cio@indiaoptel.in,23:03.6
5672,,0,tank.ofmk@ord.gov.in,23:34.8
5673,,0,cio@indiaoptel.in,24:08.3
5674,,0,cio@indiaoptel.in,24:31.5
5675,,0,cio@indiaoptel.in,25:12.7
5676,,0,cio@indiaoptel.in,25:39.9
5677,,0,cio@indiaoptel.in,26:10.3
5678,,0,cio@indiaoptel.in,27:39.5
5679,,0,cio@indiaoptel.in,29:33.7
5680,,0,cio@indiaoptel.in,30:07.2
5681,,0,cio@indiaoptel.in,30:31.7
5682,,0,cio@indiaoptel.in,31:06.1
5683,,0,cio@indiaoptel.in,33:12.4
5684,,0,ofajmfcc@ord.gov.in,37:02.6
5685,,0,ofajmfcc@ord.gov.in,38:51.6
5686,,0,ofajmfcc@ord.gov.in,43:27.8
5687,,0,ofajmfcc@ord.gov.in,45:03.8
5688,,0,ofajmfcc@ord.gov.in,46:02.7
5689,,0,ofajmfcc@ord.gov.in,46:47.9
5690,,0,ofajmfcc@ord.gov.in,47:39.3
5691,,0,ofajmfcc@ord.gov.in,48:31.4
5692,,0,ofajmfcc@ord.gov.in,49:16.0
5693,,0,ofajmfcc@ord.gov.in,50:12.4
5694,,0,ofajmfcc@ord.gov.in,51:15.1
5695,,0,ofajmfcc@ord.gov.in,51:54.9
5696,INFANTRY COMBAT VEHICLE,0,tank.ofmk@ord.gov.in,52:25.7
5697,INFANTRY COMBAT VEHICLE,0,tank.ofmk@ord.gov.in,53:29.4
5698,,0,ofajmfcc@ord.gov.in,54:25.7
5699,,0,ofajmfcc@ord.gov.in,55:38.6
5700,,0,ofajmfcc@ord.gov.in,57:16.5
5701,ARMOURED AMBULANCE TRACKED VEHICLE,0,tank.ofmk@ord.gov.in,57:58.5
5702,,0,ofajmfcc@ord.gov.in,58:01.3
5703,,0,ofajmfcc@ord.gov.in,59:03.5
5704,CARRIER MORTAR TRACKED (CMT),0,tank.ofmk@ord.gov.in,59:21.0
5705,,0,ofajmfcc@ord.gov.in,59:39.7
5706,,0,ofajmfcc@ord.gov.in,00:19.7
5707,,0,ofajmfcc@ord.gov.in,01:03.1
5708,,0,ofajmfcc@ord.gov.in,01:34.8
5709,CRN91,0,tank.ofmk@ord.gov.in,01:37.3
5710,,0,ofajmfcc@ord.gov.in,02:14.0
5711,,0,ofajmfcc@ord.gov.in,02:54.5
5712,ARMOURED ENGINEER RECONNAISSANCE VEHICLE (AERV),0,tank.ofmk@ord.gov.in,03:24.6
5713,,0,mcbairwa@ord.gov.in,06:08.3
5714,,0,mcbairwa@ord.gov.in,14:42.6
5715,,0,mcbairwa@ord.gov.in,16:59.1
5716,,0,mcbairwa@ord.gov.in,18:15.5
5717,,0,mcbairwa@ord.gov.in,20:17.1
5718,,0,tank.ofmk@ord.gov.in,21:48.5
5719,,0,mcbairwa@ord.gov.in,34:25.8
5720,,0,mcbairwa@ord.gov.in,35:58.2
5721,,0,mcbairwa@ord.gov.in,37:35.2
5722,,0,mcbairwa@ord.gov.in,39:50.1
5723,,0,mcbairwa@ord.gov.in,40:54.4
5724,,0,hvfprojects@ord.gov.in,10:12.2
5725,,0,hvfprojects@ord.gov.in,10:59.8
5726,,0,hvfprojects@ord.gov.in,13:19.0
5727,,0,hvfprojects@ord.gov.in,14:06.8
5728,,0,hvfprojects@ord.gov.in,16:13.4
5729,"CAST IRON  ""I"" SECTION",0,hvfprojects@ord.gov.in,20:25.6
5730,,0,hvfprojects@ord.gov.in,22:04.3
5731,,0,hvfprojects@ord.gov.in,22:28.1
5732,,0,hvfprojects@ord.gov.in,27:21.3
5733,,0,hvfprojects@ord.gov.in,31:34.4
5734,,0,hvfprojects@ord.gov.in,32:07.4
5735,,0,hvfprojects@ord.gov.in,33:33.2
5736,,0,hvfprojects@ord.gov.in,34:04.2
5737,,0,hvfprojects@ord.gov.in,35:38.1
5738,,0,hvfprojects@ord.gov.in,36:09.4
5739,,0,hvfprojects@ord.gov.in,36:51.5
5740,,0,hvfprojects@ord.gov.in,38:58.8
5741,,0,hvfprojects@ord.gov.in,40:19.9
5742,,0,hvfprojects@ord.gov.in,42:05.8
5743,,0,hvfprojects@ord.gov.in,44:01.4
5744,,0,sshekar@mazdock.com,21:54.7
5745,,0,sshekar@mazdock.com,35:14.0
5746,,0,sshekar@mazdock.com,02:51.6
5747,,0,sshekar@mazdock.com,08:09.5
5748,,0,imrankhan@ord.gov.in,19:48.7
5749,,0,imrankhan@ord.gov.in,21:05.0
5750,,0,imrankhan@ord.gov.in,22:24.5
5751,,0,imrankhan@ord.gov.in,23:42.7
5752,,0,imrankhan@ord.gov.in,25:16.8
5753,,0,imrankhan@ord.gov.in,26:26.9
5754,,0,imrankhan@ord.gov.in,27:44.5
5755,,0,imrankhan@ord.gov.in,29:01.8
5756,,0,imrankhan@ord.gov.in,32:11.0
5757,,0,imrankhan@ord.gov.in,33:35.4
5758,,0,imrankhan@ord.gov.in,41:31.7
5759,,0,imrankhan@ord.gov.in,45:56.0
5760,,0,imrankhan@ord.gov.in,48:57.4
5761,,0,imrankhan@ord.gov.in,50:24.4
5762,,0,imrankhan@ord.gov.in,52:27.4
5763,TRAINING SHIPS,0,vmsalvi@mazdock.com,53:18.0
5764,,0,imrankhan@ord.gov.in,53:43.3
5765,,0,imrankhan@ord.gov.in,54:44.3
5766,,0,hvfprojects@ord.gov.in,56:30.8
5767,,0,imrankhan@ord.gov.in,56:38.9
5768,,0,hvfprojects@ord.gov.in,56:58.8
5769,,0,hvfprojects@ord.gov.in,57:22.1
5770,NGOPVs FOR COAST GUARD,0,vmsalvi@mazdock.com,57:28.8
5771,,0,imrankhan@ord.gov.in,58:20.9
5772,FPV- COAST GUARD,0,vmsalvi@mazdock.com,59:10.0
5773,,0,hvfprojects@ord.gov.in,59:19.8
5774,,0,imrankhan@ord.gov.in,00:50.0
5775,,0,hvfprojects@ord.gov.in,04:25.0
5776,,0,imrankhan@ord.gov.in,04:25.7
5777,,0,imrankhan@ord.gov.in,05:04.4
5778,,0,imrankhan@ord.gov.in,05:53.1
5779,,0,hvfprojects@ord.gov.in,06:44.9
5780,,0,hvfprojects@ord.gov.in,07:18.3
5781,,0,hvfprojects@ord.gov.in,07:44.9
5782,,0,hvfprojects@ord.gov.in,08:46.9
5783,,0,hvfprojects@ord.gov.in,09:12.5
5784,,0,imrankhan@ord.gov.in,10:41.0
5785,,0,hvfprojects@ord.gov.in,10:58.9
5786,,0,hvfprojects@ord.gov.in,11:25.7
5787,,0,imrankhan@ord.gov.in,11:32.9
5788,,0,imrankhan@ord.gov.in,12:57.4
5789,,0,imrankhan@ord.gov.in,13:42.4
5790,,0,imrankhan@ord.gov.in,15:05.1
5791,,0,hvfprojects@ord.gov.in,15:28.0
5792,,0,hvfprojects@ord.gov.in,15:52.0
5793,,0,hvfprojects@ord.gov.in,17:43.0
5794,,0,hvfprojects@ord.gov.in,19:21.4
5795,,0,hvfprojects@ord.gov.in,19:45.8
5796,,0,hvfprojects@ord.gov.in,20:14.4
5797,,0,hvfprojects@ord.gov.in,21:56.1
5798,,0,hvfprojects@ord.gov.in,23:39.4
5799,,0,hvfprojects@ord.gov.in,24:18.2
5800,,0,hvfprojects@ord.gov.in,25:13.4
5801,,0,hvfprojects@ord.gov.in,27:35.9
5802,,0,hvfprojects@ord.gov.in,34:51.1
5803,,0,imrankhan@ord.gov.in,35:07.1
5804,,0,hvfprojects@ord.gov.in,35:15.4
5805,,0,imrankhan@ord.gov.in,36:02.3
5806,,0,imrankhan@ord.gov.in,37:07.2
5807,,0,hvfprojects@ord.gov.in,37:16.1
5808,,0,hvfprojects@ord.gov.in,39:49.9
5809,,0,imrankhan@ord.gov.in,40:04.3
5810,,0,imrankhan@ord.gov.in,41:03.5
5811,,0,hvfprojects@ord.gov.in,41:29.1
5812,,0,hvfprojects@ord.gov.in,42:00.6
5813,,0,imrankhan@ord.gov.in,42:09.1
5814,,0,hvfprojects@ord.gov.in,42:38.9
5815,,0,hvfprojects@ord.gov.in,43:04.9
5816,,0,cio@indiaoptel.in,03:49.9
5817,,0,cio@indiaoptel.in,04:33.6
5818,,0,cio@indiaoptel.in,06:10.6
5819,,0,cio@indiaoptel.in,07:26.7
5820,,0,cio@indiaoptel.in,18:17.6
5821,,0,cio@indiaoptel.in,21:03.3
5822,,0,dhinesh.a@bemlltd.in,24:48.9
5823,,0,dhinesh.a@bemlltd.in,27:39.5
5824,Amorphous carbon material,0,cio@indiaoptel.in,27:55.7
5825,,0,cio@indiaoptel.in,30:23.4
5826,Instrument,0,cio@indiaoptel.in,33:44.0
5827,,0,dhinesh.a@bemlltd.in,34:10.7
5828,,0,dhinesh.a@bemlltd.in,35:21.3
5829,,0,cio@indiaoptel.in,36:39.2
5830,,0,tank.ofmk@ord.gov.in,39:26.8
5831,,0,imrankhan@ord.gov.in,41:30.1
5832,,0,cio@indiaoptel.in,41:35.7
5833,,0,cio@indiaoptel.in,42:35.1
5834,,0,dhinesh.a@bemlltd.in,43:09.8
5835,,0,dhinesh.a@bemlltd.in,43:48.3
5836,,0,ofajmfcc@ord.gov.in,45:09.1
5837,,0,ofajmfcc@ord.gov.in,46:13.7
5838,,0,cio@indiaoptel.in,46:26.4
5839,,0,ofajmfcc@ord.gov.in,47:08.5
5840,,0,tank.ofmk@ord.gov.in,48:59.1
5841,,0,ofajmfcc@ord.gov.in,49:46.8
5842,,0,cio@indiaoptel.in,51:07.1
5843,,0,dhinesh.a@bemlltd.in,53:10.2
5844,,0,dhinesh.a@bemlltd.in,53:59.7
5845,,0,dhinesh.a@bemlltd.in,54:49.6
5846,,0,dhinesh.a@bemlltd.in,55:25.1
5847,,0,dhinesh.a@bemlltd.in,56:20.3
5848,,0,ofajmfcc@ord.gov.in,56:32.7
5849,,0,ofajmfcc@ord.gov.in,57:44.4
5850,,0,cio@indiaoptel.in,59:17.4
5851,,0,cio@indiaoptel.in,01:39.5
5852,,0,ofajmfcc@ord.gov.in,02:12.0
5853,,0,ofajmfcc@ord.gov.in,03:18.8
5854,,0,cio@indiaoptel.in,03:34.4
5855,,0,dgmmdo@hslvizag.in,04:51.4
5856,,0,dgmmdo@hslvizag.in,05:20.2
5857,,0,dhinesh.a@bemlltd.in,07:53.4
5858,,0,dhinesh.a@bemlltd.in,09:01.4
5859,,0,ofajmfcc@ord.gov.in,09:03.1
5860,Elastohydrodynamic instrumentation,0,cio@indiaoptel.in,09:05.0
5861,,0,dhinesh.a@bemlltd.in,09:55.2
5862,,0,dhinesh.a@bemlltd.in,11:16.0
5863,,0,ofajmfcc@ord.gov.in,12:02.0
5864,,0,cio@indiaoptel.in,12:02.9
5865,,0,tank.ofmk@ord.gov.in,14:04.0
5866,,0,cqav-dgqa@nic.in,16:00.2
5867,,0,dhinesh.a@bemlltd.in,16:31.5
5868,,0,cio@indiaoptel.in,17:01.6
5869,,0,dhinesh.a@bemlltd.in,17:22.7
5870,,0,tank.ofmk@ord.gov.in,17:51.2
5871,,0,dhinesh.a@bemlltd.in,18:14.2
5872,,0,cio@indiaoptel.in,18:34.4
5873,,0,dhinesh.a@bemlltd.in,19:10.1
5874,,0,dhinesh.a@bemlltd.in,20:01.0
5875,,0,dhinesh.a@bemlltd.in,20:55.3
5876,,0,cio@indiaoptel.in,21:16.0
5877,,0,dhinesh.a@bemlltd.in,21:53.1
5878,,0,dhinesh.a@bemlltd.in,22:41.5
5879,,0,cio@indiaoptel.in,23:34.4
5880,,0,cio@indiaoptel.in,24:40.9
5881,,0,cio@indiaoptel.in,28:09.3
5882,,0,dhinesh.a@bemlltd.in,29:07.0
5883,,0,dhinesh.a@bemlltd.in,30:49.4
5884,,0,dhinesh.a@bemlltd.in,32:05.2
5885,,0,dhinesh.a@bemlltd.in,32:45.5
5886,,0,cio@indiaoptel.in,33:28.5
5887,,0,dhinesh.a@bemlltd.in,33:35.0
5888,,0,dhinesh.a@bemlltd.in,34:17.6
5889,,0,dhinesh.a@bemlltd.in,35:03.9
5890,,0,dhinesh.a@bemlltd.in,35:39.1
5891,,0,dhinesh.a@bemlltd.in,36:30.5
5892,,0,dhinesh.a@bemlltd.in,37:21.3
5893,,0,dhinesh.a@bemlltd.in,38:15.3
5894,,0,dhinesh.a@bemlltd.in,39:00.1
5895,,0,dhinesh.a@bemlltd.in,39:47.3
5896,,0,dhinesh.a@bemlltd.in,40:37.8
5897,,0,dhinesh.a@bemlltd.in,41:36.2
5898,,0,dhinesh.a@bemlltd.in,42:20.6
5899,,0,dhinesh.a@bemlltd.in,43:02.9
5900,,0,dhinesh.a@bemlltd.in,43:57.7
5901,,0,dhinesh.a@bemlltd.in,44:47.8
5902,,0,dhinesh.a@bemlltd.in,45:47.8
5903,,0,dhinesh.a@bemlltd.in,46:38.3
5904,,0,dhinesh.a@bemlltd.in,47:34.7
5905,,0,dhinesh.a@bemlltd.in,48:26.5
5906,,0,dhinesh.a@bemlltd.in,49:20.5
5907,,0,dhinesh.a@bemlltd.in,50:16.1
5908,,0,dhinesh.a@bemlltd.in,51:06.5
5909,,0,dhinesh.a@bemlltd.in,51:46.5
5910,RUBBER TUBE,0,dhinesh.a@bemlltd.in,58:05.8
5911,RUBBER FLAP,0,dhinesh.a@bemlltd.in,00:02.1
5912,SHIPS,0,dgmmdo@hslvizag.in,01:23.0
5913,Life Cycle Clothing,0,sumitpatle@ord.gov.in,11:57.3
5914,Life Cycle Clothing,0,sumitpatle@ord.gov.in,14:06.7
5915,Life Cycle Clothing,0,sumitpatle@ord.gov.in,16:27.1
5916,Cold Climate Clothing,0,sumitpatle@ord.gov.in,19:29.7
5917,Extreme Cold Climate Clothing,0,sumitpatle@ord.gov.in,22:15.7
5918,Extreme Cold Climate Clothing °,0,sumitpatle@ord.gov.in,24:46.4
5919,Extreme Cold Climate Clothing,0,sumitpatle@ord.gov.in,26:41.3
5920,Extreme Cold Climate Clothing,0,sumitpatle@ord.gov.in,29:09.7
5921,Extreme Cold Climate Clothing,0,sumitpatle@ord.gov.in,31:08.9
5922,High Altitude equipment,0,sumitpatle@ord.gov.in,32:55.1
5923,,0,cio@indiaoptel.in,34:56.1
5924,Survey equipment/Gadget,0,cio@indiaoptel.in,39:16.1
5925,,0,saravanakumar.as@bemlltd.in,42:18.3
5926,,0,cio@indiaoptel.in,45:42.3
5927,,0,saravanakumar.as@bemlltd.in,50:26.3
5928,,0,cio@indiaoptel.in,52:58.8
5929,,0,saravanakumar.as@bemlltd.in,54:41.0
5930,,0,saravanakumar.as@bemlltd.in,58:17.1
5931,,0,saravanakumar.as@bemlltd.in,00:04.2
5932,,0,saravanakumar.as@bemlltd.in,00:52.5
5933,,0,santhosha.goni@bemlltd.in,05:36.7
5934,,0,cio@indiaoptel.in,05:47.0
5935,,0,cio@indiaoptel.in,14:32.3
5936,,0,saravanakumar.as@bemlltd.in,15:05.7
5937,,0,santhosha.goni@bemlltd.in,15:52.8
5938,,0,saravanakumar.as@bemlltd.in,16:29.0
5939,,0,cio@indiaoptel.in,17:29.4
5940,,0,saravanakumar.as@bemlltd.in,17:55.6
5941,,0,saravanakumar.as@bemlltd.in,19:06.8
5942,,0,saravanakumar.as@bemlltd.in,20:02.1
5943,,0,cio@indiaoptel.in,20:26.8
5944,,0,saravanakumar.as@bemlltd.in,20:46.8
5945,,0,saravanakumar.as@bemlltd.in,21:45.5
5946,,0,saravanakumar.as@bemlltd.in,23:29.8
5947,,0,santhosha.goni@bemlltd.in,23:36.1
5948,,0,cio@indiaoptel.in,23:38.1
5949,,0,saravanakumar.as@bemlltd.in,24:24.8
5950,,0,saravanakumar.as@bemlltd.in,25:23.1
5951,,0,saravanakumar.as@bemlltd.in,26:18.7
5952,,0,saravanakumar.as@bemlltd.in,27:05.6
5953,,0,cio@indiaoptel.in,27:36.8
5954,,0,saravanakumar.as@bemlltd.in,27:56.5
5955,,0,imrankhan@ord.gov.in,27:59.4
5956,,0,saravanakumar.as@bemlltd.in,28:37.0
5957,,0,saravanakumar.as@bemlltd.in,29:15.1
5958,,0,saravanakumar.as@bemlltd.in,30:02.0
5959,,0,cio@indiaoptel.in,31:19.7
5960,,0,imrankhan@ord.gov.in,31:44.1
5961,,0,saravanakumar.as@bemlltd.in,33:47.9
5962,,0,cio@indiaoptel.in,34:44.0
5963,,0,saravanakumar.as@bemlltd.in,34:49.3
5964,,0,saravanakumar.as@bemlltd.in,35:40.3
5965,,0,imrankhan@ord.gov.in,36:46.1
5966,,0,saravanakumar.as@bemlltd.in,37:09.1
5967,,0,cio@indiaoptel.in,37:36.3
5968,,0,saravanakumar.as@bemlltd.in,38:03.8
5969,,0,saravanakumar.as@bemlltd.in,39:09.5
5970,,0,saravanakumar.as@bemlltd.in,39:50.1
5971,,0,imrankhan@ord.gov.in,39:59.7
5972,,0,saravanakumar.as@bemlltd.in,40:24.0
5973,,0,imrankhan@ord.gov.in,41:04.3
5974,,0,santhosha.goni@bemlltd.in,41:05.8
5975,,0,saravanakumar.as@bemlltd.in,41:38.6
5976,,0,cio@indiaoptel.in,41:42.5
5977,,0,imrankhan@ord.gov.in,41:57.5
5978,,0,saravanakumar.as@bemlltd.in,42:31.6
5979,,0,imrankhan@ord.gov.in,42:50.3
5980,,0,pramithch@bel.co.in,43:17.2
5981,,0,saravanakumar.as@bemlltd.in,43:24.7
5982,,0,cio@indiaoptel.in,43:25.3
5983,,0,imrankhan@ord.gov.in,43:59.1
5984,,0,saravanakumar.as@bemlltd.in,43:59.5
5985,,0,pramithch@bel.co.in,44:36.4
5986,,0,saravanakumar.as@bemlltd.in,45:09.9
5987,,0,saravanakumar.as@bemlltd.in,45:49.4
5988,,0,saravanakumar.as@bemlltd.in,46:35.2
5989,,0,saravanakumar.as@bemlltd.in,47:49.3
5990,,0,saravanakumar.as@bemlltd.in,48:35.0
5991,,0,cio@indiaoptel.in,48:55.9
5992,,0,imrankhan@ord.gov.in,49:07.3
5993,,0,saravanakumar.as@bemlltd.in,49:15.4
5994,,0,saravanakumar.as@bemlltd.in,49:52.3
5995,,0,santhosha.goni@bemlltd.in,50:08.8
5996,,0,saravanakumar.as@bemlltd.in,50:40.9
5997,,0,imrankhan@ord.gov.in,50:46.2
5998,,0,cio@indiaoptel.in,51:28.9
5999,,0,saravanakumar.as@bemlltd.in,52:14.9
6000,,0,saravanakumar.as@bemlltd.in,53:14.9
6001,,0,imrankhan@ord.gov.in,53:26.5
6002,,0,cio@indiaoptel.in,53:47.3
6003,,0,saravanakumar.as@bemlltd.in,54:36.1
6004,,0,saravanakumar.as@bemlltd.in,55:54.6
6005,,0,imrankhan@ord.gov.in,56:24.7
6006,,0,saravanakumar.as@bemlltd.in,57:03.6
6007,,0,cio@indiaoptel.in,57:24.8
6008,,0,imrankhan@ord.gov.in,58:08.1
6009,,0,saravanakumar.as@bemlltd.in,58:10.8
6010,,0,imrankhan@ord.gov.in,58:52.2
6011,,0,saravanakumar.as@bemlltd.in,59:27.7
6012,,0,cio@indiaoptel.in,00:10.5
6013,,0,saravanakumar.as@bemlltd.in,00:36.9
6014,,0,saravanakumar.as@bemlltd.in,01:48.4
6015,,0,imrankhan@ord.gov.in,01:49.8
6016,,0,cio@indiaoptel.in,02:19.1
6017,,0,imrankhan@ord.gov.in,02:46.1
6018,,0,saravanakumar.as@bemlltd.in,02:58.2
6019,,0,saravanakumar.as@bemlltd.in,04:02.6
6020,,0,sumitpatle@ord.gov.in,05:04.7
6021,,0,imrankhan@ord.gov.in,05:57.2
6022,,0,imrankhan@ord.gov.in,06:48.4
6023,,0,sumitpatle@ord.gov.in,07:20.4
6024,,0,imrankhan@ord.gov.in,08:24.1
6025,,0,imrankhan@ord.gov.in,15:42.0
6026,,0,imrankhan@ord.gov.in,17:22.9
6027,Gloves,0,sumitpatle@ord.gov.in,18:36.7
6028,,0,imrankhan@ord.gov.in,20:48.8
6029,,0,imrankhan@ord.gov.in,21:35.7
6030,Gloves,0,sumitpatle@ord.gov.in,22:05.6
6031,,0,imrankhan@ord.gov.in,22:44.7
6032,,0,imrankhan@ord.gov.in,23:50.4
6033,Backpacks,0,sumitpatle@ord.gov.in,24:20.1
6034,,0,imrankhan@ord.gov.in,24:31.9
6035,,0,saravanakumar.as@bemlltd.in,26:17.6
6036,Backpacks,0,sumitpatle@ord.gov.in,26:26.2
6037,,0,imrankhan@ord.gov.in,27:24.7
6038,Tactical items,0,sumitpatle@ord.gov.in,28:14.3
6039,,0,saravanakumar.as@bemlltd.in,28:16.8
6040,,0,imrankhan@ord.gov.in,28:23.5
6041,,0,saravanakumar.as@bemlltd.in,28:56.7
6042,,0,saravanakumar.as@bemlltd.in,29:39.8
6043,,0,imrankhan@ord.gov.in,30:40.8
6044,Tactical items,0,sumitpatle@ord.gov.in,31:27.9
6045,,0,saravanakumar.as@bemlltd.in,31:39.5
6046,,0,saravanakumar.as@bemlltd.in,32:23.4
6047,,0,imrankhan@ord.gov.in,32:45.5
6048,,0,saravanakumar.as@bemlltd.in,32:58.8
6049,,0,saravanakumar.as@bemlltd.in,33:37.8
6050,,0,saravanakumar.as@bemlltd.in,34:22.8
6051,,0,saravanakumar.as@bemlltd.in,35:04.7
6052,,0,saravanakumar.as@bemlltd.in,35:47.0
6053,Tactical items,0,sumitpatle@ord.gov.in,36:20.9
6054,,0,imrankhan@ord.gov.in,36:50.3
6055,,0,saravanakumar.as@bemlltd.in,37:22.5
6056,,0,saravanakumar.as@bemlltd.in,38:02.2
6057,,0,saravanakumar.as@bemlltd.in,38:58.8
6058,,0,saravanakumar.as@bemlltd.in,39:40.7
6059,,0,saravanakumar.as@bemlltd.in,40:23.7
6060,,0,saravanakumar.as@bemlltd.in,40:56.4
6061,Tactical items,0,sumitpatle@ord.gov.in,41:44.5
6062,,0,imrankhan@ord.gov.in,42:39.3
6063,,0,saravanakumar.as@bemlltd.in,43:12.0
6064,,0,saravanakumar.as@bemlltd.in,43:57.2
6065,,0,saravanakumar.as@bemlltd.in,44:40.1
6066,,0,imrankhan@ord.gov.in,44:54.6
6067,,0,imrankhan@ord.gov.in,46:22.1
6068,,0,imrankhan@ord.gov.in,47:31.7
6069,,0,saravanakumar.as@bemlltd.in,48:10.7
6070,,0,saravanakumar.as@bemlltd.in,48:53.4
6071,,0,ankit_kumar@bel.co.in,49:06.3
6072,,0,imrankhan@ord.gov.in,49:12.1
6073,,0,saravanakumar.as@bemlltd.in,49:35.1
6074,,0,imrankhan@ord.gov.in,50:10.2
6075,Armoured & Ballistic Protection,0,sumitpatle@ord.gov.in,50:14.6
6076,,0,saravanakumar.as@bemlltd.in,50:41.6
6077,,0,saravanakumar.as@bemlltd.in,51:37.8
6078,,0,saravanakumar.as@bemlltd.in,52:40.7
6079,,0,ankit_kumar@bel.co.in,52:42.9
6080,,0,saravanakumar.as@bemlltd.in,53:47.5
6081,,0,imrankhan@ord.gov.in,54:11.3
6082,,0,saravanakumar.as@bemlltd.in,54:42.4
6083,,0,mkjain.ord@ord.gov.in,55:59.0
6084,,0,raghunandanjha@ord.gov.in,56:06.8
6085,,0,saravanakumar.as@bemlltd.in,56:25.5
6086,,0,imrankhan@ord.gov.in,56:37.7
6087,,0,saravanakumar.as@bemlltd.in,57:06.0
6088,Armoured & Ballistic Protection,0,sumitpatle@ord.gov.in,57:50.2
6089,,0,saravanakumar.as@bemlltd.in,57:50.2
6090,,0,imrankhan@ord.gov.in,57:58.1
6091,,0,kajodmalsharma@ord.gov.in,58:22.6
6092,,0,saravanakumar.as@bemlltd.in,58:35.0
6093,,0,kajodmalsharma@ord.gov.in,58:51.6
6094,,0,saravanakumar.as@bemlltd.in,59:14.4
6095,,0,kajodmalsharma@ord.gov.in,59:28.9
6096,,0,kajodmalsharma@ord.gov.in,59:47.9
6097,,0,saravanakumar.as@bemlltd.in,59:55.7
6098,,0,kajodmalsharma@ord.gov.in,00:19.2
6099,,0,imrankhan@ord.gov.in,00:26.8
6100,,0,kajodmalsharma@ord.gov.in,00:37.1
6101,,0,saravanakumar.as@bemlltd.in,00:43.0
6102,,0,kajodmalsharma@ord.gov.in,01:15.5
6103,,0,kajodmalsharma@ord.gov.in,01:51.2
6104,,0,kajodmalsharma@ord.gov.in,02:26.2
6105,,0,kajodmalsharma@ord.gov.in,02:57.6
6106,,0,imrankhan@ord.gov.in,03:22.8
6107,,0,saravanakumar.as@bemlltd.in,03:42.8
6108,,0,kajodmalsharma@ord.gov.in,03:44.7
6109,,0,imrankhan@ord.gov.in,04:12.4
6110,,0,saravanakumar.as@bemlltd.in,04:31.6
6111,,0,mkjain.ord@ord.gov.in,04:58.9
6112,,0,imrankhan@ord.gov.in,05:03.6
6113,,0,kajodmalsharma@ord.gov.in,12:34.6
6114,,0,kajodmalsharma@ord.gov.in,13:00.8
6115,,0,kajodmalsharma@ord.gov.in,13:32.3
6116,,0,kajodmalsharma@ord.gov.in,14:36.0
6117,,0,kajodmalsharma@ord.gov.in,15:31.1
6118,,0,ankit_kumar@bel.co.in,15:33.8
6119,,0,kajodmalsharma@ord.gov.in,16:08.4
6120,,0,kajodmalsharma@ord.gov.in,16:50.1
6121,,0,ankit_kumar@bel.co.in,17:09.0
6122,,0,kajodmalsharma@ord.gov.in,17:12.4
6123,,0,kajodmalsharma@ord.gov.in,18:09.3
6124,,0,ankit_kumar@bel.co.in,18:48.7
6125,,0,ankit_kumar@bel.co.in,20:10.1
6126,,0,kajodmalsharma@ord.gov.in,21:24.1
6127,,0,cio@indiaoptel.in,21:25.2
6128,,0,kajodmalsharma@ord.gov.in,22:00.4
6129,,0,kajodmalsharma@ord.gov.in,22:49.2
6130,,0,cio@indiaoptel.in,23:12.5
6131,,0,kajodmalsharma@ord.gov.in,23:16.3
6132,,0,ankit_kumar@bel.co.in,23:42.9
6133,,0,cio@indiaoptel.in,24:41.9
6134,,0,ankit_kumar@bel.co.in,24:57.2
6135,,0,kajodmalsharma@ord.gov.in,25:03.4
6136,,0,cio@indiaoptel.in,25:37.5
6137,,0,kajodmalsharma@ord.gov.in,25:45.9
6138,,0,saravanakumar.as@bemlltd.in,25:47.9
6139,,0,ankit_kumar@bel.co.in,26:12.2
6140,,0,saravanakumar.as@bemlltd.in,26:32.0
6141,,0,kajodmalsharma@ord.gov.in,26:39.6
6142,,0,kajodmalsharma@ord.gov.in,27:08.8
6143,,0,saravanakumar.as@bemlltd.in,27:22.5
6144,,0,kajodmalsharma@ord.gov.in,27:41.3
6145,,0,saravanakumar.as@bemlltd.in,28:07.6
6146,,0,kajodmalsharma@ord.gov.in,28:14.9
6147,,0,ankit_kumar@bel.co.in,28:29.0
6148,,0,cio@indiaoptel.in,28:31.8
6149,,0,saravanakumar.as@bemlltd.in,28:55.2
6150,,0,kajodmalsharma@ord.gov.in,30:06.6
6151,,0,ankit_kumar@bel.co.in,30:08.3
6152,,0,dhinesh.a@bemlltd.in,30:17.1
6153,,0,saravanakumar.as@bemlltd.in,30:42.5
6154,,0,dhinesh.a@bemlltd.in,31:06.8
6155,,0,ankit_kumar@bel.co.in,31:15.1
6156,,0,saravanakumar.as@bemlltd.in,31:20.0
6157,,0,cio@indiaoptel.in,31:43.2
6158,,0,kajodmalsharma@ord.gov.in,31:51.5
6159,,0,cio@indiaoptel.in,32:28.6
6160,,0,ankit_kumar@bel.co.in,32:52.3
6161,,0,dhinesh.a@bemlltd.in,33:57.7
6162,,0,ankit_kumar@bel.co.in,34:08.3
6163,,0,saravanakumar.as@bemlltd.in,34:22.9
6164,,0,dhinesh.a@bemlltd.in,34:38.2
6165,,0,dhinesh.a@bemlltd.in,35:19.2
6166,,0,saravanakumar.as@bemlltd.in,35:23.3
6167,,0,ankit_kumar@bel.co.in,35:40.5
6168,,0,dhinesh.a@bemlltd.in,36:05.6
6169,,0,cio@indiaoptel.in,36:10.9
6170,,0,ankit_kumar@bel.co.in,36:55.1
6171,,0,cio@indiaoptel.in,37:20.6
6172,,0,cio@indiaoptel.in,38:23.2
6173,,0,ankit_kumar@bel.co.in,38:48.3
6174,,0,cio@indiaoptel.in,40:03.0
6175,,0,ankit_kumar@bel.co.in,40:52.4
6176,,0,dhinesh.a@bemlltd.in,40:55.5
6177,,0,cio@indiaoptel.in,41:23.4
6178,,0,dhinesh.a@bemlltd.in,42:08.8
6179,,0,dhinesh.a@bemlltd.in,43:10.9
6180,,0,dhinesh.a@bemlltd.in,44:29.8
6181,,0,cio@indiaoptel.in,44:57.3
6182,,0,dhinesh.a@bemlltd.in,45:36.0
6183,,0,cio@indiaoptel.in,45:57.2
6184,,0,cio@indiaoptel.in,46:47.2
6185,,0,dhinesh.a@bemlltd.in,46:50.5
6186,,0,akashverma@ord.gov.in,47:23.7
6187,,0,cio@indiaoptel.in,47:41.8
6188,,0,dhinesh.a@bemlltd.in,47:56.3
6189,,0,akashverma@ord.gov.in,48:42.5
6190,,0,dhinesh.a@bemlltd.in,48:47.2
6191,,0,cio@indiaoptel.in,48:52.8
6192,,0,akashverma@ord.gov.in,49:42.4
6193,,0,akashverma@ord.gov.in,51:44.8
6194,,0,akashverma@ord.gov.in,53:22.9
6195,,0,cio@indiaoptel.in,53:44.1
6196,,0,cio@indiaoptel.in,54:46.3
6197,,0,cio@indiaoptel.in,55:48.1
6198,,0,pramithch@bel.co.in,56:19.7
6199,,0,akashverma@ord.gov.in,57:20.1
6200,,0,pramithch@bel.co.in,58:05.2
6201,,0,dhinesh.a@bemlltd.in,58:13.4
6202,Power Cables,0,cio@indiaoptel.in,58:46.1
6203,,0,akashverma@ord.gov.in,59:04.6
6204,,0,dhinesh.a@bemlltd.in,59:14.1
6205,,0,dhinesh.a@bemlltd.in,00:14.7
6206,,0,pramithch@bel.co.in,00:37.6
6207,,0,dhinesh.a@bemlltd.in,01:27.0
6208,,0,akashverma@ord.gov.in,01:27.2
6209,Harness/Cables,0,cio@indiaoptel.in,01:47.7
6210,,0,pramithch@bel.co.in,01:54.6
6211,,0,dhinesh.a@bemlltd.in,02:26.8
6212,Harness/Cables,0,cio@indiaoptel.in,03:39.7
6213,,0,pramithch@bel.co.in,03:42.3
6214,,0,dhinesh.a@bemlltd.in,03:52.2
6215,,0,akashverma@ord.gov.in,03:56.0
6216,,0,dhinesh.a@bemlltd.in,05:00.6
6217,Harness/Cables,0,cio@indiaoptel.in,05:02.4
6218,,0,akashverma@ord.gov.in,05:40.4
6219,,0,dhinesh.a@bemlltd.in,05:55.6
6220,Harness/Cables,0,cio@indiaoptel.in,06:46.8
6221,,0,akashverma@ord.gov.in,07:27.8
6222,,0,dhinesh.a@bemlltd.in,07:31.1
6223,Harness/Cables,0,cio@indiaoptel.in,08:02.6
6224,,0,dhinesh.a@bemlltd.in,08:29.9
6225,Harness/Cables,0,cio@indiaoptel.in,09:08.7
6226,,0,akashverma@ord.gov.in,09:40.4
6227,Harness/Cables,0,cio@indiaoptel.in,10:16.4
6228,,0,akashverma@ord.gov.in,12:24.3
6229,,0,dhinesh.a@bemlltd.in,13:48.7
6230,,0,akashverma@ord.gov.in,16:45.1
6231,,0,akashverma@ord.gov.in,20:05.0
6232,,0,akashverma@ord.gov.in,25:07.4
6233,,0,akashverma@ord.gov.in,28:50.3
6234,,0,dhinesh.a@bemlltd.in,36:58.2
6235,,0,dhinesh.a@bemlltd.in,37:48.9
6236,,0,dhinesh.a@bemlltd.in,42:33.5
6237,,0,dhinesh.a@bemlltd.in,43:44.5
6238,,0,dhinesh.a@bemlltd.in,44:41.0
6239,,0,dhinesh.a@bemlltd.in,45:30.3
6240,,0,dhinesh.a@bemlltd.in,46:45.7
6241,,0,dhinesh.a@bemlltd.in,47:40.4
6242,,0,dhinesh.a@bemlltd.in,48:49.8
6243,,0,dhinesh.a@bemlltd.in,49:37.5
6244,,0,dhinesh.a@bemlltd.in,59:55.3
6245,,0,dhinesh.a@bemlltd.in,01:10.1
6246,,0,dhinesh.a@bemlltd.in,05:03.8
6247,,0,dhinesh.a@bemlltd.in,06:15.9
6248,Armouring & Ballistic Protection,0,sumitpatle@ord.gov.in,06:49.2
6249,,0,dhinesh.a@bemlltd.in,07:01.9
6250,,0,dhinesh.a@bemlltd.in,07:56.8
6251,Sleeping Bags,0,sumitpatle@ord.gov.in,13:16.9
6252,Sleeping Bags,0,sumitpatle@ord.gov.in,14:55.9
6253,Shelter system,0,sumitpatle@ord.gov.in,16:41.2
6254,Shelter system,0,sumitpatle@ord.gov.in,18:06.7
6255,Shelter system,0,sumitpatle@ord.gov.in,20:06.6
6256,,0,dhinesh.a@bemlltd.in,48:46.8
6257,,0,dhinesh.a@bemlltd.in,49:47.2
6258,,0,dhinesh.a@bemlltd.in,50:54.9
6259,,0,dhinesh.a@bemlltd.in,51:47.7
6260,,0,dhinesh.a@bemlltd.in,57:36.2
6261,,0,dhinesh.a@bemlltd.in,59:39.3
6262,,0,dhinesh.a@bemlltd.in,04:58.4
6263,,0,dhinesh.a@bemlltd.in,10:53.8
6264,,0,dhinesh.a@bemlltd.in,12:01.4
6265,,0,dhinesh.a@bemlltd.in,13:53.7
6266,,0,dhinesh.a@bemlltd.in,19:03.8
6267,,0,dhinesh.a@bemlltd.in,21:47.8
6268,,0,dhinesh.a@bemlltd.in,23:41.5
6269,,0,dhinesh.a@bemlltd.in,25:04.8
6270,,0,dhinesh.a@bemlltd.in,27:42.6
6271,,0,dhinesh.a@bemlltd.in,29:02.2
6272,,0,dhinesh.a@bemlltd.in,30:01.5
6273,,0,dhinesh.a@bemlltd.in,35:08.1
6274,,0,dhinesh.a@bemlltd.in,36:32.1
6275,,0,dhinesh.a@bemlltd.in,40:31.3
6276,,0,dhinesh.a@bemlltd.in,41:23.5
6277,,0,dhinesh.a@bemlltd.in,42:22.8
6278,,0,dhinesh.a@bemlltd.in,47:30.2
6279,,0,dhinesh.a@bemlltd.in,48:25.2
6280,,0,dhinesh.a@bemlltd.in,49:28.1
6281,,0,dhinesh.a@bemlltd.in,50:46.2
6282,,0,dhinesh.a@bemlltd.in,56:13.7
6283,,0,dhinesh.a@bemlltd.in,57:11.8
6284,,0,dhinesh.a@bemlltd.in,01:22.9
6285,,0,dhinesh.a@bemlltd.in,28:56.2
6286,,0,dhinesh.a@bemlltd.in,30:12.6
6287,,0,dhinesh.a@bemlltd.in,30:52.8
6288,,0,dhinesh.a@bemlltd.in,32:05.3
6289,,0,dhinesh.a@bemlltd.in,33:45.5
6290,,0,dhinesh.a@bemlltd.in,41:38.7
6291,,0,dhinesh.a@bemlltd.in,43:53.7
6292,,0,dhinesh.a@bemlltd.in,44:57.0
6293,,0,dhinesh.a@bemlltd.in,46:45.4
6294,,0,dhinesh.a@bemlltd.in,48:31.6
6295,,0,dhinesh.a@bemlltd.in,49:47.1
6296,,0,dhinesh.a@bemlltd.in,50:57.6
6297,,0,dhinesh.a@bemlltd.in,52:00.2
6298,,0,dhinesh.a@bemlltd.in,53:13.0
6299,,0,dhinesh.a@bemlltd.in,54:13.1
6300,,0,dhinesh.a@bemlltd.in,58:15.8
6301,,0,dhinesh.a@bemlltd.in,59:05.2
6302,,0,dhinesh.a@bemlltd.in,59:51.1
6303,,0,dhinesh.a@bemlltd.in,00:49.0
6304,,0,dhinesh.a@bemlltd.in,52:51.3
6305,,0,dhinesh.a@bemlltd.in,55:50.2
6306,,0,dhinesh.a@bemlltd.in,57:00.5
6307,,0,saravanakumar.as@bemlltd.in,13:09.2
6308,,0,saravanakumar.as@bemlltd.in,14:14.5
6309,,0,saravanakumar.as@bemlltd.in,15:09.0
6310,,0,saravanakumar.as@bemlltd.in,16:17.7
6311,,0,saravanakumar.as@bemlltd.in,16:18.2
6312,,0,saravanakumar.as@bemlltd.in,16:18.7
6313,,0,saravanakumar.as@bemlltd.in,17:05.1
6314,,0,saravanakumar.as@bemlltd.in,17:58.7
6315,,0,saravanakumar.as@bemlltd.in,18:53.0
6316,,0,saravanakumar.as@bemlltd.in,19:45.8
6317,,0,saravanakumar.as@bemlltd.in,20:32.5
6318,,0,saravanakumar.as@bemlltd.in,21:35.3
6319,,0,saravanakumar.as@bemlltd.in,22:36.3
6320,,0,saravanakumar.as@bemlltd.in,23:26.0
6321,,0,saravanakumar.as@bemlltd.in,24:02.4
6322,,0,saravanakumar.as@bemlltd.in,24:46.9
6323,,0,saravanakumar.as@bemlltd.in,25:39.4
6324,,0,saravanakumar.as@bemlltd.in,26:31.7
6325,,0,saravanakumar.as@bemlltd.in,27:20.7
6326,,0,saravanakumar.as@bemlltd.in,28:12.2
6327,,0,saravanakumar.as@bemlltd.in,28:48.8
6328,,0,saravanakumar.as@bemlltd.in,29:28.1
6329,,0,saravanakumar.as@bemlltd.in,30:11.0
6330,,0,saravanakumar.as@bemlltd.in,30:39.6
6331,,0,saravanakumar.as@bemlltd.in,31:34.8
6332,,0,saravanakumar.as@bemlltd.in,32:18.2
6333,,0,saravanakumar.as@bemlltd.in,32:58.9
6334,,0,saravanakumar.as@bemlltd.in,33:52.4
6335,,0,saravanakumar.as@bemlltd.in,34:42.0
6336,,0,saravanakumar.as@bemlltd.in,36:20.5
6337,,0,saravanakumar.as@bemlltd.in,37:13.0
6338,,0,saravanakumar.as@bemlltd.in,37:58.5
6339,,0,saravanakumar.as@bemlltd.in,39:15.5
6340,,0,saravanakumar.as@bemlltd.in,40:23.2
6341,,0,saravanakumar.as@bemlltd.in,41:32.7
6342,,0,saravanakumar.as@bemlltd.in,43:40.0
6343,,0,saravanakumar.as@bemlltd.in,44:42.5
6344,,0,saravanakumar.as@bemlltd.in,46:12.1
6345,,0,saravanakumar.as@bemlltd.in,46:56.7
6346,,0,saravanakumar.as@bemlltd.in,47:53.8
6347,,0,saravanakumar.as@bemlltd.in,48:32.9
6348,,0,saravanakumar.as@bemlltd.in,49:12.2
6349,,0,saravanakumar.as@bemlltd.in,50:40.9
6350,,0,saravanakumar.as@bemlltd.in,51:36.3
6351,,0,saravanakumar.as@bemlltd.in,52:12.9
6352,,0,saravanakumar.as@bemlltd.in,53:10.8
6353,,0,saravanakumar.as@bemlltd.in,53:47.2
6354,,0,saravanakumar.as@bemlltd.in,55:02.2
6355,,0,saravanakumar.as@bemlltd.in,55:59.9
6356,,0,tank.ofmk@ord.gov.in,56:01.3
6357,,0,saravanakumar.as@bemlltd.in,57:11.7
6358,,0,saravanakumar.as@bemlltd.in,57:58.6
6359,,0,saravanakumar.as@bemlltd.in,59:04.1
6360,,0,tank.ofmk@ord.gov.in,59:05.9
6361,,0,dhinesh.a@bemlltd.in,59:44.0
6362,,0,saravanakumar.as@bemlltd.in,59:52.5
6363,,0,saravanakumar.as@bemlltd.in,00:34.4
6364,,0,saravanakumar.as@bemlltd.in,01:42.3
6365,,0,tank.ofmk@ord.gov.in,02:20.0
6366,,0,saravanakumar.as@bemlltd.in,02:33.9
6367,,0,saravanakumar.as@bemlltd.in,03:18.4
6368,,0,saravanakumar.as@bemlltd.in,04:24.1
6369,,0,saravanakumar.as@bemlltd.in,04:56.7
6370,,0,tank.ofmk@ord.gov.in,05:14.7
6371,,0,saravanakumar.as@bemlltd.in,06:00.0
6372,,0,saravanakumar.as@bemlltd.in,07:26.2
6373,,0,dhinesh.a@bemlltd.in,07:54.3
6374,,0,saravanakumar.as@bemlltd.in,07:57.7
6375,,0,tank.ofmk@ord.gov.in,08:03.0
6376,,0,saravanakumar.as@bemlltd.in,08:45.8
6377,,0,dhinesh.a@bemlltd.in,08:50.4
6378,,0,saravanakumar.as@bemlltd.in,09:27.3
6379,,0,dhinesh.a@bemlltd.in,09:41.3
6380,,0,saravanakumar.as@bemlltd.in,10:14.5
6381,,0,dhinesh.a@bemlltd.in,10:27.7
6382,,0,tank.ofmk@ord.gov.in,10:54.8
6383,,0,saravanakumar.as@bemlltd.in,11:07.6
6384,,0,dhinesh.a@bemlltd.in,11:32.2
6385,,0,saravanakumar.as@bemlltd.in,12:15.2
6386,,0,saravanakumar.as@bemlltd.in,13:30.7
6387,,0,dhinesh.a@bemlltd.in,13:45.5
6388,,0,saravanakumar.as@bemlltd.in,14:17.4
6389,,0,tank.ofmk@ord.gov.in,15:16.6
6390,,0,saravanakumar.as@bemlltd.in,15:21.4
6391,,0,dhinesh.a@bemlltd.in,15:32.9
6392,,0,saravanakumar.as@bemlltd.in,16:20.3
6393,,0,dhinesh.a@bemlltd.in,16:22.2
6394,,0,saravanakumar.as@bemlltd.in,17:12.4
6395,,0,dhinesh.a@bemlltd.in,17:50.8
6396,,0,tank.ofmk@ord.gov.in,18:10.9
6397,,0,saravanakumar.as@bemlltd.in,18:21.6
6398,,0,dhinesh.a@bemlltd.in,20:34.6
6399,,0,tank.ofmk@ord.gov.in,22:10.9
6400,,0,dhinesh.a@bemlltd.in,23:17.8
6401,,0,saravanakumar.as@bemlltd.in,23:31.0
6402,,0,dhinesh.a@bemlltd.in,24:43.2
6403,,0,tank.ofmk@ord.gov.in,24:54.1
6404,,0,dhinesh.a@bemlltd.in,25:48.3
6405,,0,dhinesh.a@bemlltd.in,26:39.8
6406,,0,saravanakumar.as@bemlltd.in,26:45.5
6407,,0,tank.ofmk@ord.gov.in,27:27.3
6408,,0,saravanakumar.as@bemlltd.in,27:29.2
6409,,0,saravanakumar.as@bemlltd.in,28:05.5
6410,,0,dhinesh.a@bemlltd.in,28:07.7
6411,,0,saravanakumar.as@bemlltd.in,28:39.7
6412,,0,dhinesh.a@bemlltd.in,29:00.7
6413,,0,saravanakumar.as@bemlltd.in,29:25.7
6414,,0,tank.ofmk@ord.gov.in,29:57.1
6415,,0,saravanakumar.as@bemlltd.in,30:16.3
6416,,0,saravanakumar.as@bemlltd.in,31:22.0
6417,,0,dhinesh.a@bemlltd.in,31:32.5
6418,,0,tank.ofmk@ord.gov.in,32:34.2
6419,,0,saravanakumar.as@bemlltd.in,32:49.1
6420,,0,dhinesh.a@bemlltd.in,33:53.8
6421,,0,saravanakumar.as@bemlltd.in,34:30.6
6422,,0,saravanakumar.as@bemlltd.in,35:10.8
6423,,0,saravanakumar.as@bemlltd.in,35:59.3
6424,,0,saravanakumar.as@bemlltd.in,36:50.5
6425,,0,saravanakumar.as@bemlltd.in,37:43.1
6426,,0,dhinesh.a@bemlltd.in,38:04.5
6427,,0,tank.ofmk@ord.gov.in,40:35.3
6428,,0,saravanakumar.as@bemlltd.in,40:47.9
6429,,0,dhinesh.a@bemlltd.in,41:14.8
6430,,0,saravanakumar.as@bemlltd.in,41:42.3
6431,,0,saravanakumar.as@bemlltd.in,42:30.7
6432,,0,dhinesh.a@bemlltd.in,42:46.5
6433,,0,saravanakumar.as@bemlltd.in,43:26.6
6434,,0,dhinesh.a@bemlltd.in,43:34.9
6435,,0,tank.ofmk@ord.gov.in,43:37.0
6436,,0,saravanakumar.as@bemlltd.in,44:11.0
6437,,0,dhinesh.a@bemlltd.in,44:38.9
6438,,0,saravanakumar.as@bemlltd.in,45:59.3
6439,,0,tank.ofmk@ord.gov.in,46:18.2
6440,,0,dhinesh.a@bemlltd.in,46:22.8
6441,,0,saravanakumar.as@bemlltd.in,46:59.9
6442,,0,saravanakumar.as@bemlltd.in,47:47.7
6443,,0,dhinesh.a@bemlltd.in,48:34.3
6444,,0,saravanakumar.as@bemlltd.in,48:43.4
6445,,0,tank.ofmk@ord.gov.in,49:16.9
6446,,0,saravanakumar.as@bemlltd.in,49:25.7
6447,,0,saravanakumar.as@bemlltd.in,50:37.4
6448,,0,saravanakumar.as@bemlltd.in,51:46.3
6449,,0,dhinesh.a@bemlltd.in,51:52.5
6450,,0,tank.ofmk@ord.gov.in,52:43.6
6451,,0,saravanakumar.as@bemlltd.in,54:47.4
6452,,0,tank.ofmk@ord.gov.in,55:07.8
6453,,0,saravanakumar.as@bemlltd.in,55:29.0
6454,,0,dhinesh.a@bemlltd.in,55:51.1
6455,,0,saravanakumar.as@bemlltd.in,56:19.1
6456,,0,dhinesh.a@bemlltd.in,56:47.0
6457,,0,saravanakumar.as@bemlltd.in,57:00.5
6458,,0,dhinesh.a@bemlltd.in,57:35.8
6459,,0,saravanakumar.as@bemlltd.in,58:24.3
6460,,0,saravanakumar.as@bemlltd.in,59:05.6
6461,,0,tank.ofmk@ord.gov.in,59:30.4
6462,,0,dhinesh.a@bemlltd.in,00:10.6
6463,,0,saravanakumar.as@bemlltd.in,00:14.3
6464,,0,saravanakumar.as@bemlltd.in,01:00.9
6465,,0,saravanakumar.as@bemlltd.in,01:51.3
6466,,0,tank.ofmk@ord.gov.in,02:03.6
6467,,0,saravanakumar.as@bemlltd.in,02:34.6
6468,,0,saravanakumar.as@bemlltd.in,03:10.8
6469,,0,saravanakumar.as@bemlltd.in,04:09.3
6470,,0,tank.ofmk@ord.gov.in,04:27.9
6471,,0,saravanakumar.as@bemlltd.in,04:58.4
6472,,0,dhinesh.a@bemlltd.in,05:00.5
6473,,0,saravanakumar.as@bemlltd.in,05:46.0
6474,,0,dhinesh.a@bemlltd.in,05:52.6
6475,,0,saravanakumar.as@bemlltd.in,06:40.7
6476,,0,dhinesh.a@bemlltd.in,06:45.4
6477,,0,saravanakumar.as@bemlltd.in,07:21.7
6478,,0,dhinesh.a@bemlltd.in,07:33.3
6479,,0,dhinesh.a@bemlltd.in,08:20.3
6480,,0,saravanakumar.as@bemlltd.in,08:37.9
6481,,0,dhinesh.a@bemlltd.in,09:31.3
6482,,0,saravanakumar.as@bemlltd.in,09:40.5
6483,,0,dhinesh.a@bemlltd.in,10:20.3
6484,,0,saravanakumar.as@bemlltd.in,10:40.8
6485,,0,dhinesh.a@bemlltd.in,11:18.9
6486,,0,saravanakumar.as@bemlltd.in,11:39.7
6487,,0,dhinesh.a@bemlltd.in,11:55.2
6488,,0,saravanakumar.as@bemlltd.in,12:26.4
6489,,0,saravanakumar.as@bemlltd.in,13:06.3
6490,,0,raghunandanjha@ord.gov.in,13:22.2
6491,,0,saravanakumar.as@bemlltd.in,13:49.0
6492,,0,dhinesh.a@bemlltd.in,14:32.4
6493,,0,saravanakumar.as@bemlltd.in,14:49.0
6494,,0,saravanakumar.as@bemlltd.in,15:31.2
6495,,0,saravanakumar.as@bemlltd.in,16:42.8
6496,,0,saravanakumar.as@bemlltd.in,17:36.0
6497,,0,ofajmfcc@ord.gov.in,21:36.2
6498,,0,ofajmfcc@ord.gov.in,23:34.3
6499,,0,ofajmfcc@ord.gov.in,25:37.7
6500,,0,raghunandanjha@ord.gov.in,26:05.0
6501,,0,dhinesh.a@bemlltd.in,30:09.5
6502,,0,dhinesh.a@bemlltd.in,31:01.8
6503,,0,ofajmfcc@ord.gov.in,31:13.3
6504,,0,dhinesh.a@bemlltd.in,32:01.9
6505,,0,vaprasannakumar@ord.gov.in,32:12.1
6506,,0,dhinesh.a@bemlltd.in,33:00.3
6507,,0,vaprasannakumar@ord.gov.in,33:39.9
6508,,0,raghunandanjha@ord.gov.in,33:49.7
6509,,0,dhinesh.a@bemlltd.in,34:06.3
6510,,0,dhinesh.a@bemlltd.in,35:56.8
6511,,0,ofajmfcc@ord.gov.in,38:45.3
6512,,0,vaprasannakumar@ord.gov.in,39:09.5
6513,,0,vaprasannakumar@ord.gov.in,40:34.1
6514,,0,ofajmfcc@ord.gov.in,40:48.7
6515,,0,vaprasannakumar@ord.gov.in,42:33.1
6516,,0,tank.ofmk@ord.gov.in,42:44.7
6517,,0,ofajmfcc@ord.gov.in,42:54.3
6518,,0,dhinesh.a@bemlltd.in,43:42.5
6519,,0,raghunandanjha@ord.gov.in,44:01.9
6520,,0,dhinesh.a@bemlltd.in,44:46.9
6521,,0,tank.ofmk@ord.gov.in,44:56.7
6522,,0,ofajmfcc@ord.gov.in,45:02.1
6523,,0,sudarshanas@bel.co.in,45:16.4
6524,,0,dhinesh.a@bemlltd.in,45:31.8
6525,,0,sudarshanas@bel.co.in,45:47.1
6526,,0,sudarshanas@bel.co.in,46:16.3
6527,,0,dhinesh.a@bemlltd.in,46:32.1
6528,,0,dhinesh.a@bemlltd.in,47:29.3
6529,,0,ofajmfcc@ord.gov.in,47:36.2
6530,,0,tank.ofmk@ord.gov.in,47:36.8
6531,,0,vaprasannakumar@ord.gov.in,48:37.9
6532,,0,dhinesh.a@bemlltd.in,48:44.3
6533,,0,ofajmfcc@ord.gov.in,49:30.8
6534,,0,tank.ofmk@ord.gov.in,53:49.4
6535,,0,dhinesh.a@bemlltd.in,55:43.3
6536,,0,dhinesh.a@bemlltd.in,56:24.9
6537,,0,tank.ofmk@ord.gov.in,56:47.9
6538,,0,dhinesh.a@bemlltd.in,59:39.9
6539,,0,dhinesh.a@bemlltd.in,00:24.2
6540,,0,dhinesh.a@bemlltd.in,01:49.8
6541,,0,tank.ofmk@ord.gov.in,02:09.1
6542,,0,dhinesh.a@bemlltd.in,02:54.5
6543,,0,tank.ofmk@ord.gov.in,06:01.6
6544,,0,tank.ofmk@ord.gov.in,08:13.0
6545,,0,pvgokakkar@mazdock.com,09:00.8
6546,,0,tank.ofmk@ord.gov.in,10:20.7
6547,,0,tank.ofmk@ord.gov.in,12:33.7
6548,,0,dhinesh.a@bemlltd.in,13:16.7
6549,,0,dhinesh.a@bemlltd.in,14:03.1
6550,,0,dhinesh.a@bemlltd.in,14:51.5
6551,,0,vaprasannakumar@ord.gov.in,15:09.1
6552,,0,tank.ofmk@ord.gov.in,15:15.9
6553,,0,imrankhan@ord.gov.in,15:36.0
6554,,0,dhinesh.a@bemlltd.in,15:45.4
6555,,0,dhinesh.a@bemlltd.in,16:54.8
6556,,0,tank.ofmk@ord.gov.in,17:25.8
6557,,0,raghunandanjha@ord.gov.in,17:35.5
6558,,0,dhinesh.a@bemlltd.in,17:38.3
6559,,0,dhinesh.a@bemlltd.in,18:29.2
6560,,0,imrankhan@ord.gov.in,19:14.6
6561,,0,tank.ofmk@ord.gov.in,19:55.0
6562,,0,dhinesh.a@bemlltd.in,19:58.4
6563,,0,vaprasannakumar@ord.gov.in,20:15.0
6564,,0,dhinesh.a@bemlltd.in,20:43.2
6565,,0,imrankhan@ord.gov.in,21:26.8
6566,,0,dhinesh.a@bemlltd.in,21:42.0
6567,,0,vaprasannakumar@ord.gov.in,21:50.4
6568,,0,dhinesh.a@bemlltd.in,22:54.3
6569,,0,raghunandanjha@ord.gov.in,24:42.5
6570,,0,tank.ofmk@ord.gov.in,25:15.3
6571,,0,tank.ofmk@ord.gov.in,28:18.7
6572,,0,imrankhan@ord.gov.in,29:19.5
6573,,0,vaprasannakumar@ord.gov.in,29:50.9
6574,TEST EQUIPMENT,0,hod-imm-co@hal-india.co.in,29:55.0
6575,,0,imrankhan@ord.gov.in,30:03.9
6576,,0,tank.ofmk@ord.gov.in,31:25.4
6577,,0,raghunandanjha@ord.gov.in,31:55.1
6578,,0,imrankhan@ord.gov.in,32:25.8
6579,,0,tank.ofmk@ord.gov.in,33:47.9
6580,,0,pvgokakkar@mazdock.com,34:55.0
6581,,0,vaprasannakumar@ord.gov.in,36:05.4
6582,,0,tank.ofmk@ord.gov.in,37:19.5
6583,,0,vaprasannakumar@ord.gov.in,39:19.8
6584,,0,pvgokakkar@mazdock.com,40:36.4
6585,,0,tank.ofmk@ord.gov.in,40:58.4
6586,,0,vaprasannakumar@ord.gov.in,41:43.2
6587,,0,pvgokakkar@mazdock.com,42:38.7
6588,,0,vaprasannakumar@ord.gov.in,42:45.8
6589,,0,tank.ofmk@ord.gov.in,43:13.3
6590,,0,pvgokakkar@mazdock.com,44:13.6
6591,,0,vaprasannakumar@ord.gov.in,45:11.0
6592,,0,tank.ofmk@ord.gov.in,45:37.8
6593,,0,pvgokakkar@mazdock.com,46:08.2
6594,,0,vaprasannakumar@ord.gov.in,47:18.0
6595,,0,tank.ofmk@ord.gov.in,48:07.0
6596,,0,pvgokakkar@mazdock.com,48:22.2
6597,,0,vaprasannakumar@ord.gov.in,48:40.1
6598,,0,pvgokakkar@mazdock.com,49:16.9
6599,,0,vaprasannakumar@ord.gov.in,50:02.3
6600,,0,vaprasannakumar@ord.gov.in,51:05.0
6601,Cable,0,pvgokakkar@mazdock.com,51:23.4
6602,,0,vaprasannakumar@ord.gov.in,52:34.5
6603,,0,pvgokakkar@mazdock.com,53:33.6
6604,,0,pvgokakkar@mazdock.com,54:44.1
6605,,0,vaprasannakumar@ord.gov.in,55:39.3
6606,,0,pvgokakkar@mazdock.com,56:11.5
6607,EBXL Cables,0,pvgokakkar@mazdock.com,58:53.8
6608,,0,pvgokakkar@mazdock.com,00:48.2
6609,,0,pvgokakkar@mazdock.com,04:05.3
6610,,0,vaprasannakumar@ord.gov.in,04:22.4
6611,,0,vaprasannakumar@ord.gov.in,10:06.0
6612,,0,tank.ofmk@ord.gov.in,10:32.0
6613,Fire fighting clothing,0,sumitpatle@ord.gov.in,11:39.5
6614,,0,vaprasannakumar@ord.gov.in,12:00.7
6615,,0,tank.ofmk@ord.gov.in,13:20.2
6616,,0,vaprasannakumar@ord.gov.in,13:45.2
6617,,0,vaprasannakumar@ord.gov.in,15:06.3
6618,Uniforms and Workwear,0,sumitpatle@ord.gov.in,15:28.0
6619,,0,tank.ofmk@ord.gov.in,16:44.0
6620,,0,vaprasannakumar@ord.gov.in,21:28.8
6621,,0,tank.ofmk@ord.gov.in,23:00.0
6622,,0,raghunandanjha@ord.gov.in,23:07.0
6623,,0,vaprasannakumar@ord.gov.in,23:20.0
6624,,0,tank.ofmk@ord.gov.in,25:19.3
6625,,0,tank.ofmk@ord.gov.in,28:06.9
6626,,0,vaprasannakumar@ord.gov.in,29:32.8
6627,,0,tank.ofmk@ord.gov.in,30:42.4
6628,,0,vendorcell@goashipyard.com,30:43.6
6629,,0,vaprasannakumar@ord.gov.in,30:54.3
6630,,0,vendorcell@goashipyard.com,31:33.2
6631,,0,vendorcell@goashipyard.com,32:13.0
6632,,0,tank.ofmk@ord.gov.in,32:53.0
6633,,0,vendorcell@goashipyard.com,33:03.0
6634,,0,vaprasannakumar@ord.gov.in,33:09.0
6635,,0,vendorcell@goashipyard.com,34:30.5
6636,PROFESSIONAL LED DISPLAY,0,tank.ofmk@ord.gov.in,35:36.1
6637,,0,vaprasannakumar@ord.gov.in,36:09.2
6638,,0,vendorcell@goashipyard.com,36:15.7
6639,,0,vendorcell@goashipyard.com,37:04.4
6640,,0,tank.ofmk@ord.gov.in,38:01.0
6641,,0,vendorcell@goashipyard.com,39:53.2
6642,,0,raghunandanjha@ord.gov.in,40:01.0
6643,,0,tank.ofmk@ord.gov.in,40:08.5
6644,,0,vendorcell@goashipyard.com,40:38.7
6645,,0,vaprasannakumar@ord.gov.in,40:50.5
6646,,0,vendorcell@goashipyard.com,41:47.8
6647,,0,vendorcell@goashipyard.com,42:20.3
6648,,0,vaprasannakumar@ord.gov.in,43:44.0
6649,,0,vendorcell@goashipyard.com,44:15.4
6650,,0,vendorcell@goashipyard.com,44:33.4
6651,,0,vendorcell@goashipyard.com,44:50.7
6652,,0,vendorcell@goashipyard.com,45:36.0
6653,,0,vendorcell@goashipyard.com,46:04.4
6654,,0,vaprasannakumar@ord.gov.in,46:04.6
6655,,0,vendorcell@goashipyard.com,46:49.8
6656,,0,vendorcell@goashipyard.com,47:42.2
6657,,0,vendorcell@goashipyard.com,47:59.1
6658,,0,vendorcell@goashipyard.com,48:24.4
6659,,0,vendorcell@goashipyard.com,48:43.6
6660,,0,raghunandanjha@ord.gov.in,49:18.4
6661,,0,vendorcell@goashipyard.com,53:01.7
6662,,0,vendorcell@goashipyard.com,53:33.6
6663,,0,vendorcell@goashipyard.com,54:54.8
6664,,0,vendorcell@goashipyard.com,55:13.3
6665,,0,hod-imm-co@hal-india.co.in,14:43.4
6666,,0,tank.ofmk@ord.gov.in,29:15.0
6667,,0,tank.ofmk@ord.gov.in,31:39.3
6668,,0,tank.ofmk@ord.gov.in,34:09.6
6669,,0,vaprasannakumar@ord.gov.in,34:52.6
6670,,0,tank.ofmk@ord.gov.in,36:20.5
6671,Internal Infra Structure,0,pvgokakkar@mazdock.com,37:43.6
6672,,0,vaprasannakumar@ord.gov.in,38:01.6
6673,,0,tank.ofmk@ord.gov.in,38:47.2
6674,,0,vaprasannakumar@ord.gov.in,39:35.8
6675,,0,vaprasannakumar@ord.gov.in,40:44.1
6676,,0,pvgokakkar@mazdock.com,41:07.0
6677,,0,tank.ofmk@ord.gov.in,41:52.5
6678,Stationery,0,pvgokakkar@mazdock.com,42:36.1
6679,,0,pvgokakkar@mazdock.com,43:52.9
6680,,0,tank.ofmk@ord.gov.in,44:24.1
6681,,0,pvgokakkar@mazdock.com,45:09.3
6682,,0,pvgokakkar@mazdock.com,46:02.0
6683,,0,pvgokakkar@mazdock.com,46:51.1
6684,,0,tank.ofmk@ord.gov.in,47:14.5
6685,,0,pvgokakkar@mazdock.com,47:41.1
6686,,0,vaprasannakumar@ord.gov.in,48:07.2
6687,,0,vaprasannakumar@ord.gov.in,49:06.6
6688,Tools,0,pvgokakkar@mazdock.com,49:57.6
6689,,0,tank.ofmk@ord.gov.in,50:11.3
6690,,0,vaprasannakumar@ord.gov.in,50:24.0
6691,,0,pvgokakkar@mazdock.com,50:59.0
6692,,0,vaprasannakumar@ord.gov.in,51:32.2
6693,,0,tank.ofmk@ord.gov.in,52:43.8
6694,,0,vaprasannakumar@ord.gov.in,52:57.4
6695,,0,vaprasannakumar@ord.gov.in,54:12.3
6696,,0,pvgokakkar@mazdock.com,54:49.9
6697,,0,vaprasannakumar@ord.gov.in,55:55.7
6698,,0,tank.ofmk@ord.gov.in,55:56.0
6699,,0,sudarshanas@bel.co.in,00:36.3
6700,,0,vaprasannakumar@ord.gov.in,04:48.3
6701,,0,vaprasannakumar@ord.gov.in,07:01.3
6702,,0,vaprasannakumar@ord.gov.in,13:31.8
6703,,0,vaprasannakumar@ord.gov.in,14:31.4
6704,,0,pvgokakkar@mazdock.com,15:35.7
6705,,0,vaprasannakumar@ord.gov.in,15:38.2
6706,,0,vaprasannakumar@ord.gov.in,19:39.6
6707,,0,pvgokakkar@mazdock.com,20:01.0
6708,,0,vaprasannakumar@ord.gov.in,20:42.3
6709,,0,vaprasannakumar@ord.gov.in,21:35.9
6710,,0,vaprasannakumar@ord.gov.in,22:32.8
6711,,0,vaprasannakumar@ord.gov.in,23:19.6
6712,,0,vaprasannakumar@ord.gov.in,24:33.2
6713,,0,pvgokakkar@mazdock.com,24:34.5
6714,,0,pvgokakkar@mazdock.com,25:43.8
6715,,0,ankit_kumar@bel.co.in,26:50.8
6716,,0,mcbairwa@ord.gov.in,27:16.2
6717,,0,vaprasannakumar@ord.gov.in,27:31.7
6718,,0,mcbairwa@ord.gov.in,29:09.8
6719,,0,mcbairwa@ord.gov.in,29:44.4
6720,,0,pvgokakkar@mazdock.com,29:46.8
6721,,0,vaprasannakumar@ord.gov.in,30:22.9
6722,,0,ankit_kumar@bel.co.in,31:04.7
6723,,0,pvgokakkar@mazdock.com,32:03.8
6724,,0,vaprasannakumar@ord.gov.in,32:04.1
6725,,0,raghunandanjha@ord.gov.in,33:29.6
6726,,0,vaprasannakumar@ord.gov.in,33:30.8
6727,,0,mcbairwa@ord.gov.in,33:52.1
6728,,0,pvgokakkar@mazdock.com,33:56.4
6729,,0,mcbairwa@ord.gov.in,35:06.8
6730,,0,pvgokakkar@mazdock.com,35:15.4
6731,,0,ankit_kumar@bel.co.in,35:20.2
6732,,0,mcbairwa@ord.gov.in,35:36.6
6733,,0,mcbairwa@ord.gov.in,36:11.4
6734,,0,mcbairwa@ord.gov.in,36:36.2
6735,,0,pvgokakkar@mazdock.com,37:27.1
6736,,0,mcbairwa@ord.gov.in,37:53.5
6737,,0,ankit_kumar@bel.co.in,37:58.8
6738,,0,mcbairwa@ord.gov.in,38:32.4
6739,,0,pvgokakkar@mazdock.com,40:06.6
6740,,0,mcbairwa@ord.gov.in,41:09.1
6741,Cable,0,pvgokakkar@mazdock.com,42:39.6
6742,,0,raghunandanjha@ord.gov.in,43:47.3
6743,,0,ankit_kumar@bel.co.in,43:50.7
6744,,0,pvgokakkar@mazdock.com,44:58.4
6745,,0,pramithch@bel.co.in,45:02.4
6746,,0,ankit_kumar@bel.co.in,45:36.0
6747,,0,pramithch@bel.co.in,46:19.5
6748,,0,pvgokakkar@mazdock.com,46:37.9
6749,,0,pvgokakkar@mazdock.com,47:39.1
6750,,0,ankit_kumar@bel.co.in,48:16.3
6751,,0,pvgokakkar@mazdock.com,50:28.6
6752,,0,vaprasannakumar@ord.gov.in,50:37.5
6753,,0,tank.ofmk@ord.gov.in,50:40.8
6754,,0,vaprasannakumar@ord.gov.in,51:51.1
6755,,0,vaprasannakumar@ord.gov.in,53:21.5
6756,,0,vaprasannakumar@ord.gov.in,54:49.8
6757,,0,pvgokakkar@mazdock.com,54:54.8
6758,,0,raghunandanjha@ord.gov.in,54:56.0
6759,,0,vaprasannakumar@ord.gov.in,56:05.8
6760,,0,ankit_kumar@bel.co.in,56:40.1
6761,,0,pvgokakkar@mazdock.com,57:19.7
6762,,0,ankit_kumar@bel.co.in,57:57.6
6763,,0,vaprasannakumar@ord.gov.in,58:00.4
6764,,0,tank.ofmk@ord.gov.in,58:16.8
6765,,0,pvgokakkar@mazdock.com,58:19.6
6766,,0,ankit_kumar@bel.co.in,59:26.1
6767,,0,pvgokakkar@mazdock.com,00:20.6
6768,,0,ankit_kumar@bel.co.in,00:38.8
6769,,0,ankit_kumar@bel.co.in,01:59.2
6770,,0,pvgokakkar@mazdock.com,02:59.5
6771,,0,ankit_kumar@bel.co.in,03:19.9
6772,,0,raghunandanjha@ord.gov.in,03:43.9
6773,,0,ankit_kumar@bel.co.in,04:49.4
6774,,0,vaprasannakumar@ord.gov.in,06:23.0
6775,,0,ankit_kumar@bel.co.in,06:37.4
6776,,0,tank.ofmk@ord.gov.in,07:20.6
6777,,0,ankit_kumar@bel.co.in,15:22.7
6778,,0,ankit_kumar@bel.co.in,16:26.4
6779,,0,vaprasannakumar@ord.gov.in,17:02.2
6780,,0,ankit_kumar@bel.co.in,18:06.5
6781,,0,vaprasannakumar@ord.gov.in,18:42.8
6782,,0,raghunandanjha@ord.gov.in,18:59.6
6783,,0,ankit_kumar@bel.co.in,19:39.5
6784,,0,tank.ofmk@ord.gov.in,20:34.9
6785,,0,vaprasannakumar@ord.gov.in,21:22.1
6786,,0,ankit_kumar@bel.co.in,21:42.6
6787,,0,vaprasannakumar@ord.gov.in,22:51.2
6788,,0,raghunandanjha@ord.gov.in,23:32.4
6789,,0,vaprasannakumar@ord.gov.in,24:01.0
6790,,0,tank.ofmk@ord.gov.in,24:03.1
6791,,0,vaprasannakumar@ord.gov.in,25:00.4
6792,,0,vaprasannakumar@ord.gov.in,25:49.1
6793,,0,vaprasannakumar@ord.gov.in,26:36.9
6794,,0,raghunandanjha@ord.gov.in,28:26.7
6795,,0,tank.ofmk@ord.gov.in,30:50.9
6796,,0,tank.ofmk@ord.gov.in,38:41.7
6797,,0,tank.ofmk@ord.gov.in,46:21.0
6798,,0,sudarshanas@bel.co.in,54:12.0
6799,,0,sudarshanas@bel.co.in,54:28.9
6800,,0,sudarshanas@bel.co.in,59:38.8
6801,,0,sudarshanas@bel.co.in,01:08.4
6802,,0,sudarshanas@bel.co.in,01:30.9
6803,Warships,0,gsmeena@mazdock.com,01:43.7
6804,,0,tank.ofmk@ord.gov.in,02:02.6
6805,,0,sudarshanas@bel.co.in,05:08.5
6806,,0,sudarshanas@bel.co.in,05:32.6
6807,,0,sudarshanas@bel.co.in,05:55.1
6808,,0,sudarshanas@bel.co.in,07:12.2
6809,,0,sudarshanas@bel.co.in,08:00.8
6810,,0,sudarshanas@bel.co.in,08:36.7
6811,,0,sudarshanas@bel.co.in,08:49.6
6812,,0,tank.ofmk@ord.gov.in,10:53.9
6813,,0,sudarshanas@bel.co.in,10:55.0
6814,,0,sudarshanas@bel.co.in,11:11.4
6815,,0,sudarshanas@bel.co.in,12:49.5
6816,,0,sudarshanas@bel.co.in,13:08.5
6817,,0,sudarshanas@bel.co.in,14:06.6
6818,,0,tank.ofmk@ord.gov.in,16:04.9
6819,,0,sudarshanas@bel.co.in,16:05.6
6820,,0,tank.ofmk@ord.gov.in,19:49.5
6821,,0,sudarshanas@bel.co.in,20:37.2
6822,,0,sudarshanas@bel.co.in,21:11.1
6823,,0,sudarshanas@bel.co.in,22:05.9
6824,,0,sudarshanas@bel.co.in,22:22.5
6825,,0,sudarshanas@bel.co.in,23:04.7
6826,MACHINE,0,tank.ofmk@ord.gov.in,24:23.4
6827,,0,sudarshanas@bel.co.in,25:25.4
6828,,0,sudarshanas@bel.co.in,26:41.4
6829,,0,tank.ofmk@ord.gov.in,26:48.4
6830,,0,sudarshanas@bel.co.in,26:56.7
6831,,0,sudarshanas@bel.co.in,27:50.9
6832,,0,sudarshanas@bel.co.in,28:58.6
6833,,0,tank.ofmk@ord.gov.in,29:43.3
6834,,0,sudarshanas@bel.co.in,29:54.7
6835,,0,tank.ofmk@ord.gov.in,32:42.6
6836,,0,tank.ofmk@ord.gov.in,53:59.6
6837,,0,tank.ofmk@ord.gov.in,57:05.8
6838,,0,tank.ofmk@ord.gov.in,00:33.4
6839,,0,tank.ofmk@ord.gov.in,06:54.8
6840,,0,tank.ofmk@ord.gov.in,09:17.7
6841,,0,pvgokakkar@mazdock.com,11:46.3
6842,STEEL METAL STORAGE BINS CAPACITY 1000 K,0,tank.ofmk@ord.gov.in,12:26.9
6843,,0,pvgokakkar@mazdock.com,14:42.4
6844,,0,pvgokakkar@mazdock.com,15:45.4
6845,,0,pvgokakkar@mazdock.com,17:03.5
6846,,0,tank.ofmk@ord.gov.in,17:12.8
6847,,0,pvgokakkar@mazdock.com,19:00.3
6848,,0,pvgokakkar@mazdock.com,20:26.8
6849,,0,pvgokakkar@mazdock.com,21:59.6
6850,,0,tank.ofmk@ord.gov.in,22:39.2
6851,,0,pvgokakkar@mazdock.com,23:06.6
6852,,0,pvgokakkar@mazdock.com,24:20.1
6853,,0,pvgokakkar@mazdock.com,25:48.1
6854,,0,tank.ofmk@ord.gov.in,26:21.2
6855,,0,vendorcell@goashipyard.com,29:39.7
6856,,0,vendorcell@goashipyard.com,29:57.6
6857,,0,vendorcell@goashipyard.com,30:09.5
6858,,0,vendorcell@goashipyard.com,30:29.6
6859,,0,vendorcell@goashipyard.com,30:43.0
6860,,0,vendorcell@goashipyard.com,30:59.3
6861,,0,vendorcell@goashipyard.com,31:13.0
6862,,0,vendorcell@goashipyard.com,31:31.5
6863,,0,vendorcell@goashipyard.com,31:50.5
6864,,0,vendorcell@goashipyard.com,32:08.4
6865,,0,vendorcell@goashipyard.com,32:26.1
6866,,0,vaprasannakumar@ord.gov.in,32:34.9
6867,"LED SMART TELEVISION, SCREEN SIZE:43""",0,tank.ofmk@ord.gov.in,32:52.0
6868,,0,pvgokakkar@mazdock.com,32:56.9
6869,,0,vendorcell@goashipyard.com,33:01.8
6870,,0,vendorcell@goashipyard.com,33:26.7
6871,,0,vendorcell@goashipyard.com,33:50.9
6872,,0,vaprasannakumar@ord.gov.in,34:17.4
6873,,0,vendorcell@goashipyard.com,34:21.9
6874,,0,pvgokakkar@mazdock.com,34:24.6
6875,,0,tank.ofmk@ord.gov.in,36:05.4
6876,,0,pvgokakkar@mazdock.com,36:11.7
6877,,0,vaprasannakumar@ord.gov.in,36:32.7
6878,,0,vaprasannakumar@ord.gov.in,39:11.0
6879,,0,tank.ofmk@ord.gov.in,45:01.6
6880,,0,vaprasannakumar@ord.gov.in,45:01.7
6881,,0,vaprasannakumar@ord.gov.in,45:58.9
6882,,0,vaprasannakumar@ord.gov.in,49:39.9
6883,,0,tank.ofmk@ord.gov.in,50:14.3
6884,,0,vaprasannakumar@ord.gov.in,51:18.4
6885,,0,vaprasannakumar@ord.gov.in,52:32.2
6886,COMP.STATIONERY 25.5X30.5 CM(A4)X1 PLAIN,0,tank.ofmk@ord.gov.in,53:08.6
6887,,0,vaprasannakumar@ord.gov.in,53:39.7
6888,,0,vaprasannakumar@ord.gov.in,55:48.7
6889,,0,vaprasannakumar@ord.gov.in,57:25.0
6890,,0,tank.ofmk@ord.gov.in,59:22.0
6891,,0,vaprasannakumar@ord.gov.in,00:21.1
6892,,0,vaprasannakumar@ord.gov.in,02:23.7
6893,,0,tank.ofmk@ord.gov.in,02:50.1
6894,,0,vaprasannakumar@ord.gov.in,03:55.0
6895,,0,vaprasannakumar@ord.gov.in,10:33.3
6896,,0,vaprasannakumar@ord.gov.in,12:43.3
6897,,0,vaprasannakumar@ord.gov.in,13:56.3
6898,,0,pvgokakkar@mazdock.com,20:21.1
6899,,0,pvgokakkar@mazdock.com,21:22.8
6900,,0,pvgokakkar@mazdock.com,22:21.2
6901,,0,pvgokakkar@mazdock.com,23:06.6
6902,,0,pvgokakkar@mazdock.com,23:48.6
6903,,0,pvgokakkar@mazdock.com,29:12.0
6904,,0,pvgokakkar@mazdock.com,30:04.1
6905,,0,pvgokakkar@mazdock.com,31:03.1
6906,,0,pvgokakkar@mazdock.com,31:50.9
6907,,0,pvgokakkar@mazdock.com,32:50.4
6908,,0,pvgokakkar@mazdock.com,34:01.3
6909,,0,pvgokakkar@mazdock.com,34:53.1
6910,,0,pvgokakkar@mazdock.com,35:54.6
6911,,0,pvgokakkar@mazdock.com,40:14.2
6912,,0,vaprasannakumar@ord.gov.in,42:31.3
6913,,0,pvgokakkar@mazdock.com,43:00.6
6914,BARCODE PRINTER (CODE GC42-10052000),0,tank.ofmk@ord.gov.in,44:06.3
6915,,0,pvgokakkar@mazdock.com,44:08.0
6916,,0,pvgokakkar@mazdock.com,46:25.2
6917,,0,pvgokakkar@mazdock.com,47:07.3
6918,,0,pvgokakkar@mazdock.com,47:55.9
6919,,0,tank.ofmk@ord.gov.in,48:29.4
6920,,0,tank.ofmk@ord.gov.in,51:38.7
6921,,0,vaprasannakumar@ord.gov.in,53:22.1
6922,,0,hemantpakhale@ord.gov.in,56:25.9
6923,,0,hemantpakhale@ord.gov.in,57:54.4
6924,,0,hemantpakhale@ord.gov.in,59:18.2
6925,,0,hemantpakhale@ord.gov.in,06:59.8
6926,,0,hemantpakhale@ord.gov.in,07:56.7
6927,,0,tank.ofmk@ord.gov.in,20:29.1
6928,,0,tank.ofmk@ord.gov.in,23:07.0
6929,,0,tank.ofmk@ord.gov.in,25:39.8
6930,,0,tank.ofmk@ord.gov.in,28:07.1
6931,,0,tank.ofmk@ord.gov.in,30:35.9
6932,,0,tank.ofmk@ord.gov.in,33:45.3
6933,,0,tank.ofmk@ord.gov.in,36:30.7
6934,,0,tank.ofmk@ord.gov.in,41:26.2
6935,,0,tank.ofmk@ord.gov.in,43:55.7
6936,,0,tank.ofmk@ord.gov.in,48:32.3
6937,,0,vaprasannakumar@ord.gov.in,01:40.9
6938,,0,vaprasannakumar@ord.gov.in,03:48.5
6939,,0,vaprasannakumar@ord.gov.in,04:46.1
6940,,0,vaprasannakumar@ord.gov.in,05:45.8
6941,,0,vaprasannakumar@ord.gov.in,06:37.1
6942,,0,vaprasannakumar@ord.gov.in,07:32.8
6943,,0,vaprasannakumar@ord.gov.in,08:47.4
6944,,0,vaprasannakumar@ord.gov.in,11:09.2
6945,,0,vaprasannakumar@ord.gov.in,12:21.2
6946,,0,sudarshanas@bel.co.in,14:26.8
6947,,0,sudarshanas@bel.co.in,15:00.6
6948,,0,vaprasannakumar@ord.gov.in,15:38.5
6949,,0,sudarshanas@bel.co.in,16:27.4
6950,,0,sudarshanas@bel.co.in,16:43.3
6951,,0,vaprasannakumar@ord.gov.in,16:45.6
6952,,0,sudarshanas@bel.co.in,17:14.1
6953,,0,vaprasannakumar@ord.gov.in,20:38.9
6954,,0,vaprasannakumar@ord.gov.in,21:43.1
6955,,0,sudarshanas@bel.co.in,22:31.6
6956,,0,vaprasannakumar@ord.gov.in,23:28.3
6957,,0,vaprasannakumar@ord.gov.in,24:55.9
6958,,0,vaprasannakumar@ord.gov.in,26:00.7
6959,,0,vaprasannakumar@ord.gov.in,26:45.6
6960,,0,vaprasannakumar@ord.gov.in,27:29.7
6961,,0,vaprasannakumar@ord.gov.in,34:11.4
6962,,0,vaprasannakumar@ord.gov.in,35:11.2
6963,,0,vaprasannakumar@ord.gov.in,36:15.6
6964,,0,sudarshanas@bel.co.in,37:50.9
6965,,0,vaprasannakumar@ord.gov.in,38:01.4
6966,,0,vaprasannakumar@ord.gov.in,38:51.3
6967,,0,vaprasannakumar@ord.gov.in,41:42.5
6968,,0,sudarshanas@bel.co.in,41:58.8
6969,,0,sudarshanas@bel.co.in,45:01.0
6970,,0,vaprasannakumar@ord.gov.in,45:13.6
6971,,0,sudarshanas@bel.co.in,45:38.0
6972,,0,vaprasannakumar@ord.gov.in,46:51.8
6973,,0,vaprasannakumar@ord.gov.in,48:21.0
6974,,0,sudarshanas@bel.co.in,48:27.6
6975,,0,sudarshanas@bel.co.in,48:52.6
6976,,0,sudarshanas@bel.co.in,49:20.3
6977,,0,vaprasannakumar@ord.gov.in,49:28.2
6978,,0,sudarshanas@bel.co.in,49:47.7
6979,,0,sudarshanas@bel.co.in,51:43.3
6980,,0,vaprasannakumar@ord.gov.in,52:17.2
6981,,0,vaprasannakumar@ord.gov.in,58:41.0
6982,,0,vaprasannakumar@ord.gov.in,59:51.4
6983,,0,vaprasannakumar@ord.gov.in,01:20.9
6984,,0,vaprasannakumar@ord.gov.in,02:26.1
6985,,0,vaprasannakumar@ord.gov.in,03:55.3
6986,,0,vaprasannakumar@ord.gov.in,05:15.1
6987,,0,vaprasannakumar@ord.gov.in,06:21.4
6988,,0,vaprasannakumar@ord.gov.in,16:48.0
6989,,0,vaprasannakumar@ord.gov.in,17:46.0
6990,,0,vaprasannakumar@ord.gov.in,18:45.9
6991,,0,vaprasannakumar@ord.gov.in,21:00.0
6992,,0,vaprasannakumar@ord.gov.in,22:26.7
6993,,0,vaprasannakumar@ord.gov.in,23:42.6
6994,,0,vaprasannakumar@ord.gov.in,25:35.3
6995,,0,vaprasannakumar@ord.gov.in,26:40.9
6996,,0,vaprasannakumar@ord.gov.in,29:02.6
6997,,0,vaprasannakumar@ord.gov.in,30:00.9
6998,,0,tank.ofmk@ord.gov.in,55:14.4
6999,,0,tank.ofmk@ord.gov.in,02:27.0
7000,,0,tank.ofmk@ord.gov.in,04:41.3
7001,,0,tank.ofmk@ord.gov.in,07:13.6
7002,,0,tank.ofmk@ord.gov.in,10:19.4
7003,,0,tank.ofmk@ord.gov.in,13:09.3
7004,,0,tank.ofmk@ord.gov.in,15:26.1
7005,,0,tank.ofmk@ord.gov.in,27:01.3
7006,,0,tank.ofmk@ord.gov.in,31:46.5
7007,,0,tank.ofmk@ord.gov.in,34:41.9
7008,,0,tank.ofmk@ord.gov.in,41:48.7
7009,,0,tank.ofmk@ord.gov.in,44:20.6
7010,,0,tank.ofmk@ord.gov.in,47:46.0
7011,,0,tank.ofmk@ord.gov.in,49:12.5
7012,,0,tank.ofmk@ord.gov.in,50:51.0
7013,,0,cio@indiaoptel.in,12:08.7
7014,,0,cio@indiaoptel.in,13:24.8
7015,,0,cio@indiaoptel.in,17:01.0
7016,,0,cio@indiaoptel.in,19:18.6
7017,,0,cio@indiaoptel.in,22:18.8
7018,,0,cio@indiaoptel.in,22:49.2
7019,,0,cio@indiaoptel.in,23:10.2
7020,,0,cio@indiaoptel.in,24:01.6
7021,,0,cio@indiaoptel.in,24:41.9
7022,,0,cio@indiaoptel.in,26:06.5
7023,,0,cio@indiaoptel.in,26:44.2
7024,,0,vaprasannakumar@ord.gov.in,39:56.8
7025,,0,vaprasannakumar@ord.gov.in,46:34.6
7026,,0,vaprasannakumar@ord.gov.in,47:56.1
7027,,0,vaprasannakumar@ord.gov.in,48:57.5
7028,,0,vaprasannakumar@ord.gov.in,50:08.9
7029,,0,vaprasannakumar@ord.gov.in,51:21.5
7030,,0,vaprasannakumar@ord.gov.in,52:27.1
7031,,0,vaprasannakumar@ord.gov.in,53:36.1
7032,,0,vaprasannakumar@ord.gov.in,54:36.8
7033,,0,vaprasannakumar@ord.gov.in,55:47.5
7034,,0,vaprasannakumar@ord.gov.in,56:48.3
7035,,0,vaprasannakumar@ord.gov.in,57:48.9
7036,,0,vaprasannakumar@ord.gov.in,58:46.6
7037,,0,vaprasannakumar@ord.gov.in,59:43.8
7038,,0,vaprasannakumar@ord.gov.in,00:41.2
7039,HAND HELD STANDALONE DEVICE,0,manjit.dgqa@gov.in,01:16.4
7040,,0,vaprasannakumar@ord.gov.in,01:48.0
7041,,0,manjit.dgqa@gov.in,03:48.6
7042,,0,vaprasannakumar@ord.gov.in,07:06.9
7043,,0,vaprasannakumar@ord.gov.in,07:58.0
7044,,0,vaprasannakumar@ord.gov.in,09:13.9
7045,,0,vaprasannakumar@ord.gov.in,10:10.1
7046,,0,cio@indiaoptel.in,10:50.3
7047,,0,vaprasannakumar@ord.gov.in,10:58.9
7048,,0,cio@indiaoptel.in,11:21.6
7049,,0,vaprasannakumar@ord.gov.in,12:33.7
7050,,0,cio@indiaoptel.in,12:37.2
7051,,0,vaprasannakumar@ord.gov.in,13:28.7
7052,,0,cio@indiaoptel.in,14:00.0
7053,,0,vaprasannakumar@ord.gov.in,14:16.2
7054,,0,cio@indiaoptel.in,14:49.8
7055,,0,cio@indiaoptel.in,16:46.4
7056,,0,vaprasannakumar@ord.gov.in,16:52.6
7057,,0,cio@indiaoptel.in,17:18.7
7058,,0,cio@indiaoptel.in,17:55.6
7059,,0,vaprasannakumar@ord.gov.in,17:57.9
7060,,0,cio@indiaoptel.in,18:44.1
7061,,0,vaprasannakumar@ord.gov.in,19:08.2
7062,,0,cio@indiaoptel.in,19:35.6
7063,,0,vaprasannakumar@ord.gov.in,19:57.2
7064,,0,cio@indiaoptel.in,20:43.4
7065,,0,vaprasannakumar@ord.gov.in,21:03.5
7066,,0,cio@indiaoptel.in,21:45.6
7067,,0,vaprasannakumar@ord.gov.in,22:04.8
7068,,0,vaprasannakumar@ord.gov.in,23:37.9
7069,,0,cio@indiaoptel.in,25:01.5
7070,,0,vaprasannakumar@ord.gov.in,25:13.7
7071,,0,cio@indiaoptel.in,25:49.0
7072,,0,vaprasannakumar@ord.gov.in,26:04.1
7073,,0,vaprasannakumar@ord.gov.in,26:50.5
7074,,0,cio@indiaoptel.in,27:36.7
7075,,0,cio@indiaoptel.in,28:39.3
7076,,0,vaprasannakumar@ord.gov.in,29:15.3
7077,,0,vaprasannakumar@ord.gov.in,30:18.5
7078,,0,vaprasannakumar@ord.gov.in,31:13.7
7079,,0,vaprasannakumar@ord.gov.in,32:04.7
7080,,0,cio@indiaoptel.in,32:17.2
7081,,0,cio@indiaoptel.in,33:03.0
7082,,0,vaprasannakumar@ord.gov.in,33:35.1
7083,,0,cio@indiaoptel.in,33:58.2
7084,,0,cio@indiaoptel.in,34:30.9
7085,,0,vaprasannakumar@ord.gov.in,34:33.4
7086,,0,cio@indiaoptel.in,34:59.4
7087,,0,cio@indiaoptel.in,35:23.9
7088,,0,vaprasannakumar@ord.gov.in,35:29.4
7089,,0,cio@indiaoptel.in,36:00.7
7090,,0,cio@indiaoptel.in,38:02.0
7091,,0,cio@indiaoptel.in,38:48.9
7092,,0,mkjain.ord@ord.gov.in,41:25.1
7093,,0,vaprasannakumar@ord.gov.in,42:17.4
7094,,0,mkjain.ord@ord.gov.in,43:00.9
7095,,0,vaprasannakumar@ord.gov.in,44:00.4
7096,,0,vaprasannakumar@ord.gov.in,45:03.4
7097,,0,vaprasannakumar@ord.gov.in,46:29.8
7098,,0,cio@indiaoptel.in,49:08.5
7099,,0,mkjain.ord@ord.gov.in,50:35.8
7100,,0,cio@indiaoptel.in,51:56.9
7101,,0,vaprasannakumar@ord.gov.in,51:58.2
7102,,0,vaprasannakumar@ord.gov.in,53:35.4
7103,,0,cio@indiaoptel.in,53:40.5
7104,,0,vaprasannakumar@ord.gov.in,54:32.9
7105,,0,rajkumar@midhani-india.in,54:53.5
7106,,0,vaprasannakumar@ord.gov.in,55:29.9
7107,,0,vaprasannakumar@ord.gov.in,56:50.0
7108,,0,vaprasannakumar@ord.gov.in,58:15.3
7109,,0,vaprasannakumar@ord.gov.in,59:49.7
7110,,0,vaprasannakumar@ord.gov.in,00:52.4
7111,,0,cio@indiaoptel.in,02:17.8
7112,,0,rajkumar@midhani-india.in,02:22.3
7113,,0,vaprasannakumar@ord.gov.in,02:53.1
7114,,0,cio@indiaoptel.in,03:48.4
7115,,0,vaprasannakumar@ord.gov.in,03:49.9
7116,,0,mkjain.ord@ord.gov.in,05:14.6
7117,,0,vaprasannakumar@ord.gov.in,05:25.3
7118,,0,mkjain.ord@ord.gov.in,06:26.6
7119,,0,vaprasannakumar@ord.gov.in,06:43.4
7120,,0,cio@indiaoptel.in,06:45.1
7121,,0,mkjain.ord@ord.gov.in,07:35.7
7122,,0,cio@indiaoptel.in,07:42.7
7123,,0,rajkumar@midhani-india.in,07:45.2
7124,,0,cio@indiaoptel.in,08:26.2
7125,,0,vaprasannakumar@ord.gov.in,08:27.3
7126,,0,mkjain.ord@ord.gov.in,08:44.0
7127,,0,cio@indiaoptel.in,09:01.4
7128,,0,rajkumar@midhani-india.in,09:45.4
7129,,0,vaprasannakumar@ord.gov.in,09:48.6
7130,,0,rajkumar@midhani-india.in,11:56.5
7131,,0,cio@indiaoptel.in,12:32.2
7132,,0,vaprasannakumar@ord.gov.in,13:30.2
7133,,0,cio@indiaoptel.in,13:38.7
7134,,0,rajkumar@midhani-india.in,13:42.4
7135,,0,vaprasannakumar@ord.gov.in,14:49.7
7136,,0,cio@indiaoptel.in,15:48.6
7137,,0,vaprasannakumar@ord.gov.in,16:04.1
7138,,0,rajkumar@midhani-india.in,16:25.6
7139,,0,vaprasannakumar@ord.gov.in,17:36.3
7140,,0,cio@indiaoptel.in,17:38.5
7141,,0,rajkumar@midhani-india.in,18:07.9
7142,,0,cio@indiaoptel.in,18:41.7
7143,,0,rajkumar@midhani-india.in,23:03.2
7144,,0,vaprasannakumar@ord.gov.in,24:26.8
7145,,0,rajkumar@midhani-india.in,25:06.9
7146,,0,cio@indiaoptel.in,27:22.2
7147,,0,vaprasannakumar@ord.gov.in,35:35.3
7148,,0,vaprasannakumar@ord.gov.in,36:43.1
7149,,0,vaprasannakumar@ord.gov.in,37:53.5
7150,,0,vaprasannakumar@ord.gov.in,39:55.5
7151,,0,vaprasannakumar@ord.gov.in,41:07.1
7152,,0,vaprasannakumar@ord.gov.in,41:53.9
7153,,0,vaprasannakumar@ord.gov.in,44:56.9
7154,,0,vaprasannakumar@ord.gov.in,46:06.9
7155,,0,vaprasannakumar@ord.gov.in,47:09.7
7156,,0,vaprasannakumar@ord.gov.in,48:15.8
7157,,0,vaprasannakumar@ord.gov.in,49:57.0
7158,,0,vaprasannakumar@ord.gov.in,51:02.5
7159,,0,vaprasannakumar@ord.gov.in,52:58.5
7160,,0,cqav-dgqa@nic.in,27:28.4
7161,Water tanks,0,sumitpatle@ord.gov.in,45:55.1
7162,Saddlery Equipment,0,sumitpatle@ord.gov.in,48:11.3
7163,Saddlery Equipment,0,sumitpatle@ord.gov.in,52:37.0
7164,,0,sudarshanas@bel.co.in,14:48.4
7165,,0,sudarshanas@bel.co.in,15:14.1
7166,,0,sudarshanas@bel.co.in,15:30.5
7167,,0,sudarshanas@bel.co.in,17:20.7
7168,,0,sudarshanas@bel.co.in,19:00.5
7169,,0,sudarshanas@bel.co.in,19:42.7
7170,,0,sudarshanas@bel.co.in,19:58.9
7171,,0,sudarshanas@bel.co.in,21:16.7
7172,,0,sudarshanas@bel.co.in,21:40.7
7173,,0,sudarshanas@bel.co.in,21:57.8
7174,,0,sudarshanas@bel.co.in,22:49.7
7175,,0,sudarshanas@bel.co.in,23:07.7
7176,,0,sudarshanas@bel.co.in,23:34.6
7177,,0,sudarshanas@bel.co.in,23:55.2
7178,,0,sudarshanas@bel.co.in,24:18.5
7179,,0,sudarshanas@bel.co.in,24:39.2
7180,,0,sudarshanas@bel.co.in,26:16.8
7181,,0,sudarshanas@bel.co.in,26:34.9
7182,,0,sudarshanas@bel.co.in,27:00.6
7183,,0,sudarshanas@bel.co.in,27:18.1
7184,,0,sudarshanas@bel.co.in,27:37.6
7185,,0,sudarshanas@bel.co.in,27:53.5
7186,,0,sudarshanas@bel.co.in,28:46.1
7187,,0,sudarshanas@bel.co.in,29:33.6
7188,,0,sudarshanas@bel.co.in,29:49.8
7189,,0,sudarshanas@bel.co.in,30:06.5
7190,,0,sudarshanas@bel.co.in,30:28.1
7191,,0,sudarshanas@bel.co.in,48:31.8
7192,,0,sudarshanas@bel.co.in,48:42.7
7193,,0,sudarshanas@bel.co.in,48:58.9
7194,,0,sudarshanas@bel.co.in,49:14.5
7195,,0,sudarshanas@bel.co.in,49:33.5
7196,,0,sudarshanas@bel.co.in,49:53.7
7197,,0,sudarshanas@bel.co.in,52:17.0
7198,,0,sudarshanas@bel.co.in,52:28.9
7199,,0,sudarshanas@bel.co.in,52:46.4
7200,,0,sudarshanas@bel.co.in,52:59.1
7201,,0,sudarshanas@bel.co.in,53:13.2
7202,,0,sudarshanas@bel.co.in,54:28.7
7203,,0,sudarshanas@bel.co.in,54:41.7
7204,,0,sudarshanas@bel.co.in,55:03.8
7205,,0,sudarshanas@bel.co.in,55:19.6
7206,,0,sudarshanas@bel.co.in,56:23.7
7207,,0,sudarshanas@bel.co.in,56:37.9
7208,,0,vaprasannakumar@ord.gov.in,18:57.6
7209,,0,vaprasannakumar@ord.gov.in,20:52.8
7210,,0,vaprasannakumar@ord.gov.in,22:35.0
7211,,0,vaprasannakumar@ord.gov.in,25:16.1
7212,,0,vaprasannakumar@ord.gov.in,26:26.4
7213,,0,vaprasannakumar@ord.gov.in,27:39.5
7214,,0,vaprasannakumar@ord.gov.in,28:48.0
7215,,0,vaprasannakumar@ord.gov.in,30:08.7
7216,,0,vaprasannakumar@ord.gov.in,31:45.5
7217,,0,vaprasannakumar@ord.gov.in,33:02.1
7218,,0,vaprasannakumar@ord.gov.in,34:24.7
7219,,0,vaprasannakumar@ord.gov.in,35:36.0
7220,,0,vaprasannakumar@ord.gov.in,36:51.7
7221,,0,vaprasannakumar@ord.gov.in,38:06.8
7222,,0,vaprasannakumar@ord.gov.in,39:33.4
7223,,0,vaprasannakumar@ord.gov.in,40:46.4
7224,,0,vaprasannakumar@ord.gov.in,47:10.4
7225,,0,vaprasannakumar@ord.gov.in,54:08.0
7226,,0,vaprasannakumar@ord.gov.in,55:12.8
7227,,0,vaprasannakumar@ord.gov.in,01:27.5
7228,,0,vaprasannakumar@ord.gov.in,03:17.5
7229,,0,vaprasannakumar@ord.gov.in,04:25.9
7230,,0,vaprasannakumar@ord.gov.in,06:54.3
7231,,0,vaprasannakumar@ord.gov.in,08:19.4
7232,,0,vaprasannakumar@ord.gov.in,16:26.7
7233,,0,vaprasannakumar@ord.gov.in,22:51.5
7234,,0,vaprasannakumar@ord.gov.in,26:35.9
7235,,0,vaprasannakumar@ord.gov.in,29:16.3
7236,,0,vaprasannakumar@ord.gov.in,32:12.1
7237,,0,vaprasannakumar@ord.gov.in,33:20.4
7238,,0,vaprasannakumar@ord.gov.in,37:43.3
7239,,0,vaprasannakumar@ord.gov.in,38:36.6
7240,,0,vaprasannakumar@ord.gov.in,40:45.5
7241,,0,vaprasannakumar@ord.gov.in,44:58.9
7242,,0,vaprasannakumar@ord.gov.in,46:54.3
7243,,0,vaprasannakumar@ord.gov.in,52:30.9
7244,,0,vaprasannakumar@ord.gov.in,54:01.2
7245,,0,vaprasannakumar@ord.gov.in,57:25.9
7246,,0,vaprasannakumar@ord.gov.in,02:15.0
7247,,0,vaprasannakumar@ord.gov.in,05:12.8
7248,,0,vaprasannakumar@ord.gov.in,09:02.9
7249,,0,vaprasannakumar@ord.gov.in,12:34.6
7250,,0,vaprasannakumar@ord.gov.in,14:49.3
7251,,0,vaprasannakumar@ord.gov.in,16:27.9
7252,,0,vaprasannakumar@ord.gov.in,19:22.3
7253,,0,vaprasannakumar@ord.gov.in,21:50.8
7254,,0,vaprasannakumar@ord.gov.in,23:08.9
7255,,0,vaprasannakumar@ord.gov.in,32:49.7
7256,,0,vaprasannakumar@ord.gov.in,34:04.4
7257,,0,vaprasannakumar@ord.gov.in,35:09.0
7258,,0,vaprasannakumar@ord.gov.in,36:13.2
7259,,0,vaprasannakumar@ord.gov.in,37:32.2
7260,,0,vaprasannakumar@ord.gov.in,38:46.7
7261,,0,vaprasannakumar@ord.gov.in,39:44.0
7262,,0,vaprasannakumar@ord.gov.in,40:48.8
7263,,0,vaprasannakumar@ord.gov.in,46:48.3
7264,,0,vaprasannakumar@ord.gov.in,50:27.5
7265,,0,vaprasannakumar@ord.gov.in,53:04.3
7266,,0,vaprasannakumar@ord.gov.in,57:27.4
7267,,0,vaprasannakumar@ord.gov.in,59:33.1
7268,,0,vaprasannakumar@ord.gov.in,00:41.6
7269,,0,vaprasannakumar@ord.gov.in,01:52.2
7270,,0,vaprasannakumar@ord.gov.in,03:18.1
7271,,0,vaprasannakumar@ord.gov.in,05:18.3
7272,,0,vaprasannakumar@ord.gov.in,06:49.6
7273,,0,vaprasannakumar@ord.gov.in,08:32.8
7274,,0,vaprasannakumar@ord.gov.in,10:37.6
7275,,0,vaprasannakumar@ord.gov.in,12:19.6
7276,,0,vaprasannakumar@ord.gov.in,15:54.8
7277,,0,vaprasannakumar@ord.gov.in,17:19.0
7278,,0,vaprasannakumar@ord.gov.in,18:28.1
7279,,0,vaprasannakumar@ord.gov.in,19:23.4
7280,,0,vaprasannakumar@ord.gov.in,20:29.8
7281,,0,vaprasannakumar@ord.gov.in,22:11.3
7282,,0,vaprasannakumar@ord.gov.in,23:26.5
7283,,0,vaprasannakumar@ord.gov.in,24:08.4
7284,,0,vaprasannakumar@ord.gov.in,25:33.0
7285,,0,vaprasannakumar@ord.gov.in,26:59.9
7286,,0,vaprasannakumar@ord.gov.in,28:10.0
7287,,0,vaprasannakumar@ord.gov.in,29:41.8
7288,,0,vaprasannakumar@ord.gov.in,30:57.4
7289,,0,vaprasannakumar@ord.gov.in,32:07.2
7290,,0,vaprasannakumar@ord.gov.in,36:22.5
7291,,0,vaprasannakumar@ord.gov.in,37:24.5
7292,,0,vaprasannakumar@ord.gov.in,38:26.6
7293,,0,vaprasannakumar@ord.gov.in,39:15.5
7294,,0,vaprasannakumar@ord.gov.in,40:07.7
7295,,0,vaprasannakumar@ord.gov.in,40:57.3
7296,,0,vaprasannakumar@ord.gov.in,41:55.6
7297,,0,vaprasannakumar@ord.gov.in,42:54.6
7298,,0,vaprasannakumar@ord.gov.in,43:47.7
7299,,0,vaprasannakumar@ord.gov.in,45:33.3
7300,,0,vaprasannakumar@ord.gov.in,46:45.5
7301,,0,vaprasannakumar@ord.gov.in,47:44.0
7302,,0,vaprasannakumar@ord.gov.in,49:11.0
7303,,0,vaprasannakumar@ord.gov.in,50:06.2
7304,,0,vaprasannakumar@ord.gov.in,53:27.8
7305,,0,vaprasannakumar@ord.gov.in,54:29.6
7306,,0,vaprasannakumar@ord.gov.in,33:11.0
7307,,0,vaprasannakumar@ord.gov.in,34:24.8
7308,,0,vaprasannakumar@ord.gov.in,35:17.5
7309,,0,vaprasannakumar@ord.gov.in,35:52.8
7310,,0,vaprasannakumar@ord.gov.in,36:27.9
7311,,0,vaprasannakumar@ord.gov.in,37:59.8
7312,,0,vaprasannakumar@ord.gov.in,38:36.7
7313,,0,vaprasannakumar@ord.gov.in,39:13.2
7314,,0,vaprasannakumar@ord.gov.in,39:50.5
7315,,0,vaprasannakumar@ord.gov.in,40:26.4
7316,,0,vaprasannakumar@ord.gov.in,41:01.9
7317,,0,vaprasannakumar@ord.gov.in,41:45.0
7318,,0,vaprasannakumar@ord.gov.in,42:30.3
7319,,0,vaprasannakumar@ord.gov.in,42:58.7
7320,,0,vaprasannakumar@ord.gov.in,43:42.9
7321,,0,vaprasannakumar@ord.gov.in,44:23.0
7322,,0,vaprasannakumar@ord.gov.in,45:12.0
7323,,0,vaprasannakumar@ord.gov.in,48:55.7
7324,,0,vaprasannakumar@ord.gov.in,49:28.8
7325,,0,vaprasannakumar@ord.gov.in,50:00.4
7326,,0,vaprasannakumar@ord.gov.in,50:35.4
7327,,0,vaprasannakumar@ord.gov.in,51:10.2
7328,,0,vaprasannakumar@ord.gov.in,51:45.9
7329,,0,vaprasannakumar@ord.gov.in,52:17.8
7330,,0,vaprasannakumar@ord.gov.in,52:51.9
7331,,0,vaprasannakumar@ord.gov.in,53:29.6
7332,,0,vaprasannakumar@ord.gov.in,54:19.1
7333,,0,vaprasannakumar@ord.gov.in,55:52.4
7334,,0,vaprasannakumar@ord.gov.in,00:42.3
7335,,0,vaprasannakumar@ord.gov.in,03:31.0
7336,,0,vaprasannakumar@ord.gov.in,04:28.4
7337,,0,vaprasannakumar@ord.gov.in,05:17.2
7338,,0,vaprasannakumar@ord.gov.in,06:09.6
7339,,0,vaprasannakumar@ord.gov.in,07:01.0
7340,,0,vaprasannakumar@ord.gov.in,10:59.3
7341,,0,vaprasannakumar@ord.gov.in,12:14.3
7342,,0,vaprasannakumar@ord.gov.in,13:10.6
7343,,0,vaprasannakumar@ord.gov.in,13:51.6
7344,,0,vaprasannakumar@ord.gov.in,15:01.4
7345,,0,vaprasannakumar@ord.gov.in,16:08.2
7346,,0,vaprasannakumar@ord.gov.in,16:51.7
7347,,0,vaprasannakumar@ord.gov.in,17:50.7
7348,,0,vaprasannakumar@ord.gov.in,19:05.6
7349,,0,vaprasannakumar@ord.gov.in,20:10.0
7350,,0,vaprasannakumar@ord.gov.in,21:44.9
7351,,0,vaprasannakumar@ord.gov.in,22:46.5
7352,,0,vaprasannakumar@ord.gov.in,23:59.0
7353,,0,vaprasannakumar@ord.gov.in,25:16.7
7354,,0,vaprasannakumar@ord.gov.in,26:02.5
7355,,0,vaprasannakumar@ord.gov.in,27:00.3
7356,,0,vaprasannakumar@ord.gov.in,27:49.9
7357,,0,vaprasannakumar@ord.gov.in,28:41.8
7358,,0,vaprasannakumar@ord.gov.in,31:28.9
7359,,0,vaprasannakumar@ord.gov.in,32:45.6
7360,,0,vaprasannakumar@ord.gov.in,33:36.3
7361,,0,vaprasannakumar@ord.gov.in,34:16.1
7362,,0,vaprasannakumar@ord.gov.in,35:07.3
7363,,0,vaprasannakumar@ord.gov.in,35:53.9
7364,,0,vaprasannakumar@ord.gov.in,36:39.5
7365,,0,vaprasannakumar@ord.gov.in,41:06.3
7366,,0,vaprasannakumar@ord.gov.in,42:26.6
7367,,0,vaprasannakumar@ord.gov.in,44:55.1
7368,,0,vaprasannakumar@ord.gov.in,45:54.1
7369,,0,vaprasannakumar@ord.gov.in,46:32.1
7370,,0,vaprasannakumar@ord.gov.in,47:17.0
7371,,0,vaprasannakumar@ord.gov.in,48:42.4
7372,,0,vaprasannakumar@ord.gov.in,49:14.6
7373,,0,vaprasannakumar@ord.gov.in,49:45.6
7374,,0,vaprasannakumar@ord.gov.in,50:44.9
7375,,0,vaprasannakumar@ord.gov.in,51:19.2
7376,,0,vaprasannakumar@ord.gov.in,52:17.7
7377,,0,vaprasannakumar@ord.gov.in,52:55.2
7378,,0,vaprasannakumar@ord.gov.in,53:33.6
7379,,0,vaprasannakumar@ord.gov.in,54:28.5
7380,,0,vaprasannakumar@ord.gov.in,54:59.5
7381,,0,vaprasannakumar@ord.gov.in,55:28.8
7382,,0,vaprasannakumar@ord.gov.in,56:03.1
7383,,0,vaprasannakumar@ord.gov.in,56:36.1
7384,,0,vaprasannakumar@ord.gov.in,57:15.2
7385,,0,vaprasannakumar@ord.gov.in,57:43.8
7386,,0,vaprasannakumar@ord.gov.in,58:12.8
7387,,0,vaprasannakumar@ord.gov.in,58:43.5
7388,,0,vaprasannakumar@ord.gov.in,59:18.2
7389,,0,vaprasannakumar@ord.gov.in,59:53.1
7390,,0,vaprasannakumar@ord.gov.in,00:28.8
7391,,0,vaprasannakumar@ord.gov.in,01:09.5
7392,,0,vaprasannakumar@ord.gov.in,01:40.9
7393,,0,vaprasannakumar@ord.gov.in,02:11.3
7394,,0,vaprasannakumar@ord.gov.in,02:46.6
7395,,0,vaprasannakumar@ord.gov.in,03:19.5
7396,,0,vaprasannakumar@ord.gov.in,03:51.9
7397,,0,vaprasannakumar@ord.gov.in,04:36.2
7398,,0,vaprasannakumar@ord.gov.in,05:15.3
7399,,0,vaprasannakumar@ord.gov.in,05:45.9
7400,,0,vaprasannakumar@ord.gov.in,06:18.4
7401,,0,vaprasannakumar@ord.gov.in,06:46.6
7402,,0,vaprasannakumar@ord.gov.in,07:25.6
7403,,0,vaprasannakumar@ord.gov.in,07:52.8
7404,,0,vaprasannakumar@ord.gov.in,08:21.3
7405,,0,vaprasannakumar@ord.gov.in,09:06.7
7406,,0,vaprasannakumar@ord.gov.in,09:42.8
7407,,0,vaprasannakumar@ord.gov.in,10:20.1
7408,,0,vaprasannakumar@ord.gov.in,11:13.1
7409,,0,vaprasannakumar@ord.gov.in,11:48.2
7410,,0,vaprasannakumar@ord.gov.in,12:23.1
7411,,0,vaprasannakumar@ord.gov.in,12:53.4
7412,,0,vaprasannakumar@ord.gov.in,13:20.7
7413,,0,vaprasannakumar@ord.gov.in,16:21.4
7414,,0,vaprasannakumar@ord.gov.in,16:53.4
7415,,0,vaprasannakumar@ord.gov.in,17:26.4
7416,,0,vaprasannakumar@ord.gov.in,17:58.3
7417,,0,vaprasannakumar@ord.gov.in,18:43.2
7418,,0,vaprasannakumar@ord.gov.in,19:16.5
7419,,0,vaprasannakumar@ord.gov.in,20:40.7
7420,,0,vaprasannakumar@ord.gov.in,21:11.5
7421,,0,vaprasannakumar@ord.gov.in,21:55.4
7422,,0,vaprasannakumar@ord.gov.in,22:27.7
7423,,0,vaprasannakumar@ord.gov.in,22:58.1
7424,,0,vaprasannakumar@ord.gov.in,23:31.8
7425,,0,vaprasannakumar@ord.gov.in,24:07.6
7426,,0,vaprasannakumar@ord.gov.in,24:43.0
7427,,0,vaprasannakumar@ord.gov.in,25:13.0
7428,,0,vaprasannakumar@ord.gov.in,25:46.9
7429,,0,vaprasannakumar@ord.gov.in,26:14.0
7430,,0,vaprasannakumar@ord.gov.in,26:50.3
7431,,0,vaprasannakumar@ord.gov.in,27:27.5
7432,,0,vaprasannakumar@ord.gov.in,27:57.1
7433,,0,vaprasannakumar@ord.gov.in,28:35.4
7434,,0,vaprasannakumar@ord.gov.in,29:10.1
7435,,0,vaprasannakumar@ord.gov.in,29:38.9
7436,,0,vaprasannakumar@ord.gov.in,30:12.6
7437,,0,vaprasannakumar@ord.gov.in,30:40.1
7438,,0,vaprasannakumar@ord.gov.in,31:11.7
7439,,0,vaprasannakumar@ord.gov.in,31:48.4
7440,,0,vaprasannakumar@ord.gov.in,32:32.6
7441,,0,vaprasannakumar@ord.gov.in,33:07.1
7442,,0,sudarshanas@bel.co.in,48:21.4
7443,,0,sudarshanas@bel.co.in,50:23.5
7444,,0,sudarshanas@bel.co.in,52:31.9
7445,,0,sudarshanas@bel.co.in,52:59.8
7446,,0,sudarshanas@bel.co.in,53:30.1
7447,,0,sudarshanas@bel.co.in,56:38.3
7448,,0,sudarshanas@bel.co.in,56:54.3
7449,,0,sudarshanas@bel.co.in,00:27.4
7450,,0,sudarshanas@bel.co.in,00:42.9
7451,,0,sudarshanas@bel.co.in,00:55.1
7452,,0,sbsutar@mazdock.com,21:04.5
7453,,0,sbsutar@mazdock.com,21:33.5
7454,,0,sbsutar@mazdock.com,22:47.0
7455,,0,sbsutar@mazdock.com,23:12.3
7456,,0,sbsutar@mazdock.com,23:49.9
7457,,0,sbsutar@mazdock.com,25:04.6
7458,,0,sbsutar@mazdock.com,25:32.5
7459,,0,sbsutar@mazdock.com,27:11.2
7460,,0,sbsutar@mazdock.com,28:48.2
7461,,0,sbsutar@mazdock.com,29:31.5
7462,,0,sbsutar@mazdock.com,30:05.0
7463,,0,cqav-dgqa@nic.in,01:28.9
7464,,0,cqav-dgqa@nic.in,06:44.4
7465,,0,cqav-dgqa@nic.in,09:20.2
7466,,0,cqav-dgqa@nic.in,21:29.5
7467,,0,cqav-dgqa@nic.in,24:24.5
7468,,0,cqav-dgqa@nic.in,28:48.9
7469,,0,cqav-dgqa@nic.in,32:32.9
7470,,0,cqav-dgqa@nic.in,34:35.1
7471,,0,cqav-dgqa@nic.in,36:21.8
7472,,0,vaprasannakumar@ord.gov.in,01:01.0
7473,,0,vaprasannakumar@ord.gov.in,02:34.2
7474,,0,vaprasannakumar@ord.gov.in,06:14.9
7475,,0,vaprasannakumar@ord.gov.in,07:34.6
7476,,0,vaprasannakumar@ord.gov.in,09:07.9
7477,,0,vaprasannakumar@ord.gov.in,10:32.5
7478,,0,vaprasannakumar@ord.gov.in,11:36.4
7479,,0,vaprasannakumar@ord.gov.in,18:39.5
7480,,0,vaprasannakumar@ord.gov.in,20:14.3
7481,,0,vaprasannakumar@ord.gov.in,21:28.6
7482,,0,vaprasannakumar@ord.gov.in,22:33.5
7483,,0,vaprasannakumar@ord.gov.in,23:44.4
7484,,0,vaprasannakumar@ord.gov.in,24:52.3
7485,,0,vaprasannakumar@ord.gov.in,27:03.8
7486,,0,vaprasannakumar@ord.gov.in,28:46.4
7487,,0,cqav-dgqa@nic.in,30:16.1
7488,,0,vaprasannakumar@ord.gov.in,30:17.4
7489,,0,vaprasannakumar@ord.gov.in,31:57.0
7490,,0,cqav-dgqa@nic.in,32:33.9
7491,,0,cqav-dgqa@nic.in,35:00.8
7492,,0,cqav-dgqa@nic.in,36:10.6
7493,,0,cqav-dgqa@nic.in,37:42.0
7494,,0,cqav-dgqa@nic.in,39:44.6
7495,,0,cqav-dgqa@nic.in,40:54.8
7496,,0,cqav-dgqa@nic.in,42:12.9
7497,,0,vaprasannakumar@ord.gov.in,44:52.1
7498,,0,vaprasannakumar@ord.gov.in,46:15.6
7499,,0,cqav-dgqa@nic.in,46:57.2
7500,,0,vaprasannakumar@ord.gov.in,47:41.2
7501,,0,cqav-dgqa@nic.in,48:02.2
7502,,0,vaprasannakumar@ord.gov.in,48:46.8
7503,,0,cqav-dgqa@nic.in,49:08.8
7504,,0,cqav-dgqa@nic.in,50:09.6
7505,,0,vaprasannakumar@ord.gov.in,50:21.1
7506,,0,cqav-dgqa@nic.in,51:11.0
7507,,0,cqav-dgqa@nic.in,52:07.2
7508,,0,vaprasannakumar@ord.gov.in,53:26.4
7509,,0,cqav-dgqa@nic.in,54:08.1
7510,,0,cqav-dgqa@nic.in,55:09.2
7511,,0,cqav-dgqa@nic.in,57:36.0
7512,,0,cqav-dgqa@nic.in,59:32.2
7513,,0,cqav-dgqa@nic.in,00:36.5
7514,,0,cqav-dgqa@nic.in,01:46.5
7515,,0,cqav-dgqa@nic.in,02:44.5
7516,,0,cqav-dgqa@nic.in,03:39.0
7517,,0,cqav-dgqa@nic.in,05:19.8
7518,,0,cqav-dgqa@nic.in,06:43.9
7519,,0,cqav-dgqa@nic.in,09:26.7
7520,,0,cqav-dgqa@nic.in,10:30.5
7521,,0,cqav-dgqa@nic.in,11:45.2
7522,,0,cqav-dgqa@nic.in,13:19.6
7523,,0,cqav-dgqa@nic.in,14:22.4
7524,,0,cqav-dgqa@nic.in,15:33.2
7525,,0,vaprasannakumar@ord.gov.in,16:23.9
7526,,0,cqav-dgqa@nic.in,16:37.2
7527,,0,cqav-dgqa@nic.in,17:39.2
7528,,0,vaprasannakumar@ord.gov.in,17:52.5
7529,,0,cqav-dgqa@nic.in,19:19.0
7530,,0,vaprasannakumar@ord.gov.in,21:04.8
7531,,0,vaprasannakumar@ord.gov.in,23:16.0
7532,,0,vaprasannakumar@ord.gov.in,24:43.3
7533,,0,cqav-dgqa@nic.in,25:03.0
7534,,0,vaprasannakumar@ord.gov.in,27:17.2
7535,,0,cqav-dgqa@nic.in,28:34.7
7536,,0,vaprasannakumar@ord.gov.in,29:32.4
7537,,0,cqav-dgqa@nic.in,29:38.9
7538,,0,cqav-dgqa@nic.in,30:38.0
7539,,0,cqav-dgqa@nic.in,31:32.0
7540,,0,vaprasannakumar@ord.gov.in,33:04.9
7541,,0,cqav-dgqa@nic.in,33:40.1
7542,,0,vaprasannakumar@ord.gov.in,34:44.1
7543,,0,cqav-dgqa@nic.in,35:12.3
7544,,0,cqav-dgqa@nic.in,36:52.1
7545,,0,vaprasannakumar@ord.gov.in,36:59.0
7546,,0,cqav-dgqa@nic.in,38:08.6
7547,,0,cqav-dgqa@nic.in,42:34.6
7548,,0,vaprasannakumar@ord.gov.in,44:51.7
7549,,0,cqav-dgqa@nic.in,45:18.3
7550,Shelter System,0,sumitpatle@ord.gov.in,45:57.6
7551,,0,vaprasannakumar@ord.gov.in,46:30.0
7552,,0,cqav-dgqa@nic.in,46:41.0
7553,,0,cqav-dgqa@nic.in,47:51.1
7554,,0,cqav-dgqa@nic.in,49:06.1
7555,,0,vaprasannakumar@ord.gov.in,50:05.9
7556,Water tanks,0,sumitpatle@ord.gov.in,50:24.4
7557,,0,vaprasannakumar@ord.gov.in,51:30.6
7558,Water tanks,0,sumitpatle@ord.gov.in,51:49.2
7559,,0,vaprasannakumar@ord.gov.in,52:34.4
7560,Water Tanks,0,sumitpatle@ord.gov.in,54:12.9
7561,,0,cqav-dgqa@nic.in,54:55.7
7562,,0,vaprasannakumar@ord.gov.in,55:28.2
7563,,0,vaprasannakumar@ord.gov.in,57:26.2
7564,,0,manjit.dgqa@gov.in,57:34.3
7565,,0,cqav-dgqa@nic.in,59:03.5
7566,,0,manjit.dgqa@gov.in,00:03.8
7567,,0,cqav-dgqa@nic.in,01:02.2
7568,,0,cqav-dgqa@nic.in,02:48.0
7569,,0,cqav-dgqa@nic.in,04:17.8
7570,,0,cqav-dgqa@nic.in,06:32.4
7571,,0,cqav-dgqa@nic.in,08:15.0
7572,Armoured & Ballistic Protection,0,sumitpatle@ord.gov.in,09:10.8
7573,Armoured & Ballistic Protection,0,sumitpatle@ord.gov.in,11:10.7
7574,,0,cqav-dgqa@nic.in,11:54.8
7575,Armoured & Ballistic Protection,0,sumitpatle@ord.gov.in,13:10.6
7576,,0,cqav-dgqa@nic.in,14:26.1
7577,,0,cqav-dgqa@nic.in,15:47.5
7578,,0,cqav-dgqa@nic.in,17:11.8
7579,Clod Climate protection,0,sumitpatle@ord.gov.in,18:58.4
7580,,0,sumitpatle@ord.gov.in,21:19.6
7581,,0,vaprasannakumar@ord.gov.in,19:29.3
7582,,0,vaprasannakumar@ord.gov.in,20:27.5
7583,,0,vaprasannakumar@ord.gov.in,21:03.9
7584,,0,vaprasannakumar@ord.gov.in,22:26.3
7585,,0,vaprasannakumar@ord.gov.in,23:13.9
7586,,0,vaprasannakumar@ord.gov.in,23:57.6
7587,,0,vaprasannakumar@ord.gov.in,24:37.2
7588,,0,vaprasannakumar@ord.gov.in,25:35.7
7589,,0,cqav-dgqa@nic.in,26:03.9
7590,,0,cqav-dgqa@nic.in,27:12.2
7591,,0,vaprasannakumar@ord.gov.in,27:13.3
7592,,0,cqav-dgqa@nic.in,28:06.7
7593,,0,vaprasannakumar@ord.gov.in,28:27.2
7594,,0,cqav-dgqa@nic.in,29:01.3
7595,,0,vaprasannakumar@ord.gov.in,29:57.9
7596,,0,cqav-dgqa@nic.in,30:13.6
7597,,0,cqav-dgqa@nic.in,31:15.4
7598,,0,vaprasannakumar@ord.gov.in,31:30.9
7599,,0,cqav-dgqa@nic.in,32:07.1
7600,,0,cqav-dgqa@nic.in,33:05.2
7601,,0,vaprasannakumar@ord.gov.in,33:10.3
7602,,0,cqav-dgqa@nic.in,34:03.2
7603,,0,cqav-dgqa@nic.in,34:52.1
7604,,0,cqav-dgqa@nic.in,35:45.5
7605,,0,cqav-dgqa@nic.in,36:43.4
7606,,0,vaprasannakumar@ord.gov.in,37:37.0
7607,,0,cqav-dgqa@nic.in,37:40.3
7608,,0,vaprasannakumar@ord.gov.in,39:28.7
7609,,0,vaprasannakumar@ord.gov.in,43:07.2
7610,,0,vaprasannakumar@ord.gov.in,44:46.4
7611,,0,vaprasannakumar@ord.gov.in,46:12.4
7612,,0,vaprasannakumar@ord.gov.in,47:29.2
7613,,0,vaprasannakumar@ord.gov.in,48:34.6
7614,,0,vaprasannakumar@ord.gov.in,49:51.1
7615,,0,manjit.dgqa@gov.in,50:17.3
7616,,0,cqav-dgqa@nic.in,51:42.5
7617,,0,vaprasannakumar@ord.gov.in,52:16.6
7618,,0,manjit.dgqa@gov.in,52:20.8
7619,,0,cqav-dgqa@nic.in,52:49.2
7620,,0,vaprasannakumar@ord.gov.in,53:25.3
7621,,0,manjit.dgqa@gov.in,54:20.9
7622,,0,vaprasannakumar@ord.gov.in,54:39.8
7623,,0,cqav-dgqa@nic.in,55:00.2
7624,,0,cqav-dgqa@nic.in,56:17.5
7625,,0,manjit.dgqa@gov.in,59:23.9
7626,,0,cqav-dgqa@nic.in,59:58.0
7627,,0,manjit.dgqa@gov.in,00:48.7
7628,,0,cqav-dgqa@nic.in,01:22.0
7629,,0,manjit.dgqa@gov.in,02:11.4
7630,,0,manjit.dgqa@gov.in,03:29.9
7631,,0,vaprasannakumar@ord.gov.in,06:04.5
7632,,0,manjit.dgqa@gov.in,06:35.0
7633,,0,vaprasannakumar@ord.gov.in,08:11.1
7634,,0,manjit.dgqa@gov.in,08:18.9
7635,,0,vaprasannakumar@ord.gov.in,09:32.6
7636,,0,manjit.dgqa@gov.in,10:27.6
7637,,0,vaprasannakumar@ord.gov.in,11:26.3
7638,,0,manjit.dgqa@gov.in,12:20.7
7639,,0,manjit.dgqa@gov.in,14:41.5
7640,,0,vaprasannakumar@ord.gov.in,14:51.5
7641,,0,manjit.dgqa@gov.in,18:25.0
7642,,0,manjit.dgqa@gov.in,19:52.6
7643,,0,vaprasannakumar@ord.gov.in,21:35.5
7644,,0,manjit.dgqa@gov.in,21:48.9
7645,,0,manjit.dgqa@gov.in,23:36.5
7646,,0,vaprasannakumar@ord.gov.in,24:10.6
7647,,0,vaprasannakumar@ord.gov.in,25:17.6
7648,,0,manjit.dgqa@gov.in,26:17.0
7649,,0,vaprasannakumar@ord.gov.in,26:29.5
7650,,0,ofajmfcc@ord.gov.in,27:07.9
7651,,0,vaprasannakumar@ord.gov.in,27:49.0
7652,,0,manjit.dgqa@gov.in,28:40.3
7653,,0,vaprasannakumar@ord.gov.in,28:43.3
7654,,0,vaprasannakumar@ord.gov.in,30:02.1
7655,,0,vaprasannakumar@ord.gov.in,30:59.7
7656,,0,ofajmfcc@ord.gov.in,31:48.5
7657,,0,manjit.dgqa@gov.in,32:45.3
7658,,0,vaprasannakumar@ord.gov.in,32:46.2
7659,,0,ofajmfcc@ord.gov.in,33:52.3
7660,,0,vaprasannakumar@ord.gov.in,34:18.9
7661,,0,ofajmfcc@ord.gov.in,35:08.8
7662,,0,vaprasannakumar@ord.gov.in,35:23.5
7663,,0,vaprasannakumar@ord.gov.in,37:38.0
7664,,0,vaprasannakumar@ord.gov.in,38:31.5
7665,,0,vaprasannakumar@ord.gov.in,39:17.0
7666,,0,ofajmfcc@ord.gov.in,40:01.9
7667,,0,ofajmfcc@ord.gov.in,42:01.9
7668,,0,vaprasannakumar@ord.gov.in,42:13.8
7669,,0,vaprasannakumar@ord.gov.in,43:09.5
7670,,0,vaprasannakumar@ord.gov.in,43:54.4
7671,,0,vaprasannakumar@ord.gov.in,44:37.7
7672,,0,vaprasannakumar@ord.gov.in,45:14.7
7673,,0,ofajmfcc@ord.gov.in,46:07.8
7674,,0,vaprasannakumar@ord.gov.in,46:20.0
7675,,0,mkjain.ord@ord.gov.in,46:53.9
7676,,0,vaprasannakumar@ord.gov.in,46:57.3
7677,,0,vaprasannakumar@ord.gov.in,47:38.7
7678,,0,mkjain.ord@ord.gov.in,49:02.9
7679,,0,vaprasannakumar@ord.gov.in,50:07.8
7680,,0,mkjain.ord@ord.gov.in,50:40.7
7681,,0,vaprasannakumar@ord.gov.in,50:59.1
7682,,0,vaprasannakumar@ord.gov.in,51:38.1
7683,,0,ofajmfcc@ord.gov.in,52:14.4
7684,,0,mkjain.ord@ord.gov.in,52:31.4
7685,,0,vaprasannakumar@ord.gov.in,52:36.1
7686,,0,vaprasannakumar@ord.gov.in,53:29.6
7687,,0,ofajmfcc@ord.gov.in,53:37.7
7688,,0,vaprasannakumar@ord.gov.in,55:21.6
7689,,0,ofajmfcc@ord.gov.in,55:24.4
7690,,0,vaprasannakumar@ord.gov.in,56:20.1
7691,,0,vaprasannakumar@ord.gov.in,57:02.5
7692,,0,vaprasannakumar@ord.gov.in,57:53.5
7693,,0,vaprasannakumar@ord.gov.in,58:39.8
7694,,0,vaprasannakumar@ord.gov.in,59:39.9
7695,,0,ofajmfcc@ord.gov.in,59:43.8
7696,,0,cqav-dgqa@nic.in,01:23.5
7697,,0,ofajmfcc@ord.gov.in,01:47.0
7698,,0,vaprasannakumar@ord.gov.in,02:35.4
7699,,0,manjit.dgqa@gov.in,03:12.5
7700,,0,cqav-dgqa@nic.in,04:01.1
7701,,0,ofajmfcc@ord.gov.in,04:39.8
7702,,0,cqav-dgqa@nic.in,05:22.8
7703,,0,manjit.dgqa@gov.in,06:33.7
7704,,0,ofajmfcc@ord.gov.in,07:34.0
7705,,0,cqav-dgqa@nic.in,07:46.9
7706,,0,ofajmfcc@ord.gov.in,08:45.1
7707,,0,manjit.dgqa@gov.in,09:41.8
7708,,0,cqav-dgqa@nic.in,10:49.6
7709,,0,ofajmfcc@ord.gov.in,10:53.6
7710,,0,cqav-dgqa@nic.in,11:53.1
7711,,0,ofajmfcc@ord.gov.in,12:46.5
7712,,0,cqav-dgqa@nic.in,13:21.7
7713,,0,cqav-dgqa@nic.in,14:14.6
7714,,0,ofajmfcc@ord.gov.in,14:26.2
7715,,0,vaprasannakumar@ord.gov.in,14:44.6
7716,,0,cqav-dgqa@nic.in,15:33.4
7717,,0,vaprasannakumar@ord.gov.in,15:57.0
7718,,0,cqav-dgqa@nic.in,16:21.3
7719,,0,vaprasannakumar@ord.gov.in,17:08.7
7720,,0,cqav-dgqa@nic.in,17:19.8
7721,,0,vaprasannakumar@ord.gov.in,18:15.2
7722,,0,cqav-dgqa@nic.in,18:39.3
7723,,0,vaprasannakumar@ord.gov.in,19:22.2
7724,,0,cqav-dgqa@nic.in,20:02.2
7725,,0,vaprasannakumar@ord.gov.in,20:40.5
7726,,0,cqav-dgqa@nic.in,20:54.0
7727,,0,vaprasannakumar@ord.gov.in,21:36.0
7728,,0,cqav-dgqa@nic.in,21:52.9
7729,,0,vaprasannakumar@ord.gov.in,22:38.1
7730,,0,cqav-dgqa@nic.in,22:50.3
7731,,0,cqav-dgqa@nic.in,23:53.4
7732,,0,cqav-dgqa@nic.in,25:25.3
7733,,0,sbsutar@mazdock.com,25:48.1
7734,,0,cqav-dgqa@nic.in,26:19.9
7735,,0,vaprasannakumar@ord.gov.in,26:31.1
7736,,0,sbsutar@mazdock.com,26:40.8
7737,,0,cqav-dgqa@nic.in,27:09.9
7738,,0,vaprasannakumar@ord.gov.in,27:46.4
7739,,0,cqav-dgqa@nic.in,28:03.4
7740,,0,cqav-dgqa@nic.in,28:56.6
7741,,0,vaprasannakumar@ord.gov.in,28:58.5
7742,Information Board,0,sbsutar@mazdock.com,29:26.3
7743,,0,cqav-dgqa@nic.in,29:43.4
7744,,0,vaprasannakumar@ord.gov.in,30:12.7
7745,,0,cqav-dgqa@nic.in,31:13.4
7746,,0,vaprasannakumar@ord.gov.in,31:41.2
7747,,0,sbsutar@mazdock.com,32:05.7
7748,Prototype,0,sbsutar@mazdock.com,33:17.5
7749,,0,cqav-dgqa@nic.in,35:37.9
7750,,0,cqav-dgqa@nic.in,37:07.3
7751,,0,cqav-dgqa@nic.in,38:41.8
7752,,0,cqav-dgqa@nic.in,43:13.0
7753,,0,cqav-dgqa@nic.in,44:13.7
7754,,0,cqav-dgqa@nic.in,45:07.2
7755,,0,cqav-dgqa@nic.in,46:02.8
7756,,0,cqav-dgqa@nic.in,47:02.8
7757,,0,cqav-dgqa@nic.in,48:07.4
7758,,0,cqav-dgqa@nic.in,49:30.5
7759,,0,cqav-dgqa@nic.in,50:33.7
7760,,0,cqav-dgqa@nic.in,51:36.5
7761,,0,cqav-dgqa@nic.in,52:35.9
7762,,0,cqav-dgqa@nic.in,53:14.8
7763,,0,cqav-dgqa@nic.in,54:03.4
7764,,0,cqav-dgqa@nic.in,55:39.8
7765,,0,cqav-dgqa@nic.in,56:30.7
7766,,0,cqav-dgqa@nic.in,01:42.3
7767,,0,cqav-dgqa@nic.in,04:01.0
7768,,0,cqav-dgqa@nic.in,05:01.2
7769,,0,cqav-dgqa@nic.in,06:08.6
7770,,0,cqav-dgqa@nic.in,07:15.4
7771,,0,cqav-dgqa@nic.in,09:23.8
7772,,0,cqav-dgqa@nic.in,10:12.4
7773,,0,cqav-dgqa@nic.in,11:08.3
7774,,0,cqav-dgqa@nic.in,11:45.7
7775,,0,cqav-dgqa@nic.in,12:43.5
7776,,0,cqav-dgqa@nic.in,13:24.6
7777,,0,cqav-dgqa@nic.in,14:08.3
7778,,0,cqav-dgqa@nic.in,15:55.0
7779,,0,cqav-dgqa@nic.in,16:40.6
7780,,0,cqav-dgqa@nic.in,17:43.1
7781,,0,cqav-dgqa@nic.in,18:31.8
7782,,0,cqav-dgqa@nic.in,19:11.6
7783,,0,cqav-dgqa@nic.in,20:13.5
7784,,0,cqav-dgqa@nic.in,47:48.3
7785,,0,cqav-dgqa@nic.in,48:54.4
7786,,0,cqav-dgqa@nic.in,50:08.4
7787,,0,cqav-dgqa@nic.in,51:46.1
7788,,0,cqav-dgqa@nic.in,53:20.1
7789,,0,cqav-dgqa@nic.in,55:19.2
7790,,0,cqav-dgqa@nic.in,56:11.1
7791,,0,cqav-dgqa@nic.in,57:36.9
7792,,0,cqav-dgqa@nic.in,58:52.3
7793,,0,cqav-dgqa@nic.in,59:40.7
7794,,0,cqav-dgqa@nic.in,00:41.5
7795,,0,cqav-dgqa@nic.in,02:09.9
7796,,0,cqav-dgqa@nic.in,03:58.8
7797,,0,cqav-dgqa@nic.in,04:54.8
7798,,0,cqav-dgqa@nic.in,06:26.9
7799,,0,cqav-dgqa@nic.in,08:19.0
7800,,0,cqav-dgqa@nic.in,09:03.7
7801,,0,cqav-dgqa@nic.in,10:18.8
7802,,0,cqav-dgqa@nic.in,11:07.5
7803,,0,cqav-dgqa@nic.in,12:12.0
7804,,0,cqav-dgqa@nic.in,13:26.5
7805,,0,cqav-dgqa@nic.in,23:50.6
7806,,0,cqav-dgqa@nic.in,25:08.0
7807,,0,cqav-dgqa@nic.in,26:11.7
7808,,0,cqav-dgqa@nic.in,26:59.8
7809,,0,cqav-dgqa@nic.in,28:39.7
7810,,0,cqav-dgqa@nic.in,29:37.4
7811,,0,cqav-dgqa@nic.in,30:29.1
7812,,0,ofajmfcc@ord.gov.in,34:38.9
7813,,0,ofajmfcc@ord.gov.in,35:52.3
7814,,0,ofajmfcc@ord.gov.in,37:07.7
7815,,0,ofajmfcc@ord.gov.in,03:26.4
7816,,0,ofajmfcc@ord.gov.in,05:09.0
7817,,0,ofajmfcc@ord.gov.in,06:05.6
7818,,0,ofajmfcc@ord.gov.in,07:47.4
7819,,0,ofajmfcc@ord.gov.in,09:44.9
7820,,0,ofajmfcc@ord.gov.in,13:01.0
7821,,0,cqav-dgqa@nic.in,13:04.9
7822,,0,cqav-dgqa@nic.in,16:59.6
7823,,0,ofajmfcc@ord.gov.in,17:27.8
7824,,0,cqav-dgqa@nic.in,18:17.4
7825,,0,ofajmfcc@ord.gov.in,19:11.4
7826,,0,cqav-dgqa@nic.in,20:52.7
7827,,0,cqav-dgqa@nic.in,22:59.3
7828,,0,cqav-dgqa@nic.in,26:57.3
7829,,0,cqav-dgqa@nic.in,28:19.2
7830,,0,cqav-dgqa@nic.in,29:14.4
7831,,0,cqav-dgqa@nic.in,30:05.4
7832,,0,cqav-dgqa@nic.in,30:58.8
7833,,0,cqav-dgqa@nic.in,31:51.9
7834,,0,ofajmfcc@ord.gov.in,34:22.2
7835,,0,ofajmfcc@ord.gov.in,35:32.6
7836,,0,ofajmfcc@ord.gov.in,45:55.9
7837,,0,ofajmfcc@ord.gov.in,46:51.3
7838,,0,vaprasannakumar@ord.gov.in,47:55.1
7839,,0,ofajmfcc@ord.gov.in,49:45.1
7840,,0,ofajmfcc@ord.gov.in,50:23.9
7841,,0,ofajmfcc@ord.gov.in,50:52.5
7842,,0,cqav-dgqa@nic.in,51:04.4
7843,,0,vaprasannakumar@ord.gov.in,52:26.2
7844,,0,vaprasannakumar@ord.gov.in,53:48.4
7845,,0,vaprasannakumar@ord.gov.in,55:12.2
7846,,0,vaprasannakumar@ord.gov.in,56:25.8
7847,,0,cqav-dgqa@nic.in,57:41.3
7848,,0,vaprasannakumar@ord.gov.in,59:02.4
7849,,0,vaprasannakumar@ord.gov.in,01:14.0
7850,,0,vaprasannakumar@ord.gov.in,02:47.6
7851,,0,ofajmfcc@ord.gov.in,04:08.0
7852,,0,ofajmfcc@ord.gov.in,05:06.9
7853,,0,cqav-dgqa@nic.in,08:39.3
7854,,0,ofajmfcc@ord.gov.in,10:14.7
7855,,0,cqav-dgqa@nic.in,10:31.7
7856,,0,ofajmfcc@ord.gov.in,11:12.7
7857,,0,ofajmfcc@ord.gov.in,12:13.2
7858,,0,cqav-dgqa@nic.in,13:02.2
7859,,0,sg.rane1977@gov.in,13:41.9
7860,,0,cqav-dgqa@nic.in,13:57.6
7861,,0,cqav-dgqa@nic.in,16:20.7
7862,,0,ofajmfcc@ord.gov.in,17:09.4
7863,,0,cqav-dgqa@nic.in,17:33.3
7864,,0,vaprasannakumar@ord.gov.in,18:43.5
7865,,0,cqav-dgqa@nic.in,19:35.7
7866,,0,cqav-dgqa@nic.in,21:56.1
7867,,0,cqav-dgqa@nic.in,23:03.5
7868,,0,vaprasannakumar@ord.gov.in,23:22.2
7869,,0,cqav-dgqa@nic.in,24:20.3
7870,,0,cqav-dgqa@nic.in,25:18.3
7871,,0,cqav-dgqa@nic.in,26:25.2
7872,,0,cqav-dgqa@nic.in,27:51.6
7873,,0,cqav-dgqa@nic.in,28:49.5
7874,,0,vaprasannakumar@ord.gov.in,28:49.8
7875,,0,cqav-dgqa@nic.in,29:55.3
7876,,0,cqav-dgqa@nic.in,30:48.2
7877,,0,vaprasannakumar@ord.gov.in,31:46.6
7878,,0,cqav-dgqa@nic.in,32:38.5
7879,,0,cqav-dgqa@nic.in,34:38.9
7880,,0,cqav-dgqa@nic.in,36:58.2
7881,,0,cqav-dgqa@nic.in,37:58.5
7882,,0,cqav-dgqa@nic.in,39:53.2
7883,,0,cqav-dgqa@nic.in,42:12.7
7884,,0,cqav-dgqa@nic.in,44:44.7
7885,,0,cqav-dgqa@nic.in,47:34.0
7886,,0,cqav-dgqa@nic.in,48:33.1
7887,,0,cqav-dgqa@nic.in,49:31.6
7888,,0,vaprasannakumar@ord.gov.in,43:30.9
7889,,0,vaprasannakumar@ord.gov.in,45:00.4
7890,,0,vaprasannakumar@ord.gov.in,46:18.9
7891,,0,vaprasannakumar@ord.gov.in,01:17.4
7892,,0,vaprasannakumar@ord.gov.in,04:10.1
7893,,0,vaprasannakumar@ord.gov.in,05:40.8
7894,,0,vaprasannakumar@ord.gov.in,06:50.1
7895,,0,vaprasannakumar@ord.gov.in,08:05.0
7896,,0,vaprasannakumar@ord.gov.in,09:20.0
7897,,0,vaprasannakumar@ord.gov.in,11:21.7
7898,,0,vaprasannakumar@ord.gov.in,15:48.8
7899,,0,vaprasannakumar@ord.gov.in,17:58.0
7900,,0,vaprasannakumar@ord.gov.in,19:27.7
7901,,0,vaprasannakumar@ord.gov.in,21:57.7
7902,Warships,0,gsmeena@mazdock.com,57:34.8
7903,,0,gsmeena@mazdock.com,03:46.1
7904,,0,bdldgmcc-ap@bdl-india.in,43:39.9
7905,,0,bdldgmcc-ap@bdl-india.in,45:31.8
7906,,0,bdldgmcc-ap@bdl-india.in,49:39.1
7907,,0,bdldgmcc-ap@bdl-india.in,52:10.7
7908,,0,bdldgmcc-ap@bdl-india.in,57:26.8
7909,,0,bdldgmcc-ap@bdl-india.in,58:31.6
7910,,0,bdldgmcc-ap@bdl-india.in,59:33.9
7911,,0,bdldgmcc-ap@bdl-india.in,02:27.4
7912,,0,bdldgmcc-ap@bdl-india.in,03:05.1
7913,,0,bdldgmcc-ap@bdl-india.in,04:08.0
7914,,0,bdldgmcc-ap@bdl-india.in,10:18.9
7915,,0,bdldgmcc-ap@bdl-india.in,11:29.1
7916,,0,bdldgmcc-ap@bdl-india.in,15:36.3
7917,,0,bdldgmcc-ap@bdl-india.in,16:28.7
7918,,0,arpitsingh@ord.gov.in,50:03.5
7919,Metallic Component,0,arpitsingh@ord.gov.in,55:44.7
7920,,0,dhinesh.a@bemlltd.in,34:56.9
7921,,0,dhinesh.a@bemlltd.in,35:45.4
7922,,0,dhinesh.a@bemlltd.in,36:32.0
7923,,0,bdldgmcc-ap@bdl-india.in,26:45.1
7924,,0,dhinesh.a@bemlltd.in,29:14.8
7925,,0,bdldgmcc-ap@bdl-india.in,29:43.7
7926,,0,dhinesh.a@bemlltd.in,30:38.8
7927,,0,bdldgmcc-ap@bdl-india.in,31:19.6
7928,,0,bdldgmcc-ap@bdl-india.in,32:08.6
7929,,0,dhinesh.a@bemlltd.in,32:11.2
7930,,0,bdldgmcc-ap@bdl-india.in,32:50.3
7931,,0,dhinesh.a@bemlltd.in,33:00.3
7932,,0,bdldgmcc-ap@bdl-india.in,33:20.8
7933,,0,dhinesh.a@bemlltd.in,33:39.4
7934,,0,bdldgmcc-ap@bdl-india.in,36:28.4
7935,,0,bdldgmcc-ap@bdl-india.in,42:07.6
7936,,0,dhinesh.a@bemlltd.in,45:08.3
7937,,0,dhinesh.a@bemlltd.in,46:15.0
7938,,0,dhinesh.a@bemlltd.in,47:04.4
7939,,0,dhinesh.a@bemlltd.in,47:53.7
7940,,0,dhinesh.a@bemlltd.in,48:55.0
7941,,0,dhinesh.a@bemlltd.in,51:31.2
7942,,0,dhinesh.a@bemlltd.in,52:19.0
7943,,0,dhinesh.a@bemlltd.in,53:04.6
7944,,0,dhinesh.a@bemlltd.in,53:58.9
7945,,0,dhinesh.a@bemlltd.in,54:46.6
7946,,0,dhinesh.a@bemlltd.in,55:30.4
7947,,0,dhinesh.a@bemlltd.in,56:50.9
7948,,0,dhinesh.a@bemlltd.in,57:46.5
7949,,0,dhinesh.a@bemlltd.in,58:32.3
7950,,0,dhinesh.a@bemlltd.in,59:19.9
7951,,0,dhinesh.a@bemlltd.in,00:05.0
7952,,0,bdldgmcc-ap@bdl-india.in,01:20.3
7953,,0,dhinesh.a@bemlltd.in,05:59.4
7954,,0,dhinesh.a@bemlltd.in,06:45.6
7955,,0,dhinesh.a@bemlltd.in,07:56.0
7956,,0,dhinesh.a@bemlltd.in,09:02.8
7957,,0,bdldgmcc-ap@bdl-india.in,10:34.6
7958,Electrical Cable,0,dhinesh.a@bemlltd.in,12:46.2
7959,Electrical Cable,0,dhinesh.a@bemlltd.in,13:38.5
7960,Electrical Cable,0,dhinesh.a@bemlltd.in,14:35.8
7961,,0,bdldgmcc-ap@bdl-india.in,15:39.1
7962,,0,bdldgmcc-ap@bdl-india.in,17:20.4
7963,,0,bdldgmcc-ap@bdl-india.in,17:49.4
7964,,0,bdldgmcc-ap@bdl-india.in,18:39.6
7965,,0,bdldgmcc-ap@bdl-india.in,20:28.7
7966,,0,bdldgmcc-ap@bdl-india.in,26:14.0
7967,Wearable,0,sumitpatle@ord.gov.in,26:44.4
7968,,0,bdldgmcc-ap@bdl-india.in,26:44.8
7969,,0,bdldgmcc-ap@bdl-india.in,27:29.5
7970,Uniform,0,sumitpatle@ord.gov.in,29:15.1
7971,,0,bdldgmcc-ap@bdl-india.in,32:10.8
7972,Wearable,0,sumitpatle@ord.gov.in,33:55.2
7973,,0,bdldgmcc-ap@bdl-india.in,34:14.2
7974,Wearable,0,sumitpatle@ord.gov.in,35:19.2
7975,Cold Climate protection,0,sumitpatle@ord.gov.in,37:36.3
7976,Cold Climate protection,0,sumitpatle@ord.gov.in,38:24.6
7977,Cold Climate protection,0,sumitpatle@ord.gov.in,39:09.8
7978,Heating device,0,sumitpatle@ord.gov.in,42:11.7
7979,,0,bdldgmcc-ap@bdl-india.in,42:44.5
7980,Extreme Cold Climate Clothing,0,sumitpatle@ord.gov.in,43:23.9
7981,Extreme Cold Climate Clothing,0,sumitpatle@ord.gov.in,44:10.8
7982,,0,bdldgmcc-ap@bdl-india.in,44:30.1
7983,,0,bdldgmcc-ap@bdl-india.in,45:17.7
7984,Wearable,0,sumitpatle@ord.gov.in,45:25.7
7985,Wearable,0,sumitpatle@ord.gov.in,46:16.7
7986,Wearable,0,sumitpatle@ord.gov.in,47:07.6
7987,Wearable,0,sumitpatle@ord.gov.in,48:09.2
7988,,0,bdldgmcc-ap@bdl-india.in,49:16.2
7989,,0,bdldgmcc-ap@bdl-india.in,52:11.9
7990,,0,bdldgmcc-ap@bdl-india.in,53:32.5
7991,,0,bdldgmcc-ap@bdl-india.in,54:06.9
7992,,0,bdldgmcc-ap@bdl-india.in,55:35.6
7993,,0,bdldgmcc-ap@bdl-india.in,05:42.0
7994,Ballistic Protective Gear,0,arpitsingh@ord.gov.in,25:52.5
7995,Ballistic Protective Gear,0,arpitsingh@ord.gov.in,27:57.9
7996,fa,0,arpitsingh@ord.gov.in,33:25.4
7997,,0,arpitsingh@ord.gov.in,34:07.8
7998,,0,arpitsingh@ord.gov.in,34:40.1
7999,Clothing & general stores,0,arpitsingh@ord.gov.in,35:27.4
8000,Clothing & general stores,0,arpitsingh@ord.gov.in,36:10.5
8001,Clothing & general stores,0,arpitsingh@ord.gov.in,36:39.6
8002,Clothing & general stores,0,arpitsingh@ord.gov.in,37:19.3
8003,Clothing & general stores,0,arpitsingh@ord.gov.in,37:55.7
8004,Clothing & general stores,0,arpitsingh@ord.gov.in,38:24.7
8005,Clothing & general stores,0,arpitsingh@ord.gov.in,38:58.2
8006,Textile,0,ocfspv@ord.gov.in,39:52.2
8007,,0,ocfspv@ord.gov.in,41:34.2
8008,Clothing & general stores,0,arpitsingh@ord.gov.in,42:10.8
8009,Clothing & general stores,0,arpitsingh@ord.gov.in,42:42.5
8010,Clothing & general stores,0,arpitsingh@ord.gov.in,43:18.6
8011,Clothing & general stores,0,arpitsingh@ord.gov.in,43:58.1
8012,,0,ocfspv@ord.gov.in,44:03.5
8013,Clothing & general stores,0,arpitsingh@ord.gov.in,44:32.5
8014,,0,hsyadav1@ord.gov.in,46:14.4
8015,Clothing & general stores,0,arpitsingh@ord.gov.in,46:16.6
8016,,0,ocfspv@ord.gov.in,46:24.6
8017,Clothing & general stores,0,arpitsingh@ord.gov.in,46:49.7
8018,Clothing & general stores,0,arpitsingh@ord.gov.in,47:30.5
8019,Clothing & general stores,0,arpitsingh@ord.gov.in,48:06.0
8020,Clothing & general stores,0,arpitsingh@ord.gov.in,48:42.0
8021,Clothing & general stores,0,amitkumarpatel@ord.gov.in,53:43.3
8022,,0,ocfspv@ord.gov.in,54:17.4
8023,,0,ocfspv@ord.gov.in,55:01.0
8024,Clothing & general stores,0,amitkumarpatel@ord.gov.in,55:10.3
8025,Clothing & general stores,0,amitkumarpatel@ord.gov.in,55:41.0
8026,Clothing & general stores,0,amitkumarpatel@ord.gov.in,56:28.2
8027,Clothing & general stores,0,amitkumarpatel@ord.gov.in,57:23.8
8028,,0,ocfspv@ord.gov.in,59:51.5
8029,Ship building,0,Chowdhury.Santanu@grse.co.in,02:04.5
8030,Shipyard,0,Chowdhury.Santanu@grse.co.in,03:21.8
8031,,0,ocfspv@ord.gov.in,03:39.3
8032,Fast patrol vessel,0,Chowdhury.Santanu@grse.co.in,05:01.0
8033,,0,ocfspv@ord.gov.in,05:37.2
8034,Next generation offshore patrol vessel,0,Chowdhury.Santanu@grse.co.in,05:48.1
8035,Frigate,0,Chowdhury.Santanu@grse.co.in,06:27.8
8036,Clothing & General Stores,0,amitkumarpatel@ord.gov.in,07:35.8
8037,Clothing & General Stores,0,amitkumarpatel@ord.gov.in,15:32.7
8038,Clothing & General Stores,0,amitkumarpatel@ord.gov.in,16:27.6
8039,,0,ocfspv@ord.gov.in,18:18.8
8040,Clothing & General Stores,0,amitkumarpatel@ord.gov.in,19:36.8
8041,,0,ocfspv@ord.gov.in,19:56.8
8042,,0,ocfspv@ord.gov.in,22:12.0
8043,Clothing & General Stores,0,amitkumarpatel@ord.gov.in,22:44.0
8044,Clothing & General Stores,0,amitkumarpatel@ord.gov.in,23:17.5
8045,Clothing & General Stores,0,amitkumarpatel@ord.gov.in,24:00.3
8046,,0,ocfspv@ord.gov.in,25:14.7
8047,Clothing & General Stores,0,amitkumarpatel@ord.gov.in,25:14.8
8048,Clothing & General Stores,0,amitkumarpatel@ord.gov.in,25:48.2
8049,Clothing & General Stores,0,amitkumarpatel@ord.gov.in,26:17.1
8050,,0,ocfspv@ord.gov.in,26:36.5
8051,Clothing & General Stores,0,amitkumarpatel@ord.gov.in,26:56.9
8052,Clothing & General Stores,0,amitkumarpatel@ord.gov.in,27:34.0
8053,Clothing & General Stores,0,amitkumarpatel@ord.gov.in,28:06.5
8054,Clothing & General Stores,0,amitkumarpatel@ord.gov.in,29:45.0
8055,Clothing & General Stores,0,amitkumarpatel@ord.gov.in,31:52.4
8056,Clothing & General Stores,0,amitkumarpatel@ord.gov.in,32:51.6
8057,Clothing & General Stores,0,amitkumarpatel@ord.gov.in,33:43.3
8058,Clothing & General Stores,0,amitkumarpatel@ord.gov.in,34:13.6
8059,,0,ocfspv@ord.gov.in,34:18.5
8060,Clothing & General Stores,0,amitkumarpatel@ord.gov.in,37:43.8
8061,,0,ramkeshmeena@ord.gov.in,43:19.6
8062,,0,ocfspv@ord.gov.in,44:58.7
8063,,0,ocfspv@ord.gov.in,46:06.8
8064,,0,ocfspv@ord.gov.in,46:50.5
8065,,0,ramkeshmeena@ord.gov.in,49:03.2
8066,,0,ocfspv@ord.gov.in,50:41.5
8067,,0,ocfspv@ord.gov.in,51:46.5
8068,,0,ramkeshmeena@ord.gov.in,53:47.2
8069,,0,ocfspv@ord.gov.in,54:18.5
8070,,0,ocfspv@ord.gov.in,57:31.1
8071,,0,ramkeshmeena@ord.gov.in,58:13.2
8072,,0,ocfspv@ord.gov.in,58:18.7
8073,,0,ocfspv@ord.gov.in,58:57.2
8074,,0,ramkeshmeena@ord.gov.in,01:46.0
8075,,0,ocfspv@ord.gov.in,01:57.3
8076,,0,ramkeshmeena@ord.gov.in,02:26.1
8077,,0,ocfspv@ord.gov.in,02:46.3
8078,,0,ocfspv@ord.gov.in,03:18.3
8079,,0,ramkeshmeena@ord.gov.in,03:35.1
8080,,0,ocfspv@ord.gov.in,04:52.6
8081,,0,ramkeshmeena@ord.gov.in,05:19.9
8082,,0,ramkeshmeena@ord.gov.in,06:04.8
8083,,0,ramkeshmeena@ord.gov.in,07:13.1
8084,,0,ramkeshmeena@ord.gov.in,07:36.9
8085,,0,ocfspv@ord.gov.in,09:09.8
8086,,0,ramkeshmeena@ord.gov.in,09:51.4
8087,,0,ramkeshmeena@ord.gov.in,10:42.7
8088,,0,ocfspv@ord.gov.in,11:06.7
8089,,0,ramkeshmeena@ord.gov.in,11:43.1
8090,,0,ramkeshmeena@ord.gov.in,12:13.1
8091,,0,ocfspv@ord.gov.in,12:16.0
8092,,0,ocfspv@ord.gov.in,13:04.1
8093,,0,ocfspv@ord.gov.in,13:56.3
8094,,0,ocfspv@ord.gov.in,14:36.0
8095,Surface Coating,0,ramkeshmeena@ord.gov.in,14:46.8
8096,,0,ocfspv@ord.gov.in,15:15.2
8097,,0,ocfspv@ord.gov.in,15:50.8
8098,,0,ramkeshmeena@ord.gov.in,16:33.8
8099,,0,ramkeshmeena@ord.gov.in,17:35.8
8100,,0,ramkeshmeena@ord.gov.in,18:12.9
8101,,0,ramkeshmeena@ord.gov.in,19:10.2
8102,,0,ramkeshmeena@ord.gov.in,20:59.4
8103,,0,ramkeshmeena@ord.gov.in,21:27.2
8104,,0,ramkeshmeena@ord.gov.in,22:10.8
8105,,0,ramkeshmeena@ord.gov.in,23:44.2
8106,Machine Supplier,0,ramkeshmeena@ord.gov.in,25:33.3
8107,Machine Supplier,0,ramkeshmeena@ord.gov.in,26:28.2
8108,Machine Supplier,0,ramkeshmeena@ord.gov.in,27:16.2
8109,,0,ocfspv@ord.gov.in,27:19.2
8110,Machine Supplier,0,ramkeshmeena@ord.gov.in,27:34.8
8111,Machine Supplier,0,ramkeshmeena@ord.gov.in,28:02.8
8112,Machine Supplier,0,ramkeshmeena@ord.gov.in,29:07.0
8113,,0,ocfspv@ord.gov.in,29:32.9
8114,Machine Supplier,0,ramkeshmeena@ord.gov.in,29:43.9
8115,,0,ocfspv@ord.gov.in,30:10.7
8116,,0,ocfspv@ord.gov.in,30:40.0
8117,,0,ocfspv@ord.gov.in,31:12.3
8118,Plastic Items,0,ramkeshmeena@ord.gov.in,31:27.7
8119,Machine Supplier,0,ramkeshmeena@ord.gov.in,32:41.7
8120,,0,ocfspv@ord.gov.in,34:54.8
8121,,0,ocfspv@ord.gov.in,36:15.8
8122,,0,ocfspv@ord.gov.in,36:58.1
8123,,0,ocfspv@ord.gov.in,39:38.9
8124,,0,ocfspv@ord.gov.in,44:53.6
8125,,0,ocfspv@ord.gov.in,45:28.3
8126,,0,ocfspv@ord.gov.in,48:28.1
8127,,0,ocfspv@ord.gov.in,49:04.6
8128,,0,ocfspv@ord.gov.in,49:38.6
8129,,0,ocfspv@ord.gov.in,50:17.5
8130,,0,ocfspv@ord.gov.in,52:23.6
8131,,0,ocfspv@ord.gov.in,52:51.3
8132,,0,ocfspv@ord.gov.in,54:26.3
8133,,0,ocfspv@ord.gov.in,56:41.6
8134,,0,ocfspv@ord.gov.in,57:28.5
8135,,0,ocfspv@ord.gov.in,58:03.9
8136,,0,ocfspv@ord.gov.in,58:46.5
8137,,0,ocfspv@ord.gov.in,59:45.4
8138,,0,ocfspv@ord.gov.in,01:24.5
8139,,0,ocfspv@ord.gov.in,02:55.8
8140,,0,ocfspv@ord.gov.in,04:14.6
8141,,0,ocfspv@ord.gov.in,04:42.1
8142,,0,ocfspv@ord.gov.in,05:10.4
8143,,0,ocfspv@ord.gov.in,08:29.2
8144,,0,ocfspv@ord.gov.in,09:12.3
8145,,0,ocfspv@ord.gov.in,10:17.3
8146,,0,ocfspv@ord.gov.in,11:54.7
8147,,0,ocfspv@ord.gov.in,12:35.5
8148,,0,ocfspv@ord.gov.in,13:12.8
8149,,0,ocfspv@ord.gov.in,13:44.3
8150,,0,ocfspv@ord.gov.in,15:04.8
8151,,0,ocfspv@ord.gov.in,18:48.6
8152,,0,ocfspv@ord.gov.in,19:24.4
8153,,0,ocfspv@ord.gov.in,19:59.2
8154,,0,ocfspv@ord.gov.in,20:34.3
8155,,0,ocfspv@ord.gov.in,21:03.7
8156,,0,ocfspv@ord.gov.in,24:25.2
8157,,0,ocfspv@ord.gov.in,25:15.9
8158,,0,ocfspv@ord.gov.in,25:48.4
8159,,0,ocfspv@ord.gov.in,26:16.3
8160,,0,ocfspv@ord.gov.in,29:50.8
8161,,0,ocfspv@ord.gov.in,30:23.6
8162,,0,ocfspv@ord.gov.in,34:53.8
8163,,0,ocfspv@ord.gov.in,35:48.7
8164,,0,ocfspv@ord.gov.in,37:39.9
8165,,0,ocfspv@ord.gov.in,39:25.2
8166,,0,ocfspv@ord.gov.in,39:53.7
8167,Surface Coating,0,ramkeshmeena@ord.gov.in,23:54.7
8168,,0,ramkeshmeena@ord.gov.in,26:53.2
8169,,0,ramkeshmeena@ord.gov.in,28:13.3
8170,SURVEV VESSEL LARGE (SVL),0,Chowdhury.Santanu@grse.co.in,28:23.8
8171,,0,ramkeshmeena@ord.gov.in,31:11.8
8172,,0,pramithch@bel.co.in,32:53.7
8173,,0,ramkeshmeena@ord.gov.in,33:38.3
8174,,0,pramithch@bel.co.in,33:50.8
8175,,0,ramkeshmeena@ord.gov.in,35:16.7
8176,,0,pramithch@bel.co.in,36:08.5
8177,,0,ramkeshmeena@ord.gov.in,36:32.9
8178,,0,ramkeshmeena@ord.gov.in,37:08.8
8179,,0,pramithch@bel.co.in,37:10.2
8180,,0,pramithch@bel.co.in,38:03.5
8181,,0,ramkeshmeena@ord.gov.in,38:43.2
8182,,0,pramithch@bel.co.in,39:02.1
8183,,0,pramithch@bel.co.in,40:48.2
8184,,0,ramkeshmeena@ord.gov.in,41:45.7
8185,,0,pramithch@bel.co.in,42:25.2
8186,,0,pramithch@bel.co.in,43:43.7
8187,,0,arpitsingh@ord.gov.in,46:30.7
8188,,0,ramkeshmeena@ord.gov.in,46:31.0
8189,,0,pramithch@bel.co.in,46:55.3
8190,,0,ramkeshmeena@ord.gov.in,47:42.6
8191,,0,pramithch@bel.co.in,47:55.0
8192,,0,pramithch@bel.co.in,48:32.1
8193,,0,pramithch@bel.co.in,49:46.2
8194,,0,ramkeshmeena@ord.gov.in,50:49.4
8195,,0,pramithch@bel.co.in,50:50.1
8196,,0,pramithch@bel.co.in,51:46.4
8197,,0,ramkeshmeena@ord.gov.in,51:46.9
8198,,0,arpitsingh@ord.gov.in,51:55.1
8199,,0,pramithch@bel.co.in,52:28.5
8200,,0,arpitsingh@ord.gov.in,52:51.8
8201,,0,pramithch@bel.co.in,53:24.7
8202,,0,ramkeshmeena@ord.gov.in,53:54.3
8203,,0,pramithch@bel.co.in,53:58.2
8204,,0,arpitsingh@ord.gov.in,54:00.9
8205,,0,pramithch@bel.co.in,55:27.1
8206,,0,arpitsingh@ord.gov.in,57:34.9
8207,Clothing & general stores,0,amitkumarpatel@ord.gov.in,57:41.5
8208,Light,0,hsyadav1@ord.gov.in,58:24.2
8209,,0,pramithch@bel.co.in,00:56.3
8210,,0,pramithch@bel.co.in,02:28.0
8211,,0,pramithch@bel.co.in,03:04.9
8212,,0,sudarshanas@bel.co.in,03:18.3
8213,,0,arpitsingh@ord.gov.in,03:35.7
8214,,0,sudarshanas@bel.co.in,03:37.4
8215,,0,sudarshanas@bel.co.in,04:07.7
8216,Clothing & general stores,0,amitkumarpatel@ord.gov.in,04:08.0
8217,,0,sudarshanas@bel.co.in,04:20.6
8218,,0,pramithch@bel.co.in,04:22.1
8219,,0,sudarshanas@bel.co.in,05:04.7
8220,,0,sudarshanas@bel.co.in,05:29.4
8221,,0,santhosha.goni@bemlltd.in,05:35.9
8222,,0,sudarshanas@bel.co.in,06:25.0
8223,,0,sudarshanas@bel.co.in,06:43.8
8224,,0,sudarshanas@bel.co.in,07:05.2
8225,,0,sudarshanas@bel.co.in,07:17.2
8226,,0,himanshuverma@ord.gov.in,07:24.6
8227,,0,sudarshanas@bel.co.in,07:48.3
8228,,0,sudarshanas@bel.co.in,07:59.1
8229,,0,sudarshanas@bel.co.in,08:34.6
8230,,0,sudarshanas@bel.co.in,09:00.0
8231,Clothing & general stores,0,amitkumarpatel@ord.gov.in,10:50.8
8232,,0,sudarshanas@bel.co.in,10:55.6
8233,,0,amitkumar6@ord.gov.in,11:10.6
8234,,0,sudarshanas@bel.co.in,11:17.9
8235,,0,sudarshanas@bel.co.in,11:42.9
8236,,0,pramithch@bel.co.in,12:07.0
8237,,0,himanshuverma@ord.gov.in,13:07.1
8238,,0,amitkumar6@ord.gov.in,13:35.3
8239,,0,garimasingh@ord.gov.in,13:52.0
8240,,0,pramithch@bel.co.in,14:11.5
8241,,0,sudarshanas@bel.co.in,14:24.5
8242,,0,amitkumarpatel@ord.gov.in,14:38.9
8243,,0,pramithch@bel.co.in,15:27.2
8244,,0,garimasingh@ord.gov.in,15:48.6
8245,,0,sudarshanas@bel.co.in,15:52.6
8246,Clothing & general stores,0,amitkumarpatel@ord.gov.in,16:05.0
8247,,0,himanshuverma@ord.gov.in,16:20.9
8248,,0,amitkumar6@ord.gov.in,16:26.0
8249,,0,pramithch@bel.co.in,16:54.8
8250,,0,arpitsingh@ord.gov.in,17:21.1
8251,,0,sudarshanas@bel.co.in,17:23.2
8252,Clothing & general stores,0,amitkumarpatel@ord.gov.in,17:50.2
8253,,0,himanshuverma@ord.gov.in,18:33.0
8254,,0,garimasingh@ord.gov.in,18:45.7
8255,,0,arpitsingh@ord.gov.in,18:48.6
8256,,0,pramithch@bel.co.in,18:57.8
8257,,0,pramithch@bel.co.in,19:42.3
8258,,0,amitkumar6@ord.gov.in,19:48.7
8259,,0,garimasingh@ord.gov.in,20:11.4
8260,,0,sudarshanas@bel.co.in,20:11.4
8261,,0,sudarshanas@bel.co.in,20:27.6
8262,Clothing & general stores,0,amitkumarpatel@ord.gov.in,20:47.1
8263,,0,pramithch@bel.co.in,21:13.4
8264,Clothing & general stores,0,amitkumarpatel@ord.gov.in,21:22.4
8265,,0,garimasingh@ord.gov.in,21:35.5
8266,Clothing & general stores,0,amitkumarpatel@ord.gov.in,21:53.9
8267,,0,himanshuverma@ord.gov.in,22:01.4
8268,,0,pramithch@bel.co.in,22:16.8
8269,,0,sudarshanas@bel.co.in,22:16.8
8270,,0,sudarshanas@bel.co.in,22:32.5
8271,Clothing & general stores,0,amitkumarpatel@ord.gov.in,22:43.9
8272,,0,garimasingh@ord.gov.in,22:48.9
8273,,0,sudarshanas@bel.co.in,22:51.2
8274,,0,pramithch@bel.co.in,22:54.3
8275,,0,arpitsingh@ord.gov.in,23:16.9
8276,,0,sudarshanas@bel.co.in,23:28.2
8277,Clothing & general stores,0,amitkumarpatel@ord.gov.in,23:30.0
8278,,0,pramithch@bel.co.in,23:57.4
8279,,0,arpitsingh@ord.gov.in,24:05.4
8280,,0,garimasingh@ord.gov.in,24:06.8
8281,,0,sudarshanas@bel.co.in,24:29.9
8282,,0,arpitsingh@ord.gov.in,25:06.6
8283,,0,garimasingh@ord.gov.in,25:06.7
8284,,0,sudarshanas@bel.co.in,25:59.2
8285,,0,pramithch@bel.co.in,26:04.2
8286,,0,garimasingh@ord.gov.in,26:18.0
8287,,0,sudarshanas@bel.co.in,26:23.2
8288,,0,sudarshanas@bel.co.in,26:37.1
8289,,0,arpitsingh@ord.gov.in,26:51.8
8290,,0,garimasingh@ord.gov.in,27:03.8
8291,,0,sudarshanas@bel.co.in,27:16.7
8292,,0,pramithch@bel.co.in,27:17.4
8293,,0,amitkumar6@ord.gov.in,27:18.8
8294,,0,arpitsingh@ord.gov.in,27:29.5
8295,,0,sudarshanas@bel.co.in,27:35.5
8296,,0,pramithch@bel.co.in,28:08.0
8297,,0,sudarshanas@bel.co.in,28:09.0
8298,,0,arpitsingh@ord.gov.in,28:17.8
8299,,0,pramithch@bel.co.in,28:58.3
8300,,0,sudarshanas@bel.co.in,29:21.9
8301,,0,sudarshanas@bel.co.in,29:40.9
8302,,0,pramithch@bel.co.in,29:43.6
8303,,0,sudarshanas@bel.co.in,29:59.0
8304,,0,sudarshanas@bel.co.in,30:17.5
8305,,0,arpitsingh@ord.gov.in,30:18.0
8306,,0,sudarshanas@bel.co.in,30:35.4
8307,,0,arpitsingh@ord.gov.in,30:53.9
8308,,0,sudarshanas@bel.co.in,30:56.2
8309,,0,garimasingh@ord.gov.in,31:00.4
8310,,0,amitkumar6@ord.gov.in,31:34.4
8311,,0,arpitsingh@ord.gov.in,31:41.9
8312,,0,garimasingh@ord.gov.in,31:51.8
8313,,0,sudarshanas@bel.co.in,32:20.6
8314,,0,garimasingh@ord.gov.in,32:37.7
8315,,0,sudarshanas@bel.co.in,32:40.5
8316,,0,pramithch@bel.co.in,32:47.5
8317,,0,sudarshanas@bel.co.in,32:57.1
8318,,0,sudarshanas@bel.co.in,33:13.3
8319,,0,garimasingh@ord.gov.in,33:25.4
8320,,0,sudarshanas@bel.co.in,33:27.5
8321,,0,sudarshanas@bel.co.in,33:46.1
8322,,0,pramithch@bel.co.in,33:46.6
8323,,0,amitkumar6@ord.gov.in,33:49.7
8324,,0,sudarshanas@bel.co.in,34:13.0
8325,,0,garimasingh@ord.gov.in,34:22.9
8326,,0,arpitsingh@ord.gov.in,34:33.2
8327,,0,sudarshanas@bel.co.in,34:35.3
8328,,0,pramithch@bel.co.in,34:47.6
8329,,0,garimasingh@ord.gov.in,35:29.4
8330,,0,pramithch@bel.co.in,35:48.7
8331,leather item,0,arpitsingh@ord.gov.in,35:57.8
8332,,0,garimasingh@ord.gov.in,36:14.4
8333,,0,sudarshanas@bel.co.in,36:23.2
8334,,0,pramithch@bel.co.in,36:37.4
8335,,0,sudarshanas@bel.co.in,36:43.2
8336,,0,amitkumar6@ord.gov.in,37:02.9
8337,,0,garimasingh@ord.gov.in,37:06.2
8338,,0,pramithch@bel.co.in,37:41.5
8339,,0,sudarshanas@bel.co.in,37:46.9
8340,,0,sudarshanas@bel.co.in,38:09.5
8341,,0,sudarshanas@bel.co.in,38:30.2
8342,,0,sudarshanas@bel.co.in,38:53.4
8343,,0,arpitsingh@ord.gov.in,39:45.8
8344,,0,garimasingh@ord.gov.in,40:40.2
8345,,0,amitkumar6@ord.gov.in,41:45.3
8346,,0,sudarshanas@bel.co.in,43:07.8
8347,,0,sudarshanas@bel.co.in,43:31.8
8348,,0,sudarshanas@bel.co.in,43:51.2
8349,,0,sudarshanas@bel.co.in,44:15.7
8350,,0,garimasingh@ord.gov.in,44:16.0
8351,,0,amitkumar6@ord.gov.in,45:31.5
8352,,0,garimasingh@ord.gov.in,46:16.2
8353,,0,garimasingh@ord.gov.in,47:08.5
8354,,0,garimasingh@ord.gov.in,50:48.1
8355,,0,garimasingh@ord.gov.in,51:37.9
8356,Bag Kit,0,arpitsingh@ord.gov.in,51:40.7
8357,,0,hsyadav1@ord.gov.in,52:24.9
8358,,0,garimasingh@ord.gov.in,52:45.1
8359,,0,ofajmfcc@ord.gov.in,53:09.7
8360,,0,amitkumar6@ord.gov.in,54:14.3
8361,,0,ramkeshmeena@ord.gov.in,59:03.3
8362,Machine Parts,0,ramkeshmeena@ord.gov.in,01:40.7
8363,,0,amitkumarsarraf@ord.gov.in,05:04.4
8364,,0,ramkeshmeena@ord.gov.in,05:28.0
8365,,0,amitkumar6@ord.gov.in,05:33.7
8366,,0,amitkumarsarraf@ord.gov.in,06:06.6
8367,,0,amitkumarsarraf@ord.gov.in,06:57.8
8368,,0,amitkumarsarraf@ord.gov.in,08:22.6
8369,,0,amitkumarsarraf@ord.gov.in,09:14.2
8370,,0,garimasingh@ord.gov.in,09:46.8
8371,,0,amitkumarsarraf@ord.gov.in,10:38.1
8372,,0,garimasingh@ord.gov.in,10:41.0
8373,,0,garimasingh@ord.gov.in,11:48.7
8374,Electric cable,0,ramkeshmeena@ord.gov.in,11:59.7
8375,,0,garimasingh@ord.gov.in,13:01.7
8376,,0,garimasingh@ord.gov.in,13:38.3
8377,,0,garimasingh@ord.gov.in,14:46.7
8378,,0,garimasingh@ord.gov.in,15:58.4
8379,,0,ramkeshmeena@ord.gov.in,17:36.3
8380,,0,garimasingh@ord.gov.in,17:56.6
8381,,0,garimasingh@ord.gov.in,19:36.1
8382,,0,garimasingh@ord.gov.in,20:28.7
8383,,0,amitkumarsarraf@ord.gov.in,21:56.8
8384,,0,garimasingh@ord.gov.in,22:20.3
8385,,0,garimasingh@ord.gov.in,23:04.3
8386,,0,garimasingh@ord.gov.in,23:53.1
8387,,0,amitkumarsarraf@ord.gov.in,24:42.9
8388,,0,amitkumar6@ord.gov.in,26:11.4
8389,,0,garimasingh@ord.gov.in,29:16.2
8390,,0,amitkumar6@ord.gov.in,29:20.0
8391,,0,amitkumarsarraf@ord.gov.in,29:38.7
8392,,0,ramkeshmeena@ord.gov.in,30:15.7
8393,,0,garimasingh@ord.gov.in,30:18.3
8394,,0,amitkumarsarraf@ord.gov.in,30:43.1
8395,,0,garimasingh@ord.gov.in,31:01.6
8396,,0,amitkumarsarraf@ord.gov.in,31:25.4
8397,,0,garimasingh@ord.gov.in,31:40.6
8398,,0,amitkumarsarraf@ord.gov.in,32:35.4
8399,,0,garimasingh@ord.gov.in,33:02.8
8400,,0,amitkumarsarraf@ord.gov.in,33:18.4
8401,,0,amitkumar6@ord.gov.in,33:25.7
8402,,0,garimasingh@ord.gov.in,33:53.0
8403,,0,amitkumarsarraf@ord.gov.in,33:57.7
8404,Machine Parts,0,ramkeshmeena@ord.gov.in,35:17.1
8405,,0,amitkumar6@ord.gov.in,35:20.0
8406,,0,garimasingh@ord.gov.in,35:38.6
8407,,0,garimasingh@ord.gov.in,36:23.8
8408,,0,amitkumar6@ord.gov.in,36:45.6
8409,,0,garimasingh@ord.gov.in,37:05.0
8410,,0,arpitsingh@ord.gov.in,37:17.5
8411,,0,amitkumarsarraf@ord.gov.in,37:20.0
8412,,0,garimasingh@ord.gov.in,37:49.6
8413,,0,ramkeshmeena@ord.gov.in,38:22.1
8414,,0,garimasingh@ord.gov.in,38:39.6
8415,,0,garimasingh@ord.gov.in,39:25.7
8416,,0,amitkumar6@ord.gov.in,39:27.1
8417,,0,amitkumarsarraf@ord.gov.in,39:39.0
8418,,0,garimasingh@ord.gov.in,40:18.1
8419,,0,garimasingh@ord.gov.in,41:04.2
8420,,0,amitkumar6@ord.gov.in,41:06.1
8421,,0,garimasingh@ord.gov.in,41:44.9
8422,,0,amitkumar6@ord.gov.in,42:01.0
8423,,0,garimasingh@ord.gov.in,42:45.8
8424,,0,amitkumar6@ord.gov.in,43:35.3
8425,,0,garimasingh@ord.gov.in,43:40.3
8426,,0,amitkumarsarraf@ord.gov.in,44:08.3
8427,,0,amitkumarsarraf@ord.gov.in,44:59.1
8428,,0,amitkumar6@ord.gov.in,45:19.5
8429,,0,garimasingh@ord.gov.in,46:19.6
8430,,0,garimasingh@ord.gov.in,47:18.2
8431,,0,garimasingh@ord.gov.in,48:19.3
8432,,0,garimasingh@ord.gov.in,49:10.6
8433,,0,amitkumar6@ord.gov.in,49:39.7
8434,,0,garimasingh@ord.gov.in,49:59.9
8435,,0,garimasingh@ord.gov.in,50:55.8
8436,,0,amitkumarsarraf@ord.gov.in,51:05.3
8437,,0,amitkumarsarraf@ord.gov.in,51:39.2
8438,,0,garimasingh@ord.gov.in,51:52.8
8439,,0,amitkumar6@ord.gov.in,52:15.1
8440,,0,hod-imm-co@hal-india.co.in,53:27.0
8441,,0,garimasingh@ord.gov.in,53:28.8
8442,,0,arpitsingh@ord.gov.in,53:43.3
8443,,0,amitkumarsarraf@ord.gov.in,54:34.1
8444,,0,garimasingh@ord.gov.in,54:55.9
8445,,0,himanshuverma@ord.gov.in,55:04.6
8446,,0,amitkumar6@ord.gov.in,55:47.3
8447,,0,garimasingh@ord.gov.in,56:17.7
8448,,0,arpitsingh@ord.gov.in,57:14.1
8449,,0,garimasingh@ord.gov.in,57:24.4
8450,,0,hod-imm-co@hal-india.co.in,58:30.9
8451,,0,garimasingh@ord.gov.in,58:31.4
8452,,0,arpitsingh@ord.gov.in,59:20.1
8453,,0,garimasingh@ord.gov.in,59:28.4
8454,,0,hod-imm-co@hal-india.co.in,00:23.1
8455,,0,himanshuverma@ord.gov.in,00:35.7
8456,,0,amitkumarsarraf@ord.gov.in,00:45.8
8457,,0,garimasingh@ord.gov.in,01:13.1
8458,,0,amitkumarsarraf@ord.gov.in,01:13.5
8459,,0,himanshuverma@ord.gov.in,01:39.9
8460,,0,amitkumarsarraf@ord.gov.in,01:44.0
8461,,0,garimasingh@ord.gov.in,02:03.8
8462,,0,amitkumarsarraf@ord.gov.in,02:14.1
8463,PLASTIC TRAY,0,amitkumar6@ord.gov.in,02:16.3
8464,PLATFORM TRUCK (3 TON),0,hod-imm-co@hal-india.co.in,02:16.7
8465,,0,himanshuverma@ord.gov.in,02:51.3
8466,,0,garimasingh@ord.gov.in,03:17.3
8467,5.5 DIGIT MULTIMETER,0,hod-imm-co@hal-india.co.in,03:27.9
8468,,0,amitkumarsarraf@ord.gov.in,03:31.5
8469,,0,himanshuverma@ord.gov.in,05:25.9
8470,,0,amitkumarsarraf@ord.gov.in,05:47.0
8471,,0,hod-imm-co@hal-india.co.in,05:52.3
8472,,0,himanshuverma@ord.gov.in,06:18.5
8473,,0,amitkumarsarraf@ord.gov.in,06:21.0
8474,,0,amitkumar6@ord.gov.in,06:27.6
8475,,0,amitkumarsarraf@ord.gov.in,07:00.2
8476,O-Level Tester for CMDS,0,hod-imm-co@hal-india.co.in,07:20.9
8477,,0,amitkumarsarraf@ord.gov.in,07:56.7
8478,,0,himanshuverma@ord.gov.in,08:00.7
8479,,0,amitkumarsarraf@ord.gov.in,09:33.7
8480,Packing items,0,arpitsingh@ord.gov.in,09:43.3
8481,Dew Point Instrument,0,hod-imm-co@hal-india.co.in,09:45.5
8482,,0,amitkumar6@ord.gov.in,09:58.6
8483,Tool presetter,0,hod-imm-co@hal-india.co.in,11:07.1
8484,,0,amitkumarsarraf@ord.gov.in,11:19.7
8485,Packing items,0,arpitsingh@ord.gov.in,11:39.5
8486,,0,amitkumar6@ord.gov.in,12:13.3
8487,Furniture,0,hod-imm-co@hal-india.co.in,12:36.5
8488,,0,amitkumarsarraf@ord.gov.in,12:40.5
8489,,0,arpitsingh@ord.gov.in,13:15.3
8490,POLISHING MACHINE,0,hod-imm-co@hal-india.co.in,13:53.7
8491,,0,amitkumarsarraf@ord.gov.in,14:41.9
8492,,0,amitkumarsarraf@ord.gov.in,15:19.9
8493,,0,amitkumarsarraf@ord.gov.in,15:35.3
8494,,0,amitkumarsarraf@ord.gov.in,16:46.5
8495,,0,amitkumarsarraf@ord.gov.in,17:14.7
8496,,0,amitkumar6@ord.gov.in,17:20.1
8497,ULTRASONIC CLEANING BATH,0,hod-imm-co@hal-india.co.in,18:47.5
8498,,0,amitkumar6@ord.gov.in,19:05.8
8499,Electrospindle HSK-A-63 for CMS make CNC router machine,0,hod-imm-co@hal-india.co.in,20:56.5
8500,,0,garimasingh@ord.gov.in,22:08.4
8501,,0,garimasingh@ord.gov.in,23:09.3
8502,RETROFITMENT OF DMU 60T CNC MACHINE,0,hod-imm-co@hal-india.co.in,23:30.6
8503,,0,garimasingh@ord.gov.in,24:11.1
8504,,0,arpitsingh@ord.gov.in,24:29.4
8505,ROBOT UPGRADATION-CONTROLLER,0,hod-imm-co@hal-india.co.in,24:48.6
8506,,0,garimasingh@ord.gov.in,25:08.9
8507,VAPOUR BLASING MACHINE,0,hod-imm-co@hal-india.co.in,25:41.5
8508,,0,garimasingh@ord.gov.in,26:03.2
8509,,0,garimasingh@ord.gov.in,27:15.8
8510,,0,garimasingh@ord.gov.in,28:49.1
8511,,0,garimasingh@ord.gov.in,29:47.9
8512,,0,garimasingh@ord.gov.in,30:39.8
8513,,0,garimasingh@ord.gov.in,31:30.7
8514,,0,garimasingh@ord.gov.in,32:45.5
8515,,0,garimasingh@ord.gov.in,33:37.4
8516,,0,arpitsingh@ord.gov.in,34:04.3
8517,,0,garimasingh@ord.gov.in,34:40.7
8518,HYDRAULIC OIL PURIFIER,0,hod-imm-co@hal-india.co.in,35:20.3
8519,,0,arpitsingh@ord.gov.in,35:42.0
8520,,0,garimasingh@ord.gov.in,36:02.9
8521,,0,garimasingh@ord.gov.in,37:01.0
8522,,0,arpitsingh@ord.gov.in,37:48.0
8523,,0,garimasingh@ord.gov.in,38:12.4
8524,,0,garimasingh@ord.gov.in,39:06.1
8525,,0,garimasingh@ord.gov.in,40:14.6
8526,,0,arpitsingh@ord.gov.in,40:18.8
8527,,0,garimasingh@ord.gov.in,41:27.6
8528,,0,arpitsingh@ord.gov.in,41:29.5
8529,Packing items,0,arpitsingh@ord.gov.in,42:13.7
8530,,0,garimasingh@ord.gov.in,42:35.0
8531,,0,garimasingh@ord.gov.in,43:34.2
8532,,0,garimasingh@ord.gov.in,44:31.1
8533,,0,garimasingh@ord.gov.in,45:36.4
8534,,0,garimasingh@ord.gov.in,46:40.8
8535,,0,garimasingh@ord.gov.in,47:43.0
8536,,0,garimasingh@ord.gov.in,48:45.9
8537,,0,garimasingh@ord.gov.in,49:47.2
8538,,0,garimasingh@ord.gov.in,50:43.8
8539,,0,garimasingh@ord.gov.in,56:11.1
8540,,0,garimasingh@ord.gov.in,58:00.3
8541,,0,garimasingh@ord.gov.in,59:47.7
8542,,0,garimasingh@ord.gov.in,02:38.1
8543,,0,garimasingh@ord.gov.in,12:14.4
8544,,0,garimasingh@ord.gov.in,24:10.2
8545,TEST FACILITY FOR INTERCOM,0,hod-imm-co@hal-india.co.in,38:44.6
8546,"Electric Powered and thyristor controller operated, circulation type, multistage Air Heater",0,hod-imm-co@hal-india.co.in,39:47.7
8547,Laser scanner,0,hod-imm-co@hal-india.co.in,41:38.2
8548,,0,hod-imm-co@hal-india.co.in,42:32.4
8549,,0,hod-imm-co@hal-india.co.in,44:13.3
8550,THRULINE WATTMETER AND THRULINE WATTMETER ELEMENTS,0,hod-imm-co@hal-india.co.in,45:13.8
8551,"DC MELTING POWER SUPPLY(RATING: 20 KA, 70VDC) FOR TITANIUM ARC MELTING FURNACE.",0,hod-imm-co@hal-india.co.in,46:44.2
8552,ENHANCEMENT OF MX-ONE SYSTEM OF TELEPHONE EXCHANGE,0,hod-imm-co@hal-india.co.in,47:43.8
8553,HIGH PRECISION MICRO EDM DRILLING MACHINE,0,hod-imm-co@hal-india.co.in,49:01.2
8554,PROCESS WATER SUPPLY SYSTEM FOR ENGINE TEST CELL NO.: 09,0,hod-imm-co@hal-india.co.in,50:12.8
8555,,0,hod-imm-co@hal-india.co.in,52:02.3
8556,"VIBRATION FATIGUE TESTING MACHINE ALONG WITH STROBOSCOPE TRAVELLING MICROSCOPE, LASER DISPLACEMENT U",0,hod-imm-co@hal-india.co.in,53:00.0
8557,HANDHELD DIGITAL MULTIMETER Model : U1252B Make : Keysight,0,hod-imm-co@hal-india.co.in,54:29.8
8558,EXHAUST DETUNER ASSEMBLY OF TEST CELL NO.: 09 (1 SET),0,hod-imm-co@hal-india.co.in,56:13.2
8559,MICRO HARDNESS TESTER,0,hod-imm-co@hal-india.co.in,57:09.6
8560,HEAD SET FOR FDR/CVR,0,hod-imm-co@hal-india.co.in,58:37.7
8561,FREQUENCY TESTING MACHINE,0,hod-imm-co@hal-india.co.in,59:42.2
8562,AC DC GROUND POWER UNIT,0,hod-imm-co@hal-india.co.in,01:06.3
8563,FUEL BOWSER 10 KL CAPACITY,0,hod-imm-co@hal-india.co.in,06:35.7
8564,"Non lubricated, Reciprocating type , water cooled, horizontal Air Compressor",0,hod-imm-co@hal-india.co.in,07:56.5
8565,MOORING KIT-LCH,0,hod-imm-co@hal-india.co.in,08:55.9
8566,,0,hod-imm-co@hal-india.co.in,10:53.5
8567,,0,hod-imm-co@hal-india.co.in,12:13.9
8568,CNC Wire Cut EDM Machine along with required accessories.,0,hod-imm-co@hal-india.co.in,13:11.7
8569,SPINDLE UNIT (ISO50),0,hod-imm-co@hal-india.co.in,14:49.4
8570,Control Test Unit for BARK-78 (VK-2,0,hod-imm-co@hal-india.co.in,16:12.2
8571,THEODLITE,0,hod-imm-co@hal-india.co.in,17:18.4
8572,,0,hod-imm-co@hal-india.co.in,18:22.4
8573,COOLANT FILTRATION SYSTEM,0,hod-imm-co@hal-india.co.in,20:03.0
8574,COOLANT FILTRATION SYSTEM,0,hod-imm-co@hal-india.co.in,20:03.6
8575,BLADE BALANCING AND TRACKING KIT,0,hod-imm-co@hal-india.co.in,21:10.8
8576,PORTABLE HARDNESS TESTER,0,hod-imm-co@hal-india.co.in,22:01.8
8577,RIG FOR CHECKING FEEDBACK OF SENSORS (EL-2827),0,hod-imm-co@hal-india.co.in,23:03.5
8578,,0,hod-imm-co@hal-india.co.in,23:54.6
8579,Air Filter assembly,0,hod-imm-co@hal-india.co.in,26:07.4
8580,UPGRADATION OF DIGIWEB SERVER BY SIEMENS MAKE CONTROL SYSTEM FOR 1300 TON SCREW,0,hod-imm-co@hal-india.co.in,27:54.4
8581,,0,bdldgmcc-ap@bdl-india.in,31:00.3
8582,,0,bdldgmcc-ap@bdl-india.in,39:16.2
8583,,0,bdldgmcc-ap@bdl-india.in,50:33.2
8584,,0,bdldgmcc-ap@bdl-india.in,53:40.6
8585,,0,hsyadav1@ord.gov.in,57:44.9
8586,,0,ankit_kumar@bel.co.in,01:03.3
8587,,0,ankit_kumar@bel.co.in,02:05.9
8588,,0,ankit_kumar@bel.co.in,04:35.7
8589,Packing items,0,arpitsingh@ord.gov.in,05:00.3
8590,,0,hsyadav1@ord.gov.in,06:46.9
8591,,0,ankit_kumar@bel.co.in,07:00.0
8592,,0,pramithch@bel.co.in,08:11.4
8593,,0,ofajmfcc@ord.gov.in,09:35.7
8594,,0,ankit_kumar@bel.co.in,09:36.4
8595,,0,ofajmfcc@ord.gov.in,11:10.9
8596,,0,ankit_kumar@bel.co.in,13:41.3
8597,,0,ankit_kumar@bel.co.in,16:53.7
8598,,0,ofajmfcc@ord.gov.in,18:43.8
8599,,0,ankit_kumar@bel.co.in,19:57.4
8600,,0,garimasingh@ord.gov.in,21:31.3
8601,,0,arpitsingh@ord.gov.in,22:02.0
8602,,0,ofajmfcc@ord.gov.in,22:08.0
8603,,0,garimasingh@ord.gov.in,22:21.7
8604,,0,ankit_kumar@bel.co.in,22:25.6
8605,,0,arpitsingh@ord.gov.in,23:27.5
8606,,0,ankit_kumar@bel.co.in,23:37.5
8607,,0,ofajmfcc@ord.gov.in,24:14.8
8608,,0,arpitsingh@ord.gov.in,24:33.7
8609,,0,garimasingh@ord.gov.in,25:11.1
8610,,0,ankit_kumar@bel.co.in,25:49.9
8611,Packing items,0,arpitsingh@ord.gov.in,26:09.9
8612,,0,ofajmfcc@ord.gov.in,26:42.6
8613,,0,ankit_kumar@bel.co.in,28:01.7
8614,,0,ofajmfcc@ord.gov.in,28:01.9
8615,,0,garimasingh@ord.gov.in,28:06.9
8616,,0,ofajmfcc@ord.gov.in,29:45.2
8617,,0,ankit_kumar@bel.co.in,29:45.7
8618,,0,himanshuverma@ord.gov.in,30:18.1
8619,,0,ankit_kumar@bel.co.in,30:34.6
8620,,0,ankit_kumar@bel.co.in,31:46.3
8621,,0,ofajmfcc@ord.gov.in,31:59.0
8622,,0,garimasingh@ord.gov.in,32:26.3
8623,,0,ankit_kumar@bel.co.in,34:32.7
8624,,0,ankit_kumar@bel.co.in,36:50.5
8625,,0,garimasingh@ord.gov.in,37:18.1
8626,,0,garimasingh@ord.gov.in,38:06.5
8627,,0,ofajmfcc@ord.gov.in,38:15.9
8628,,0,ankit_kumar@bel.co.in,38:27.2
8629,,0,garimasingh@ord.gov.in,38:57.4
8630,,0,ofajmfcc@ord.gov.in,41:29.7
8631,,0,ankit_kumar@bel.co.in,41:48.7
8632,,0,ankit_kumar@bel.co.in,43:02.0
8633,,0,ofajmfcc@ord.gov.in,43:17.3
8634,,0,ankit_kumar@bel.co.in,45:52.0
8635,,0,ankit_kumar@bel.co.in,46:54.1
8636,,0,ankit_kumar@bel.co.in,47:53.8
8637,,0,ofajmfcc@ord.gov.in,49:05.4
8638,,0,ankit_kumar@bel.co.in,49:37.8
8639,ARMOUR PANEL,0,garimasingh@ord.gov.in,49:38.9
8640,,0,arpitsingh@ord.gov.in,50:07.2
8641,,0,ofajmfcc@ord.gov.in,51:07.9
8642,,0,ankit_kumar@bel.co.in,52:27.0
8643,ARMOUR PANEL,0,garimasingh@ord.gov.in,52:34.0
8644,,0,himanshuverma@ord.gov.in,53:04.4
8645,,0,arpitsingh@ord.gov.in,54:10.4
8646,,0,ankit_kumar@bel.co.in,54:51.9
8647,,0,ofajmfcc@ord.gov.in,55:05.3
8648,,0,himanshuverma@ord.gov.in,55:27.7
8649,,0,himanshuverma@ord.gov.in,56:14.4
8650,,0,ofajmfcc@ord.gov.in,56:51.2
8651,,0,arpitsingh@ord.gov.in,57:08.6
8652,,0,arpitsingh@ord.gov.in,57:58.4
8653,,0,himanshuverma@ord.gov.in,58:20.4
8654,,0,arpitsingh@ord.gov.in,58:45.8
8655,,0,garimasingh@ord.gov.in,58:47.6
8656,,0,dqawp@navy.gov.in,59:42.3
8657,BODY ARMOUR,0,garimasingh@ord.gov.in,00:07.5
8658,,0,himanshuverma@ord.gov.in,00:14.3
8659,,0,ankit_kumar@bel.co.in,00:27.6
8660,,0,ofajmfcc@ord.gov.in,01:11.6
8661,,0,himanshuverma@ord.gov.in,02:02.5
8662,,0,himanshuverma@ord.gov.in,04:22.7
8663,,0,himanshuverma@ord.gov.in,05:30.1
8664,,0,ankit_kumar@bel.co.in,05:58.8
8665,,0,ramkeshmeena@ord.gov.in,06:00.1
8666,,0,arpitsingh@ord.gov.in,06:00.9
8667,,0,arpitsingh@ord.gov.in,06:33.5
8668,,0,arpitsingh@ord.gov.in,07:15.1
8669,,0,himanshuverma@ord.gov.in,07:26.6
8670,,0,arpitsingh@ord.gov.in,07:43.1
8671,,0,ankit_kumar@bel.co.in,08:55.2
8672,,0,arpitsingh@ord.gov.in,09:09.9
8673,,0,himanshuverma@ord.gov.in,09:26.3
8674,,0,himanshuverma@ord.gov.in,11:14.3
8675,,0,ankit_kumar@bel.co.in,12:59.9
8676,,0,himanshuverma@ord.gov.in,13:11.6
8677,,0,arpitsingh@ord.gov.in,13:28.3
8678,,0,himanshuverma@ord.gov.in,14:17.3
8679,,0,arpitsingh@ord.gov.in,14:30.0
8680,,0,arpitsingh@ord.gov.in,16:49.7
8681,Packing items,0,arpitsingh@ord.gov.in,17:58.7
8682,,0,bdldgmcc-ap@bdl-india.in,18:54.3
8683,Packing items,0,arpitsingh@ord.gov.in,19:11.5
8684,,0,ankit_kumar@bel.co.in,19:21.8
8685,,0,himanshuverma@ord.gov.in,19:48.6
8686,,0,arpitsingh@ord.gov.in,20:04.3
8687,,0,ankit_kumar@bel.co.in,20:58.2
8688,,0,arpitsingh@ord.gov.in,21:39.9
8689,,0,ankit_kumar@bel.co.in,22:30.8
8690,,0,himanshuverma@ord.gov.in,22:33.1
8691,inter connecting cables,0,sudhakarkalyani@bel.co.in,23:11.8
8692,,0,ankit_kumar@bel.co.in,23:40.5
8693,,0,arpitsingh@ord.gov.in,23:42.1
8694,,0,himanshuverma@ord.gov.in,23:56.9
8695,,0,sudhakarkalyani@bel.co.in,25:10.5
8696,,0,ankit_kumar@bel.co.in,26:08.9
8697,,0,himanshuverma@ord.gov.in,26:37.2
8698,,0,ankit_kumar@bel.co.in,27:36.7
8699,,0,himanshuverma@ord.gov.in,27:59.4
8700,,0,arpitsingh@ord.gov.in,28:03.8
8701,,0,himanshuverma@ord.gov.in,29:57.2
8702,,0,arpitsingh@ord.gov.in,31:19.8
8703,,0,dqawp@navy.gov.in,31:46.4
8704,,0,ankit_kumar@bel.co.in,32:39.9
8705,,0,arpitsingh@ord.gov.in,33:30.3
8706,,0,arpitsingh@ord.gov.in,34:06.0
8707,,0,ankit_kumar@bel.co.in,34:40.4
8708,IT Hardware,0,ramkeshmeena@ord.gov.in,34:49.1
8709,,0,arpitsingh@ord.gov.in,34:57.6
8710,,0,himanshuverma@ord.gov.in,35:18.4
8711,,0,dqawp@navy.gov.in,35:41.8
8712,,0,ankit_kumar@bel.co.in,36:26.9
8713,,0,arpitsingh@ord.gov.in,36:27.8
8714,,0,dqawp@navy.gov.in,36:38.0
8715,,0,arpitsingh@ord.gov.in,37:11.0
8716,,0,himanshuverma@ord.gov.in,37:18.4
8717,,0,arpitsingh@ord.gov.in,37:49.6
8718,,0,himanshuverma@ord.gov.in,38:07.3
8719,,0,dqawp@navy.gov.in,38:07.6
8720,,0,arpitsingh@ord.gov.in,38:46.3
8721,,0,ankit_kumar@bel.co.in,38:57.6
8722,,0,ankit_kumar@bel.co.in,38:58.1
8723,Office Stationary,0,ramkeshmeena@ord.gov.in,39:11.0
8724,,0,dqawp@navy.gov.in,39:16.5
8725,,0,himanshuverma@ord.gov.in,39:21.6
8726,,0,amitkumar6@ord.gov.in,39:41.5
8727,,0,arpitsingh@ord.gov.in,40:18.7
8728,,0,arpitsingh@ord.gov.in,40:44.9
8729,,0,himanshuverma@ord.gov.in,40:46.8
8730,,0,ramkeshmeena@ord.gov.in,40:51.6
8731,,0,arpitsingh@ord.gov.in,41:17.1
8732,,0,dqawp@navy.gov.in,41:55.3
8733,,0,arpitsingh@ord.gov.in,42:02.0
8734,,0,himanshuverma@ord.gov.in,42:32.6
8735,,0,amitkumar6@ord.gov.in,42:40.0
8736,,0,arpitsingh@ord.gov.in,43:44.0
8737,,0,bdldgmcc-ap@bdl-india.in,43:46.3
8738,,0,ramkeshmeena@ord.gov.in,43:57.2
8739,,0,himanshuverma@ord.gov.in,44:15.8
8740,,0,bdldgmcc-ap@bdl-india.in,44:24.4
8741,,0,bdldgmcc-ap@bdl-india.in,44:51.4
8742,,0,himanshuverma@ord.gov.in,45:05.8
8743,,0,arpitsingh@ord.gov.in,45:07.4
8744,,0,dqawp@navy.gov.in,45:21.7
8745,,0,bdldgmcc-ap@bdl-india.in,45:22.1
8746,,0,bdldgmcc-ap@bdl-india.in,45:53.2
8747,,0,dqawp@navy.gov.in,46:26.0
8748,,0,amitkumar6@ord.gov.in,46:31.2
8749,,0,bdldgmcc-ap@bdl-india.in,46:31.7
8750,,0,ramkeshmeena@ord.gov.in,46:34.8
8751,,0,arpitsingh@ord.gov.in,46:45.8
8752,,0,ramkeshmeena@ord.gov.in,49:58.3
8753,,0,ramkeshmeena@ord.gov.in,51:37.1
8754,,0,himanshuverma@ord.gov.in,54:40.8
8755,,0,himanshuverma@ord.gov.in,56:03.5
8756,,0,ramkeshmeena@ord.gov.in,56:44.2
8757,,0,vmishra@mazdock.com,57:49.1
8758,,0,arpitsingh@ord.gov.in,58:21.2
8759,,0,vmishra@mazdock.com,59:12.7
8760,,0,vmishra@mazdock.com,59:37.8
8761,,0,vmishra@mazdock.com,00:15.4
8762,,0,bdldgmcc-ap@bdl-india.in,00:39.5
8763,,0,vmishra@mazdock.com,00:44.3
8764,,0,vmishra@mazdock.com,01:06.1
8765,,0,ramkeshmeena@ord.gov.in,01:09.2
8766,,0,bdldgmcc-ap@bdl-india.in,01:12.0
8767,,0,arpitsingh@ord.gov.in,01:27.0
8768,,0,vmishra@mazdock.com,01:28.9
8769,,0,vmishra@mazdock.com,01:47.5
8770,,0,arpitsingh@ord.gov.in,02:11.0
8771,,0,vmishra@mazdock.com,02:12.3
8772,,0,vmishra@mazdock.com,02:33.0
8773,,0,himanshuverma@ord.gov.in,02:50.1
8774,,0,vmishra@mazdock.com,02:53.2
8775,,0,arpitsingh@ord.gov.in,02:53.7
8776,,0,vmishra@mazdock.com,03:15.8
8777,,0,vmishra@mazdock.com,03:36.1
8778,,0,vmishra@mazdock.com,03:58.4
8779,,0,vmishra@mazdock.com,04:18.8
8780,,0,himanshuverma@ord.gov.in,04:46.5
8781,,0,vmishra@mazdock.com,04:51.9
8782,,0,ramkeshmeena@ord.gov.in,04:52.2
8783,,0,vmishra@mazdock.com,05:16.1
8784,,0,himanshuverma@ord.gov.in,05:19.4
8785,Packing items,0,arpitsingh@ord.gov.in,05:22.3
8786,,0,vmishra@mazdock.com,05:37.0
8787,,0,vmishra@mazdock.com,05:56.1
8788,,0,himanshuverma@ord.gov.in,05:59.3
8789,,0,vmishra@mazdock.com,06:12.5
8790,,0,vmishra@mazdock.com,07:13.8
8791,,0,vmishra@mazdock.com,07:57.7
8792,,0,bdldgmcc-ap@bdl-india.in,08:11.3
8793,,0,vmishra@mazdock.com,08:49.2
8794,,0,vmishra@mazdock.com,09:20.6
8795,,0,himanshuverma@ord.gov.in,09:30.5
8796,,0,himanshuverma@ord.gov.in,10:38.0
8797,,0,ramkeshmeena@ord.gov.in,11:03.2
8798,,0,himanshuverma@ord.gov.in,12:07.4
8799,,0,pramithch@bel.co.in,13:17.7
8800,,0,himanshuverma@ord.gov.in,13:49.3
8801,,0,bdldgmcc-ap@bdl-india.in,13:53.7
8802,,0,pramithch@bel.co.in,14:26.9
8803,,0,pramithch@bel.co.in,15:12.5
8804,,0,himanshuverma@ord.gov.in,15:23.9
8805,,0,pramithch@bel.co.in,15:50.5
8806,,0,arpitsingh@ord.gov.in,17:15.7
8807,,0,pramithch@bel.co.in,17:40.6
8808,Electric cable,0,ramkeshmeena@ord.gov.in,18:11.1
8809,,0,bdldgmcc-ap@bdl-india.in,18:36.5
8810,,0,ramkeshmeena@ord.gov.in,18:43.4
8811,,0,himanshuverma@ord.gov.in,18:44.7
8812,,0,pramithch@bel.co.in,18:58.4
8813,,0,arpitsingh@ord.gov.in,19:19.1
8814,,0,bdldgmcc-ap@bdl-india.in,19:19.8
8815,,0,himanshuverma@ord.gov.in,19:47.7
8816,,0,pramithch@bel.co.in,19:53.2
8817,,0,arpitsingh@ord.gov.in,19:57.4
8818,,0,ramkeshmeena@ord.gov.in,19:59.3
8819,,0,bdldgmcc-ap@bdl-india.in,20:02.9
8820,,0,himanshuverma@ord.gov.in,20:29.6
8821,,0,hsyadav1@ord.gov.in,20:36.7
8822,,0,arpitsingh@ord.gov.in,20:44.6
8823,,0,bdldgmcc-ap@bdl-india.in,20:58.9
8824,,0,pramithch@bel.co.in,21:00.0
8825,,0,arpitsingh@ord.gov.in,21:24.0
8826,,0,bdldgmcc-ap@bdl-india.in,21:29.2
8827,,0,pramithch@bel.co.in,21:44.4
8828,,0,sudhakarkalyani@bel.co.in,22:00.7
8829,,0,bdldgmcc-ap@bdl-india.in,22:20.2
8830,,0,ramkeshmeena@ord.gov.in,22:20.5
8831,,0,pramithch@bel.co.in,22:44.6
8832,,0,bdldgmcc-ap@bdl-india.in,23:02.3
8833,,0,arpitsingh@ord.gov.in,23:10.1
8834,,0,arpitsingh@ord.gov.in,23:56.3
8835,,0,bdldgmcc-ap@bdl-india.in,24:29.7
8836,,0,vmishra@mazdock.com,24:47.9
8837,,0,sudhakarkalyani@bel.co.in,24:53.4
8838,,0,bdldgmcc-ap@bdl-india.in,25:05.8
8839,,0,arpitsingh@ord.gov.in,25:06.1
8840,,0,ramkeshmeena@ord.gov.in,25:42.7
8841,,0,arpitsingh@ord.gov.in,25:48.8
8842,,0,sudhakarkalyani@bel.co.in,27:00.6
8843,,0,bdldgmcc-ap@bdl-india.in,27:52.3
8844,Surface Coating,0,ramkeshmeena@ord.gov.in,28:32.6
8845,TEST EQUIPMENT,0,bdldgmcc-ap@bdl-india.in,29:04.2
8846,,0,sudhakarkalyani@bel.co.in,29:18.4
8847,,0,bdldgmcc-ap@bdl-india.in,29:39.5
8848,,0,sudhakarkalyani@bel.co.in,29:57.9
8849,Packing items,0,arpitsingh@ord.gov.in,30:37.1
8850,,0,ramkeshmeena@ord.gov.in,31:00.9
8851,,0,bdldgmcc-ap@bdl-india.in,31:04.7
8852,,0,bdldgmcc-ap@bdl-india.in,31:48.6
8853,,0,bdldgmcc-ap@bdl-india.in,32:28.4
8854,,0,arpitsingh@ord.gov.in,32:39.5
8855,,0,bdldgmcc-ap@bdl-india.in,33:06.4
8856,,0,bdldgmcc-ap@bdl-india.in,33:39.2
8857,,0,bdldgmcc-ap@bdl-india.in,34:15.0
8858,,0,ramkeshmeena@ord.gov.in,34:43.4
8859,,0,bdldgmcc-ap@bdl-india.in,34:57.8
8860,,0,ramkeshmeena@ord.gov.in,35:20.2
8861,,0,bdldgmcc-ap@bdl-india.in,35:20.3
8862,,0,ramkeshmeena@ord.gov.in,35:45.9
8863,,0,bdldgmcc-ap@bdl-india.in,36:01.6
8864,,0,bdldgmcc-ap@bdl-india.in,36:37.7
8865,,0,arpitsingh@ord.gov.in,37:00.8
8866,,0,bdldgmcc-ap@bdl-india.in,37:31.2
8867,,0,sudhakarkalyani@bel.co.in,37:36.9
8868,,0,bdldgmcc-ap@bdl-india.in,37:51.6
8869,,0,arpitsingh@ord.gov.in,38:04.2
8870,,0,arpitsingh@ord.gov.in,38:41.4
8871,,0,ramkeshmeena@ord.gov.in,39:25.8
8872,,0,sudhakarkalyani@bel.co.in,39:55.0
8873,,0,ramkeshmeena@ord.gov.in,42:32.1
8874,,0,ramkeshmeena@ord.gov.in,43:12.1
8875,Machine Supplier,0,ramkeshmeena@ord.gov.in,49:00.1
8876,Machine Supplier,0,ramkeshmeena@ord.gov.in,49:29.3
8877,Packing items,0,arpitsingh@ord.gov.in,52:47.8
8878,Wooden Packing items,0,arpitsingh@ord.gov.in,53:43.2
8879,,0,arpitsingh@ord.gov.in,54:49.1
8880,,0,arpitsingh@ord.gov.in,55:59.9
8881,,0,arpitsingh@ord.gov.in,56:24.0
8882,,0,arpitsingh@ord.gov.in,57:39.1
8883,,0,arpitsingh@ord.gov.in,58:29.5
8884,,0,arpitsingh@ord.gov.in,01:17.1
8885,,0,arpitsingh@ord.gov.in,06:08.6
8886,,0,arpitsingh@ord.gov.in,06:48.1
8887,,0,arpitsingh@ord.gov.in,09:51.5
8888,,0,arpitsingh@ord.gov.in,14:21.5
8889,,0,arpitsingh@ord.gov.in,15:01.5
8890,,0,arpitsingh@ord.gov.in,22:45.6
8891,,0,arpitsingh@ord.gov.in,23:16.0
8892,,0,arpitsingh@ord.gov.in,23:48.2
8893,,0,sudhakarkalyani@bel.co.in,08:22.1
8894,,0,sudhakarkalyani@bel.co.in,09:14.2
8895,,0,sudhakarkalyani@bel.co.in,12:08.8
8896,,0,sudhakarkalyani@bel.co.in,18:49.8
8897,,0,sudhakarkalyani@bel.co.in,19:37.6
8898,fires safety products,0,sudhakarkalyani@bel.co.in,25:58.0
8899,,0,sudhakarkalyani@bel.co.in,33:30.8
8900,,0,sudhakarkalyani@bel.co.in,35:48.4
8901,high temperature bath,0,sudhakarkalyani@bel.co.in,37:31.1
8902,,0,sudhakarkalyani@bel.co.in,40:16.1
8903,,0,sudhakarkalyani@bel.co.in,41:04.1
8904,flame proof items,0,sudhakarkalyani@bel.co.in,44:34.4
8905,flame proof lights,0,sudhakarkalyani@bel.co.in,46:01.1
8906,,0,vmishra@mazdock.com,53:54.8
8907,,0,vmishra@mazdock.com,54:14.0
8908,,0,vmishra@mazdock.com,55:13.4
8909,,0,vmishra@mazdock.com,55:37.5
8910,,0,vmishra@mazdock.com,55:55.1
8911,,0,sudhakarkalyani@bel.co.in,56:16.4
8912,,0,himanshuverma@ord.gov.in,56:26.7
8913,,0,vmishra@mazdock.com,56:39.7
8914,,0,vmishra@mazdock.com,57:00.2
8915,,0,arpitsingh@ord.gov.in,57:14.8
8916,,0,vmishra@mazdock.com,57:21.6
8917,,0,arpitsingh@ord.gov.in,58:01.7
8918,,0,vmishra@mazdock.com,58:16.9
8919,,0,himanshuverma@ord.gov.in,58:26.6
8920,,0,vmishra@mazdock.com,58:36.8
8921,,0,arpitsingh@ord.gov.in,58:40.7
8922,,0,arpitsingh@ord.gov.in,58:40.9
8923,,0,vmishra@mazdock.com,59:08.4
8924,,0,vmishra@mazdock.com,59:24.0
8925,,0,vmishra@mazdock.com,59:39.2
8926,,0,vmishra@mazdock.com,59:57.2
8927,,0,sudhakarkalyani@bel.co.in,00:17.7
8928,,0,arpitsingh@ord.gov.in,00:24.0
8929,,0,vmishra@mazdock.com,00:25.1
8930,,0,vmishra@mazdock.com,00:41.2
8931,,0,himanshuverma@ord.gov.in,00:51.7
8932,,0,sudhakarkalyani@bel.co.in,00:55.9
8933,,0,vmishra@mazdock.com,01:07.9
8934,,0,vmishra@mazdock.com,02:08.7
8935,,0,arpitsingh@ord.gov.in,02:16.7
8936,,0,sudhakarkalyani@bel.co.in,02:24.2
8937,,0,vmishra@mazdock.com,02:27.0
8938,,0,vmishra@mazdock.com,02:41.7
8939,,0,sudhakarkalyani@bel.co.in,02:56.5
8940,,0,arpitsingh@ord.gov.in,02:57.2
8941,,0,vmishra@mazdock.com,02:57.7
8942,,0,vmishra@mazdock.com,03:13.5
8943,,0,vmishra@mazdock.com,03:31.4
8944,,0,himanshuverma@ord.gov.in,03:41.3
8945,,0,arpitsingh@ord.gov.in,04:51.5
8946,,0,himanshuverma@ord.gov.in,05:02.0
8947,,0,arpitsingh@ord.gov.in,05:30.4
8948,,0,arpitsingh@ord.gov.in,06:40.1
8949,,0,arpitsingh@ord.gov.in,07:19.9
8950,,0,himanshuverma@ord.gov.in,07:27.3
8951,,0,arpitsingh@ord.gov.in,08:05.3
8952,,0,sudhakarkalyani@bel.co.in,08:38.7
8953,,0,sudhakarkalyani@bel.co.in,09:26.0
8954,,0,arpitsingh@ord.gov.in,09:37.8
8955,,0,arpitsingh@ord.gov.in,10:53.9
8956,,0,himanshuverma@ord.gov.in,12:03.3
8957,,0,sudhakarkalyani@bel.co.in,13:37.9
8958,,0,arpitsingh@ord.gov.in,14:39.1
8959,Generator,0,sudhakarkalyani@bel.co.in,14:40.2
8960,,0,himanshuverma@ord.gov.in,14:57.6
8961,,0,arpitsingh@ord.gov.in,15:13.3
8962,,0,arpitsingh@ord.gov.in,15:49.2
8963,UPS,0,sudhakarkalyani@bel.co.in,16:03.8
8964,,0,amitkumar6@ord.gov.in,16:26.2
8965,,0,sudhakarkalyani@bel.co.in,16:26.4
8966,,0,arpitsingh@ord.gov.in,18:42.3
8967,,0,amitkumar6@ord.gov.in,18:57.3
8968,,0,pgond@mazdock.com,19:36.9
8969,,0,arpitsingh@ord.gov.in,20:33.8
8970,,0,pgond@mazdock.com,20:35.6
8971,,0,pgond@mazdock.com,20:54.9
8972,,0,pgond@mazdock.com,21:13.4
8973,,0,pgond@mazdock.com,21:36.2
8974,,0,pgond@mazdock.com,21:56.7
8975,,0,pgond@mazdock.com,22:49.1
8976,,0,amitkumar6@ord.gov.in,23:00.3
8977,,0,pgond@mazdock.com,23:19.5
8978,,0,pgond@mazdock.com,23:58.7
8979,,0,pgond@mazdock.com,24:17.1
8980,,0,pgond@mazdock.com,24:37.1
8981,,0,pgond@mazdock.com,24:57.6
8982,,0,arpitsingh@ord.gov.in,24:58.0
8983,,0,pgond@mazdock.com,25:26.8
8984,,0,pgond@mazdock.com,26:24.2
8985,,0,arpitsingh@ord.gov.in,26:30.6
8986,,0,pgond@mazdock.com,26:51.0
8987,,0,arpitsingh@ord.gov.in,26:58.5
8988,Tool for production purpose,0,amitkumar6@ord.gov.in,27:11.0
8989,,0,pgond@mazdock.com,27:15.0
8990,,0,pgond@mazdock.com,27:43.1
8991,,0,pgond@mazdock.com,28:05.4
8992,,0,pgond@mazdock.com,28:29.6
8993,,0,pgond@mazdock.com,28:52.7
8994,,0,amitkumar6@ord.gov.in,29:20.2
8995,,0,pgond@mazdock.com,29:27.9
8996,,0,pgond@mazdock.com,29:47.8
8997,,0,pgond@mazdock.com,30:06.5
8998,,0,amitkumar6@ord.gov.in,30:15.3
8999,,0,pgond@mazdock.com,31:00.1
9000,,0,arpitsingh@ord.gov.in,32:26.2
9001,,0,arpitsingh@ord.gov.in,33:13.6
9002,,0,amitkumar6@ord.gov.in,34:50.2
9003,,0,arpitsingh@ord.gov.in,36:06.5
9004,,0,arpitsingh@ord.gov.in,37:05.2
9005,,0,pgond@mazdock.com,38:54.9
9006,micrometer,0,amitkumar6@ord.gov.in,39:01.9
9007,,0,pgond@mazdock.com,39:16.5
9008,,0,pgond@mazdock.com,39:35.5
9009,,0,pgond@mazdock.com,39:55.9
9010,,0,arpitsingh@ord.gov.in,40:06.6
9011,,0,pgond@mazdock.com,40:15.8
9012,,0,pgond@mazdock.com,40:39.7
9013,,0,arpitsingh@ord.gov.in,40:44.6
9014,,0,pgond@mazdock.com,40:59.8
9015,,0,amitkumar6@ord.gov.in,41:14.8
9016,,0,arpitsingh@ord.gov.in,41:17.6
9017,,0,pgond@mazdock.com,41:27.4
9018,,0,pgond@mazdock.com,41:45.3
9019,,0,pgond@mazdock.com,42:03.8
9020,,0,pgond@mazdock.com,42:29.8
9021,,0,pgond@mazdock.com,42:51.7
9022,,0,amitkumar6@ord.gov.in,44:08.8
9023,,0,arpitsingh@ord.gov.in,44:36.2
9024,,0,arpitsingh@ord.gov.in,45:17.5
9025,,0,arpitsingh@ord.gov.in,47:46.0
9026,,0,arpitsingh@ord.gov.in,48:24.6
9027,,0,amitkumar6@ord.gov.in,48:55.8
9028,chemical,0,arpitsingh@ord.gov.in,50:13.3
9029,Packing items,0,arpitsingh@ord.gov.in,52:07.7
9030,,0,amitkumar6@ord.gov.in,52:10.1
9031,,0,himanshuverma@ord.gov.in,52:54.5
9032,,0,arpitsingh@ord.gov.in,53:40.2
9033,,0,himanshuverma@ord.gov.in,53:51.4
9034,,0,himanshuverma@ord.gov.in,57:03.9
9035,,0,amitkumar6@ord.gov.in,57:51.4
9036,,0,himanshuverma@ord.gov.in,58:25.3
9037,,0,arpitsingh@ord.gov.in,59:06.5
9038,,0,himanshuverma@ord.gov.in,00:46.1
9039,,0,amitkumar6@ord.gov.in,00:54.8
9040,,0,himanshuverma@ord.gov.in,01:45.5
9041,,0,himanshuverma@ord.gov.in,02:46.5
9042,,0,arpitsingh@ord.gov.in,02:46.5
9043,,0,arpitsingh@ord.gov.in,03:32.9
9044,,0,amitkumar6@ord.gov.in,03:59.9
9045,,0,vmishra@mazdock.com,04:14.5
9046,,0,vmishra@mazdock.com,04:54.0
9047,,0,himanshuverma@ord.gov.in,05:11.8
9048,,0,vmishra@mazdock.com,05:13.1
9049,,0,arpitsingh@ord.gov.in,05:17.1
9050,,0,pgond@mazdock.com,05:25.6
9051,,0,vmishra@mazdock.com,05:35.2
9052,,0,vmishra@mazdock.com,05:59.1
9053,,0,vmishra@mazdock.com,06:18.0
9054,,0,arpitsingh@ord.gov.in,06:22.0
9055,,0,vmishra@mazdock.com,06:35.8
9056,,0,vmishra@mazdock.com,07:11.5
9057,,0,himanshuverma@ord.gov.in,07:13.5
9058,,0,amitkumar6@ord.gov.in,07:28.0
9059,,0,pgond@mazdock.com,07:28.5
9060,,0,vmishra@mazdock.com,07:45.6
9061,,0,vmishra@mazdock.com,08:11.4
9062,,0,himanshuverma@ord.gov.in,08:16.0
9063,,0,hsyadav1@ord.gov.in,08:17.9
9064,,0,amitkumarsarraf@ord.gov.in,08:18.1
9065,,0,vmishra@mazdock.com,08:29.8
9066,paint,0,arpitsingh@ord.gov.in,08:36.7
9067,,0,vmishra@mazdock.com,08:47.8
9068,,0,vmishra@mazdock.com,09:07.8
9069,,0,pgond@mazdock.com,09:29.0
9070,,0,amitkumarsarraf@ord.gov.in,09:51.4
9071,,0,himanshuverma@ord.gov.in,10:22.8
9072,,0,vmishra@mazdock.com,10:32.7
9073,wooden item,0,arpitsingh@ord.gov.in,10:42.0
9074,,0,vmishra@mazdock.com,10:57.5
9075,,0,himanshuverma@ord.gov.in,11:13.9
9076,,0,amitkumarsarraf@ord.gov.in,11:18.4
9077,,0,vmishra@mazdock.com,11:20.9
9078,,0,dgmmdo@hslvizag.in,11:22.4
9079,wooden item,0,arpitsingh@ord.gov.in,11:38.8
9080,,0,vmishra@mazdock.com,11:41.6
9081,,0,amitkumar6@ord.gov.in,11:49.9
9082,,0,himanshuverma@ord.gov.in,12:25.1
9083,,0,vmishra@mazdock.com,12:25.9
9084,,0,amitkumarsarraf@ord.gov.in,12:29.4
9085,,0,vmishra@mazdock.com,12:41.0
9086,,0,amitkumarsarraf@ord.gov.in,12:55.8
9087,,0,vmishra@mazdock.com,12:58.0
9088,,0,vmishra@mazdock.com,13:13.8
9089,,0,amitkumarsarraf@ord.gov.in,13:27.0
9090,,0,vmishra@mazdock.com,13:36.6
9091,,0,amitkumarsarraf@ord.gov.in,13:54.1
9092,,0,vmishra@mazdock.com,14:02.3
9093,,0,himanshuverma@ord.gov.in,14:16.0
9094,,0,amitkumarsarraf@ord.gov.in,14:21.0
9095,,0,vmishra@mazdock.com,14:25.6
9096,,0,amitkumarsarraf@ord.gov.in,14:52.0
9097,,0,vmishra@mazdock.com,14:52.5
9098,,0,amitkumarsarraf@ord.gov.in,15:18.4
9099,,0,pgond@mazdock.com,15:33.8
9100,,0,himanshuverma@ord.gov.in,15:44.6
9101,,0,amitkumarsarraf@ord.gov.in,16:31.2
9102,,0,pgond@mazdock.com,16:31.8
9103,,0,pgond@mazdock.com,16:52.7
9104,,0,himanshuverma@ord.gov.in,16:58.4
9105,,0,amitkumarsarraf@ord.gov.in,17:08.9
9106,,0,pgond@mazdock.com,17:35.1
9107,,0,amitkumarsarraf@ord.gov.in,17:38.8
9108,,0,pgond@mazdock.com,18:06.3
9109,,0,amitkumarsarraf@ord.gov.in,18:10.8
9110,,0,amitkumarsarraf@ord.gov.in,18:36.1
9111,,0,amitkumarsarraf@ord.gov.in,19:04.3
9112,,0,amitkumarsarraf@ord.gov.in,21:51.7
9113,,0,himanshuverma@ord.gov.in,22:29.5
9114,,0,himanshuverma@ord.gov.in,24:08.9
9115,,0,vmishra@mazdock.com,24:23.3
9116,,0,amitkumarsarraf@ord.gov.in,24:29.0
9117,,0,vmishra@mazdock.com,24:42.2
9118,,0,arpitsingh@ord.gov.in,24:51.9
9119,,0,vmishra@mazdock.com,25:03.5
9120,,0,vmishra@mazdock.com,25:21.9
9121,,0,vmishra@mazdock.com,25:35.8
9122,,0,vmishra@mazdock.com,25:50.0
9123,,0,himanshuverma@ord.gov.in,25:52.9
9124,,0,vmishra@mazdock.com,26:07.1
9125,,0,amitkumarsarraf@ord.gov.in,26:10.1
9126,,0,vmishra@mazdock.com,26:20.5
9127,,0,vmishra@mazdock.com,26:37.1
9128,,0,vmishra@mazdock.com,26:52.7
9129,,0,vmishra@mazdock.com,27:08.0
9130,,0,himanshuverma@ord.gov.in,27:15.7
9131,,0,vmishra@mazdock.com,27:26.2
9132,,0,amitkumarsarraf@ord.gov.in,27:42.5
9133,,0,vmishra@mazdock.com,27:43.6
9134,,0,himanshuverma@ord.gov.in,27:46.2
9135,,0,vmishra@mazdock.com,27:59.7
9136,,0,vmishra@mazdock.com,28:15.7
9137,,0,vmishra@mazdock.com,28:36.6
9138,,0,himanshuverma@ord.gov.in,28:45.9
9139,,0,vmishra@mazdock.com,28:55.5
9140,,0,amitkumarsarraf@ord.gov.in,28:56.3
9141,,0,arpitsingh@ord.gov.in,29:07.6
9142,,0,vmishra@mazdock.com,31:01.1
9143,,0,amitkumarsarraf@ord.gov.in,31:14.2
9144,,0,vmishra@mazdock.com,31:16.7
9145,,0,himanshuverma@ord.gov.in,31:31.3
9146,,0,vmishra@mazdock.com,31:36.1
9147,,0,vmishra@mazdock.com,31:51.3
9148,,0,amitkumarsarraf@ord.gov.in,31:53.8
9149,,0,vmishra@mazdock.com,32:04.7
9150,,0,vmishra@mazdock.com,32:18.2
9151,,0,vmishra@mazdock.com,32:41.2
9152,,0,vmishra@mazdock.com,33:01.5
9153,,0,vmishra@mazdock.com,33:18.5
9154,,0,vmishra@mazdock.com,33:32.6
9155,,0,vmishra@mazdock.com,33:45.6
9156,,0,vmishra@mazdock.com,33:59.7
9157,,0,amitkumarsarraf@ord.gov.in,34:02.3
9158,,0,vmishra@mazdock.com,34:16.8
9159,,0,vmishra@mazdock.com,34:31.1
9160,,0,amitkumarsarraf@ord.gov.in,34:41.7
9161,,0,vmishra@mazdock.com,34:48.3
9162,,0,hsyadav1@ord.gov.in,34:52.9
9163,,0,vmishra@mazdock.com,35:21.3
9164,,0,himanshuverma@ord.gov.in,35:36.6
9165,,0,vmishra@mazdock.com,35:37.2
9166,,0,amitkumarsarraf@ord.gov.in,35:47.0
9167,,0,himanshuverma@ord.gov.in,36:23.0
9168,,0,amitkumarsarraf@ord.gov.in,36:52.3
9169,,0,vmishra@mazdock.com,36:54.2
9170,,0,himanshuverma@ord.gov.in,37:10.4
9171,,0,pgond@mazdock.com,37:12.7
9172,,0,pgond@mazdock.com,38:00.6
9173,,0,amitkumar6@ord.gov.in,38:05.5
9174,,0,amitkumarsarraf@ord.gov.in,38:20.2
9175,,0,pgond@mazdock.com,38:25.5
9176,,0,amitkumarsarraf@ord.gov.in,38:51.6
9177,,0,himanshuverma@ord.gov.in,39:17.1
9178,,0,amitkumar6@ord.gov.in,39:20.9
9179,,0,amitkumarsarraf@ord.gov.in,39:21.3
9180,Adhesive,0,arpitsingh@ord.gov.in,39:46.1
9181,,0,amitkumarsarraf@ord.gov.in,39:57.7
9182,GROUND HYDRAULIC TROLLEY,0,hod-imm-co@hal-india.co.in,40:06.6
9183,,0,pgond@mazdock.com,40:12.8
9184,,0,himanshuverma@ord.gov.in,40:30.8
9185,,0,amitkumarsarraf@ord.gov.in,40:39.6
9186,,0,hod-imm-co@hal-india.co.in,41:07.1
9187,,0,amitkumarsarraf@ord.gov.in,41:15.5
9188,,0,vmishra@mazdock.com,41:15.5
9189,,0,amitkumar6@ord.gov.in,41:15.5
9190,,0,vmishra@mazdock.com,41:29.6
9191,,0,vmishra@mazdock.com,41:46.5
9192,,0,hsyadav1@ord.gov.in,41:51.6
9193,,0,hod-imm-co@hal-india.co.in,42:05.1
9194,,0,amitkumar6@ord.gov.in,42:16.5
9195,,0,amitkumarsarraf@ord.gov.in,43:17.6
9196,,0,vmishra@mazdock.com,43:21.3
9197,,0,vmishra@mazdock.com,43:35.1
9198,,0,himanshuverma@ord.gov.in,43:45.6
9199,,0,vmishra@mazdock.com,43:51.9
9200,,0,vmishra@mazdock.com,44:06.1
9201,,0,vmishra@mazdock.com,44:20.2
9202,,0,arpitsingh@ord.gov.in,44:22.7
9203,,0,hod-imm-co@hal-india.co.in,44:33.0
9204,,0,vmishra@mazdock.com,44:33.8
9205,,0,amitkumarsarraf@ord.gov.in,44:34.0
9206,,0,vmishra@mazdock.com,44:47.4
9207,,0,arpitsingh@ord.gov.in,44:56.4
9208,,0,vmishra@mazdock.com,45:05.8
9209,,0,vmishra@mazdock.com,45:20.0
9210,,0,vmishra@mazdock.com,45:38.2
9211,,0,hod-imm-co@hal-india.co.in,45:44.2
9212,,0,vmishra@mazdock.com,45:53.1
9213,,0,himanshuverma@ord.gov.in,45:53.5
9214,,0,vmishra@mazdock.com,46:09.7
9215,,0,amitkumar6@ord.gov.in,46:11.9
9216,,0,vmishra@mazdock.com,46:24.4
9217,,0,arpitsingh@ord.gov.in,46:32.7
9218,,0,himanshuverma@ord.gov.in,46:35.3
9219,,0,vmishra@mazdock.com,46:36.4
9220,WING TILTING TROLLEY RH,0,hod-imm-co@hal-india.co.in,46:42.1
9221,,0,amitkumarsarraf@ord.gov.in,46:45.5
9222,,0,vmishra@mazdock.com,46:48.4
9223,,0,vmishra@mazdock.com,47:01.3
9224,,0,arpitsingh@ord.gov.in,47:09.8
9225,,0,vmishra@mazdock.com,47:16.2
9226,,0,vmishra@mazdock.com,47:30.8
9227,,0,amitkumarsarraf@ord.gov.in,47:35.9
9228,,0,hsyadav1@ord.gov.in,47:41.0
9229,,0,vmishra@mazdock.com,47:45.1
9230,,0,arpitsingh@ord.gov.in,47:52.1
9231,,0,vmishra@mazdock.com,47:58.9
9232,,0,himanshuverma@ord.gov.in,48:12.5
9233,,0,vmishra@mazdock.com,48:12.6
9234,,0,vmishra@mazdock.com,48:26.1
9235,Passenger Lift,0,hod-imm-co@hal-india.co.in,48:34.5
9236,,0,vmishra@mazdock.com,48:39.9
9237,,0,arpitsingh@ord.gov.in,49:01.9
9238,,0,vmishra@mazdock.com,49:02.0
9239,,0,himanshuverma@ord.gov.in,49:06.9
9240,,0,vmishra@mazdock.com,49:19.1
9241,FSW TOOL ELEMENTS FOR FSW MACHINE,0,hod-imm-co@hal-india.co.in,49:29.1
9242,,0,vmishra@mazdock.com,49:33.2
9243,,0,vmishra@mazdock.com,49:47.2
9244,wooden item,0,arpitsingh@ord.gov.in,49:58.3
9245,,0,amitkumar6@ord.gov.in,50:00.2
9246,,0,vmishra@mazdock.com,50:15.5
9247,,0,vmishra@mazdock.com,50:32.1
9248,Floor Moping Machine,0,hod-imm-co@hal-india.co.in,50:32.8
9249,,0,himanshuverma@ord.gov.in,50:37.4
9250,,0,vmishra@mazdock.com,50:46.3
9251,,0,vmishra@mazdock.com,50:59.9
9252,,0,vmishra@mazdock.com,51:14.3
9253,,0,vmishra@mazdock.com,51:29.7
9254,Online UPS for CNC Machines AND Workstations,0,hod-imm-co@hal-india.co.in,51:40.8
9255,,0,vmishra@mazdock.com,51:43.4
9256,,0,vmishra@mazdock.com,51:56.1
9257,,0,vmishra@mazdock.com,52:11.0
9258,,0,vmishra@mazdock.com,52:28.4
9259,Pressure blasting machine,0,hod-imm-co@hal-india.co.in,52:35.4
9260,,0,vmishra@mazdock.com,52:41.1
9261,,0,pgond@mazdock.com,52:55.0
9262,,0,vmishra@mazdock.com,53:00.8
9263,,0,amitkumar6@ord.gov.in,53:02.4
9264,,0,vmishra@mazdock.com,53:16.9
9265,Electro mechanical floor mounted 50 kN Universal Testing Machine,0,hod-imm-co@hal-india.co.in,53:25.2
9266,,0,vmishra@mazdock.com,54:01.0
9267,,0,hod-imm-co@hal-india.co.in,54:19.0
9268,,0,vmishra@mazdock.com,54:19.7
9269,,0,vmishra@mazdock.com,54:38.7
9270,,0,amitkumar6@ord.gov.in,54:53.7
9271,,0,himanshuverma@ord.gov.in,54:57.4
9272,,0,vmishra@mazdock.com,54:57.5
9273,NITROGEN CHARGING TROLLEY,0,hod-imm-co@hal-india.co.in,55:03.5
9274,,0,himanshuverma@ord.gov.in,55:38.1
9275,,0,vmishra@mazdock.com,55:38.1
9276,,0,vmishra@mazdock.com,56:00.2
9277,,0,vmishra@mazdock.com,56:16.1
9278,,0,hod-imm-co@hal-india.co.in,56:23.4
9279,,0,himanshuverma@ord.gov.in,56:46.8
9280,,0,himanshuverma@ord.gov.in,57:24.6
9281,,0,vmishra@mazdock.com,57:27.7
9282,,0,vmishra@mazdock.com,57:47.1
9283,,0,himanshuverma@ord.gov.in,57:54.4
9284,,0,vmishra@mazdock.com,58:02.4
9285,,0,vmishra@mazdock.com,58:22.0
9286,,0,hod-imm-co@hal-india.co.in,58:37.2
9287,,0,vmishra@mazdock.com,58:37.9
9288,,0,vmishra@mazdock.com,58:50.4
9289,,0,vmishra@mazdock.com,59:03.4
9290,,0,amitkumarsarraf@ord.gov.in,59:30.8
9291,,0,vmishra@mazdock.com,59:30.9
9292,,0,himanshuverma@ord.gov.in,59:33.1
9293,,0,amitkumar6@ord.gov.in,59:36.0
9294,,0,hod-imm-co@hal-india.co.in,59:42.3
9295,,0,vmishra@mazdock.com,59:45.6
9296,,0,amitkumarsarraf@ord.gov.in,00:02.9
9297,,0,vmishra@mazdock.com,00:03.8
9298,,0,himanshuverma@ord.gov.in,00:16.5
9299,,0,vmishra@mazdock.com,00:21.0
9300,,0,hod-imm-co@hal-india.co.in,00:34.9
9301,,0,vmishra@mazdock.com,00:37.3
9302,,0,amitkumarsarraf@ord.gov.in,00:53.1
9303,,0,vmishra@mazdock.com,00:55.6
9304,,0,vmishra@mazdock.com,01:13.3
9305,,0,amitkumarsarraf@ord.gov.in,01:23.2
9306,,0,vmishra@mazdock.com,01:26.7
9307,Tungsten Inert Gas (TIG) Welding Machine,0,hod-imm-co@hal-india.co.in,01:30.2
9308,,0,vmishra@mazdock.com,01:39.4
9309,,0,vmishra@mazdock.com,01:51.8
9310,,0,vmishra@mazdock.com,02:05.3
9311,,0,vmishra@mazdock.com,02:16.9
9312,,0,amitkumarsarraf@ord.gov.in,02:18.2
9313,,0,himanshuverma@ord.gov.in,02:20.4
9314,,0,vmishra@mazdock.com,02:30.9
9315,,0,vmishra@mazdock.com,02:44.9
9316,,0,hod-imm-co@hal-india.co.in,02:48.1
9317,,0,vmishra@mazdock.com,02:58.6
9318,,0,amitkumarsarraf@ord.gov.in,03:01.0
9319,,0,himanshuverma@ord.gov.in,03:18.8
9320,,0,vmishra@mazdock.com,03:19.9
9321,,0,amitkumarsarraf@ord.gov.in,03:30.5
9322,,0,vmishra@mazdock.com,03:37.7
9323,,0,vmishra@mazdock.com,04:25.0
9324,,0,himanshuverma@ord.gov.in,04:34.8
9325,,0,hsyadav1@ord.gov.in,05:49.3
9326,,0,arpitsingh@ord.gov.in,05:57.1
9327,,0,amitkumarsarraf@ord.gov.in,06:09.0
9328,LATHE MACHINE,0,hod-imm-co@hal-india.co.in,06:16.0
9329,,0,arpitsingh@ord.gov.in,06:33.6
9330,,0,vmishra@mazdock.com,06:34.9
9331,PACKING MATERIAL,0,amitkumar6@ord.gov.in,06:43.6
9332,,0,vmishra@mazdock.com,06:48.7
9333,,0,vmishra@mazdock.com,07:02.9
9334,,0,vmishra@mazdock.com,07:18.9
9335,,0,amitkumarsarraf@ord.gov.in,07:24.3
9336,,0,arpitsingh@ord.gov.in,07:26.3
9337,,0,vmishra@mazdock.com,07:32.9
9338,,0,sudhakarkalyani@bel.co.in,07:36.5
9339,,0,himanshuverma@ord.gov.in,07:40.5
9340,,0,hod-imm-co@hal-india.co.in,07:42.0
9341,,0,hsyadav1@ord.gov.in,07:42.9
9342,,0,vmishra@mazdock.com,07:45.4
9343,,0,amitkumarsarraf@ord.gov.in,07:49.6
9344,,0,vmishra@mazdock.com,08:00.4
9345,,0,vmishra@mazdock.com,08:18.0
9346,,0,amitkumarsarraf@ord.gov.in,08:21.2
9347,,0,sudhakarkalyani@bel.co.in,08:26.0
9348,,0,himanshuverma@ord.gov.in,08:41.6
9349,,0,amitkumarsarraf@ord.gov.in,08:46.9
9350,HYDRAULIC TROLLEY SERVICING(DIESEL),0,hod-imm-co@hal-india.co.in,08:47.4
9351,SMALL MACHINE,0,amitkumar6@ord.gov.in,09:06.5
9352,,0,arpitsingh@ord.gov.in,09:07.3
9353,,0,himanshuverma@ord.gov.in,10:16.5
9354,DOCUMENTS,0,amitkumarsarraf@ord.gov.in,10:30.2
9355,,0,arpitsingh@ord.gov.in,10:39.8
9356,,0,amitkumarsarraf@ord.gov.in,11:45.6
9357,,0,himanshuverma@ord.gov.in,12:42.7
9358,,0,amitkumarsarraf@ord.gov.in,12:46.3
9359,,0,arpitsingh@ord.gov.in,13:53.6
9360,,0,sudhakarkalyani@bel.co.in,14:06.7
9361,,0,amitkumarsarraf@ord.gov.in,14:08.8
9362,,0,pramithch@bel.co.in,14:28.0
9363,,0,himanshuverma@ord.gov.in,14:49.3
9364,,0,sudhakarkalyani@bel.co.in,15:18.4
9365,,0,amitkumarsarraf@ord.gov.in,15:24.1
9366,,0,amitkumarsarraf@ord.gov.in,15:53.7
9367,,0,himanshuverma@ord.gov.in,16:10.0
9368,,0,amitkumarsarraf@ord.gov.in,16:21.5
9369,,0,arpitsingh@ord.gov.in,16:27.5
9370,,0,sudhakarkalyani@bel.co.in,17:02.2
9371,,0,amitkumarsarraf@ord.gov.in,17:11.2
9372,,0,himanshuverma@ord.gov.in,17:50.2
9373,,0,amitkumarsarraf@ord.gov.in,17:54.1
9374,,0,sudhakarkalyani@bel.co.in,18:16.7
9375,,0,amitkumarsarraf@ord.gov.in,18:21.4
9376,,0,himanshuverma@ord.gov.in,18:31.9
9377,,0,arpitsingh@ord.gov.in,19:27.2
9378,,0,amitkumarsarraf@ord.gov.in,19:50.4
9379,,0,himanshuverma@ord.gov.in,20:22.3
9380,,0,amitkumarsarraf@ord.gov.in,20:22.8
9381,,0,arpitsingh@ord.gov.in,20:47.7
9382,,0,amitkumarsarraf@ord.gov.in,20:49.7
9383,,0,arpitsingh@ord.gov.in,21:33.9
9384,,0,amitkumarsarraf@ord.gov.in,22:05.9
9385,,0,sudhakarkalyani@bel.co.in,22:09.1
9386,,0,sudhakarkalyani@bel.co.in,22:40.6
9387,,0,amitkumarsarraf@ord.gov.in,23:02.5
9388,,0,himanshuverma@ord.gov.in,23:03.9
9389,,0,arpitsingh@ord.gov.in,23:28.7
9390,,0,amitkumarsarraf@ord.gov.in,23:32.4
9391,,0,amitkumarsarraf@ord.gov.in,23:55.6
9392,,0,himanshuverma@ord.gov.in,24:08.8
9393,,0,amitkumarsarraf@ord.gov.in,24:17.8
9394,,0,amitkumarsarraf@ord.gov.in,24:50.7
9395,,0,amitkumarsarraf@ord.gov.in,25:25.5
9396,,0,himanshuverma@ord.gov.in,25:35.4
9397,,0,amitkumarsarraf@ord.gov.in,25:58.7
9398,,0,arpitsingh@ord.gov.in,26:14.1
9399,,0,arpitsingh@ord.gov.in,26:49.7
9400,,0,himanshuverma@ord.gov.in,26:53.0
9401,,0,amitkumarsarraf@ord.gov.in,27:20.5
9402,,0,arpitsingh@ord.gov.in,27:26.6
9403,,0,amitkumarsarraf@ord.gov.in,27:45.9
9404,,0,pramithch@bel.co.in,27:55.7
9405,,0,amitkumarsarraf@ord.gov.in,28:17.7
9406,,0,pramithch@bel.co.in,28:23.2
9407,,0,himanshuverma@ord.gov.in,28:42.2
9408,,0,amitkumarsarraf@ord.gov.in,28:44.5
9409,,0,arpitsingh@ord.gov.in,29:02.5
9410,,0,amitkumarsarraf@ord.gov.in,29:08.9
9411,,0,pramithch@bel.co.in,29:09.8
9412,,0,amitkumarsarraf@ord.gov.in,29:34.3
9413,,0,arpitsingh@ord.gov.in,29:37.8
9414,,0,sudhakarkalyani@bel.co.in,29:46.1
9415,,0,pramithch@bel.co.in,30:01.9
9416,,0,himanshuverma@ord.gov.in,30:05.1
9417,,0,arpitsingh@ord.gov.in,30:25.7
9418,,0,sudhakarkalyani@bel.co.in,30:32.8
9419,,0,pramithch@bel.co.in,30:50.7
9420,,0,amitkumarsarraf@ord.gov.in,30:58.5
9421,,0,himanshuverma@ord.gov.in,31:03.5
9422,,0,amitkumarsarraf@ord.gov.in,31:24.2
9423,,0,pramithch@bel.co.in,31:45.2
9424,,0,amitkumarsarraf@ord.gov.in,31:55.7
9425,,0,amitkumarsarraf@ord.gov.in,32:24.6
9426,,0,pramithch@bel.co.in,32:35.2
9427,,0,amitkumarsarraf@ord.gov.in,32:51.8
9428,,0,amitkumarsarraf@ord.gov.in,33:28.8
9429,,0,sudhakarkalyani@bel.co.in,33:31.0
9430,,0,pramithch@bel.co.in,33:52.1
9431,,0,amitkumarsarraf@ord.gov.in,34:02.9
9432,,0,sudhakarkalyani@bel.co.in,34:21.2
9433,,0,amitkumarsarraf@ord.gov.in,34:30.7
9434,,0,amitkumarsarraf@ord.gov.in,34:59.0
9435,,0,pramithch@bel.co.in,35:21.6
9436,,0,amitkumarsarraf@ord.gov.in,35:25.5
9437,,0,arpitsingh@ord.gov.in,35:31.7
9438,,0,pramithch@bel.co.in,36:11.4
9439,,0,sudhakarkalyani@bel.co.in,36:52.2
9440,,0,pramithch@bel.co.in,36:57.1
9441,,0,sudhakarkalyani@bel.co.in,37:28.9
9442,,0,sudhakarkalyani@bel.co.in,38:48.6
9443,,0,sudhakarkalyani@bel.co.in,39:42.5
9444,,0,sudhakarkalyani@bel.co.in,42:54.0
9445,,0,sudhakarkalyani@bel.co.in,43:26.6
9446,,0,sudhakarkalyani@bel.co.in,44:50.9
9447,,0,arpitsingh@ord.gov.in,45:46.8
9448,,0,arpitsingh@ord.gov.in,46:15.8
9449,,0,sudhakarkalyani@bel.co.in,46:17.4
9450,,0,arpitsingh@ord.gov.in,46:51.8
9451,,0,arpitsingh@ord.gov.in,47:39.6
9452,,0,sudhakarkalyani@bel.co.in,47:43.9
9453,,0,sudhakarkalyani@bel.co.in,48:11.0
9454,,0,sudhakarkalyani@bel.co.in,51:10.0
9455,,0,sudhakarkalyani@bel.co.in,51:46.1
9456,,0,pramithch@bel.co.in,30:21.5
9457,,0,pramithch@bel.co.in,31:08.5
9458,,0,pramithch@bel.co.in,33:07.2
9459,,0,pramithch@bel.co.in,34:12.9
9460,,0,pramithch@bel.co.in,34:50.4
9461,,0,pramithch@bel.co.in,35:33.6
9462,,0,pramithch@bel.co.in,38:23.6
9463,,0,pramithch@bel.co.in,39:20.6
9464,,0,pramithch@bel.co.in,39:56.9
9465,,0,pramithch@bel.co.in,40:43.2
9466,,0,pramithch@bel.co.in,42:15.0
9467,,0,pramithch@bel.co.in,42:55.4
9468,,0,pramithch@bel.co.in,43:35.6
9469,,0,pramithch@bel.co.in,44:15.8
9470,,0,pramithch@bel.co.in,45:05.6
9471,,0,pramithch@bel.co.in,47:16.7
9472,,0,pramithch@bel.co.in,48:04.1
9473,,0,pramithch@bel.co.in,48:53.2
9474,,0,pramithch@bel.co.in,49:44.3
9475,,0,pramithch@bel.co.in,50:31.7
9476,,0,pramithch@bel.co.in,51:14.9
9477,,0,pramithch@bel.co.in,51:59.8
9478,,0,pramithch@bel.co.in,52:50.3
9479,,0,pramithch@bel.co.in,53:31.7
9480,,0,pramithch@bel.co.in,54:10.1
9481,,0,pramithch@bel.co.in,54:52.8
9482,,0,pramithch@bel.co.in,55:40.9
9483,,0,pramithch@bel.co.in,57:17.1
9484,,0,pramithch@bel.co.in,58:03.6
9485,,0,pramithch@bel.co.in,59:20.3
9486,,0,pramithch@bel.co.in,00:00.7
9487,,0,pramithch@bel.co.in,00:53.7
9488,,0,pramithch@bel.co.in,01:37.7
9489,,0,pramithch@bel.co.in,02:14.2
9490,,0,pramithch@bel.co.in,03:17.2
9491,,0,pramithch@bel.co.in,07:19.6
9492,,0,pramithch@bel.co.in,08:43.8
9493,,0,pramithch@bel.co.in,09:30.8
9494,,0,sudhakarkalyani@bel.co.in,32:05.1
9495,,0,sudhakarkalyani@bel.co.in,32:58.7
9496,,0,sudhakarkalyani@bel.co.in,34:31.9
9497,,0,sudhakarkalyani@bel.co.in,35:05.5
9498,PCB,0,sudhakarkalyani@bel.co.in,36:51.9
9499,PCB,0,sudhakarkalyani@bel.co.in,37:43.9
9500,Tools & instrument,0,sudhakarkalyani@bel.co.in,39:32.7
9501,Tools & instrument,0,sudhakarkalyani@bel.co.in,41:01.2
9502,Tools & Machinary,0,sudhakarkalyani@bel.co.in,43:17.7
9503,,0,sudhakarkalyani@bel.co.in,43:55.3
9504,,0,sudhakarkalyani@bel.co.in,47:53.6
9505,,0,sudhakarkalyani@bel.co.in,49:33.3
9506,,0,sudhakarkalyani@bel.co.in,50:08.4
9507,,0,sudhakarkalyani@bel.co.in,51:36.9
9508,,0,sudhakarkalyani@bel.co.in,52:27.7
9509,packing boxes,0,sudhakarkalyani@bel.co.in,54:15.1
9510,packing boxes,0,sudhakarkalyani@bel.co.in,55:06.3
9511,seats,0,sudhakarkalyani@bel.co.in,57:52.1
9512,,0,sudhakarkalyani@bel.co.in,59:33.4
9513,plant machinary,0,sudhakarkalyani@bel.co.in,01:03.0
9514,,0,bdldgmcc-ap@bdl-india.in,03:22.3
9515,,0,bdldgmcc-ap@bdl-india.in,04:20.1
9516,,0,durgesh.1307r@gov.in,05:01.2
9517,,0,bdldgmcc-ap@bdl-india.in,05:12.5
9518,chairs,0,sudhakarkalyani@bel.co.in,06:33.3
9519,,0,bdldgmcc-ap@bdl-india.in,06:41.4
9520,,0,bdldgmcc-ap@bdl-india.in,07:24.7
9521,,0,bdldgmcc-ap@bdl-india.in,08:09.9
9522,,0,sudhakarkalyani@bel.co.in,08:27.3
9523,,0,bdldgmcc-ap@bdl-india.in,09:12.6
9524,,0,sudhakarkalyani@bel.co.in,09:33.1
9525,,0,bdldgmcc-ap@bdl-india.in,10:24.4
9526,water filter,0,sudhakarkalyani@bel.co.in,11:51.1
9527,,0,bdldgmcc-ap@bdl-india.in,13:03.6
9528,GAS,0,sudhakarkalyani@bel.co.in,14:07.1
9529,,0,bdldgmcc-ap@bdl-india.in,19:23.8
9530,,0,bdldgmcc-ap@bdl-india.in,23:27.3
9531,,0,bdldgmcc-ap@bdl-india.in,23:57.1
9532,,0,bdldgmcc-ap@bdl-india.in,24:45.8
9533,Plant electric work,0,sudhakarkalyani@bel.co.in,25:13.4
9534,,0,bdldgmcc-ap@bdl-india.in,25:49.1
9535,Plant electrical work,0,sudhakarkalyani@bel.co.in,26:03.1
9536,,0,bdldgmcc-ap@bdl-india.in,26:27.8
9537,,0,durgesh.1307r@gov.in,26:59.5
9538,,0,sudhakarkalyani@bel.co.in,27:48.0
9539,,0,bdldgmcc-ap@bdl-india.in,27:49.6
9540,,0,sudhakarkalyani@bel.co.in,28:28.5
9541,,0,durgesh.1307r@gov.in,30:18.7
9542,,0,durgesh.1307r@gov.in,36:05.9
9543,,0,durgesh.1307r@gov.in,37:37.6
9544,,0,hsyadav1@ord.gov.in,37:58.1
9545,,0,durgesh.1307r@gov.in,39:38.8
9546,,0,hsyadav1@ord.gov.in,53:40.3
9547,,0,hsyadav1@ord.gov.in,02:16.3
9548,,0,hsyadav1@ord.gov.in,12:27.1
9549,WOODEN BOX,0,hsyadav1@ord.gov.in,17:44.5
9550,,0,hsyadav1@ord.gov.in,33:20.8
9551,,0,hsyadav1@ord.gov.in,05:23.7
9552,,0,hsyadav1@ord.gov.in,15:16.1
9553,,0,hsyadav1@ord.gov.in,16:52.5
9554,,0,amitkumarsarraf@ord.gov.in,49:34.2
9555,,0,amitkumarsarraf@ord.gov.in,50:49.3
9556,,0,sshekar@mazdock.com,52:00.0
9557,EQUIPMENT,0,amitkumarsarraf@ord.gov.in,52:48.4
9558,,0,amitkumarsarraf@ord.gov.in,53:16.8
9559,,0,amitkumarsarraf@ord.gov.in,54:33.0
9560,,0,amitkumarsarraf@ord.gov.in,55:49.2
9561,,0,amitkumarsarraf@ord.gov.in,56:20.3
9562,,0,hsyadav1@ord.gov.in,56:28.0
9563,,0,amitkumarsarraf@ord.gov.in,57:40.8
9564,,0,amitkumarsarraf@ord.gov.in,58:41.4
9565,,0,amitkumarsarraf@ord.gov.in,59:49.9
9566,,0,sshekar@mazdock.com,00:49.2
9567,,0,amitkumarsarraf@ord.gov.in,01:18.6
9568,,0,amitkumarsarraf@ord.gov.in,02:32.9
9569,,0,sshekar@mazdock.com,02:52.6
9570,,0,amitkumarsarraf@ord.gov.in,03:03.1
9571,,0,amitkumarsarraf@ord.gov.in,03:34.6
9572,,0,amitkumarsarraf@ord.gov.in,04:01.9
9573,,0,amitkumarsarraf@ord.gov.in,04:47.9
9574,,0,sshekar@mazdock.com,05:45.4
9575,,0,amitkumarsarraf@ord.gov.in,06:47.4
9576,,0,amitkumarsarraf@ord.gov.in,07:46.5
9577,,0,amitkumarsarraf@ord.gov.in,08:44.4
9578,,0,hsyadav1@ord.gov.in,09:26.8
9579,,0,sshekar@mazdock.com,09:44.3
9580,Parachute,0,odc-opf@ord.gov.in,09:51.5
9581,,0,amitkumar6@ord.gov.in,13:29.6
9582,,0,amitkumar6@ord.gov.in,14:25.0
9583,,0,amitkumar6@ord.gov.in,15:05.2
9584,,0,sshekar@mazdock.com,15:09.3
9585,,0,amitkumar6@ord.gov.in,15:43.7
9586,,0,amitkumar6@ord.gov.in,17:07.9
9587,,0,amitkumarsarraf@ord.gov.in,17:32.2
9588,,0,sshekar@mazdock.com,17:52.9
9589,,0,amitkumarsarraf@ord.gov.in,18:50.7
9590,,0,amitkumarsarraf@ord.gov.in,19:18.5
9591,,0,amitkumar6@ord.gov.in,19:36.3
9592,,0,sshekar@mazdock.com,19:53.8
9593,Parachute,0,odc-opf@ord.gov.in,20:10.4
9594,,0,amitkumarsarraf@ord.gov.in,20:19.4
9595,,0,amitkumarsarraf@ord.gov.in,21:14.4
9596,Parachute,0,odc-opf@ord.gov.in,23:42.7
9597,,0,amitkumarsarraf@ord.gov.in,24:06.1
9598,,0,amitkumarsarraf@ord.gov.in,25:17.2
9599,,0,sshekar@mazdock.com,25:46.3
9600,,0,sshekar@mazdock.com,26:26.2
9601,Parachute,0,odc-opf@ord.gov.in,26:50.1
9602,,0,sshekar@mazdock.com,26:59.2
9603,,0,amitkumar6@ord.gov.in,27:06.8
9604,,0,sshekar@mazdock.com,27:27.0
9605,,0,sshekar@mazdock.com,28:07.2
9606,,0,amitkumarsarraf@ord.gov.in,28:59.0
9607,,0,amitkumarsarraf@ord.gov.in,30:46.2
9608,,0,amitkumar6@ord.gov.in,32:01.7
9609,,0,sshekar@mazdock.com,32:55.1
9610,Parachute,0,odc-opf@ord.gov.in,34:56.8
9611,,0,amitkumar6@ord.gov.in,35:47.5
9612,,0,sshekar@mazdock.com,36:07.5
9613,,0,sshekar@mazdock.com,36:56.3
9614,Parachute,0,odc-opf@ord.gov.in,37:19.7
9615,,0,sshekar@mazdock.com,37:48.3
9616,,0,sshekar@mazdock.com,38:31.1
9617,,0,amitkumar6@ord.gov.in,38:32.6
9618,,0,sshekar@mazdock.com,40:06.0
9619,Parachute,0,odc-opf@ord.gov.in,41:32.7
9620,,0,amitkumar6@ord.gov.in,41:59.6
9621,,0,sshekar@mazdock.com,42:17.3
9622,,0,sshekar@mazdock.com,44:24.4
9623,Parachute,0,odc-opf@ord.gov.in,45:27.1
9624,,0,sshekar@mazdock.com,46:02.2
9625,,0,amitkumar6@ord.gov.in,46:36.6
9626,,0,sshekar@mazdock.com,46:54.5
9627,,0,sshekar@mazdock.com,47:22.9
9628,Parachute,0,odc-opf@ord.gov.in,48:34.6
9629,Parachute,0,odc-opf@ord.gov.in,50:20.9
9630,CABLE SUPPLY,0,amitkumar6@ord.gov.in,51:25.4
9631,,0,sshekar@mazdock.com,51:44.8
9632,,0,sshekar@mazdock.com,52:23.1
9633,,0,sshekar@mazdock.com,52:42.1
9634,,0,sshekar@mazdock.com,53:06.3
9635,,0,sshekar@mazdock.com,53:24.6
9636,,0,sshekar@mazdock.com,53:40.9
9637,,0,amitkumar6@ord.gov.in,53:51.5
9638,,0,sshekar@mazdock.com,55:09.1
9639,,0,sshekar@mazdock.com,55:28.8
9640,,0,sshekar@mazdock.com,56:00.6
9641,,0,amitkumar6@ord.gov.in,56:10.7
9642,,0,sshekar@mazdock.com,56:26.8
9643,,0,hsyadav1@ord.gov.in,57:00.3
9644,,0,amitkumar6@ord.gov.in,58:32.2
9645,,0,amitkumar6@ord.gov.in,00:49.1
9646,JOINT POLE,0,hsyadav1@ord.gov.in,00:51.7
9647,,0,sshekar@mazdock.com,01:07.9
9648,,0,amitkumar6@ord.gov.in,05:00.4
9649,,0,hsyadav1@ord.gov.in,05:26.1
9650,,0,sshekar@mazdock.com,05:32.6
9651,,0,sshekar@mazdock.com,06:01.0
9652,,0,sshekar@mazdock.com,06:28.8
9653,,0,sshekar@mazdock.com,06:54.0
9654,,0,sshekar@mazdock.com,07:20.8
9655,,0,sshekar@mazdock.com,07:38.0
9656,,0,sshekar@mazdock.com,08:02.5
9657,,0,amitkumar6@ord.gov.in,09:45.4
9658,,0,amitkumar6@ord.gov.in,12:30.1
9659,,0,sshekar@mazdock.com,12:56.6
9660,,0,sshekar@mazdock.com,16:11.2
9661,,0,amitkumar6@ord.gov.in,16:33.3
9662,,0,sshekar@mazdock.com,16:39.0
9663,,0,sshekar@mazdock.com,18:05.2
9664,,0,sshekar@mazdock.com,18:40.6
9665,,0,sshekar@mazdock.com,20:34.7
9666,,0,sshekar@mazdock.com,22:39.9
9667,,0,sshekar@mazdock.com,23:00.8
9668,,0,sshekar@mazdock.com,23:24.6
9669,,0,amitkumar6@ord.gov.in,25:23.7
9670,,0,sshekar@mazdock.com,25:27.1
9671,,0,sshekar@mazdock.com,26:10.7
9672,,0,sshekar@mazdock.com,29:32.8
9673,,0,sshekar@mazdock.com,29:49.0
9674,,0,sshekar@mazdock.com,30:04.2
9675,,0,sshekar@mazdock.com,30:28.2
9676,,0,amitkumar6@ord.gov.in,30:46.9
9677,,0,sshekar@mazdock.com,31:39.0
9678,,0,hsyadav1@ord.gov.in,33:28.7
9679,,0,sshekar@mazdock.com,33:46.5
9680,,0,sshekar@mazdock.com,34:05.0
9681,,0,sshekar@mazdock.com,34:20.5
9682,,0,sshekar@mazdock.com,34:41.0
9683,,0,amitkumar6@ord.gov.in,34:52.7
9684,,0,sshekar@mazdock.com,34:59.9
9685,,0,sshekar@mazdock.com,36:40.6
9686,,0,amitkumar6@ord.gov.in,38:35.0
9687,,0,sshekar@mazdock.com,40:54.5
9688,,0,sshekar@mazdock.com,41:12.1
9689,,0,sshekar@mazdock.com,41:27.9
9690,,0,sshekar@mazdock.com,41:47.9
9691,Parachute,0,odc-opf@ord.gov.in,41:50.0
9692,,0,sshekar@mazdock.com,42:09.0
9693,,0,sshekar@mazdock.com,42:26.3
9694,,0,sshekar@mazdock.com,42:49.5
9695,,0,sshekar@mazdock.com,43:06.1
9696,WODDEN MATERIAL,0,hsyadav1@ord.gov.in,43:09.0
9697,,0,sshekar@mazdock.com,43:25.4
9698,Parachute,0,odc-opf@ord.gov.in,44:01.8
9699,Parachute,0,odc-opf@ord.gov.in,45:23.6
9700,,0,sshekar@mazdock.com,47:43.3
9701,Parachute,0,odc-opf@ord.gov.in,47:50.1
9702,,0,sshekar@mazdock.com,48:19.9
9703,Parachute,0,odc-opf@ord.gov.in,50:04.9
9704,,0,sshekar@mazdock.com,50:15.0
9705,,0,amitkumar6@ord.gov.in,50:33.5
9706,Parachute,0,odc-opf@ord.gov.in,51:30.3
9707,,0,amitkumar6@ord.gov.in,51:51.9
9708,Parachute,0,odc-opf@ord.gov.in,53:01.4
9709,,0,sshekar@mazdock.com,54:37.1
9710,,0,sshekar@mazdock.com,54:51.0
9711,,0,sshekar@mazdock.com,55:13.3
9712,,0,amitkumar6@ord.gov.in,55:37.3
9713,Parachute,0,odc-opf@ord.gov.in,56:09.2
9714,,0,hsyadav1@ord.gov.in,56:39.0
9715,,0,sshekar@mazdock.com,58:10.2
9716,,0,sshekar@mazdock.com,58:27.6
9717,Parachute,0,odc-opf@ord.gov.in,58:29.8
9718,,0,sshekar@mazdock.com,58:43.6
9719,,0,sshekar@mazdock.com,59:01.4
9720,,0,hsyadav1@ord.gov.in,59:41.4
9721,Parachute,0,odc-opf@ord.gov.in,00:28.5
9722,,0,sshekar@mazdock.com,01:38.3
9723,Parachute,0,odc-opf@ord.gov.in,02:46.2
9724,Parachute,0,odc-opf@ord.gov.in,04:11.8
9725,Parachute,0,odc-opf@ord.gov.in,06:10.8
9726,Parachute,0,odc-opf@ord.gov.in,07:29.0
9727,,0,sshekar@mazdock.com,08:22.2
9728,Parachute,0,odc-opf@ord.gov.in,10:43.1
9729,,0,sshekar@mazdock.com,11:37.3
9730,,0,hsyadav1@ord.gov.in,12:23.6
9731,Parachute,0,odc-opf@ord.gov.in,13:24.1
9732,,0,sshekar@mazdock.com,13:32.9
9733,,0,sshekar@mazdock.com,14:58.5
9734,Parachute,0,odc-opf@ord.gov.in,15:14.6
9735,,0,sshekar@mazdock.com,16:23.7
9736,,0,sshekar@mazdock.com,16:40.1
9737,,0,sshekar@mazdock.com,16:58.5
9738,Parachute,0,odc-opf@ord.gov.in,17:06.4
9739,,0,hsyadav1@ord.gov.in,17:12.6
9740,Parachute,0,odc-opf@ord.gov.in,18:48.4
9741,,0,sshekar@mazdock.com,20:14.6
9742,Parachute,0,odc-opf@ord.gov.in,20:21.4
9743,,0,hsyadav1@ord.gov.in,21:27.2
9744,,0,sshekar@mazdock.com,25:07.5
9745,Parachute,0,odc-opf@ord.gov.in,25:14.8
9746,,0,sshekar@mazdock.com,26:56.7
9747,Parachute,0,odc-opf@ord.gov.in,28:13.3
9748,,0,sshekar@mazdock.com,29:09.4
9749,,0,sshekar@mazdock.com,31:08.3
9750,,0,sshekar@mazdock.com,31:24.9
9751,,0,sshekar@mazdock.com,33:36.1
9752,,0,sshekar@mazdock.com,36:11.3
9753,,0,sshekar@mazdock.com,40:12.9
9754,,0,sshekar@mazdock.com,41:39.5
9755,,0,sshekar@mazdock.com,47:28.9
9756,,0,sshekar@mazdock.com,47:45.0
9757,,0,sshekar@mazdock.com,48:26.0
9758,,0,sshekar@mazdock.com,51:55.6
9759,,0,sshekar@mazdock.com,55:37.7
9760,,0,sshekar@mazdock.com,59:10.7
9761,,0,sshekar@mazdock.com,00:43.9
9762,,0,sshekar@mazdock.com,01:01.1
9763,,0,sshekar@mazdock.com,01:21.2
9764,,0,sshekar@mazdock.com,01:39.6
9765,,0,ankit_kumar@bel.co.in,32:11.8
9766,,0,ankit_kumar@bel.co.in,35:21.6
9767,,0,ankit_kumar@bel.co.in,37:39.3
9768,,0,ankit_kumar@bel.co.in,39:36.6
9769,,0,sshekar@mazdock.com,43:38.5
9770,,0,sshekar@mazdock.com,46:46.4
9771,,0,sshekar@mazdock.com,48:03.1
9772,,0,sshekar@mazdock.com,50:24.7
9773,,0,sshekar@mazdock.com,51:11.5
9774,,0,sshekar@mazdock.com,52:27.9
9775,,0,sshekar@mazdock.com,52:42.2
9776,,0,sshekar@mazdock.com,53:00.9
9777,,0,sshekar@mazdock.com,53:17.6
9778,,0,sshekar@mazdock.com,54:02.9
9779,,0,sshekar@mazdock.com,54:26.8
9780,,0,sshekar@mazdock.com,57:06.9
9781,Parachute,0,odc-opf@ord.gov.in,40:29.4
9782,Parachute,0,odc-opf@ord.gov.in,43:25.3
9783,Parachute,0,odc-opf@ord.gov.in,45:14.4
9784,Parachute,0,odc-opf@ord.gov.in,46:48.5
9785,Parachute,0,odc-opf@ord.gov.in,48:41.4
9786,Parachute,0,odc-opf@ord.gov.in,52:36.3
9787,Parachute,0,odc-opf@ord.gov.in,55:37.4
9788,,0,bdldgmcc-ap@bdl-india.in,33:29.9
9789,,0,bdldgmcc-ap@bdl-india.in,36:34.9
9790,,0,bdldgmcc-ap@bdl-india.in,37:10.7
9791,,0,bdldgmcc-ap@bdl-india.in,37:57.3
9792,,0,bdldgmcc-ap@bdl-india.in,39:17.5
9793,,0,bdldgmcc-ap@bdl-india.in,40:05.3
9794,,0,bdldgmcc-ap@bdl-india.in,40:54.1
9795,,0,bdldgmcc-ap@bdl-india.in,41:37.6
9796,,0,bdldgmcc-ap@bdl-india.in,42:24.4
9797,,0,bdldgmcc-ap@bdl-india.in,43:53.7
9798,,0,bdldgmcc-ap@bdl-india.in,45:47.4
9799,,0,bdldgmcc-ap@bdl-india.in,46:25.5
9800,,0,bdldgmcc-ap@bdl-india.in,47:18.7
9801,,0,bdldgmcc-ap@bdl-india.in,47:49.8
9802,,0,bdldgmcc-ap@bdl-india.in,48:31.1
9803,,0,bdldgmcc-ap@bdl-india.in,49:11.2
9804,,0,bdldgmcc-ap@bdl-india.in,50:09.8
9805,,0,bdldgmcc-ap@bdl-india.in,51:02.5
9806,,0,bdldgmcc-ap@bdl-india.in,51:48.1
9807,,0,bdldgmcc-ap@bdl-india.in,54:15.1
9808,,0,bdldgmcc-ap@bdl-india.in,54:51.9
9809,,0,bdldgmcc-ap@bdl-india.in,55:33.6
9810,,0,bdldgmcc-ap@bdl-india.in,56:10.2
9811,,0,bdldgmcc-ap@bdl-india.in,56:52.7
9812,,0,bdldgmcc-ap@bdl-india.in,57:37.5
9813,,0,bdldgmcc-ap@bdl-india.in,58:18.4
9814,,0,bdldgmcc-ap@bdl-india.in,00:29.7
9815,,0,bdldgmcc-ap@bdl-india.in,01:07.1
9816,Parachute,0,odc-opf@ord.gov.in,57:13.6
9817,Parachute,0,odc-opf@ord.gov.in,58:56.5
9818,Parachute,0,odc-opf@ord.gov.in,00:15.0
9819,Parachute,0,odc-opf@ord.gov.in,18:33.7
9820,Parachute,0,odc-opf@ord.gov.in,19:56.2
9821,Parachute,0,odc-opf@ord.gov.in,21:23.5
9822,Parachute,0,odc-opf@ord.gov.in,22:35.9
9823,Parachute,0,odc-opf@ord.gov.in,23:48.5
9824,Parachute,0,odc-opf@ord.gov.in,26:48.3
9825,Parachute,0,odc-opf@ord.gov.in,28:12.9
9826,Parachute,0,odc-opf@ord.gov.in,34:18.2
9827,Parachute,0,odc-opf@ord.gov.in,36:30.3
9828,Parachute,0,odc-opf@ord.gov.in,37:49.3
9829,Parachute,0,odc-opf@ord.gov.in,38:52.2
9830,PLASTIC MATERIAL,0,hsyadav1@ord.gov.in,47:39.2
9831,Parachute,0,odc-opf@ord.gov.in,52:57.9
9832,Parachute,0,odc-opf@ord.gov.in,54:10.4
9833,Parachute,0,odc-opf@ord.gov.in,55:09.6
9834,Parachute,0,odc-opf@ord.gov.in,57:17.5
9835,Parachute,0,odc-opf@ord.gov.in,59:14.2
9836,Parachute,0,odc-opf@ord.gov.in,00:32.2
9837,,0,vaprasannakumar@ord.gov.in,00:54.7
9838,Parachute,0,odc-opf@ord.gov.in,01:43.9
9839,,0,vaprasannakumar@ord.gov.in,02:14.2
9840,Parachute,0,odc-opf@ord.gov.in,02:59.9
9841,,0,vaprasannakumar@ord.gov.in,03:31.2
9842,Parachute,0,odc-opf@ord.gov.in,04:11.8
9843,,0,vaprasannakumar@ord.gov.in,04:54.6
9844,Parachute,0,odc-opf@ord.gov.in,05:24.8
9845,,0,hsyadav1@ord.gov.in,06:34.9
9846,,0,vaprasannakumar@ord.gov.in,07:27.1
9847,Parachute,0,odc-opf@ord.gov.in,08:39.9
9848,,0,vaprasannakumar@ord.gov.in,08:53.1
9849,Parachute,0,odc-opf@ord.gov.in,09:26.3
9850,Parachute,0,odc-opf@ord.gov.in,10:27.7
9851,,0,vaprasannakumar@ord.gov.in,11:00.4
9852,Parachute,0,odc-opf@ord.gov.in,12:00.6
9853,,0,vaprasannakumar@ord.gov.in,12:52.6
9854,,0,vaprasannakumar@ord.gov.in,27:48.9
9855,Parachute,0,odc-opf@ord.gov.in,28:38.6
9856,,0,vaprasannakumar@ord.gov.in,31:24.7
9857,,0,vaprasannakumar@ord.gov.in,33:43.7
9858,Parachute,0,odc-opf@ord.gov.in,34:14.6
9859,Parachute,0,odc-opf@ord.gov.in,35:26.9
9860,,0,vaprasannakumar@ord.gov.in,36:19.0
9861,,0,vaprasannakumar@ord.gov.in,55:48.9
9862,,0,bdldgmcc-ap@bdl-india.in,57:19.7
9863,,0,bdldgmcc-ap@bdl-india.in,58:29.0
9864,,0,bdldgmcc-ap@bdl-india.in,59:07.3
9865,,0,bdldgmcc-ap@bdl-india.in,59:39.2
9866,,0,bdldgmcc-ap@bdl-india.in,01:55.0
9867,,0,vaprasannakumar@ord.gov.in,02:12.9
9868,,0,bdldgmcc-ap@bdl-india.in,02:45.3
9869,,0,bdldgmcc-ap@bdl-india.in,03:35.5
9870,,0,vaprasannakumar@ord.gov.in,04:06.6
9871,,0,bdldgmcc-ap@bdl-india.in,04:07.1
9872,,0,vaprasannakumar@ord.gov.in,05:50.1
9873,,0,vaprasannakumar@ord.gov.in,07:39.9
9874,Parachute,0,odc-opf@ord.gov.in,08:38.9
9875,,0,vaprasannakumar@ord.gov.in,09:14.9
9876,,0,vaprasannakumar@ord.gov.in,11:36.0
9877,Parachute,0,odc-opf@ord.gov.in,11:36.8
9878,,0,vaprasannakumar@ord.gov.in,12:54.0
9879,,0,vaprasannakumar@ord.gov.in,14:28.6
9880,,0,vaprasannakumar@ord.gov.in,15:56.4
9881,,0,vaprasannakumar@ord.gov.in,19:31.7
9882,,0,vaprasannakumar@ord.gov.in,39:52.0
9883,,0,vaprasannakumar@ord.gov.in,41:29.7
9884,,0,vaprasannakumar@ord.gov.in,42:46.4
9885,Parachute,0,odc-opf@ord.gov.in,21:56.7
9886,Parachute,0,odc-opf@ord.gov.in,23:14.6
9887,Parachute,0,odc-opf@ord.gov.in,24:20.1
9888,Parachute,0,odc-opf@ord.gov.in,25:18.5
9889,Parachute,0,odc-opf@ord.gov.in,26:15.6
9890,Parachute,0,odc-opf@ord.gov.in,27:46.3
9891,Parachute,0,odc-opf@ord.gov.in,28:53.8
9892,Parachute,0,odc-opf@ord.gov.in,29:58.8
9893,Parachute,0,odc-opf@ord.gov.in,31:21.7
9894,Parachute,0,odc-opf@ord.gov.in,32:18.3
9895,Parachute,0,odc-opf@ord.gov.in,34:05.0
9896,Parachute,0,odc-opf@ord.gov.in,35:12.5
9897,Parachute,0,odc-opf@ord.gov.in,36:09.6
9898,Parachute,0,odc-opf@ord.gov.in,39:56.8
9899,Parachute,0,odc-opf@ord.gov.in,41:21.1
9900,Parachute,0,odc-opf@ord.gov.in,42:24.3
9901,Parachute,0,odc-opf@ord.gov.in,43:33.0
9902,Parachute,0,odc-opf@ord.gov.in,45:36.4
9903,Parachute,0,odc-opf@ord.gov.in,46:54.5
9904,Parachute,0,odc-opf@ord.gov.in,47:51.9
9905,Parachute,0,odc-opf@ord.gov.in,48:58.5
9906,Parachute,0,odc-opf@ord.gov.in,50:25.7
9907,Parachute,0,odc-opf@ord.gov.in,51:20.0
9908,Parachute,0,odc-opf@ord.gov.in,52:22.4
9909,Parachute,0,odc-opf@ord.gov.in,53:22.1
9910,Parachute,0,odc-opf@ord.gov.in,54:27.9
9911,,0,vaprasannakumar@ord.gov.in,55:33.0
9912,,0,vaprasannakumar@ord.gov.in,56:44.8
9913,Parachute,0,odc-opf@ord.gov.in,57:02.0
9914,,0,vaprasannakumar@ord.gov.in,58:09.6
9915,,0,vaprasannakumar@ord.gov.in,04:38.0
9916,,0,vaprasannakumar@ord.gov.in,05:51.2
9917,,0,vaprasannakumar@ord.gov.in,07:30.6
9918,,0,vaprasannakumar@ord.gov.in,09:17.9
9919,,0,vaprasannakumar@ord.gov.in,10:26.0
9920,,0,vaprasannakumar@ord.gov.in,11:52.5
9921,,0,vaprasannakumar@ord.gov.in,16:58.6
9922,,0,vaprasannakumar@ord.gov.in,18:05.5
9923,,0,vaprasannakumar@ord.gov.in,19:34.8
9924,,0,vaprasannakumar@ord.gov.in,21:05.8
9925,,0,vaprasannakumar@ord.gov.in,22:20.1
9926,,0,vaprasannakumar@ord.gov.in,29:44.8
9927,,0,vaprasannakumar@ord.gov.in,30:51.1
9928,,0,vaprasannakumar@ord.gov.in,32:09.9
9929,,0,vaprasannakumar@ord.gov.in,33:22.8
9930,,0,vaprasannakumar@ord.gov.in,34:38.7
9931,,0,vaprasannakumar@ord.gov.in,36:17.4
9932,,0,vaprasannakumar@ord.gov.in,37:30.7
9933,,0,vaprasannakumar@ord.gov.in,38:46.0
9934,,0,vaprasannakumar@ord.gov.in,40:26.1
9935,,0,vaprasannakumar@ord.gov.in,43:24.1
9936,,0,vaprasannakumar@ord.gov.in,46:51.1
9937,,0,vaprasannakumar@ord.gov.in,47:53.3
9938,,0,vaprasannakumar@ord.gov.in,48:58.6
9939,,0,vaprasannakumar@ord.gov.in,49:59.7
9940,,0,vaprasannakumar@ord.gov.in,51:13.3
9941,,0,vaprasannakumar@ord.gov.in,58:19.8
9942,,0,vaprasannakumar@ord.gov.in,23:42.4
9943,,0,himanshuverma@ord.gov.in,41:10.8
9944,,0,himanshuverma@ord.gov.in,47:24.4
9945,,0,himanshuverma@ord.gov.in,59:06.9
