Id,CompanyMaster_FK_ID,CompanyRefNo,CertificateRefNo,Certification_Type,OtherCertification_Type,Certificate_No,Certificate_StartDate,Certificate_EndDate,Final_Submit,IsActive,CreatedBy,CreatedDate,CreatedIP,UpdatedBy,UpdatedDate,UpdatedIP,CertificateType_Fk_Id
1,4357,C27062511591,NULL,5,NULL,UDYAM-MH-33-0003706,06-02-2020,01-02-2030,NULL,1,NULL,24:37.3,NULL,NULL,NULL,NULL,5
3,4357,C27062511591,NULL,93,NULL,PNE24C231,19-02-2025,19-02-2028,NULL,1,NULL,30:15.2,NULL,NULL,NULL,NULL,93
4,13404,C17072574955,NULL,NULL,NULL,UDYAM-MH-19-0014339,10-10-2020,10-10-2030,0,1,1,16:40.1,49.15.204.199,NULL,NULL,NULL,5
5,13404,C17072574955,NULL,NULL,NULL,NSIC/MUM/GP/RS/M/379/MH,22-03-2024,21-03-2026,0,1,1,16:40.1,49.15.204.199,NULL,NULL,NULL,6
6,13404,C17072574955,NULL,NULL,NULL,2.01042E+13,02-03-2023,01-03-2026,0,1,1,16:40.1,49.15.204.199,NULL,NULL,NULL,2
7,13404,C17072574955,NULL,NULL,NULL,2.01162E+13,02-03-2023,01-03-2026,0,1,1,16:40.1,49.15.204.199,NULL,NULL,NULL,3
8,13404,C17072574955,NULL,NULL,NULL,2.01002E+13,02-03-2023,01-03-2026,0,1,1,16:40.1,49.15.204.199,NULL,NULL,NULL,1
9,1571,C17072551212,NULL,NULL,NULL,NSIC/GP/MUM/2021/87305,20-02-2024,31-10-2027,0,1,1,33:11.5,122.252.239.98,NULL,NULL,NULL,6
13,7111,C17072542756,NULL,NULL,NULL,UDYAM-MH-27-0002354,04-09-2020,04-09-2030,0,1,1,37:42.9,49.15.204.199,NULL,NULL,NULL,5
14,699,C17072589642,NULL,NULL,NULL,10253584,02-03-2020,09-03-2023,0,1,1,55:23.6,49.15.204.199,NULL,NULL,NULL,1
15,699,C17072589642,NULL,NULL,NULL,TN11B0001258,05-10-2016,05-10-2018,0,1,1,55:23.6,49.15.204.199,NULL,NULL,NULL,16
16,21,C17072567871,NULL,94,NULL,27AAACM2813L1ZO,NULL,NULL,NULL,1,NULL,29:20.2,NULL,NULL,NULL,NULL,94
17,23,C17072569694,NULL,94,NULL,24AAACR5055K1ZD,NULL,NULL,NULL,1,NULL,29:20.2,NULL,NULL,NULL,NULL,94
18,25,C17072512730,NULL,94,NULL,33AAACL2632C1Z8,NULL,NULL,NULL,1,NULL,29:20.2,NULL,NULL,NULL,NULL,94
19,29,C17072575913,NULL,94,NULL,33AAACK7940C1ZW,NULL,NULL,NULL,1,NULL,29:20.2,NULL,NULL,NULL,NULL,94
20,31,C17072566024,NULL,94,NULL,03AAACJ6733E1ZZ,NULL,NULL,NULL,1,NULL,29:20.2,NULL,NULL,NULL,NULL,94
21,32,C17072551946,NULL,94,NULL,08AACCS0486K1Z3,NULL,NULL,NULL,1,NULL,29:20.2,NULL,NULL,NULL,NULL,94
22,33,C17072588621,NULL,94,NULL,24AABCA2398D1Z0,NULL,NULL,NULL,1,NULL,29:20.2,NULL,NULL,NULL,NULL,94
23,36,C17072579553,NULL,94,NULL,27AAACTO220G1XZ,NULL,NULL,NULL,1,NULL,29:20.2,NULL,NULL,NULL,NULL,94
24,37,C17072558327,NULL,94,NULL,27AAECS0561R1ZV,NULL,NULL,NULL,1,NULL,29:20.2,NULL,NULL,NULL,NULL,94
25,47,C17072565592,NULL,94,NULL,09AALCA4722D1ZU,NULL,NULL,NULL,1,NULL,29:20.2,NULL,NULL,NULL,NULL,94
26,106,C17072551308,NULL,94,NULL,09AABCS9328K1ZV,NULL,NULL,NULL,1,NULL,29:20.2,NULL,NULL,NULL,NULL,94
27,124,C17072581310,NULL,94,NULL,08AAACB8403F1Z0,NULL,NULL,NULL,1,NULL,29:20.2,NULL,NULL,NULL,NULL,94
28,144,C17072565834,NULL,94,NULL,09AAACP0371Q1Z2,NULL,NULL,NULL,1,NULL,29:20.2,NULL,NULL,NULL,NULL,94
29,434,C17072523025,NULL,94,NULL,09AAACA7569D1ZM,NULL,NULL,NULL,1,NULL,29:20.2,NULL,NULL,NULL,NULL,94
30,441,C17072574793,NULL,94,NULL,24AAACN5327L1ZG,NULL,NULL,NULL,1,NULL,29:20.2,NULL,NULL,NULL,NULL,94
31,448,C17072541129,NULL,94,NULL,27AAACM2725R1Z3,NULL,NULL,NULL,1,NULL,29:20.2,NULL,NULL,NULL,NULL,94
32,526,C17072522999,NULL,94,NULL,06AAACS0322C1Z7,NULL,NULL,NULL,1,NULL,29:20.2,NULL,NULL,NULL,NULL,94
33,529,C17072558061,NULL,94,NULL,08AABCB0639G1ZZ,NULL,NULL,NULL,1,NULL,29:20.2,NULL,NULL,NULL,NULL,94
34,548,C17072595098,NULL,94,NULL,07AAACP0164H1ZQ,NULL,NULL,NULL,1,NULL,29:20.2,NULL,NULL,NULL,NULL,94
35,551,C17072577636,NULL,94,NULL,06AAACS0512J2ZR,NULL,NULL,NULL,1,NULL,29:20.2,NULL,NULL,NULL,NULL,94
36,598,C17072588958,NULL,94,NULL,27AAACS6430P1ZZ,NULL,NULL,NULL,1,NULL,29:20.2,NULL,NULL,NULL,NULL,94
37,690,C17072566082,NULL,94,NULL,09AAACH4642J1ZI,NULL,NULL,NULL,1,NULL,29:20.2,NULL,NULL,NULL,NULL,94
38,703,C17072594836,NULL,94,NULL,19AABCP5284B1ZH,NULL,NULL,NULL,1,NULL,29:20.2,NULL,NULL,NULL,NULL,94
39,903,C17072540139,NULL,94,NULL,27AAACV5494J1ZU,NULL,NULL,NULL,1,NULL,29:20.2,NULL,NULL,NULL,NULL,94
40,908,C17072586990,NULL,94,NULL,24AAACC8513B2Z9,NULL,NULL,NULL,1,NULL,29:20.2,NULL,NULL,NULL,NULL,94
41,912,C17072549756,NULL,94,NULL,06AAECT7782P1ZH,NULL,NULL,NULL,1,NULL,29:20.2,NULL,NULL,NULL,NULL,94
42,922,C17072557536,NULL,94,NULL,34AAACT5589Q1ZJ,NULL,NULL,NULL,1,NULL,29:20.2,NULL,NULL,NULL,NULL,94
43,928,C17072535508,NULL,94,NULL,33AACCB3382R1ZC,NULL,NULL,NULL,1,NULL,29:20.2,NULL,NULL,NULL,NULL,94
44,939,C17072579778,NULL,94,NULL,03AAACB9911E1Z5,NULL,NULL,NULL,1,NULL,29:20.2,NULL,NULL,NULL,NULL,94
45,940,C17072511710,NULL,94,NULL,08AABCM4955E1ZH,NULL,NULL,NULL,1,NULL,29:20.2,NULL,NULL,NULL,NULL,94
46,942,C17072565633,NULL,94,NULL,09AAACK5992J1Z0,NULL,NULL,NULL,1,NULL,29:20.2,NULL,NULL,NULL,NULL,94
47,944,C17072593078,NULL,94,NULL,09AABCV1571F1ZE,NULL,NULL,NULL,1,NULL,29:20.2,NULL,NULL,NULL,NULL,94
48,947,C17072515247,NULL,94,NULL,03AAACY0912G1ZV,NULL,NULL,NULL,1,NULL,29:20.2,NULL,NULL,NULL,NULL,94
49,949,C17072593042,NULL,94,NULL,08AAACG6754C1ZR,NULL,NULL,NULL,1,NULL,29:20.2,NULL,NULL,NULL,NULL,94
50,959,C17072558721,NULL,94,NULL,24AAACU3413E1ZX,NULL,NULL,NULL,1,NULL,29:20.2,NULL,NULL,NULL,NULL,94
51,963,C17072567486,NULL,94,NULL,24AAACG3706G1Z3,NULL,NULL,NULL,1,NULL,29:20.2,NULL,NULL,NULL,NULL,94
52,967,C17072537443,NULL,94,NULL,06AAECB0342B1ZI,NULL,NULL,NULL,1,NULL,29:20.2,NULL,NULL,NULL,NULL,94
53,971,C17072598909,NULL,94,NULL,27AAACH3166K1ZH,NULL,NULL,NULL,1,NULL,29:20.2,NULL,NULL,NULL,NULL,94
54,972,C17072550474,NULL,94,NULL,27AAACP3167G1ZH,NULL,NULL,NULL,1,NULL,29:20.2,NULL,NULL,NULL,NULL,94
55,975,C17072563523,NULL,94,NULL,24AAACV5657K1ZV,NULL,NULL,NULL,1,NULL,29:20.2,NULL,NULL,NULL,NULL,94
56,978,C17072592423,NULL,94,NULL,08AANCS6211K1Z1,NULL,NULL,NULL,1,NULL,29:20.2,NULL,NULL,NULL,NULL,94
57,982,C17072594766,NULL,94,NULL,03AAACO1892M1ZB,NULL,NULL,NULL,1,NULL,29:20.2,NULL,NULL,NULL,NULL,94
58,985,C17072516513,NULL,94,NULL,08AABCK0452C1Z3,NULL,NULL,NULL,1,NULL,29:20.2,NULL,NULL,NULL,NULL,94
59,990,C17072554204,NULL,94,NULL,09AAACU8912A1ZJ,NULL,NULL,NULL,1,NULL,29:20.2,NULL,NULL,NULL,NULL,94
60,993,C17072519994,NULL,94,NULL,09AAFCA7677P1ZR,NULL,NULL,NULL,1,NULL,29:20.2,NULL,NULL,NULL,NULL,94
61,999,C17072559632,NULL,94,NULL,09AACCI0472R1Z3,NULL,NULL,NULL,1,NULL,29:20.2,NULL,NULL,NULL,NULL,94
62,1000,C17072533381,NULL,94,NULL,09AABCU1855H1Z8,NULL,NULL,NULL,1,NULL,29:20.2,NULL,NULL,NULL,NULL,94
63,1001,C17072574886,NULL,94,NULL,06AAACM1153D1Z4,NULL,NULL,NULL,1,NULL,29:20.2,NULL,NULL,NULL,NULL,94
64,1002,C17072589663,NULL,94,NULL,09AACCD2958B1ZU,NULL,NULL,NULL,1,NULL,29:20.2,NULL,NULL,NULL,NULL,94
65,1003,C17072568024,NULL,94,NULL,24AABCG0675P1ZD,NULL,NULL,NULL,1,NULL,29:20.2,NULL,NULL,NULL,NULL,94
66,1006,C17072549704,NULL,94,NULL,08AAACF4369G1ZL,NULL,NULL,NULL,1,NULL,29:20.2,NULL,NULL,NULL,NULL,94
67,1009,C17072537673,NULL,94,NULL,06AAACY3006F3ZQ,NULL,NULL,NULL,1,NULL,29:20.2,NULL,NULL,NULL,NULL,94
68,1021,C17072527885,NULL,94,NULL,09ABGCS1116F1ZL,NULL,NULL,NULL,1,NULL,29:20.2,NULL,NULL,NULL,NULL,94
69,1037,C17072599373,NULL,94,NULL,08AABCG2566P1Z5,NULL,NULL,NULL,1,NULL,29:20.2,NULL,NULL,NULL,NULL,94
70,1038,C17072527187,NULL,94,NULL,08AADCA2586P1Z5,NULL,NULL,NULL,1,NULL,29:20.2,NULL,NULL,NULL,NULL,94
71,1042,C17072551191,NULL,94,NULL,06AACCR8131N1Z4,NULL,NULL,NULL,1,NULL,29:20.2,NULL,NULL,NULL,NULL,94
72,1045,C17072558891,NULL,94,NULL,06AACCB4592K1ZH,NULL,NULL,NULL,1,NULL,29:20.2,NULL,NULL,NULL,NULL,94
73,1057,C17072576813,NULL,94,NULL,33AAKCS4764N2ZQ,NULL,NULL,NULL,1,NULL,29:20.2,NULL,NULL,NULL,NULL,94
74,1064,C17072510438,NULL,94,NULL,33AABCM8279K1Z2,NULL,NULL,NULL,1,NULL,29:20.2,NULL,NULL,NULL,NULL,94
75,1066,C17072568344,NULL,94,NULL,09AABCA2315E1Z9,NULL,NULL,NULL,1,NULL,29:20.2,NULL,NULL,NULL,NULL,94
76,1085,C17072534091,NULL,94,NULL,06AAACX0456E1ZN,NULL,NULL,NULL,1,NULL,29:20.2,NULL,NULL,NULL,NULL,94
77,1089,C17072558642,NULL,94,NULL,09AAACR6862N1ZQ,NULL,NULL,NULL,1,NULL,29:20.2,NULL,NULL,NULL,NULL,94
78,1090,C17072580213,NULL,94,NULL,09AABCS9186R1Z9,NULL,NULL,NULL,1,NULL,29:20.2,NULL,NULL,NULL,NULL,94
79,1091,C17072586568,NULL,94,NULL,09AAICM3655L2ZX,NULL,NULL,NULL,1,NULL,29:20.2,NULL,NULL,NULL,NULL,94
80,1096,C17072519704,NULL,94,NULL,09AAACH3613H1ZU,NULL,NULL,NULL,1,NULL,29:20.2,NULL,NULL,NULL,NULL,94
81,1113,C17072555202,NULL,94,NULL,09AAKCS0944G2Z6,NULL,NULL,NULL,1,NULL,29:20.2,NULL,NULL,NULL,NULL,94
82,1114,C17072543029,NULL,94,NULL,09AABCK5874G1Z9,NULL,NULL,NULL,1,NULL,29:20.2,NULL,NULL,NULL,NULL,94
83,1117,C17072542750,NULL,94,NULL,19AAACI6948Q1ZP,NULL,NULL,NULL,1,NULL,29:20.2,NULL,NULL,NULL,NULL,94
84,1120,C17072567157,NULL,94,NULL,09AABCT2565K1Z1,NULL,NULL,NULL,1,NULL,29:20.2,NULL,NULL,NULL,NULL,94
85,1123,C17072577727,NULL,94,NULL,09AABCD1039N1ZK,NULL,NULL,NULL,1,NULL,29:20.3,NULL,NULL,NULL,NULL,94
86,1136,C17072553387,NULL,94,NULL,29AAKCS5588G1ZN,NULL,NULL,NULL,1,NULL,29:20.3,NULL,NULL,NULL,NULL,94
87,1150,C17072559513,NULL,94,NULL,19AABCG1842Q1Z7,NULL,NULL,NULL,1,NULL,29:20.3,NULL,NULL,NULL,NULL,94
88,1162,C17072585932,NULL,94,NULL,09AAICM5248D1ZE,NULL,NULL,NULL,1,NULL,29:20.3,NULL,NULL,NULL,NULL,94
89,1165,C17072534145,NULL,94,NULL,06AAECP2237K1ZF,NULL,NULL,NULL,1,NULL,29:20.3,NULL,NULL,NULL,NULL,94
90,1403,C17072555415,NULL,94,NULL,19AABCR4746C1ZG,NULL,NULL,NULL,1,NULL,29:20.3,NULL,NULL,NULL,NULL,94
91,1482,C17072589326,NULL,94,NULL,19AAECS4979F1ZV,NULL,NULL,NULL,1,NULL,29:20.3,NULL,NULL,NULL,NULL,94
92,1535,C17072522744,NULL,94,NULL,09AAACM9362J1Z2,NULL,NULL,NULL,1,NULL,29:20.3,NULL,NULL,NULL,NULL,94
93,1537,C17072595553,NULL,94,NULL,09AACCK2209E2ZW,NULL,NULL,NULL,1,NULL,29:20.3,NULL,NULL,NULL,NULL,94
94,1716,C17072534002,NULL,94,NULL,27AAJCS2094J1ZY,NULL,NULL,NULL,1,NULL,29:20.3,NULL,NULL,NULL,NULL,94
95,1739,C17072525696,NULL,94,NULL,27AAACA3874D1ZW,NULL,NULL,NULL,1,NULL,29:20.3,NULL,NULL,NULL,NULL,94
96,1767,C17072568782,NULL,94,NULL,09AAECS3937P1ZN,NULL,NULL,NULL,1,NULL,29:20.3,NULL,NULL,NULL,NULL,94
97,1815,C17072575558,NULL,94,NULL,19AABCJI226D1Z1,NULL,NULL,NULL,1,NULL,29:20.3,NULL,NULL,NULL,NULL,94
98,1818,C17072543397,NULL,94,NULL,19AAHCS0437P1ZU,NULL,NULL,NULL,1,NULL,29:20.3,NULL,NULL,NULL,NULL,94
99,1822,C17072515348,NULL,94,NULL,24AAGCA7312Q1ZG,NULL,NULL,NULL,1,NULL,29:20.3,NULL,NULL,NULL,NULL,94
100,1825,C17072538417,NULL,94,NULL,27AAACE0944L1ZM,NULL,NULL,NULL,1,NULL,29:20.3,NULL,NULL,NULL,NULL,94
101,1847,C17072537368,NULL,94,NULL,33AAECS0963R1ZW,NULL,NULL,NULL,1,NULL,29:20.3,NULL,NULL,NULL,NULL,94
102,1862,C17072585446,NULL,94,NULL,27AAACG9031C1ZZ,NULL,NULL,NULL,1,NULL,29:20.3,NULL,NULL,NULL,NULL,94
103,1869,C17072535885,NULL,94,NULL,09AAACG8899E1Z3,NULL,NULL,NULL,1,NULL,29:20.3,NULL,NULL,NULL,NULL,94
104,1911,C17072534267,NULL,94,NULL,24AAECS1538G1ZL,NULL,NULL,NULL,1,NULL,29:20.3,NULL,NULL,NULL,NULL,94
105,1915,C17072571102,NULL,94,NULL,09AAACD7386B1ZO,NULL,NULL,NULL,1,NULL,29:20.3,NULL,NULL,NULL,NULL,94
106,1934,C17072559135,NULL,94,NULL,AA301116000271A,NULL,NULL,NULL,1,NULL,29:20.3,NULL,NULL,NULL,NULL,94
107,1976,C17072538326,NULL,94,NULL,19AABCN0115D1Z3,NULL,NULL,NULL,1,NULL,29:20.3,NULL,NULL,NULL,NULL,94
108,1980,C17072513097,NULL,94,NULL,19AAECJ2412L1ZJ,NULL,NULL,NULL,1,NULL,29:20.3,NULL,NULL,NULL,NULL,94
109,2368,C17072570816,NULL,94,NULL,19AACCA1002F1ZF,NULL,NULL,NULL,1,NULL,29:20.3,NULL,NULL,NULL,NULL,94
110,2432,C17072566670,NULL,94,NULL,27AAKCS6038H1Z2,NULL,NULL,NULL,1,NULL,29:20.3,NULL,NULL,NULL,NULL,94
111,2468,C17072515997,NULL,94,NULL,34AAACR3242C1Z0,NULL,NULL,NULL,1,NULL,29:20.3,NULL,NULL,NULL,NULL,94
112,2566,C17072548049,NULL,94,NULL,37AABCV4517H1ZB,NULL,NULL,NULL,1,NULL,29:20.3,NULL,NULL,NULL,NULL,94
113,2907,C17072569012,NULL,94,NULL,06AADCA3754H1ZU,NULL,NULL,NULL,1,NULL,29:20.3,NULL,NULL,NULL,NULL,94
114,3063,C17072589188,NULL,94,NULL,22AABCR2143MIZL,NULL,NULL,NULL,1,NULL,29:20.3,NULL,NULL,NULL,NULL,94
115,3123,C17072530668,NULL,94,NULL,24AABCB0498D1Z2,NULL,NULL,NULL,1,NULL,29:20.3,NULL,NULL,NULL,NULL,94
116,3486,C17072564442,NULL,94,NULL,29AAACF5951E1ZN,NULL,NULL,NULL,1,NULL,29:20.3,NULL,NULL,NULL,NULL,94
117,3681,C17072516996,NULL,94,NULL,19AABCC0098A1Z2,NULL,NULL,NULL,1,NULL,29:20.3,NULL,NULL,NULL,NULL,94
118,3767,C17072558106,NULL,94,NULL,09AAACT5202A2ZY,NULL,NULL,NULL,1,NULL,29:20.3,NULL,NULL,NULL,NULL,94
119,4428,C17072577818,NULL,94,NULL,19AAACO2941H1ZH,NULL,NULL,NULL,1,NULL,29:20.3,NULL,NULL,NULL,NULL,94
120,4752,C17072591694,NULL,94,NULL,19AABCU0627K1Z8,NULL,NULL,NULL,1,NULL,29:20.3,NULL,NULL,NULL,NULL,94
121,4958,C17072556400,NULL,94,NULL,06AABCV1126E1ZV,NULL,NULL,NULL,1,NULL,29:20.3,NULL,NULL,NULL,NULL,94
122,5410,C17072521202,NULL,94,NULL,06AADCS9516R1ZN,NULL,NULL,NULL,1,NULL,29:20.3,NULL,NULL,NULL,NULL,94
123,5607,C17072559798,NULL,94,NULL,27AABCM1598B1ZM,NULL,NULL,NULL,1,NULL,29:20.3,NULL,NULL,NULL,NULL,94
124,5632,C17072579965,NULL,94,NULL,,NULL,NULL,NULL,1,NULL,29:20.3,NULL,NULL,NULL,NULL,94
125,5847,C17072527574,NULL,94,NULL,06AABCT4364LIZ4,NULL,NULL,NULL,1,NULL,29:20.3,NULL,NULL,NULL,NULL,94
126,5885,C17072546524,NULL,94,NULL,09AACCG3969M1ZZ,NULL,NULL,NULL,1,NULL,29:20.3,NULL,NULL,NULL,NULL,94
127,5922,C17072538271,NULL,94,NULL,05AACCS4317BIZY,NULL,NULL,NULL,1,NULL,29:20.3,NULL,NULL,NULL,NULL,94
128,6303,C17072558564,NULL,94,NULL,09AAFFS3605L1ZZ,NULL,NULL,NULL,1,NULL,29:20.3,NULL,NULL,NULL,NULL,94
129,6415,C17072571808,NULL,94,NULL,AA0703170659016,NULL,NULL,NULL,1,NULL,29:20.3,NULL,NULL,NULL,NULL,94
130,6432,C17072581769,NULL,94,NULL,07AADCK6323L1ZE,NULL,NULL,NULL,1,NULL,29:20.3,NULL,NULL,NULL,NULL,94
131,6533,C17072534899,NULL,94,NULL,23AAACT3198F1ZG,NULL,NULL,NULL,1,NULL,29:20.3,NULL,NULL,NULL,NULL,94
132,6556,C17072588569,NULL,94,NULL,24AABCP7264P1ZX,NULL,NULL,NULL,1,NULL,29:20.3,NULL,NULL,NULL,NULL,94
133,6772,C17072554302,NULL,94,NULL,09AACCP0148H1ZK,NULL,NULL,NULL,1,NULL,29:20.3,NULL,NULL,NULL,NULL,94
134,6815,C17072525102,NULL,94,NULL,06AADCT1403E1ZZ,NULL,NULL,NULL,1,NULL,29:20.3,NULL,NULL,NULL,NULL,94
135,6869,C17072541231,NULL,94,NULL,27AABCK5441K1ZF,NULL,NULL,NULL,1,NULL,29:20.3,NULL,NULL,NULL,NULL,94
136,6929,C17072539986,NULL,94,NULL,19AADCA4694C1ZO,NULL,NULL,NULL,1,NULL,29:20.3,NULL,NULL,NULL,NULL,94
137,7192,C17072554378,NULL,94,NULL,19AAACF5203H2ZW,NULL,NULL,NULL,1,NULL,29:20.3,NULL,NULL,NULL,NULL,94
138,7208,C17072544063,NULL,94,NULL,09AAACM9334L1Z2,NULL,NULL,NULL,1,NULL,29:20.3,NULL,NULL,NULL,NULL,94
139,7759,C17072582860,NULL,94,NULL,09AAACB5954F1ZO,NULL,NULL,NULL,1,NULL,29:20.3,NULL,NULL,NULL,NULL,94
140,8341,C17072513741,NULL,94,NULL,09AAECN3863D1ZG,NULL,NULL,NULL,1,NULL,29:20.3,NULL,NULL,NULL,NULL,94
141,8387,C17072556743,NULL,94,NULL,06AAPCS5495K1ZJ,NULL,NULL,NULL,1,NULL,29:20.3,NULL,NULL,NULL,NULL,94
142,8395,C17072585501,NULL,94,NULL,06AAFCC2007D1ZE,NULL,NULL,NULL,1,NULL,29:20.3,NULL,NULL,NULL,NULL,94
143,8662,C17072569028,NULL,94,NULL,33AAACN2847D2ZU,NULL,NULL,NULL,1,NULL,29:20.3,NULL,NULL,NULL,NULL,94
144,8739,C17072530129,NULL,94,NULL,09AAACN0866A1ZT,NULL,NULL,NULL,1,NULL,29:20.3,NULL,NULL,NULL,NULL,94
145,8792,C17072543513,NULL,94,NULL,09AAACM6420F1ZQ,NULL,NULL,NULL,1,NULL,29:20.3,NULL,NULL,NULL,NULL,94
146,8800,C17072520458,NULL,94,NULL,06AAACF0016G1ZD,NULL,NULL,NULL,1,NULL,29:20.3,NULL,NULL,NULL,NULL,94
147,8862,C17072564939,NULL,94,NULL,06AAACR0644J1ZK,NULL,NULL,NULL,1,NULL,29:20.3,NULL,NULL,NULL,NULL,94
148,8987,C17072570263,NULL,94,NULL,06AABCR4950L1Z6,NULL,NULL,NULL,1,NULL,29:20.3,NULL,NULL,NULL,NULL,94
149,9339,C17072525820,NULL,94,NULL,09AABCH5860P1ZZ,NULL,NULL,NULL,1,NULL,29:20.3,NULL,NULL,NULL,NULL,94
150,9678,C17072573599,NULL,94,NULL,27AABCJ9187H1Z4,NULL,NULL,NULL,1,NULL,29:20.3,NULL,NULL,NULL,NULL,94
151,9781,C17072515971,NULL,94,NULL,03AAACV5820G1ZP,NULL,NULL,NULL,1,NULL,29:20.3,NULL,NULL,NULL,NULL,94
152,9926,C17072590430,NULL,94,NULL,33AAECF4078N1ZB,NULL,NULL,NULL,1,NULL,29:20.3,NULL,NULL,NULL,NULL,94
153,10298,C17072554183,NULL,94,NULL,24AAACN7942F1ZK,NULL,NULL,NULL,1,NULL,29:20.3,NULL,NULL,NULL,NULL,94
154,10384,C17072587776,NULL,94,NULL,03AACCN3563A2Z2,NULL,NULL,NULL,1,NULL,29:20.3,NULL,NULL,NULL,NULL,94
155,10549,C17072526784,NULL,94,NULL,29AACCR2067H1ZA,NULL,NULL,NULL,1,NULL,29:20.3,NULL,NULL,NULL,NULL,94
156,10561,C17072528361,NULL,94,NULL,19AABCW0856C1ZG,NULL,NULL,NULL,1,NULL,29:20.3,NULL,NULL,NULL,NULL,94
157,13397,C17072559851,NULL,94,NULL,09AABCA6852A1ZZ,NULL,NULL,NULL,1,NULL,29:20.3,NULL,NULL,NULL,NULL,94
158,11,C17072524873,NULL,95,NULL,0000M00033,NULL,NULL,NULL,1,NULL,48:25.1,NULL,NULL,NULL,NULL,95
159,19,C17072558804,NULL,95,NULL,0000B00477,NULL,NULL,NULL,1,NULL,48:25.1,NULL,NULL,NULL,NULL,95
160,22,C17072581893,NULL,95,NULL,0000F00038,NULL,NULL,NULL,1,NULL,48:25.1,NULL,NULL,NULL,NULL,95
161,35,C17072562677,NULL,95,NULL,130115E333,NULL,NULL,NULL,1,NULL,48:25.1,NULL,NULL,NULL,NULL,95
162,56,C17072548399,NULL,95,NULL,134015T401,NULL,NULL,NULL,1,NULL,48:25.1,NULL,NULL,NULL,NULL,95
163,61,C17072569526,NULL,95,NULL,0000H00022,NULL,NULL,NULL,1,NULL,48:25.1,NULL,NULL,NULL,NULL,95
164,62,C17072515833,NULL,95,NULL,0000I00052,NULL,NULL,NULL,1,NULL,48:25.1,NULL,NULL,NULL,NULL,95
165,68,C17072594986,NULL,95,NULL,0000B00068,NULL,NULL,NULL,1,NULL,48:25.1,NULL,NULL,NULL,NULL,95
166,106,C17072551308,NULL,95,NULL,0000S00890,NULL,NULL,NULL,1,NULL,48:25.1,NULL,NULL,NULL,NULL,95
167,120,C17072520951,NULL,95,NULL,0000B00696,NULL,NULL,NULL,1,NULL,48:25.1,NULL,NULL,NULL,NULL,95
168,125,C17072586964,NULL,95,NULL,G00678,NULL,NULL,NULL,1,NULL,48:25.1,NULL,NULL,NULL,NULL,95
169,132,C17072569756,NULL,95,NULL,600006M719,NULL,NULL,NULL,1,NULL,48:25.1,NULL,NULL,NULL,NULL,95
170,141,C17072514256,NULL,95,NULL,N00588,NULL,NULL,NULL,1,NULL,48:25.1,NULL,NULL,NULL,NULL,95
171,145,C17072524595,NULL,95,NULL,131410N022,NULL,NULL,NULL,1,NULL,48:25.1,NULL,NULL,NULL,NULL,95
172,147,C17072583278,NULL,95,NULL,0000B00092,NULL,NULL,NULL,1,NULL,48:25.1,NULL,NULL,NULL,NULL,95
173,168,C17072529443,NULL,95,NULL,130515S412,NULL,NULL,NULL,1,NULL,48:25.1,NULL,NULL,NULL,NULL,95
174,182,C17072541369,NULL,95,NULL,224010S844,NULL,NULL,NULL,1,NULL,48:25.1,NULL,NULL,NULL,NULL,95
175,184,C17072511678,NULL,95,NULL,0000S00671,NULL,NULL,NULL,1,NULL,48:25.1,NULL,NULL,NULL,NULL,95
176,186,C17072528349,NULL,95,NULL,104110W013,NULL,NULL,NULL,1,NULL,48:25.1,NULL,NULL,NULL,NULL,95
177,187,C17072520400,NULL,95,NULL,136010I273,NULL,NULL,NULL,1,NULL,48:25.1,NULL,NULL,NULL,NULL,95
178,198,C17072552845,NULL,95,NULL,251915C175,NULL,NULL,NULL,1,NULL,48:25.1,NULL,NULL,NULL,NULL,95
179,202,C17072564787,NULL,95,NULL,362003A656,NULL,NULL,NULL,1,NULL,48:25.1,NULL,NULL,NULL,NULL,95
180,203,C17072527863,NULL,95,NULL,190115SB51,NULL,NULL,NULL,1,NULL,48:25.1,NULL,NULL,NULL,NULL,95
181,208,C17072512321,NULL,95,NULL,250115J213,NULL,NULL,NULL,1,NULL,48:25.1,NULL,NULL,NULL,NULL,95
182,223,C17072514853,NULL,95,NULL,0000S00075,NULL,NULL,NULL,1,NULL,48:25.1,NULL,NULL,NULL,NULL,95
183,229,C17072525920,NULL,95,NULL,102010H092,NULL,NULL,NULL,1,NULL,48:25.1,NULL,NULL,NULL,NULL,95
184,230,C17072523917,NULL,95,NULL,0000I00152,NULL,NULL,NULL,1,NULL,48:25.1,NULL,NULL,NULL,NULL,95
185,245,C17072517247,NULL,95,NULL,C10700K012,NULL,NULL,NULL,1,NULL,48:25.1,NULL,NULL,NULL,NULL,95
186,252,C17072513034,NULL,95,NULL,E00047,NULL,NULL,NULL,1,NULL,48:25.1,NULL,NULL,NULL,NULL,95
187,257,C17072556412,NULL,95,NULL,400001N058,NULL,NULL,NULL,1,NULL,48:25.1,NULL,NULL,NULL,NULL,95
188,264,C17072570001,NULL,95,NULL,Y00024,NULL,NULL,NULL,1,NULL,48:25.1,NULL,NULL,NULL,NULL,95
189,270,C17072528065,NULL,95,NULL,4.00E+68,NULL,NULL,NULL,1,NULL,48:25.1,NULL,NULL,NULL,NULL,95
190,272,C17072575136,NULL,95,NULL,0000B00422,NULL,NULL,NULL,1,NULL,48:25.2,NULL,NULL,NULL,NULL,95
191,277,C17072529743,NULL,95,NULL,0000H00316,NULL,NULL,NULL,1,NULL,48:25.2,NULL,NULL,NULL,NULL,95
192,283,C17072561383,NULL,95,NULL,131515G146,NULL,NULL,NULL,1,NULL,48:25.2,NULL,NULL,NULL,NULL,95
193,284,C17072534896,NULL,95,NULL,0000L00049,NULL,NULL,NULL,1,NULL,48:25.2,NULL,NULL,NULL,NULL,95
194,289,C17072553188,NULL,95,NULL,0.00E+00,NULL,NULL,NULL,1,NULL,48:25.2,NULL,NULL,NULL,NULL,95
195,296,C17072579915,NULL,95,NULL,V00278,NULL,NULL,NULL,1,NULL,48:25.2,NULL,NULL,NULL,NULL,95
196,306,C17072546657,NULL,95,NULL,063610M685,NULL,NULL,NULL,1,NULL,48:25.2,NULL,NULL,NULL,NULL,95
197,323,C17072593088,NULL,95,NULL,0000P00717,NULL,NULL,NULL,1,NULL,48:25.2,NULL,NULL,NULL,NULL,95
198,340,C17072583580,NULL,95,NULL,S00595,NULL,NULL,NULL,1,NULL,48:25.2,NULL,NULL,NULL,NULL,95
199,354,C17072540843,NULL,95,NULL,0000W00058,NULL,NULL,NULL,1,NULL,48:25.2,NULL,NULL,NULL,NULL,95
200,363,C17072596947,NULL,95,NULL,0000B00673,NULL,NULL,NULL,1,NULL,48:25.2,NULL,NULL,NULL,NULL,95
201,372,C17072545756,NULL,95,NULL,455001G001,NULL,NULL,NULL,1,NULL,48:25.2,NULL,NULL,NULL,NULL,95
202,379,C17072579584,NULL,95,NULL,600058Z004,NULL,NULL,NULL,1,NULL,48:25.2,NULL,NULL,NULL,NULL,95
203,387,C17072577927,NULL,95,NULL,0000M00746,NULL,NULL,NULL,1,NULL,48:25.2,NULL,NULL,NULL,NULL,95
204,392,C17072565788,NULL,95,NULL,0000G00111,NULL,NULL,NULL,1,NULL,48:25.2,NULL,NULL,NULL,NULL,95
205,394,C17072563016,NULL,95,NULL,0000H00008,NULL,NULL,NULL,1,NULL,48:25.2,NULL,NULL,NULL,NULL,95
206,439,C17072569074,NULL,95,NULL,130115M580,NULL,NULL,NULL,1,NULL,48:25.2,NULL,NULL,NULL,NULL,95
207,447,C17072521674,NULL,95,NULL,061515B303,NULL,NULL,NULL,1,NULL,48:25.2,NULL,NULL,NULL,NULL,95
208,460,C17072546562,NULL,95,NULL,00107C0005,NULL,NULL,NULL,1,NULL,48:25.2,NULL,NULL,NULL,NULL,95
209,470,C17072592180,NULL,95,NULL,N00593,NULL,NULL,NULL,1,NULL,48:25.2,NULL,NULL,NULL,NULL,95
210,476,C17072555427,NULL,95,NULL,1.34E+18,NULL,NULL,NULL,1,NULL,48:25.2,NULL,NULL,NULL,NULL,95
211,478,C17072516965,NULL,95,NULL,0000J00447,NULL,NULL,NULL,1,NULL,48:25.2,NULL,NULL,NULL,NULL,95
212,479,C17072564795,NULL,95,NULL,N00546,NULL,NULL,NULL,1,NULL,48:25.2,NULL,NULL,NULL,NULL,95
213,483,C17072524944,NULL,95,NULL,0000T00024,NULL,NULL,NULL,1,NULL,48:25.2,NULL,NULL,NULL,NULL,95
214,498,C17072516623,NULL,95,NULL,361515A876,NULL,NULL,NULL,1,NULL,48:25.2,NULL,NULL,NULL,NULL,95
215,519,C17072533528,NULL,95,NULL,0000R00419,NULL,NULL,NULL,1,NULL,48:25.2,NULL,NULL,NULL,NULL,95
216,525,C17072528052,NULL,95,NULL,0000C00515,NULL,NULL,NULL,1,NULL,48:25.2,NULL,NULL,NULL,NULL,95
217,551,C17072577636,NULL,95,NULL,260115SB70,NULL,NULL,NULL,1,NULL,48:25.2,NULL,NULL,NULL,NULL,95
218,555,C17072580059,NULL,95,NULL,137015W001,NULL,NULL,NULL,1,NULL,48:25.2,NULL,NULL,NULL,NULL,95
219,557,C17072522843,NULL,95,NULL,G00040,NULL,NULL,NULL,1,NULL,48:25.2,NULL,NULL,NULL,NULL,95
220,565,C17072543685,NULL,95,NULL,T00082,NULL,NULL,NULL,1,NULL,48:25.2,NULL,NULL,NULL,NULL,95
221,569,C17072588751,NULL,95,NULL,221120W037,NULL,NULL,NULL,1,NULL,48:25.2,NULL,NULL,NULL,NULL,95
222,572,C17072579301,NULL,95,NULL,T00450,NULL,NULL,NULL,1,NULL,48:25.2,NULL,NULL,NULL,NULL,95
223,592,C17072552121,NULL,95,NULL,00107L0004,NULL,NULL,NULL,1,NULL,48:25.2,NULL,NULL,NULL,NULL,95
224,594,C17072548016,NULL,95,NULL,400604G128,NULL,NULL,NULL,1,NULL,48:25.2,NULL,NULL,NULL,NULL,95
225,600,C17072518000,NULL,95,NULL,0000P00270,NULL,NULL,NULL,1,NULL,48:25.2,NULL,NULL,NULL,NULL,95
226,605,C17072532935,NULL,95,NULL,440016D192,NULL,NULL,NULL,1,NULL,48:25.2,NULL,NULL,NULL,NULL,95
227,685,C17072541208,NULL,95,NULL,0000P00314,NULL,NULL,NULL,1,NULL,48:25.2,NULL,NULL,NULL,NULL,95
228,690,C17072566082,NULL,95,NULL,242210H146,NULL,NULL,NULL,1,NULL,48:25.2,NULL,NULL,NULL,NULL,95
229,719,C17072586624,NULL,95,NULL,0000H00037,NULL,NULL,NULL,1,NULL,48:25.2,NULL,NULL,NULL,NULL,95
230,720,C17072543341,NULL,95,NULL,0000D00407,NULL,NULL,NULL,1,NULL,48:25.2,NULL,NULL,NULL,NULL,95
231,760,C17072537364,NULL,95,NULL,0000N01131,NULL,NULL,NULL,1,NULL,48:25.2,NULL,NULL,NULL,NULL,95
232,766,C17072564980,NULL,95,NULL,123015H343,NULL,NULL,NULL,1,NULL,48:25.2,NULL,NULL,NULL,NULL,95
233,799,C17072514128,NULL,95,NULL,063015L162,NULL,NULL,NULL,1,NULL,48:25.2,NULL,NULL,NULL,NULL,95
234,800,C17072519250,NULL,95,NULL,DND2,NULL,NULL,NULL,1,NULL,48:25.2,NULL,NULL,NULL,NULL,95
235,831,C17072568069,NULL,95,NULL,261515W098,NULL,NULL,NULL,1,NULL,48:25.2,NULL,NULL,NULL,NULL,95
236,838,C17072527286,NULL,95,NULL,071015V207,NULL,NULL,NULL,1,NULL,48:25.2,NULL,NULL,NULL,NULL,95
237,892,C17072593130,NULL,95,NULL,0000E00521,NULL,NULL,NULL,1,NULL,48:25.2,NULL,NULL,NULL,NULL,95
238,935,C17072519356,NULL,95,NULL,220115V061,NULL,NULL,NULL,1,NULL,48:25.2,NULL,NULL,NULL,NULL,95
239,955,C17072546245,NULL,95,NULL,A01271,NULL,NULL,NULL,1,NULL,48:25.2,NULL,NULL,NULL,NULL,95
240,956,C17072555648,NULL,95,NULL,382470S986,NULL,NULL,NULL,1,NULL,48:25.2,NULL,NULL,NULL,NULL,95
241,990,C17072554204,NULL,95,NULL,208001U101,NULL,NULL,NULL,1,NULL,48:25.2,NULL,NULL,NULL,NULL,95
242,1072,C17072542757,NULL,95,NULL,102,NULL,NULL,NULL,1,NULL,48:25.2,NULL,NULL,NULL,NULL,95
243,1097,C17072585414,NULL,95,NULL,257010H332,NULL,NULL,NULL,1,NULL,48:25.2,NULL,NULL,NULL,NULL,95
244,1142,C17072590281,NULL,95,NULL,0000A00840,NULL,NULL,NULL,1,NULL,48:25.2,NULL,NULL,NULL,NULL,95
245,1145,C17072563104,NULL,95,NULL,061410L178,NULL,NULL,NULL,1,NULL,48:25.2,NULL,NULL,NULL,NULL,95
246,1170,C17072587861,NULL,95,NULL,0000S02240,NULL,NULL,NULL,1,NULL,48:25.2,NULL,NULL,NULL,NULL,95
247,1205,C17072563666,NULL,95,NULL,251515M584,NULL,NULL,NULL,1,NULL,48:25.2,NULL,NULL,NULL,NULL,95
248,1208,C17072516062,NULL,95,NULL,0000D00433,NULL,NULL,NULL,1,NULL,48:25.2,NULL,NULL,NULL,NULL,95
249,1221,C17072538409,NULL,95,NULL,0000M00526,NULL,NULL,NULL,1,NULL,48:25.2,NULL,NULL,NULL,NULL,95
250,1222,C17072567402,NULL,95,NULL,0000A01142,NULL,NULL,NULL,1,NULL,48:25.2,NULL,NULL,NULL,NULL,95
251,1223,C17072544312,NULL,95,NULL,M01237,NULL,NULL,NULL,1,NULL,48:25.2,NULL,NULL,NULL,NULL,95
252,1226,C17072523298,NULL,95,NULL,0000S02042,NULL,NULL,NULL,1,NULL,48:25.2,NULL,NULL,NULL,NULL,95
253,1227,C17072533866,NULL,95,NULL,R00876,NULL,NULL,NULL,1,NULL,48:25.2,NULL,NULL,NULL,NULL,95
254,1240,C17072567509,NULL,95,NULL,0000I00570,NULL,NULL,NULL,1,NULL,48:25.2,NULL,NULL,NULL,NULL,95
255,1249,C17072591202,NULL,95,NULL,B00671,NULL,NULL,NULL,1,NULL,48:25.2,NULL,NULL,NULL,NULL,95
256,1272,C17072560056,NULL,95,NULL,0000N00127,NULL,NULL,NULL,1,NULL,48:25.2,NULL,NULL,NULL,NULL,95
257,1281,C17072523238,NULL,95,NULL,0000P00678,NULL,NULL,NULL,1,NULL,48:25.2,NULL,NULL,NULL,NULL,95
258,1282,C17072554289,NULL,95,NULL,0000H00240,NULL,NULL,NULL,1,NULL,48:25.2,NULL,NULL,NULL,NULL,95
259,1341,C17072580120,NULL,95,NULL,V00302,NULL,NULL,NULL,1,NULL,48:25.2,NULL,NULL,NULL,NULL,95
260,1350,C17072565690,NULL,95,NULL,TPC6,NULL,NULL,NULL,1,NULL,48:25.2,NULL,NULL,NULL,NULL,95
261,1351,C17072589384,NULL,95,NULL,A01373,NULL,NULL,NULL,1,NULL,48:25.2,NULL,NULL,NULL,NULL,95
262,1361,C17072564408,NULL,95,NULL,501010P223,NULL,NULL,NULL,1,NULL,48:25.2,NULL,NULL,NULL,NULL,95
263,1364,C17072517103,NULL,95,NULL,0000A00050,NULL,NULL,NULL,1,NULL,48:25.2,NULL,NULL,NULL,NULL,95
264,1365,C17072575929,NULL,95,NULL,0000A00191,NULL,NULL,NULL,1,NULL,48:25.2,NULL,NULL,NULL,NULL,95
265,1370,C17072511888,NULL,95,NULL,E00415,NULL,NULL,NULL,1,NULL,48:25.2,NULL,NULL,NULL,NULL,95
266,1403,C17072555415,NULL,95,NULL,251015R266,NULL,NULL,NULL,1,NULL,48:25.2,NULL,NULL,NULL,NULL,95
267,1409,C17072516739,NULL,95,NULL,251515N082,NULL,NULL,NULL,1,NULL,48:25.2,NULL,NULL,NULL,NULL,95
268,1412,C17072549269,NULL,95,NULL,C00807,NULL,NULL,NULL,1,NULL,48:25.2,NULL,NULL,NULL,NULL,95
269,1428,C17072539822,NULL,95,NULL,257010RS27,NULL,NULL,NULL,1,NULL,48:25.2,NULL,NULL,NULL,NULL,95
270,1430,C17072582481,NULL,95,NULL,130115U211,NULL,NULL,NULL,1,NULL,48:25.2,NULL,NULL,NULL,NULL,95
271,1431,C17072557599,NULL,95,NULL,252015S002,NULL,NULL,NULL,1,NULL,48:25.2,NULL,NULL,NULL,NULL,95
272,1436,C17072516644,NULL,95,NULL,00T00C0347,NULL,NULL,NULL,1,NULL,48:25.2,NULL,NULL,NULL,NULL,95
273,1442,C17072541003,NULL,95,NULL,0000K00361,NULL,NULL,NULL,1,NULL,48:25.2,NULL,NULL,NULL,NULL,95
274,1444,C17072522194,NULL,95,NULL,0000P02024,NULL,NULL,NULL,1,NULL,48:25.2,NULL,NULL,NULL,NULL,95
275,1451,C17072516957,NULL,95,NULL,0000V00226,NULL,NULL,NULL,1,NULL,48:25.2,NULL,NULL,NULL,NULL,95
276,1477,C17072596908,NULL,95,NULL,0000S11297,NULL,NULL,NULL,1,NULL,48:25.2,NULL,NULL,NULL,NULL,95
277,1483,C17072512988,NULL,95,NULL,C00062,NULL,NULL,NULL,1,NULL,48:25.2,NULL,NULL,NULL,NULL,95
278,1523,C17072584589,NULL,95,NULL,S01907,NULL,NULL,NULL,1,NULL,48:25.2,NULL,NULL,NULL,NULL,95
279,1538,C17072558887,NULL,95,NULL,251010O044,NULL,NULL,NULL,1,NULL,48:25.2,NULL,NULL,NULL,NULL,95
280,1541,C17072571689,NULL,95,NULL,711102C149,NULL,NULL,NULL,1,NULL,48:25.2,NULL,NULL,NULL,NULL,95
281,1568,C17072565870,NULL,95,NULL,I00617,NULL,NULL,NULL,1,NULL,48:25.2,NULL,NULL,NULL,NULL,95
282,1570,C17072586823,NULL,95,NULL,400059I059,NULL,NULL,NULL,1,NULL,48:25.2,NULL,NULL,NULL,NULL,95
283,1574,C17072566129,NULL,95,NULL,0000P00604,NULL,NULL,NULL,1,NULL,48:25.2,NULL,NULL,NULL,NULL,95
284,1610,C17072579683,NULL,95,NULL,241620SD81,NULL,NULL,NULL,1,NULL,48:25.2,NULL,NULL,NULL,NULL,95
285,1637,C17072557775,NULL,95,NULL,I00365,NULL,NULL,NULL,1,NULL,48:25.2,NULL,NULL,NULL,NULL,95
286,1641,C17072564760,NULL,95,NULL,0000F00294,NULL,NULL,NULL,1,NULL,48:25.2,NULL,NULL,NULL,NULL,95
287,1662,C17072540583,NULL,95,NULL,0000S00196,NULL,NULL,NULL,1,NULL,48:25.2,NULL,NULL,NULL,NULL,95
288,1667,C17072518581,NULL,95,NULL,B01004,NULL,NULL,NULL,1,NULL,48:25.2,NULL,NULL,NULL,NULL,95
289,1680,C17072583659,NULL,95,NULL,243610C544,NULL,NULL,NULL,1,NULL,48:25.2,NULL,NULL,NULL,NULL,95
290,1696,C17072597815,NULL,95,NULL,462023I061,NULL,NULL,NULL,1,NULL,48:25.2,NULL,NULL,NULL,NULL,95
291,1725,C17072583473,NULL,95,NULL,250515B348,NULL,NULL,NULL,1,NULL,48:25.2,NULL,NULL,NULL,NULL,95
292,1743,C17072580344,NULL,95,NULL,400063V501,NULL,NULL,NULL,1,NULL,48:25.2,NULL,NULL,NULL,NULL,95
293,1760,C17072528170,NULL,95,NULL,0000I01335,NULL,NULL,NULL,1,NULL,48:25.2,NULL,NULL,NULL,NULL,95
294,1807,C17072524430,NULL,95,NULL,504015U006,NULL,NULL,NULL,1,NULL,48:25.2,NULL,NULL,NULL,NULL,95
295,1814,C17072591961,NULL,95,NULL,252110R001,NULL,NULL,NULL,1,NULL,48:25.2,NULL,NULL,NULL,NULL,95
296,1819,C17072588189,NULL,95,NULL,C00211,NULL,NULL,NULL,1,NULL,48:25.2,NULL,NULL,NULL,NULL,95
297,1825,C17072538417,NULL,95,NULL,4.00E+24,NULL,NULL,NULL,1,NULL,48:25.2,NULL,NULL,NULL,NULL,95
298,1832,C17072526300,NULL,95,NULL,0000A02303,NULL,NULL,NULL,1,NULL,48:25.2,NULL,NULL,NULL,NULL,95
299,1846,C17072546701,NULL,95,NULL,0000F00072,NULL,NULL,NULL,1,NULL,48:25.2,NULL,NULL,NULL,NULL,95
300,1870,C17072558466,NULL,95,NULL,251510P518,NULL,NULL,NULL,1,NULL,48:25.2,NULL,NULL,NULL,NULL,95
301,1877,C17072568799,NULL,95,NULL,0000V00900,NULL,NULL,NULL,1,NULL,48:25.2,NULL,NULL,NULL,NULL,95
302,1924,C17072550891,NULL,95,NULL,SA85,NULL,NULL,NULL,1,NULL,48:25.2,NULL,NULL,NULL,NULL,95
303,1931,C17072520956,NULL,95,NULL,131510K204,NULL,NULL,NULL,1,NULL,48:25.2,NULL,NULL,NULL,NULL,95
304,1961,C17072573460,NULL,95,NULL,011510A404,NULL,NULL,NULL,1,NULL,48:25.2,NULL,NULL,NULL,NULL,95
305,1962,C17072569281,NULL,95,NULL,0000E00520,NULL,NULL,NULL,1,NULL,48:25.2,NULL,NULL,NULL,NULL,95
306,1976,C17072538326,NULL,95,NULL,254004H346,NULL,NULL,NULL,1,NULL,48:25.2,NULL,NULL,NULL,NULL,95
307,1978,C17072549694,NULL,95,NULL,0000R01052,NULL,NULL,NULL,1,NULL,48:25.2,NULL,NULL,NULL,NULL,95
308,2012,C17072595191,NULL,95,NULL,364004L172,NULL,NULL,NULL,1,NULL,48:25.2,NULL,NULL,NULL,NULL,95
309,2032,C17072547831,NULL,95,NULL,0000A01056,NULL,NULL,NULL,1,NULL,48:25.2,NULL,NULL,NULL,NULL,95
310,2039,C17072588283,NULL,95,NULL,C00794,NULL,NULL,NULL,1,NULL,48:25.2,NULL,NULL,NULL,NULL,95
311,2082,C17072546616,NULL,95,NULL,0000S00458,NULL,NULL,NULL,1,NULL,48:25.2,NULL,NULL,NULL,NULL,95
312,2083,C17072520795,NULL,95,NULL,0000U00086,NULL,NULL,NULL,1,NULL,48:25.2,NULL,NULL,NULL,NULL,95
313,2088,C17072533225,NULL,95,NULL,060115L138,NULL,NULL,NULL,1,NULL,48:25.3,NULL,NULL,NULL,NULL,95
314,2095,C17072542203,NULL,95,NULL,E00718,NULL,NULL,NULL,1,NULL,48:25.3,NULL,NULL,NULL,NULL,95
315,2100,C17072595568,NULL,95,NULL,280110I017,NULL,NULL,NULL,1,NULL,48:25.3,NULL,NULL,NULL,NULL,95
316,2110,C17072558405,NULL,95,NULL,S02202,NULL,NULL,NULL,1,NULL,48:25.3,NULL,NULL,NULL,NULL,95
317,2118,C17072558184,NULL,95,NULL,0000K00466,NULL,NULL,NULL,1,NULL,48:25.3,NULL,NULL,NULL,NULL,95
318,2126,C17072562412,NULL,95,NULL,0000K00372,NULL,NULL,NULL,1,NULL,48:25.3,NULL,NULL,NULL,NULL,95
319,2156,C17072568992,NULL,95,NULL,0000B00699,NULL,NULL,NULL,1,NULL,48:25.3,NULL,NULL,NULL,NULL,95
320,2160,C17072554428,NULL,95,NULL,0000M00099,NULL,NULL,NULL,1,NULL,48:25.3,NULL,NULL,NULL,NULL,95
321,2172,C17072560111,NULL,95,NULL,253615K002,NULL,NULL,NULL,1,NULL,48:25.3,NULL,NULL,NULL,NULL,95
322,2177,C17072541118,NULL,95,NULL,0000S00796,NULL,NULL,NULL,1,NULL,48:25.3,NULL,NULL,NULL,NULL,95
323,2189,C17072538034,NULL,95,NULL,0000S11318,NULL,NULL,NULL,1,NULL,48:25.3,NULL,NULL,NULL,NULL,95
324,2195,C17072538460,NULL,95,NULL,220515M330,NULL,NULL,NULL,1,NULL,48:25.3,NULL,NULL,NULL,NULL,95
325,2200,C17072554511,NULL,95,NULL,0000L00048,NULL,NULL,NULL,1,NULL,48:25.3,NULL,NULL,NULL,NULL,95
326,2207,C17072542603,NULL,95,NULL,0000S03027,NULL,NULL,NULL,1,NULL,48:25.3,NULL,NULL,NULL,NULL,95
327,2209,C17072542301,NULL,95,NULL,F00549,NULL,NULL,NULL,1,NULL,48:25.3,NULL,NULL,NULL,NULL,95
328,2245,C17072578596,NULL,95,NULL,250110A892,NULL,NULL,NULL,1,NULL,48:25.3,NULL,NULL,NULL,NULL,95
329,2253,C17072522735,NULL,95,NULL,0000N00393,NULL,NULL,NULL,1,NULL,48:25.3,NULL,NULL,NULL,NULL,95
330,2257,C17072555720,NULL,95,NULL,0000P00695,NULL,NULL,NULL,1,NULL,48:25.3,NULL,NULL,NULL,NULL,95
331,2262,C17072576993,NULL,95,NULL,011060R307,NULL,NULL,NULL,1,NULL,48:25.3,NULL,NULL,NULL,NULL,95
332,2265,C17072517744,NULL,95,NULL,C00586,NULL,NULL,NULL,1,NULL,48:25.3,NULL,NULL,NULL,NULL,95
333,2282,C17072540684,NULL,95,NULL,0000M00322,NULL,NULL,NULL,1,NULL,48:25.3,NULL,NULL,NULL,NULL,95
334,2284,C17072568503,NULL,95,NULL,0000G00487,NULL,NULL,NULL,1,NULL,48:25.3,NULL,NULL,NULL,NULL,95
335,2287,C17072572952,NULL,95,NULL,0000K00478,NULL,NULL,NULL,1,NULL,48:25.3,NULL,NULL,NULL,NULL,95
336,2303,C17072523740,NULL,95,NULL,0000G00422,NULL,NULL,NULL,1,NULL,48:25.3,NULL,NULL,NULL,NULL,95
337,2312,C17072513240,NULL,95,NULL,0000A00375,NULL,NULL,NULL,1,NULL,48:25.3,NULL,NULL,NULL,NULL,95
338,2339,C17072580557,NULL,95,NULL,256010P255,NULL,NULL,NULL,1,NULL,48:25.3,NULL,NULL,NULL,NULL,95
339,2346,C17072537086,NULL,95,NULL,0000P00636,NULL,NULL,NULL,1,NULL,48:25.3,NULL,NULL,NULL,NULL,95
340,2350,C17072577928,NULL,95,NULL,251001A437,NULL,NULL,NULL,1,NULL,48:25.3,NULL,NULL,NULL,NULL,95
341,2358,C17072546638,NULL,95,NULL,A01259,NULL,NULL,NULL,1,NULL,48:25.3,NULL,NULL,NULL,NULL,95
342,2361,C17072546345,NULL,95,NULL,251560B001,NULL,NULL,NULL,1,NULL,48:25.3,NULL,NULL,NULL,NULL,95
343,2367,C17072587593,NULL,95,NULL,0000H00087,NULL,NULL,NULL,1,NULL,48:25.3,NULL,NULL,NULL,NULL,95
344,2368,C17072570816,NULL,95,NULL,0000A00196,NULL,NULL,NULL,1,NULL,48:25.3,NULL,NULL,NULL,NULL,95
345,2370,C17072579184,NULL,95,NULL,0000O00176,NULL,NULL,NULL,1,NULL,48:25.3,NULL,NULL,NULL,NULL,95
346,2378,C17072547275,NULL,95,NULL,134310U066,NULL,NULL,NULL,1,NULL,48:25.3,NULL,NULL,NULL,NULL,95
347,2384,C17072566653,NULL,95,NULL,0000H00366,NULL,NULL,NULL,1,NULL,48:25.3,NULL,NULL,NULL,NULL,95
348,2404,C17072545117,NULL,95,NULL,0000U00174,NULL,NULL,NULL,1,NULL,48:25.3,NULL,NULL,NULL,NULL,95
349,2412,C17072586227,NULL,95,NULL,0000S00251,NULL,NULL,NULL,1,NULL,48:25.3,NULL,NULL,NULL,NULL,95
350,2416,C17072564476,NULL,95,NULL,130110R371,NULL,NULL,NULL,1,NULL,48:25.3,NULL,NULL,NULL,NULL,95
351,2417,C17072580551,NULL,95,NULL,0000L00966,NULL,NULL,NULL,1,NULL,48:25.3,NULL,NULL,NULL,NULL,95
352,2419,C17072542959,NULL,95,NULL,0000S00992,NULL,NULL,NULL,1,NULL,48:25.3,NULL,NULL,NULL,NULL,95
353,2420,C17072532291,NULL,95,NULL,208001S565,NULL,NULL,NULL,1,NULL,48:25.3,NULL,NULL,NULL,NULL,95
354,2423,C17072595097,NULL,95,NULL,0000S00441,NULL,NULL,NULL,1,NULL,48:25.3,NULL,NULL,NULL,NULL,95
355,2438,C17072548317,NULL,95,NULL,240110V213,NULL,NULL,NULL,1,NULL,48:25.3,NULL,NULL,NULL,NULL,95
356,2439,C17072587452,NULL,95,NULL,250106T020,NULL,NULL,NULL,1,NULL,48:25.3,NULL,NULL,NULL,NULL,95
357,2447,C17072559373,NULL,95,NULL,190504M001,NULL,NULL,NULL,1,NULL,48:25.3,NULL,NULL,NULL,NULL,95
358,2451,C17072573926,NULL,95,NULL,070110A769,NULL,NULL,NULL,1,NULL,48:25.3,NULL,NULL,NULL,NULL,95
359,2476,C17072524269,NULL,95,NULL,0000M00465,NULL,NULL,NULL,1,NULL,48:25.3,NULL,NULL,NULL,NULL,95
360,2490,C17072570211,NULL,95,NULL,L00322,NULL,NULL,NULL,1,NULL,48:25.3,NULL,NULL,NULL,NULL,95
361,2491,C17072562729,NULL,95,NULL,0000N00423,NULL,NULL,NULL,1,NULL,48:25.3,NULL,NULL,NULL,NULL,95
362,2492,C17072536952,NULL,95,NULL,400093D315,NULL,NULL,NULL,1,NULL,48:25.3,NULL,NULL,NULL,NULL,95
363,2503,C17072533386,NULL,95,NULL,253615M730,NULL,NULL,NULL,1,NULL,48:25.3,NULL,NULL,NULL,NULL,95
364,2511,C17072524587,NULL,95,NULL,W00173,NULL,NULL,NULL,1,NULL,48:25.3,NULL,NULL,NULL,NULL,95
365,2512,C17072539162,NULL,95,NULL,066010T035,NULL,NULL,NULL,1,NULL,48:25.3,NULL,NULL,NULL,NULL,95
366,2536,C17072595919,NULL,95,NULL,0000R01030,NULL,NULL,NULL,1,NULL,48:25.3,NULL,NULL,NULL,NULL,95
367,2537,C17072580618,NULL,95,NULL,0000S02041,NULL,NULL,NULL,1,NULL,48:25.3,NULL,NULL,NULL,NULL,95
368,2552,C17072543120,NULL,95,NULL,B00790,NULL,NULL,NULL,1,NULL,48:25.3,NULL,NULL,NULL,NULL,95
369,2553,C17072564883,NULL,95,NULL,241060C415,NULL,NULL,NULL,1,NULL,48:25.3,NULL,NULL,NULL,NULL,95
370,2560,C17072528345,NULL,95,NULL,0000N00029,NULL,NULL,NULL,1,NULL,48:25.3,NULL,NULL,NULL,NULL,95
371,2568,C17072575886,NULL,95,NULL,H00058,NULL,NULL,NULL,1,NULL,48:25.3,NULL,NULL,NULL,NULL,95
372,2570,C17072532480,NULL,95,NULL,TAM1,NULL,NULL,NULL,1,NULL,48:25.3,NULL,NULL,NULL,NULL,95
373,2577,C17072579573,NULL,95,NULL,0000A00922,NULL,NULL,NULL,1,NULL,48:25.3,NULL,NULL,NULL,NULL,95
374,2599,C17072516153,NULL,95,NULL,0000K00294,NULL,NULL,NULL,1,NULL,48:25.3,NULL,NULL,NULL,NULL,95
375,2626,C17072577859,NULL,95,NULL,0000V00318,NULL,NULL,NULL,1,NULL,48:25.3,NULL,NULL,NULL,NULL,95
376,2630,C17072558536,NULL,95,NULL,104110I056,NULL,NULL,NULL,1,NULL,48:25.3,NULL,NULL,NULL,NULL,95
377,2635,C17072553734,NULL,95,NULL,G00649,NULL,NULL,NULL,1,NULL,48:25.3,NULL,NULL,NULL,NULL,95
378,2647,C17072596700,NULL,95,NULL,076010A582,NULL,NULL,NULL,1,NULL,48:25.3,NULL,NULL,NULL,NULL,95
379,2670,C17072519367,NULL,95,NULL,256010L088,NULL,NULL,NULL,1,NULL,48:25.3,NULL,NULL,NULL,NULL,95
380,2676,C17072561578,NULL,95,NULL,0000P00635,NULL,NULL,NULL,1,NULL,48:25.3,NULL,NULL,NULL,NULL,95
381,2684,C17072560542,NULL,95,NULL,452014G306,NULL,NULL,NULL,1,NULL,48:25.3,NULL,NULL,NULL,NULL,95
382,2697,C17072528873,NULL,95,NULL,0000D00400,NULL,NULL,NULL,1,NULL,48:25.3,NULL,NULL,NULL,NULL,95
383,2717,C17072513468,NULL,95,NULL,0000K00416,NULL,NULL,NULL,1,NULL,48:25.3,NULL,NULL,NULL,NULL,95
384,2727,C17072556062,NULL,95,NULL,A00205,NULL,NULL,NULL,1,NULL,48:25.3,NULL,NULL,NULL,NULL,95
385,2734,C17072522293,NULL,95,NULL,M0407,NULL,NULL,NULL,1,NULL,48:25.3,NULL,NULL,NULL,NULL,95
386,2745,C17072577298,NULL,95,NULL,F00475,NULL,NULL,NULL,1,NULL,48:25.3,NULL,NULL,NULL,NULL,95
387,2754,C17072579009,NULL,95,NULL,S01460,NULL,NULL,NULL,1,NULL,48:25.3,NULL,NULL,NULL,NULL,95
388,2758,C17072580318,NULL,95,NULL,0000B00153,NULL,NULL,NULL,1,NULL,48:25.3,NULL,NULL,NULL,NULL,95
389,2761,C17072588150,NULL,95,NULL,366010C504,NULL,NULL,NULL,1,NULL,48:25.3,NULL,NULL,NULL,NULL,95
390,2773,C17072563489,NULL,95,NULL,C00713,NULL,NULL,NULL,1,NULL,48:25.3,NULL,NULL,NULL,NULL,95
391,2790,C17072537803,NULL,95,NULL,1.30E+273,NULL,NULL,NULL,1,NULL,48:25.3,NULL,NULL,NULL,NULL,95
392,2791,C17072536970,NULL,95,NULL,0000P00084,NULL,NULL,NULL,1,NULL,48:25.3,NULL,NULL,NULL,NULL,95
393,2797,C17072515837,NULL,95,NULL,J00024,NULL,NULL,NULL,1,NULL,48:25.3,NULL,NULL,NULL,NULL,95
394,2808,C17072548129,NULL,95,NULL,220515I001,NULL,NULL,NULL,1,NULL,48:25.3,NULL,NULL,NULL,NULL,95
395,2813,C17072535398,NULL,95,NULL,M01196,NULL,NULL,NULL,1,NULL,48:25.3,NULL,NULL,NULL,NULL,95
396,2817,C17072559327,NULL,95,NULL,256010T012,NULL,NULL,NULL,1,NULL,48:25.3,NULL,NULL,NULL,NULL,95
397,2828,C17072565894,NULL,95,NULL,0000P00079,NULL,NULL,NULL,1,NULL,48:25.3,NULL,NULL,NULL,NULL,95
398,2834,C17072535314,NULL,95,NULL,136010C188,NULL,NULL,NULL,1,NULL,48:25.3,NULL,NULL,NULL,NULL,95
399,2835,C17072529233,NULL,95,NULL,S00207,NULL,NULL,NULL,1,NULL,48:25.3,NULL,NULL,NULL,NULL,95
400,2840,C17072569733,NULL,95,NULL,0000O00085,NULL,NULL,NULL,1,NULL,48:25.3,NULL,NULL,NULL,NULL,95
401,2842,C17072518882,NULL,95,NULL,0000S00570,NULL,NULL,NULL,1,NULL,48:25.3,NULL,NULL,NULL,NULL,95
402,2868,C17072587923,NULL,95,NULL,0000D00321,NULL,NULL,NULL,1,NULL,48:25.3,NULL,NULL,NULL,NULL,95
403,2873,C17072562516,NULL,95,NULL,L00003,NULL,NULL,NULL,1,NULL,48:25.3,NULL,NULL,NULL,NULL,95
404,2884,C17072513017,NULL,95,NULL,0000S02244,NULL,NULL,NULL,1,NULL,48:25.3,NULL,NULL,NULL,NULL,95
405,2895,C17072562295,NULL,95,NULL,S01541,NULL,NULL,NULL,1,NULL,48:25.3,NULL,NULL,NULL,NULL,95
406,2901,C17072593425,NULL,95,NULL,254115K001,NULL,NULL,NULL,1,NULL,48:25.3,NULL,NULL,NULL,NULL,95
407,2907,C17072569012,NULL,95,NULL,A01332,NULL,NULL,NULL,1,NULL,48:25.3,NULL,NULL,NULL,NULL,95
408,2910,C17072541059,NULL,95,NULL,0000R00182,NULL,NULL,NULL,1,NULL,48:25.3,NULL,NULL,NULL,NULL,95
409,2928,C17072516611,NULL,95,NULL,S01964,NULL,NULL,NULL,1,NULL,48:25.3,NULL,NULL,NULL,NULL,95
410,2933,C17072575198,NULL,95,NULL,0000A00010,NULL,NULL,NULL,1,NULL,48:25.3,NULL,NULL,NULL,NULL,95
411,2951,C17072513729,NULL,95,NULL,A01464,NULL,NULL,NULL,1,NULL,48:25.3,NULL,NULL,NULL,NULL,95
412,2961,C17072583357,NULL,95,NULL,070115X009,NULL,NULL,NULL,1,NULL,48:25.3,NULL,NULL,NULL,NULL,95
413,2975,C17072573650,NULL,95,NULL,A01240,NULL,NULL,NULL,1,NULL,48:25.3,NULL,NULL,NULL,NULL,95
414,2997,C17072582803,NULL,95,NULL,G00061,NULL,NULL,NULL,1,NULL,48:25.3,NULL,NULL,NULL,NULL,95
415,3007,C17072541218,NULL,95,NULL,256015C531,NULL,NULL,NULL,1,NULL,48:25.3,NULL,NULL,NULL,NULL,95
416,3012,C17072522244,NULL,95,NULL,H01173,NULL,NULL,NULL,1,NULL,48:25.3,NULL,NULL,NULL,NULL,95
417,3034,C17072568771,NULL,95,NULL,N00638,NULL,NULL,NULL,1,NULL,48:25.3,NULL,NULL,NULL,NULL,95
418,3041,C17072593608,NULL,95,NULL,131060T318,NULL,NULL,NULL,1,NULL,48:25.3,NULL,NULL,NULL,NULL,95
419,3099,C17072565217,NULL,95,NULL,0000B00480,NULL,NULL,NULL,1,NULL,48:25.4,NULL,NULL,NULL,NULL,95
420,3101,C17072578506,NULL,95,NULL,B00846,NULL,NULL,NULL,1,NULL,48:25.4,NULL,NULL,NULL,NULL,95
421,3125,C17072526210,NULL,95,NULL,0000G00401,NULL,NULL,NULL,1,NULL,48:25.4,NULL,NULL,NULL,NULL,95
422,3139,C17072599061,NULL,95,NULL,130515G361,NULL,NULL,NULL,1,NULL,48:25.4,NULL,NULL,NULL,NULL,95
423,3141,C17072512231,NULL,95,NULL,130510A881,NULL,NULL,NULL,1,NULL,48:25.4,NULL,NULL,NULL,NULL,95
424,3183,C17072574485,NULL,95,NULL,101060A554,NULL,NULL,NULL,1,NULL,48:25.4,NULL,NULL,NULL,NULL,95
425,3189,C17072580271,NULL,95,NULL,590008S894,NULL,NULL,NULL,1,NULL,48:25.4,NULL,NULL,NULL,NULL,95
426,3219,C17072513467,NULL,95,NULL,743503O410,NULL,NULL,NULL,1,NULL,48:25.4,NULL,NULL,NULL,NULL,95
427,3223,C17072546414,NULL,95,NULL,0000B00061,NULL,NULL,NULL,1,NULL,48:25.4,NULL,NULL,NULL,NULL,95
428,3225,C17072543844,NULL,95,NULL,0000I00159,NULL,NULL,NULL,1,NULL,48:25.4,NULL,NULL,NULL,NULL,95
429,3245,C17072546628,NULL,95,NULL,0000P00560,NULL,NULL,NULL,1,NULL,48:25.4,NULL,NULL,NULL,NULL,95
430,3257,C17072515260,NULL,95,NULL,0000M00448,NULL,NULL,NULL,1,NULL,48:25.4,NULL,NULL,NULL,NULL,95
431,3310,C17072543467,NULL,95,NULL,0000P00731,NULL,NULL,NULL,1,NULL,48:25.4,NULL,NULL,NULL,NULL,95
432,3319,C17072519218,NULL,95,NULL,0000M00726,NULL,NULL,NULL,1,NULL,48:25.4,NULL,NULL,NULL,NULL,95
433,3348,C17072544867,NULL,95,NULL,141001K322,NULL,NULL,NULL,1,NULL,48:25.4,NULL,NULL,NULL,NULL,95
434,3350,C17072587346,NULL,95,NULL,0000A01381,NULL,NULL,NULL,1,NULL,48:25.4,NULL,NULL,NULL,NULL,95
435,3359,C17072538408,NULL,95,NULL,RI02,NULL,NULL,NULL,1,NULL,48:25.4,NULL,NULL,NULL,NULL,95
436,3366,C17072582035,NULL,95,NULL,0000A00269,NULL,NULL,NULL,1,NULL,48:25.4,NULL,NULL,NULL,NULL,95
437,3367,C17072533178,NULL,95,NULL,I00059,NULL,NULL,NULL,1,NULL,48:25.4,NULL,NULL,NULL,NULL,95
438,3373,C17072597799,NULL,95,NULL,253615S570,NULL,NULL,NULL,1,NULL,48:25.4,NULL,NULL,NULL,NULL,95
439,3374,C17072537526,NULL,95,NULL,0000S02045,NULL,NULL,NULL,1,NULL,48:25.4,NULL,NULL,NULL,NULL,95
440,3397,C17072568287,NULL,95,NULL,0000O00038,NULL,NULL,NULL,1,NULL,48:25.4,NULL,NULL,NULL,NULL,95
441,3419,C17072586638,NULL,95,NULL,B00951,NULL,NULL,NULL,1,NULL,48:25.4,NULL,NULL,NULL,NULL,95
442,3420,C17072533996,NULL,95,NULL,A01229,NULL,NULL,NULL,1,NULL,48:25.4,NULL,NULL,NULL,NULL,95
443,3422,C17072571692,NULL,95,NULL,P00858,NULL,NULL,NULL,1,NULL,48:25.4,NULL,NULL,NULL,NULL,95
444,3433,C17072539404,NULL,95,NULL,106,NULL,NULL,NULL,1,NULL,48:25.4,NULL,NULL,NULL,NULL,95
445,3446,C17072520677,NULL,95,NULL,K01057,NULL,NULL,NULL,1,NULL,48:25.4,NULL,NULL,NULL,NULL,95
446,3473,C17072534925,NULL,95,NULL,0000C00375,NULL,NULL,NULL,1,NULL,48:25.4,NULL,NULL,NULL,NULL,95
447,3476,C17072593322,NULL,95,NULL,133720N269,NULL,NULL,NULL,1,NULL,48:25.4,NULL,NULL,NULL,NULL,95
448,3488,C17072520565,NULL,95,NULL,0000A00194,NULL,NULL,NULL,1,NULL,48:25.4,NULL,NULL,NULL,NULL,95
449,3524,C17072594711,NULL,95,NULL,0000A01023,NULL,NULL,NULL,1,NULL,48:25.4,NULL,NULL,NULL,NULL,95
450,3525,C17072524589,NULL,95,NULL,254004A944,NULL,NULL,NULL,1,NULL,48:25.4,NULL,NULL,NULL,NULL,95
451,3534,C17072516313,NULL,95,NULL,0000P02031,NULL,NULL,NULL,1,NULL,48:25.4,NULL,NULL,NULL,NULL,95
452,3539,C17072570618,NULL,95,NULL,D01125,NULL,NULL,NULL,1,NULL,48:25.4,NULL,NULL,NULL,NULL,95
453,3541,C17072556358,NULL,95,NULL,0000S01267,NULL,NULL,NULL,1,NULL,48:25.4,NULL,NULL,NULL,NULL,95
454,3544,C17072543680,NULL,95,NULL,271410M438,NULL,NULL,NULL,1,NULL,48:25.4,NULL,NULL,NULL,NULL,95
455,3562,C17072578921,NULL,95,NULL,256070R190,NULL,NULL,NULL,1,NULL,48:25.4,NULL,NULL,NULL,NULL,95
456,3569,C17072585260,NULL,95,NULL,101415A869,NULL,NULL,NULL,1,NULL,48:25.4,NULL,NULL,NULL,NULL,95
457,3582,C17072547203,NULL,95,NULL,0000A01507,NULL,NULL,NULL,1,NULL,48:25.4,NULL,NULL,NULL,NULL,95
458,3590,C17072527199,NULL,95,NULL,0000H00187,NULL,NULL,NULL,1,NULL,48:25.4,NULL,NULL,NULL,NULL,95
459,3625,C17072528040,NULL,95,NULL,010515R001,NULL,NULL,NULL,1,NULL,48:25.4,NULL,NULL,NULL,NULL,95
460,3630,C17072522005,NULL,95,NULL,0000S00100,NULL,NULL,NULL,1,NULL,48:25.4,NULL,NULL,NULL,NULL,95
461,3649,C17072558169,NULL,95,NULL,D01166,NULL,NULL,NULL,1,NULL,48:25.4,NULL,NULL,NULL,NULL,95
462,3650,C17072588763,NULL,95,NULL,135133C486,NULL,NULL,NULL,1,NULL,48:25.4,NULL,NULL,NULL,NULL,95
463,3657,C17072523899,NULL,95,NULL,G00412,NULL,NULL,NULL,1,NULL,48:25.4,NULL,NULL,NULL,NULL,95
464,3660,C17072585326,NULL,95,NULL,S02343,NULL,NULL,NULL,1,NULL,48:25.4,NULL,NULL,NULL,NULL,95
465,3664,C17072518273,NULL,95,NULL,0000B00111,NULL,NULL,NULL,1,NULL,48:25.4,NULL,NULL,NULL,NULL,95
466,3672,C17072567012,NULL,95,NULL,131510A001,NULL,NULL,NULL,1,NULL,48:25.4,NULL,NULL,NULL,NULL,95
467,3675,C17072592586,NULL,95,NULL,366010V208,NULL,NULL,NULL,1,NULL,48:25.4,NULL,NULL,NULL,NULL,95
468,3681,C17072516996,NULL,95,NULL,0000C00118,NULL,NULL,NULL,1,NULL,48:25.4,NULL,NULL,NULL,NULL,95
469,3692,C17072553702,NULL,95,NULL,Y00021,NULL,NULL,NULL,1,NULL,48:25.4,NULL,NULL,NULL,NULL,95
470,3694,C17072598572,NULL,95,NULL,256010M125,NULL,NULL,NULL,1,NULL,48:25.4,NULL,NULL,NULL,NULL,95
471,3699,C17072558599,NULL,95,NULL,101504I019,NULL,NULL,NULL,1,NULL,48:25.4,NULL,NULL,NULL,NULL,95
472,3709,C17072558664,NULL,95,NULL,C00706,NULL,NULL,NULL,1,NULL,48:25.4,NULL,NULL,NULL,NULL,95
473,3737,C17072596096,NULL,95,NULL,250115M643,NULL,NULL,NULL,1,NULL,48:25.4,NULL,NULL,NULL,NULL,95
474,3742,C17072549208,NULL,95,NULL,0000A01452,NULL,NULL,NULL,1,NULL,48:25.4,NULL,NULL,NULL,NULL,95
475,3791,C17072528889,NULL,95,NULL,S02033,NULL,NULL,NULL,1,NULL,48:25.4,NULL,NULL,NULL,NULL,95
476,3824,C17072565669,NULL,95,NULL,0000D00169,NULL,NULL,NULL,1,NULL,48:25.4,NULL,NULL,NULL,NULL,95
477,3836,C17072543044,NULL,95,NULL,131015N191,NULL,NULL,NULL,1,NULL,48:25.4,NULL,NULL,NULL,NULL,95
478,3850,C17072546864,NULL,95,NULL,Z00035,NULL,NULL,NULL,1,NULL,48:25.4,NULL,NULL,NULL,NULL,95
479,3864,C17072588997,NULL,95,NULL,0000W00100,NULL,NULL,NULL,1,NULL,48:25.4,NULL,NULL,NULL,NULL,95
480,3887,C17072535185,NULL,95,NULL,507010P200,NULL,NULL,NULL,1,NULL,48:25.4,NULL,NULL,NULL,NULL,95
481,3890,C17072537339,NULL,95,NULL,0000T00671,NULL,NULL,NULL,1,NULL,48:25.4,NULL,NULL,NULL,NULL,95
482,3918,C17072539316,NULL,95,NULL,063120C513,NULL,NULL,NULL,1,NULL,48:25.4,NULL,NULL,NULL,NULL,95
483,3924,C17072531482,NULL,95,NULL,0000R01026,NULL,NULL,NULL,1,NULL,48:25.4,NULL,NULL,NULL,NULL,95
484,3927,C17072551539,NULL,95,NULL,A00687,NULL,NULL,NULL,1,NULL,48:25.4,NULL,NULL,NULL,NULL,95
485,3941,C17072517898,NULL,95,NULL,260115M624,NULL,NULL,NULL,1,NULL,48:25.4,NULL,NULL,NULL,NULL,95
486,3944,C17072541255,NULL,95,NULL,0000B00392,NULL,NULL,NULL,1,NULL,48:25.4,NULL,NULL,NULL,NULL,95
487,3945,C17072529329,NULL,95,NULL,0000T00595,NULL,NULL,NULL,1,NULL,48:25.4,NULL,NULL,NULL,NULL,95
488,3955,C17072582448,NULL,95,NULL,133115B370,NULL,NULL,NULL,1,NULL,48:25.4,NULL,NULL,NULL,NULL,95
489,3977,C17072557329,NULL,95,NULL,0000A02306,NULL,NULL,NULL,1,NULL,48:25.4,NULL,NULL,NULL,NULL,95
490,3990,C17072563410,NULL,95,NULL,104,NULL,NULL,NULL,1,NULL,48:25.4,NULL,NULL,NULL,NULL,95
491,4003,C17072533954,NULL,95,NULL,0000K00378,NULL,NULL,NULL,1,NULL,48:25.4,NULL,NULL,NULL,NULL,95
492,4024,C17072549760,NULL,95,NULL,V0131,NULL,NULL,NULL,1,NULL,48:25.4,NULL,NULL,NULL,NULL,95
493,4034,C17072517296,NULL,95,NULL,0000M00221,NULL,NULL,NULL,1,NULL,48:25.4,NULL,NULL,NULL,NULL,95
494,4048,C17072574372,NULL,95,NULL,T00088,NULL,NULL,NULL,1,NULL,48:25.4,NULL,NULL,NULL,NULL,95
495,4086,C17072583048,NULL,95,NULL,1.31E+206,NULL,NULL,NULL,1,NULL,48:25.4,NULL,NULL,NULL,NULL,95
496,4087,C17072530762,NULL,95,NULL,0000S00322,NULL,NULL,NULL,1,NULL,48:25.4,NULL,NULL,NULL,NULL,95
497,4089,C17072535379,NULL,95,NULL,0000F00081,NULL,NULL,NULL,1,NULL,48:25.4,NULL,NULL,NULL,NULL,95
498,4098,C17072589604,NULL,95,NULL,S02061,NULL,NULL,NULL,1,NULL,48:25.4,NULL,NULL,NULL,NULL,95
499,4111,C17072580605,NULL,95,NULL,U00027,NULL,NULL,NULL,1,NULL,48:25.4,NULL,NULL,NULL,NULL,95
500,4115,C17072517301,NULL,95,NULL,121610U001,NULL,NULL,NULL,1,NULL,48:25.4,NULL,NULL,NULL,NULL,95
501,4135,C17072515846,NULL,95,NULL,0000S01547,NULL,NULL,NULL,1,NULL,48:25.4,NULL,NULL,NULL,NULL,95
502,4136,C17072545420,NULL,95,NULL,M00840,NULL,NULL,NULL,1,NULL,48:25.4,NULL,NULL,NULL,NULL,95
503,4172,C17072582833,NULL,95,NULL,0000O00018,NULL,NULL,NULL,1,NULL,48:25.4,NULL,NULL,NULL,NULL,95
504,4183,C17072530600,NULL,95,NULL,0000S01649,NULL,NULL,NULL,1,NULL,48:25.4,NULL,NULL,NULL,NULL,95
505,4190,C17072580921,NULL,95,NULL,G00631,NULL,NULL,NULL,1,NULL,48:25.4,NULL,NULL,NULL,NULL,95
506,4202,C17072543512,NULL,95,NULL,MEP1,NULL,NULL,NULL,1,NULL,48:25.4,NULL,NULL,NULL,NULL,95
507,4216,C17072551977,NULL,95,NULL,E00726,NULL,NULL,NULL,1,NULL,48:25.4,NULL,NULL,NULL,NULL,95
508,4226,C17072583304,NULL,95,NULL,B00973,NULL,NULL,NULL,1,NULL,48:25.4,NULL,NULL,NULL,NULL,95
509,4235,C17072578218,NULL,95,NULL,243610N250,NULL,NULL,NULL,1,NULL,48:25.4,NULL,NULL,NULL,NULL,95
510,4237,C17072550369,NULL,95,NULL,482001R044,NULL,NULL,NULL,1,NULL,48:25.4,NULL,NULL,NULL,NULL,95
511,4297,C17072538148,NULL,95,NULL,0000C00520,NULL,NULL,NULL,1,NULL,48:25.4,NULL,NULL,NULL,NULL,95
512,4395,C17072513000,NULL,95,NULL,0000A01482,NULL,NULL,NULL,1,NULL,48:25.4,NULL,NULL,NULL,NULL,95
513,4406,C17072516695,NULL,95,NULL,A00538,NULL,NULL,NULL,1,NULL,48:25.4,NULL,NULL,NULL,NULL,95
514,4414,C17072571108,NULL,95,NULL,0000J00468,NULL,NULL,NULL,1,NULL,48:25.4,NULL,NULL,NULL,NULL,95
515,4423,C17072562092,NULL,95,NULL,I00686,NULL,NULL,NULL,1,NULL,48:25.4,NULL,NULL,NULL,NULL,95
516,4424,C17072566330,NULL,95,NULL,250115SA15,NULL,NULL,NULL,1,NULL,48:25.4,NULL,NULL,NULL,NULL,95
517,4431,C17072594363,NULL,95,NULL,0000P00739,NULL,NULL,NULL,1,NULL,48:25.4,NULL,NULL,NULL,NULL,95
518,4433,C17072576431,NULL,95,NULL,0000S01531,NULL,NULL,NULL,1,NULL,48:25.4,NULL,NULL,NULL,NULL,95
519,4461,C17072559723,NULL,95,NULL,S01752,NULL,NULL,NULL,1,NULL,48:25.4,NULL,NULL,NULL,NULL,95
520,4484,C17072546439,NULL,95,NULL,1.73E+90,NULL,NULL,NULL,1,NULL,48:25.4,NULL,NULL,NULL,NULL,95
521,4486,C17072593001,NULL,95,NULL,131510B368,NULL,NULL,NULL,1,NULL,48:25.4,NULL,NULL,NULL,NULL,95
522,4501,C17072517693,NULL,95,NULL,C10700A048,NULL,NULL,NULL,1,NULL,48:25.4,NULL,NULL,NULL,NULL,95
523,4523,C17072527812,NULL,95,NULL,0000L00124,NULL,NULL,NULL,1,NULL,48:25.4,NULL,NULL,NULL,NULL,95
524,4531,C17072515490,NULL,95,NULL,0000A00286,NULL,NULL,NULL,1,NULL,48:25.5,NULL,NULL,NULL,NULL,95
525,4573,C17072528319,NULL,95,NULL,560090P317,NULL,NULL,NULL,1,NULL,48:25.5,NULL,NULL,NULL,NULL,95
526,4602,C17072545823,NULL,95,NULL,0000M00715,NULL,NULL,NULL,1,NULL,48:25.5,NULL,NULL,NULL,NULL,95
527,4607,C17072577495,NULL,95,NULL,A01270,NULL,NULL,NULL,1,NULL,48:25.5,NULL,NULL,NULL,NULL,95
528,4611,C17072510043,NULL,95,NULL,0000J00457,NULL,NULL,NULL,1,NULL,48:25.5,NULL,NULL,NULL,NULL,95
529,4626,C17072560966,NULL,95,NULL,5.62E+32,NULL,NULL,NULL,1,NULL,48:25.5,NULL,NULL,NULL,NULL,95
530,4637,C17072569056,NULL,95,NULL,0000T00665,NULL,NULL,NULL,1,NULL,48:25.5,NULL,NULL,NULL,NULL,95
531,4651,C17072567567,NULL,95,NULL,0000S02227,NULL,NULL,NULL,1,NULL,48:25.5,NULL,NULL,NULL,NULL,95
532,4664,C17072579576,NULL,95,NULL,191504A932,NULL,NULL,NULL,1,NULL,48:25.5,NULL,NULL,NULL,NULL,95
533,4666,C17072516545,NULL,95,NULL,0000C00516,NULL,NULL,NULL,1,NULL,48:25.5,NULL,NULL,NULL,NULL,95
534,4671,C17072524573,NULL,95,NULL,0000I00560,NULL,NULL,NULL,1,NULL,48:25.5,NULL,NULL,NULL,NULL,95
535,4685,C17072548831,NULL,95,NULL,0000A01476,NULL,NULL,NULL,1,NULL,48:25.5,NULL,NULL,NULL,NULL,95
536,4692,C17072515115,NULL,95,NULL,250115SA92,NULL,NULL,NULL,1,NULL,48:25.5,NULL,NULL,NULL,NULL,95
537,4699,C17072591150,NULL,95,NULL,0000S00888,NULL,NULL,NULL,1,NULL,48:25.5,NULL,NULL,NULL,NULL,95
538,4783,C17072586029,NULL,95,NULL,T00741,NULL,NULL,NULL,1,NULL,48:25.5,NULL,NULL,NULL,NULL,95
539,4793,C17072533109,NULL,95,NULL,1.32E+19,NULL,NULL,NULL,1,NULL,48:25.5,NULL,NULL,NULL,NULL,95
540,4800,C17072525021,NULL,95,NULL,R00880,NULL,NULL,NULL,1,NULL,48:25.5,NULL,NULL,NULL,NULL,95
541,4815,C17072522854,NULL,95,NULL,411041K293,NULL,NULL,NULL,1,NULL,48:25.5,NULL,NULL,NULL,NULL,95
542,4823,C17072582366,NULL,95,NULL,220115K337,NULL,NULL,NULL,1,NULL,48:25.5,NULL,NULL,NULL,NULL,95
543,4831,C17072550172,NULL,95,NULL,151515B330,NULL,NULL,NULL,1,NULL,48:25.5,NULL,NULL,NULL,NULL,95
544,4833,C17072577741,NULL,95,NULL,G00610,NULL,NULL,NULL,1,NULL,48:25.5,NULL,NULL,NULL,NULL,95
545,4863,C17072562106,NULL,95,NULL,T00764,NULL,NULL,NULL,1,NULL,48:25.5,NULL,NULL,NULL,NULL,95
546,4913,C17072583604,NULL,95,NULL,013610R221,NULL,NULL,NULL,1,NULL,48:25.5,NULL,NULL,NULL,NULL,95
547,4931,C17072595961,NULL,95,NULL,0000V00363,NULL,NULL,NULL,1,NULL,48:25.5,NULL,NULL,NULL,NULL,95
548,4982,C17072535056,NULL,95,NULL,0000N00396,NULL,NULL,NULL,1,NULL,48:25.5,NULL,NULL,NULL,NULL,95
549,4987,C17072583155,NULL,95,NULL,131015E343,NULL,NULL,NULL,1,NULL,48:25.5,NULL,NULL,NULL,NULL,95
550,5015,C17072550776,NULL,95,NULL,0000S01582,NULL,NULL,NULL,1,NULL,48:25.5,NULL,NULL,NULL,NULL,95
551,5027,C17072574416,NULL,95,NULL,560068S916,NULL,NULL,NULL,1,NULL,48:25.5,NULL,NULL,NULL,NULL,95
552,5074,C17072553874,NULL,95,NULL,0000S00651,NULL,NULL,NULL,1,NULL,48:25.5,NULL,NULL,NULL,NULL,95
553,5075,C17072547163,NULL,95,NULL,M01108,NULL,NULL,NULL,1,NULL,48:25.5,NULL,NULL,NULL,NULL,95
554,5077,C17072553855,NULL,95,NULL,131010S290,NULL,NULL,NULL,1,NULL,48:25.5,NULL,NULL,NULL,NULL,95
555,5091,C17072593383,NULL,95,NULL,272420L001,NULL,NULL,NULL,1,NULL,48:25.5,NULL,NULL,NULL,NULL,95
556,5099,C17072593985,NULL,95,NULL,0000D00390,NULL,NULL,NULL,1,NULL,48:25.5,NULL,NULL,NULL,NULL,95
557,5151,C17072590861,NULL,95,NULL,114,NULL,NULL,NULL,1,NULL,48:25.5,NULL,NULL,NULL,NULL,95
558,5154,C17072564510,NULL,95,NULL,R00579,NULL,NULL,NULL,1,NULL,48:25.5,NULL,NULL,NULL,NULL,95
559,5155,C17072598771,NULL,95,NULL,256010A213,NULL,NULL,NULL,1,NULL,48:25.5,NULL,NULL,NULL,NULL,95
560,5156,C17072521971,NULL,95,NULL,251515T433,NULL,NULL,NULL,1,NULL,48:25.5,NULL,NULL,NULL,NULL,95
561,5161,C17072590200,NULL,95,NULL,0000I00589,NULL,NULL,NULL,1,NULL,48:25.5,NULL,NULL,NULL,NULL,95
562,5171,C17072521292,NULL,95,NULL,E082,NULL,NULL,NULL,1,NULL,48:25.5,NULL,NULL,NULL,NULL,95
563,5185,C17072571444,NULL,95,NULL,560026H213,NULL,NULL,NULL,1,NULL,48:25.5,NULL,NULL,NULL,NULL,95
564,5213,C17072551437,NULL,95,NULL,246010C066,NULL,NULL,NULL,1,NULL,48:25.5,NULL,NULL,NULL,NULL,95
565,5235,C17072534124,NULL,95,NULL,00T0M00631,NULL,NULL,NULL,1,NULL,48:25.5,NULL,NULL,NULL,NULL,95
566,5304,C17072528098,NULL,95,NULL,0000K02020,NULL,NULL,NULL,1,NULL,48:25.5,NULL,NULL,NULL,NULL,95
567,5338,C17072581886,NULL,95,NULL,K01051,NULL,NULL,NULL,1,NULL,48:25.5,NULL,NULL,NULL,NULL,95
568,5376,C17072565207,NULL,95,NULL,261504R453,NULL,NULL,NULL,1,NULL,48:25.5,NULL,NULL,NULL,NULL,95
569,5382,C17072547638,NULL,95,NULL,0000I00179,NULL,NULL,NULL,1,NULL,48:25.5,NULL,NULL,NULL,NULL,95
570,5384,C17072526877,NULL,95,NULL,223610K357,NULL,NULL,NULL,1,NULL,48:25.5,NULL,NULL,NULL,NULL,95
571,5417,C17072598634,NULL,95,NULL,S02252,NULL,NULL,NULL,1,NULL,48:25.5,NULL,NULL,NULL,NULL,95
572,5437,C17072533770,NULL,95,NULL,0000T00579,NULL,NULL,NULL,1,NULL,48:25.5,NULL,NULL,NULL,NULL,95
573,5442,C17072522961,NULL,95,NULL,0000M00688,NULL,NULL,NULL,1,NULL,48:25.5,NULL,NULL,NULL,NULL,95
574,5479,C17072571851,NULL,95,NULL,Q00026,NULL,NULL,NULL,1,NULL,48:25.5,NULL,NULL,NULL,NULL,95
575,5504,C17072530517,NULL,95,NULL,C00751,NULL,NULL,NULL,1,NULL,48:25.5,NULL,NULL,NULL,NULL,95
576,5515,C17072597512,NULL,95,NULL,0000P00482,NULL,NULL,NULL,1,NULL,48:25.5,NULL,NULL,NULL,NULL,95
577,5580,C17072529204,NULL,95,NULL,482003C310,NULL,NULL,NULL,1,NULL,48:25.5,NULL,NULL,NULL,NULL,95
578,5604,C17072566671,NULL,95,NULL,422403P693,NULL,NULL,NULL,1,NULL,48:25.5,NULL,NULL,NULL,NULL,95
579,5606,C17072575234,NULL,95,NULL,0000H00277,NULL,NULL,NULL,1,NULL,48:25.5,NULL,NULL,NULL,NULL,95
580,5632,C17072579965,NULL,95,NULL,0000I00554,NULL,NULL,NULL,1,NULL,48:25.5,NULL,NULL,NULL,NULL,95
581,5657,C17072538964,NULL,95,NULL,0000M00293,NULL,NULL,NULL,1,NULL,48:25.5,NULL,NULL,NULL,NULL,95
582,5663,C17072543988,NULL,95,NULL,130115S852,NULL,NULL,NULL,1,NULL,48:25.5,NULL,NULL,NULL,NULL,95
583,5685,C17072531901,NULL,95,NULL,0000B00425,NULL,NULL,NULL,1,NULL,48:25.5,NULL,NULL,NULL,NULL,95
584,5687,C17072526507,NULL,95,NULL,Q00036,NULL,NULL,NULL,1,NULL,48:25.5,NULL,NULL,NULL,NULL,95
585,5691,C17072589305,NULL,95,NULL,0000S01593,NULL,NULL,NULL,1,NULL,48:25.5,NULL,NULL,NULL,NULL,95
586,5693,C17072582544,NULL,95,NULL,K607,NULL,NULL,NULL,1,NULL,48:25.5,NULL,NULL,NULL,NULL,95
587,5761,C17072538481,NULL,95,NULL,103,NULL,NULL,NULL,1,NULL,48:25.5,NULL,NULL,NULL,NULL,95
588,5798,C17072529364,NULL,95,NULL,133,NULL,NULL,NULL,1,NULL,48:25.5,NULL,NULL,NULL,NULL,95
589,5827,C17072577130,NULL,95,NULL,600050B001,NULL,NULL,NULL,1,NULL,48:25.5,NULL,NULL,NULL,NULL,95
590,5880,C17072575916,NULL,95,NULL,251515M275,NULL,NULL,NULL,1,NULL,48:25.5,NULL,NULL,NULL,NULL,95
591,5920,C17072516928,NULL,95,NULL,0000T00099,NULL,NULL,NULL,1,NULL,48:25.5,NULL,NULL,NULL,NULL,95
592,5923,C17072518870,NULL,95,NULL,TKL1,NULL,NULL,NULL,1,NULL,48:25.5,NULL,NULL,NULL,NULL,95
593,5951,C17072532429,NULL,95,NULL,R00520,NULL,NULL,NULL,1,NULL,48:25.5,NULL,NULL,NULL,NULL,95
594,5969,C17072547160,NULL,95,NULL,M01239,NULL,NULL,NULL,1,NULL,48:25.5,NULL,NULL,NULL,NULL,95
595,6005,C17072585505,NULL,95,NULL,0000V00343,NULL,NULL,NULL,1,NULL,48:25.5,NULL,NULL,NULL,NULL,95
596,6026,C17072529385,NULL,95,NULL,A01216,NULL,NULL,NULL,1,NULL,48:25.5,NULL,NULL,NULL,NULL,95
597,6027,C17072597303,NULL,95,NULL,0000E02021,NULL,NULL,NULL,1,NULL,48:25.5,NULL,NULL,NULL,NULL,95
598,6029,C17072596248,NULL,95,NULL,0000A01018,NULL,NULL,NULL,1,NULL,48:25.5,NULL,NULL,NULL,NULL,95
599,6062,C17072594891,NULL,95,NULL,201301N028,NULL,NULL,NULL,1,NULL,48:25.5,NULL,NULL,NULL,NULL,95
600,6075,C17072568677,NULL,95,NULL,251515M004,NULL,NULL,NULL,1,NULL,48:25.5,NULL,NULL,NULL,NULL,95
601,6084,C17072562718,NULL,95,NULL,0000P00750,NULL,NULL,NULL,1,NULL,48:25.5,NULL,NULL,NULL,NULL,95
602,6104,C17072546526,NULL,95,NULL,0000C00246,NULL,NULL,NULL,1,NULL,48:25.5,NULL,NULL,NULL,NULL,95
603,6139,C17072591107,NULL,95,NULL,0000M00645,NULL,NULL,NULL,1,NULL,48:25.5,NULL,NULL,NULL,NULL,95
604,6145,C17072569183,NULL,95,NULL,0000W00011,NULL,NULL,NULL,1,NULL,48:25.5,NULL,NULL,NULL,NULL,95
605,6247,C17072568186,NULL,95,NULL,H01189,NULL,NULL,NULL,1,NULL,48:25.5,NULL,NULL,NULL,NULL,95
606,6301,C17072514796,NULL,95,NULL,M00935,NULL,NULL,NULL,1,NULL,48:25.5,NULL,NULL,NULL,NULL,95
607,6316,C17072587784,NULL,95,NULL,M01076,NULL,NULL,NULL,1,NULL,48:25.5,NULL,NULL,NULL,NULL,95
608,6348,C17072512828,NULL,95,NULL,M01175,NULL,NULL,NULL,1,NULL,48:25.6,NULL,NULL,NULL,NULL,95
609,6352,C17072569736,NULL,95,NULL,0000S00312,NULL,NULL,NULL,1,NULL,48:25.6,NULL,NULL,NULL,NULL,95
610,6367,C17072595899,NULL,95,NULL,252510J051,NULL,NULL,NULL,1,NULL,48:25.6,NULL,NULL,NULL,NULL,95
611,6397,C17072528778,NULL,95,NULL,256010A044,NULL,NULL,NULL,1,NULL,48:25.6,NULL,NULL,NULL,NULL,95
612,6415,C17072571808,NULL,95,NULL,0000K00343,NULL,NULL,NULL,1,NULL,48:25.6,NULL,NULL,NULL,NULL,95
613,6441,C17072592021,NULL,95,NULL,252810G132,NULL,NULL,NULL,1,NULL,48:25.6,NULL,NULL,NULL,NULL,95
614,6475,C17072554704,NULL,95,NULL,0000T00540,NULL,NULL,NULL,1,NULL,48:25.6,NULL,NULL,NULL,NULL,95
615,6476,C17072514070,NULL,95,NULL,D01136,NULL,NULL,NULL,1,NULL,48:25.6,NULL,NULL,NULL,NULL,95
616,6480,C17072550011,NULL,95,NULL,W00145,NULL,NULL,NULL,1,NULL,48:25.6,NULL,NULL,NULL,NULL,95
617,6483,C17072567588,NULL,95,NULL,0000I01339,NULL,NULL,NULL,1,NULL,48:25.6,NULL,NULL,NULL,NULL,95
618,6487,C17072542507,NULL,95,NULL,0000S00769,NULL,NULL,NULL,1,NULL,48:25.6,NULL,NULL,NULL,NULL,95
619,6488,C17072555817,NULL,95,NULL,0000B00695,NULL,NULL,NULL,1,NULL,48:25.6,NULL,NULL,NULL,NULL,95
620,6520,C17072562987,NULL,95,NULL,0000S01248,NULL,NULL,NULL,1,NULL,48:25.6,NULL,NULL,NULL,NULL,95
621,6536,C17072522492,NULL,95,NULL,0000N00151,NULL,NULL,NULL,1,NULL,48:25.6,NULL,NULL,NULL,NULL,95
622,6543,C17072590451,NULL,95,NULL,0000D00266,NULL,NULL,NULL,1,NULL,48:25.6,NULL,NULL,NULL,NULL,95
623,6555,C17072586433,NULL,95,NULL,B00536,NULL,NULL,NULL,1,NULL,48:25.6,NULL,NULL,NULL,NULL,95
624,6568,C17072537926,NULL,95,NULL,0000G00489,NULL,NULL,NULL,1,NULL,48:25.6,NULL,NULL,NULL,NULL,95
625,6596,C17072524417,NULL,95,NULL,071515T434,NULL,NULL,NULL,1,NULL,48:25.6,NULL,NULL,NULL,NULL,95
626,6635,C17072590259,NULL,95,NULL,266010J007,NULL,NULL,NULL,1,NULL,48:25.6,NULL,NULL,NULL,NULL,95
627,6638,C17072538063,NULL,95,NULL,260115N207,NULL,NULL,NULL,1,NULL,48:25.6,NULL,NULL,NULL,NULL,95
628,6679,C17072533952,NULL,95,NULL,0000M00728,NULL,NULL,NULL,1,NULL,48:25.6,NULL,NULL,NULL,NULL,95
629,6701,C17072568445,NULL,95,NULL,M01143,NULL,NULL,NULL,1,NULL,48:25.6,NULL,NULL,NULL,NULL,95
630,6719,C17072594794,NULL,95,NULL,0000A01465,NULL,NULL,NULL,1,NULL,48:25.6,NULL,NULL,NULL,NULL,95
631,6733,C17072537577,NULL,95,NULL,130115L120,NULL,NULL,NULL,1,NULL,48:25.6,NULL,NULL,NULL,NULL,95
632,6770,C17072564074,NULL,95,NULL,0000J00456,NULL,NULL,NULL,1,NULL,48:25.6,NULL,NULL,NULL,NULL,95
633,6824,C17072573125,NULL,95,NULL,0000R00556,NULL,NULL,NULL,1,NULL,48:25.6,NULL,NULL,NULL,NULL,95
634,6828,C17072592793,NULL,95,NULL,D00059,NULL,NULL,NULL,1,NULL,48:25.6,NULL,NULL,NULL,NULL,95
635,6855,C17072566445,NULL,95,NULL,0000H00215,NULL,NULL,NULL,1,NULL,48:25.6,NULL,NULL,NULL,NULL,95
636,6892,C17072543535,NULL,95,NULL,131515B336,NULL,NULL,NULL,1,NULL,48:25.6,NULL,NULL,NULL,NULL,95
637,6909,C17072541009,NULL,95,NULL,A01251,NULL,NULL,NULL,1,NULL,48:25.6,NULL,NULL,NULL,NULL,95
638,7075,C17072579216,NULL,95,NULL,156010G228,NULL,NULL,NULL,1,NULL,48:25.6,NULL,NULL,NULL,NULL,95
639,7111,C17072542756,NULL,95,NULL,250115J179,NULL,NULL,NULL,1,NULL,48:25.6,NULL,NULL,NULL,NULL,95
640,7127,C17072596769,NULL,95,NULL,B00977,NULL,NULL,NULL,1,NULL,48:25.6,NULL,NULL,NULL,NULL,95
641,7141,C17072511884,NULL,95,NULL,A01444,NULL,NULL,NULL,1,NULL,48:25.6,NULL,NULL,NULL,NULL,95
642,7167,C17072574951,NULL,95,NULL,061001S839,NULL,NULL,NULL,1,NULL,48:25.6,NULL,NULL,NULL,NULL,95
643,7169,C17072583015,NULL,95,NULL,0000M00475,NULL,NULL,NULL,1,NULL,48:25.6,NULL,NULL,NULL,NULL,95
644,7202,C17072596995,NULL,95,NULL,0000B00391,NULL,NULL,NULL,1,NULL,48:25.6,NULL,NULL,NULL,NULL,95
645,7231,C17072540562,NULL,95,NULL,0000A00667,NULL,NULL,NULL,1,NULL,48:25.6,NULL,NULL,NULL,NULL,95
646,7264,C17072560349,NULL,95,NULL,251040V224,NULL,NULL,NULL,1,NULL,48:25.6,NULL,NULL,NULL,NULL,95
647,7268,C17072599703,NULL,95,NULL,0000O00119,NULL,NULL,NULL,1,NULL,48:25.6,NULL,NULL,NULL,NULL,95
648,7273,C17072533769,NULL,95,NULL,0000B00502,NULL,NULL,NULL,1,NULL,48:25.6,NULL,NULL,NULL,NULL,95
649,7282,C17072587093,NULL,95,NULL,0000U00221,NULL,NULL,NULL,1,NULL,48:25.6,NULL,NULL,NULL,NULL,95
650,7312,C17072590828,NULL,95,NULL,B01008,NULL,NULL,NULL,1,NULL,48:25.6,NULL,NULL,NULL,NULL,95
651,7324,C17072596665,NULL,95,NULL,252510A222,NULL,NULL,NULL,1,NULL,48:25.6,NULL,NULL,NULL,NULL,95
652,7336,C17072583864,NULL,95,NULL,0000L00008,NULL,NULL,NULL,1,NULL,48:25.6,NULL,NULL,NULL,NULL,95
653,7354,C17072553582,NULL,95,NULL,G00064,NULL,NULL,NULL,1,NULL,48:25.6,NULL,NULL,NULL,NULL,95
654,7371,C17072545940,NULL,95,NULL,0000B00697,NULL,NULL,NULL,1,NULL,48:25.6,NULL,NULL,NULL,NULL,95
655,7372,C17072587582,NULL,95,NULL,0000T00659,NULL,NULL,NULL,1,NULL,48:25.6,NULL,NULL,NULL,NULL,95
656,7384,C17072559645,NULL,95,NULL,M01051,NULL,NULL,NULL,1,NULL,48:25.6,NULL,NULL,NULL,NULL,95
657,7390,C17072534745,NULL,95,NULL,M01130,NULL,NULL,NULL,1,NULL,48:25.6,NULL,NULL,NULL,NULL,95
658,7407,C17072543103,NULL,95,NULL,100110B345,NULL,NULL,NULL,1,NULL,48:25.6,NULL,NULL,NULL,NULL,95
659,7425,C17072580616,NULL,95,NULL,243015H001,NULL,NULL,NULL,1,NULL,48:25.6,NULL,NULL,NULL,NULL,95
660,7432,C17072560168,NULL,95,NULL,0000C00379,NULL,NULL,NULL,1,NULL,48:25.6,NULL,NULL,NULL,NULL,95
661,7586,C17072586220,NULL,95,NULL,0000D00429,NULL,NULL,NULL,1,NULL,48:25.6,NULL,NULL,NULL,NULL,95
662,7622,C17072552318,NULL,95,NULL,500003S948,NULL,NULL,NULL,1,NULL,48:25.6,NULL,NULL,NULL,NULL,95
663,7670,C17072538013,NULL,95,NULL,C00805,NULL,NULL,NULL,1,NULL,48:25.6,NULL,NULL,NULL,NULL,95
664,7687,C17072582238,NULL,95,NULL,223115D001,NULL,NULL,NULL,1,NULL,48:25.6,NULL,NULL,NULL,NULL,95
665,7705,C17072528254,NULL,95,NULL,S01551,NULL,NULL,NULL,1,NULL,48:25.6,NULL,NULL,NULL,NULL,95
666,7707,C17072567850,NULL,95,NULL,251615T359,NULL,NULL,NULL,1,NULL,48:25.6,NULL,NULL,NULL,NULL,95
667,7709,C17072572871,NULL,95,NULL,251204P233,NULL,NULL,NULL,1,NULL,48:25.6,NULL,NULL,NULL,NULL,95
668,7740,C17072526747,NULL,95,NULL,1.04E+06,NULL,NULL,NULL,1,NULL,48:25.6,NULL,NULL,NULL,NULL,95
669,7818,C17072555259,NULL,95,NULL,121001A616,NULL,NULL,NULL,1,NULL,48:25.6,NULL,NULL,NULL,NULL,95
670,7828,C17072599892,NULL,95,NULL,L00294,NULL,NULL,NULL,1,NULL,48:25.6,NULL,NULL,NULL,NULL,95
671,7833,C17072544086,NULL,95,NULL,C00710,NULL,NULL,NULL,1,NULL,48:25.6,NULL,NULL,NULL,NULL,95
672,7836,C17072526504,NULL,95,NULL,261515R429,NULL,NULL,NULL,1,NULL,48:25.6,NULL,NULL,NULL,NULL,95
673,7837,C17072528923,NULL,95,NULL,0000I00559,NULL,NULL,NULL,1,NULL,48:25.6,NULL,NULL,NULL,NULL,95
674,7840,C17072581251,NULL,95,NULL,R00875,NULL,NULL,NULL,1,NULL,48:25.6,NULL,NULL,NULL,NULL,95
675,7896,C17072565938,NULL,95,NULL,0000D00456,NULL,NULL,NULL,1,NULL,48:25.6,NULL,NULL,NULL,NULL,95
676,8048,C17072579072,NULL,95,NULL,A00147,NULL,NULL,NULL,1,NULL,48:25.6,NULL,NULL,NULL,NULL,95
677,8049,C17072516258,NULL,95,NULL,S02220,NULL,NULL,NULL,1,NULL,48:25.6,NULL,NULL,NULL,NULL,95
678,8058,C17072559663,NULL,95,NULL,133610A909,NULL,NULL,NULL,1,NULL,48:25.6,NULL,NULL,NULL,NULL,95
679,8083,C17072564470,NULL,95,NULL,0000T00621,NULL,NULL,NULL,1,NULL,48:25.6,NULL,NULL,NULL,NULL,95
680,8283,C17072547274,NULL,95,NULL,M00139,NULL,NULL,NULL,1,NULL,48:25.6,NULL,NULL,NULL,NULL,95
681,8295,C17072577090,NULL,95,NULL,251110G129,NULL,NULL,NULL,1,NULL,48:25.6,NULL,NULL,NULL,NULL,95
682,8342,C17072569753,NULL,95,NULL,K01054,NULL,NULL,NULL,1,NULL,48:25.6,NULL,NULL,NULL,NULL,95
683,8357,C17072590497,NULL,95,NULL,251536T009,NULL,NULL,NULL,1,NULL,48:25.6,NULL,NULL,NULL,NULL,95
684,8358,C17072582279,NULL,95,NULL,0000M00110,NULL,NULL,NULL,1,NULL,48:25.6,NULL,NULL,NULL,NULL,95
685,8385,C17072524146,NULL,95,NULL,S02251,NULL,NULL,NULL,1,NULL,48:25.6,NULL,NULL,NULL,NULL,95
686,8400,C17072569541,NULL,95,NULL,P00935,NULL,NULL,NULL,1,NULL,48:25.6,NULL,NULL,NULL,NULL,95
687,8419,C17072522229,NULL,95,NULL,S01999,NULL,NULL,NULL,1,NULL,48:25.6,NULL,NULL,NULL,NULL,95
688,8434,C17072532737,NULL,95,NULL,T00766,NULL,NULL,NULL,1,NULL,48:25.6,NULL,NULL,NULL,NULL,95
689,8457,C17072559457,NULL,95,NULL,O00330,NULL,NULL,NULL,1,NULL,48:25.6,NULL,NULL,NULL,NULL,95
690,8489,C17072574158,NULL,95,NULL,251531Y021,NULL,NULL,NULL,1,NULL,48:25.6,NULL,NULL,NULL,NULL,95
691,8490,C17072572353,NULL,95,NULL,P00931,NULL,NULL,NULL,1,NULL,48:25.6,NULL,NULL,NULL,NULL,95
692,8533,C17072528783,NULL,95,NULL,V00248,NULL,NULL,NULL,1,NULL,48:25.6,NULL,NULL,NULL,NULL,95
693,8535,C17072575718,NULL,95,NULL,T00671,NULL,NULL,NULL,1,NULL,48:25.6,NULL,NULL,NULL,NULL,95
694,8537,C17072534271,NULL,95,NULL,101005K245,NULL,NULL,NULL,1,NULL,48:25.6,NULL,NULL,NULL,NULL,95
695,8559,C17072524303,NULL,95,NULL,E00722,NULL,NULL,NULL,1,NULL,48:25.6,NULL,NULL,NULL,NULL,95
696,8574,C17072540023,NULL,95,NULL,0000G00497,NULL,NULL,NULL,1,NULL,48:25.6,NULL,NULL,NULL,NULL,95
697,8608,C17072533133,NULL,95,NULL,256010C056,NULL,NULL,NULL,1,NULL,48:25.6,NULL,NULL,NULL,NULL,95
698,8618,C17072510675,NULL,95,NULL,0000I00093,NULL,NULL,NULL,1,NULL,48:25.6,NULL,NULL,NULL,NULL,95
699,8619,C17072548725,NULL,95,NULL,0000I01341,NULL,NULL,NULL,1,NULL,48:25.6,NULL,NULL,NULL,NULL,95
700,8646,C17072569708,NULL,95,NULL,261041T015,NULL,NULL,NULL,1,NULL,48:25.6,NULL,NULL,NULL,NULL,95
701,8649,C17072587490,NULL,95,NULL,0000M00157,NULL,NULL,NULL,1,NULL,48:25.6,NULL,NULL,NULL,NULL,95
702,8656,C17072536679,NULL,95,NULL,266010R288,NULL,NULL,NULL,1,NULL,48:25.6,NULL,NULL,NULL,NULL,95
703,8662,C17072569028,NULL,95,NULL,253015N166,NULL,NULL,NULL,1,NULL,48:25.6,NULL,NULL,NULL,NULL,95
704,8670,C17072582751,NULL,95,NULL,A00771,NULL,NULL,NULL,1,NULL,48:25.6,NULL,NULL,NULL,NULL,95
705,8676,C17072512144,NULL,95,NULL,0000A00876,NULL,NULL,NULL,1,NULL,48:25.6,NULL,NULL,NULL,NULL,95
706,8755,C17072527112,NULL,95,NULL,0000M00189,NULL,NULL,NULL,1,NULL,48:25.6,NULL,NULL,NULL,NULL,95
707,8764,C17072531377,NULL,95,NULL,0000I00556,NULL,NULL,NULL,1,NULL,48:25.6,NULL,NULL,NULL,NULL,95
708,8766,C17072534826,NULL,95,NULL,P00918,NULL,NULL,NULL,1,NULL,48:25.6,NULL,NULL,NULL,NULL,95
709,8836,C17072513637,NULL,95,NULL,0000S02030,NULL,NULL,NULL,1,NULL,48:25.6,NULL,NULL,NULL,NULL,95
710,8850,C17072537497,NULL,95,NULL,RAM1,NULL,NULL,NULL,1,NULL,48:25.6,NULL,NULL,NULL,NULL,95
711,8884,C17072561541,NULL,95,NULL,A01221,NULL,NULL,NULL,1,NULL,48:25.6,NULL,NULL,NULL,NULL,95
712,8886,C17072525339,NULL,95,NULL,0000P00694,NULL,NULL,NULL,1,NULL,48:25.6,NULL,NULL,NULL,NULL,95
713,8909,C17072529900,NULL,95,NULL,A01344,NULL,NULL,NULL,1,NULL,48:25.6,NULL,NULL,NULL,NULL,95
714,8939,C17072540693,NULL,95,NULL,0000G00397,NULL,NULL,NULL,1,NULL,48:25.6,NULL,NULL,NULL,NULL,95
715,8951,C17072535862,NULL,95,NULL,0000E00310,NULL,NULL,NULL,1,NULL,48:25.6,NULL,NULL,NULL,NULL,95
716,8957,C17072585762,NULL,95,NULL,144115P001,NULL,NULL,NULL,1,NULL,48:25.6,NULL,NULL,NULL,NULL,95
717,8977,C17072583349,NULL,95,NULL,201305J193,NULL,NULL,NULL,1,NULL,48:25.6,NULL,NULL,NULL,NULL,95
718,8986,C17072567808,NULL,95,NULL,0000B00722,NULL,NULL,NULL,1,NULL,48:25.6,NULL,NULL,NULL,NULL,95
719,8989,C17072599406,NULL,95,NULL,0000S01022,NULL,NULL,NULL,1,NULL,48:25.6,NULL,NULL,NULL,NULL,95
720,8992,C17072559886,NULL,95,NULL,110092P706,NULL,NULL,NULL,1,NULL,48:25.6,NULL,NULL,NULL,NULL,95
721,9012,C17072593185,NULL,95,NULL,0000D00206,NULL,NULL,NULL,1,NULL,48:25.6,NULL,NULL,NULL,NULL,95
722,9018,C17072554895,NULL,95,NULL,251620M724,NULL,NULL,NULL,1,NULL,48:25.6,NULL,NULL,NULL,NULL,95
723,9027,C17072591162,NULL,95,NULL,244115M398,NULL,NULL,NULL,1,NULL,48:25.6,NULL,NULL,NULL,NULL,95
724,9048,C17072530306,NULL,95,NULL,2.44E+06,NULL,NULL,NULL,1,NULL,48:25.6,NULL,NULL,NULL,NULL,95
725,9062,C17072534103,NULL,95,NULL,261515G361,NULL,NULL,NULL,1,NULL,48:25.6,NULL,NULL,NULL,NULL,95
726,9087,C17072574423,NULL,95,NULL,0000E00552,NULL,NULL,NULL,1,NULL,48:25.6,NULL,NULL,NULL,NULL,95
727,9175,C17072549618,NULL,95,NULL,131515B288,NULL,NULL,NULL,1,NULL,48:25.6,NULL,NULL,NULL,NULL,95
728,9187,C17072596340,NULL,95,NULL,0000K00415,NULL,NULL,NULL,1,NULL,48:25.6,NULL,NULL,NULL,NULL,95
729,9205,C17072510896,NULL,95,NULL,REPL,NULL,NULL,NULL,1,NULL,48:25.6,NULL,NULL,NULL,NULL,95
730,9254,C17072556406,NULL,95,NULL,S00292,NULL,NULL,NULL,1,NULL,48:25.6,NULL,NULL,NULL,NULL,95
731,9264,C17072513070,NULL,95,NULL,A01448,NULL,NULL,NULL,1,NULL,48:25.6,NULL,NULL,NULL,NULL,95
732,9296,C17072580162,NULL,95,NULL,R00606,NULL,NULL,NULL,1,NULL,48:25.6,NULL,NULL,NULL,NULL,95
733,9303,C17072592968,NULL,95,NULL,0000M00185,NULL,NULL,NULL,1,NULL,48:25.6,NULL,NULL,NULL,NULL,95
734,9311,C17072586288,NULL,95,NULL,0000S01412,NULL,NULL,NULL,1,NULL,48:25.7,NULL,NULL,NULL,NULL,95
735,9360,C17072532226,NULL,95,NULL,110042P696,NULL,NULL,NULL,1,NULL,48:25.7,NULL,NULL,NULL,NULL,95
736,9376,C17072579344,NULL,95,NULL,244010D365,NULL,NULL,NULL,1,NULL,48:25.7,NULL,NULL,NULL,NULL,95
737,9393,C17072513448,NULL,95,NULL,261515V001,NULL,NULL,NULL,1,NULL,48:25.7,NULL,NULL,NULL,NULL,95
738,9401,C17072515875,NULL,95,NULL,261536A878,NULL,NULL,NULL,1,NULL,48:25.7,NULL,NULL,NULL,NULL,95
739,9426,C17072545334,NULL,95,NULL,122004M412,NULL,NULL,NULL,1,NULL,48:25.7,NULL,NULL,NULL,NULL,95
740,9434,C17072583292,NULL,95,NULL,S00236,NULL,NULL,NULL,1,NULL,48:25.7,NULL,NULL,NULL,NULL,95
741,9448,C17072517712,NULL,95,NULL,ABST,NULL,NULL,NULL,1,NULL,48:25.7,NULL,NULL,NULL,NULL,95
742,9478,C17072527840,NULL,95,NULL,H01169,NULL,NULL,NULL,1,NULL,48:25.7,NULL,NULL,NULL,NULL,95
743,9479,C17072510729,NULL,95,NULL,0000T00572,NULL,NULL,NULL,1,NULL,48:25.7,NULL,NULL,NULL,NULL,95
744,9497,C17072520251,NULL,95,NULL,266010V017,NULL,NULL,NULL,1,NULL,48:25.7,NULL,NULL,NULL,NULL,95
745,9502,C17072516020,NULL,95,NULL,070115R317,NULL,NULL,NULL,1,NULL,48:25.7,NULL,NULL,NULL,NULL,95
746,9504,C17072599073,NULL,95,NULL,121004I277,NULL,NULL,NULL,1,NULL,48:25.7,NULL,NULL,NULL,NULL,95
747,9507,C17072588350,NULL,95,NULL,0000S01359,NULL,NULL,NULL,1,NULL,48:25.7,NULL,NULL,NULL,NULL,95
748,9530,C17072543501,NULL,95,NULL,C00781,NULL,NULL,NULL,1,NULL,48:25.7,NULL,NULL,NULL,NULL,95
749,9634,C17072559578,NULL,95,NULL,Y001,NULL,NULL,NULL,1,NULL,48:25.7,NULL,NULL,NULL,NULL,95
750,9648,C17072546728,NULL,95,NULL,1.32E+10,NULL,NULL,NULL,1,NULL,48:25.7,NULL,NULL,NULL,NULL,95
751,9664,C17072551132,NULL,95,NULL,131315P512,NULL,NULL,NULL,1,NULL,48:25.7,NULL,NULL,NULL,NULL,95
752,9698,C17072573029,NULL,95,NULL,V00310,NULL,NULL,NULL,1,NULL,48:25.7,NULL,NULL,NULL,NULL,95
753,9723,C17072521318,NULL,95,NULL,0000F00300,NULL,NULL,NULL,1,NULL,48:25.7,NULL,NULL,NULL,NULL,95
754,9731,C17072533933,NULL,95,NULL,422010G318,NULL,NULL,NULL,1,NULL,48:25.7,NULL,NULL,NULL,NULL,95
755,9732,C17072529323,NULL,95,NULL,482002K240,NULL,NULL,NULL,1,NULL,48:25.7,NULL,NULL,NULL,NULL,95
756,9740,C17072517691,NULL,95,NULL,0000A01488,NULL,NULL,NULL,1,NULL,48:25.7,NULL,NULL,NULL,NULL,95
757,9803,C17072538292,NULL,95,NULL,M0412,NULL,NULL,NULL,1,NULL,48:25.7,NULL,NULL,NULL,NULL,95
758,9815,C17072523485,NULL,95,NULL,A01421,NULL,NULL,NULL,1,NULL,48:25.7,NULL,NULL,NULL,NULL,95
759,9825,C17072515119,NULL,95,NULL,0000V00336,NULL,NULL,NULL,1,NULL,48:25.7,NULL,NULL,NULL,NULL,95
760,9865,C17072516059,NULL,95,NULL,600010A228,NULL,NULL,NULL,1,NULL,48:25.7,NULL,NULL,NULL,NULL,95
761,9881,C17072543500,NULL,95,NULL,503704C537,NULL,NULL,NULL,1,NULL,48:25.7,NULL,NULL,NULL,NULL,95
762,9884,C17072550074,NULL,95,NULL,0000M02041,NULL,NULL,NULL,1,NULL,48:25.7,NULL,NULL,NULL,NULL,95
763,9898,C17072523925,NULL,95,NULL,F00550,NULL,NULL,NULL,1,NULL,48:25.7,NULL,NULL,NULL,NULL,95
764,9922,C17072545763,NULL,95,NULL,STK1,NULL,NULL,NULL,1,NULL,48:25.7,NULL,NULL,NULL,NULL,95
765,9966,C17072559570,NULL,95,NULL,201308O406,NULL,NULL,NULL,1,NULL,48:25.7,NULL,NULL,NULL,NULL,95
766,9971,C17072513331,NULL,95,NULL,254120P143,NULL,NULL,NULL,1,NULL,48:25.7,NULL,NULL,NULL,NULL,95
767,9975,C17072571505,NULL,95,NULL,251040H366,NULL,NULL,NULL,1,NULL,48:25.7,NULL,NULL,NULL,NULL,95
768,9979,C17072598944,NULL,95,NULL,0000E00561,NULL,NULL,NULL,1,NULL,48:25.7,NULL,NULL,NULL,NULL,95
769,9991,C17072511504,NULL,95,NULL,121102M385,NULL,NULL,NULL,1,NULL,48:25.7,NULL,NULL,NULL,NULL,95
770,10037,C17072577397,NULL,95,NULL,074004B351,NULL,NULL,NULL,1,NULL,48:25.7,NULL,NULL,NULL,NULL,95
771,10067,C17072539563,NULL,95,NULL,104015B341,NULL,NULL,NULL,1,NULL,48:25.7,NULL,NULL,NULL,NULL,95
772,10110,C17072562680,NULL,95,NULL,0000M00469,NULL,NULL,NULL,1,NULL,48:25.7,NULL,NULL,NULL,NULL,95
773,10118,C17072574224,NULL,95,NULL,0000O00074,NULL,NULL,NULL,1,NULL,48:25.7,NULL,NULL,NULL,NULL,95
774,10120,C17072578511,NULL,95,NULL,101040P001,NULL,NULL,NULL,1,NULL,48:25.7,NULL,NULL,NULL,NULL,95
775,10219,C17072515213,NULL,95,NULL,0000P00719,NULL,NULL,NULL,1,NULL,48:25.7,NULL,NULL,NULL,NULL,95
776,10291,C17072539712,NULL,95,NULL,0000F00308,NULL,NULL,NULL,1,NULL,48:25.7,NULL,NULL,NULL,NULL,95
777,10292,C17072528500,NULL,95,NULL,490026S199,NULL,NULL,NULL,1,NULL,48:25.7,NULL,NULL,NULL,NULL,95
778,10323,C17072557822,NULL,95,NULL,0000J00042,NULL,NULL,NULL,1,NULL,48:25.7,NULL,NULL,NULL,NULL,95
779,10327,C17072570915,NULL,95,NULL,251515T270,NULL,NULL,NULL,1,NULL,48:25.7,NULL,NULL,NULL,NULL,95
780,10341,C17072569599,NULL,95,NULL,S01997,NULL,NULL,NULL,1,NULL,48:25.7,NULL,NULL,NULL,NULL,95
781,10344,C17072565467,NULL,95,NULL,0000P00226,NULL,NULL,NULL,1,NULL,48:25.7,NULL,NULL,NULL,NULL,95
782,10349,C17072598933,NULL,95,NULL,400066B293,NULL,NULL,NULL,1,NULL,48:25.7,NULL,NULL,NULL,NULL,95
783,10431,C17072551782,NULL,95,NULL,243620P001,NULL,NULL,NULL,1,NULL,48:25.7,NULL,NULL,NULL,NULL,95
784,10594,C17072516098,NULL,95,NULL,0000M00219,NULL,NULL,NULL,1,NULL,48:25.7,NULL,NULL,NULL,NULL,95
785,10727,C17072573090,NULL,95,NULL,411014M451,NULL,NULL,NULL,1,NULL,48:25.7,NULL,NULL,NULL,NULL,95
786,10736,C17072564162,NULL,95,NULL,256015A468,NULL,NULL,NULL,1,NULL,48:25.7,NULL,NULL,NULL,NULL,95
787,10925,C17072570735,NULL,95,NULL,H01137,NULL,NULL,NULL,1,NULL,48:25.7,NULL,NULL,NULL,NULL,95
788,11007,C17072562700,NULL,95,NULL,012010P316,NULL,NULL,NULL,1,NULL,48:25.7,NULL,NULL,NULL,NULL,95
789,11067,C17072557888,NULL,95,NULL,R0300,NULL,NULL,NULL,1,NULL,48:25.7,NULL,NULL,NULL,NULL,95
790,11167,C17072512640,NULL,95,NULL,0000T00653,NULL,NULL,NULL,1,NULL,48:25.7,NULL,NULL,NULL,NULL,95
791,11237,C17072574290,NULL,95,NULL,2.52E+12,NULL,NULL,NULL,1,NULL,48:25.7,NULL,NULL,NULL,NULL,95
792,11328,C17072568462,NULL,95,NULL,0000M00146,NULL,NULL,NULL,1,NULL,48:25.7,NULL,NULL,NULL,NULL,95
793,11344,C17072511184,NULL,95,NULL,0000E00562,NULL,NULL,NULL,1,NULL,48:25.7,NULL,NULL,NULL,NULL,95
794,12167,C17072599830,NULL,95,NULL,F00550,NULL,NULL,NULL,1,NULL,48:25.7,NULL,NULL,NULL,NULL,95
795,12376,C17072599583,NULL,95,NULL,011510SC60,NULL,NULL,NULL,1,NULL,48:25.7,NULL,NULL,NULL,NULL,95
796,12391,C17072583566,NULL,95,NULL,0000C00193,NULL,NULL,NULL,1,NULL,48:25.7,NULL,NULL,NULL,NULL,95
797,12432,C17072561461,NULL,95,NULL,246010J016,NULL,NULL,NULL,1,NULL,48:25.7,NULL,NULL,NULL,NULL,95
798,12460,C17072568272,NULL,95,NULL,I00057,NULL,NULL,NULL,1,NULL,48:25.7,NULL,NULL,NULL,NULL,95
799,12596,C17072537961,NULL,95,NULL,201310J252,NULL,NULL,NULL,1,NULL,48:25.7,NULL,NULL,NULL,NULL,95
800,12676,C17072558529,NULL,95,NULL,A01526,NULL,NULL,NULL,1,NULL,48:25.7,NULL,NULL,NULL,NULL,95
801,12733,C17072536502,NULL,95,NULL,251015I220,NULL,NULL,NULL,1,NULL,48:25.7,NULL,NULL,NULL,NULL,95
802,12785,C17072596375,NULL,95,NULL,0000H00340,NULL,NULL,NULL,1,NULL,48:25.7,NULL,NULL,NULL,NULL,95
803,12811,C17072572810,NULL,95,NULL,0000J00429,NULL,NULL,NULL,1,NULL,48:25.7,NULL,NULL,NULL,NULL,95
804,12829,C17072521008,NULL,95,NULL,V00063,NULL,NULL,NULL,1,NULL,48:25.7,NULL,NULL,NULL,NULL,95
805,12860,C17072528751,NULL,95,NULL,R0327,NULL,NULL,NULL,1,NULL,48:25.7,NULL,NULL,NULL,NULL,95
806,12891,C17072517298,NULL,95,NULL,V0199,NULL,NULL,NULL,1,NULL,48:25.7,NULL,NULL,NULL,NULL,95
807,12966,C17072510885,NULL,95,NULL,0000I00023,NULL,NULL,NULL,1,NULL,48:25.7,NULL,NULL,NULL,NULL,95
808,12990,C17072535809,NULL,95,NULL,0000J00252,NULL,NULL,NULL,1,NULL,48:25.7,NULL,NULL,NULL,NULL,95
809,13019,C17072514231,NULL,95,NULL,0000R00537,NULL,NULL,NULL,1,NULL,48:25.7,NULL,NULL,NULL,NULL,95
810,13040,C17072522830,NULL,95,NULL,0000T00593,NULL,NULL,NULL,1,NULL,48:25.7,NULL,NULL,NULL,NULL,95
811,13075,C17072575940,NULL,95,NULL,0000A01499,NULL,NULL,NULL,1,NULL,48:25.7,NULL,NULL,NULL,NULL,95
812,13089,C17072587147,NULL,95,NULL,0000M00706,NULL,NULL,NULL,1,NULL,48:25.7,NULL,NULL,NULL,NULL,95
813,13092,C17072579569,NULL,95,NULL,0000F00304,NULL,NULL,NULL,1,NULL,48:25.8,NULL,NULL,NULL,NULL,95
814,13136,C17072596092,NULL,95,NULL,0000N00177,NULL,NULL,NULL,1,NULL,48:25.8,NULL,NULL,NULL,NULL,95
815,13232,C17072523396,NULL,95,NULL,121415A865,NULL,NULL,NULL,1,NULL,48:25.8,NULL,NULL,NULL,NULL,95
816,13247,C17072545017,NULL,95,NULL,0000U00103,NULL,NULL,NULL,1,NULL,48:25.8,NULL,NULL,NULL,NULL,95
817,13260,C17072517308,NULL,95,NULL,134004Z004,NULL,NULL,NULL,1,NULL,48:25.8,NULL,NULL,NULL,NULL,95
818,13279,C17072562293,NULL,95,NULL,133615J005,NULL,NULL,NULL,1,NULL,48:25.8,NULL,NULL,NULL,NULL,95
819,13311,C17072562981,NULL,95,NULL,0000A00681,NULL,NULL,NULL,1,NULL,48:25.8,NULL,NULL,NULL,NULL,95
820,13315,C17072524389,NULL,95,NULL,0000S01614,NULL,NULL,NULL,1,NULL,48:25.8,NULL,NULL,NULL,NULL,95
821,13321,C17072518110,NULL,95,NULL,0000A00390,NULL,NULL,NULL,1,NULL,48:25.8,NULL,NULL,NULL,NULL,95
822,13338,C17072532858,NULL,95,NULL,0000S01091,NULL,NULL,NULL,1,NULL,48:25.8,NULL,NULL,NULL,NULL,95
823,13342,C17072579000,NULL,95,NULL,A0634,NULL,NULL,NULL,1,NULL,48:25.8,NULL,NULL,NULL,NULL,95
824,13345,C17072551492,NULL,95,NULL,0000L00117,NULL,NULL,NULL,1,NULL,48:25.8,NULL,NULL,NULL,NULL,95
825,13359,C17072527577,NULL,95,NULL,M0327,NULL,NULL,NULL,1,NULL,48:25.8,NULL,NULL,NULL,NULL,95
826,13368,C17072567302,NULL,95,NULL,0000S01624,NULL,NULL,NULL,1,NULL,48:25.8,NULL,NULL,NULL,NULL,95
827,13387,C17072522467,NULL,95,NULL,0000I00573,NULL,NULL,NULL,1,NULL,48:25.8,NULL,NULL,NULL,NULL,95
828,13475,C17072531321,NULL,95,NULL,0.00E+00,NULL,NULL,NULL,1,NULL,48:25.8,NULL,NULL,NULL,NULL,95
829,13476,C17072592312,NULL,95,NULL,501041M749,NULL,NULL,NULL,1,NULL,48:25.8,NULL,NULL,NULL,NULL,95
830,13478,C17072551358,NULL,95,NULL,I0182,NULL,NULL,NULL,1,NULL,48:25.8,NULL,NULL,NULL,NULL,95
831,13512,C17072547375,NULL,95,NULL,0000F00307,NULL,NULL,NULL,1,NULL,48:25.8,NULL,NULL,NULL,NULL,95
832,13564,C17072580061,NULL,95,NULL,0000S00464,NULL,NULL,NULL,1,NULL,48:25.8,NULL,NULL,NULL,NULL,95
833,13573,C17072555272,NULL,95,NULL,0000C00115,NULL,NULL,NULL,1,NULL,48:25.8,NULL,NULL,NULL,NULL,95
834,13574,C17072519588,NULL,95,NULL,0000N01135,NULL,NULL,NULL,1,NULL,48:25.8,NULL,NULL,NULL,NULL,95
835,13575,C17072594282,NULL,95,NULL,0000N01129,NULL,NULL,NULL,1,NULL,48:25.8,NULL,NULL,NULL,NULL,95
836,13578,C17072532352,NULL,95,NULL,0000P00186,NULL,NULL,NULL,1,NULL,48:25.8,NULL,NULL,NULL,NULL,95
837,13654,C17072596555,NULL,95,NULL,B0337,NULL,NULL,NULL,1,NULL,48:25.8,NULL,NULL,NULL,NULL,95
838,13670,C17072522077,NULL,95,NULL,0000A00888,NULL,NULL,NULL,1,NULL,48:25.8,NULL,NULL,NULL,NULL,95
839,13691,C17072528824,NULL,95,NULL,0000E00555,NULL,NULL,NULL,1,NULL,48:25.8,NULL,NULL,NULL,NULL,95
840,13716,C17072599374,NULL,95,NULL,0000O00112,NULL,NULL,NULL,1,NULL,48:25.8,NULL,NULL,NULL,NULL,95
841,13724,C17072527587,NULL,95,NULL,0000K10626,NULL,NULL,NULL,1,NULL,48:25.8,NULL,NULL,NULL,NULL,95
842,13789,C17072579874,NULL,95,NULL,0000A02321,NULL,NULL,NULL,1,NULL,48:25.8,NULL,NULL,NULL,NULL,95
843,13790,C17072594444,NULL,95,NULL,M00245,NULL,NULL,NULL,1,NULL,48:25.8,NULL,NULL,NULL,NULL,95
844,13794,C17072515508,NULL,95,NULL,0000D00452,NULL,NULL,NULL,1,NULL,48:25.8,NULL,NULL,NULL,NULL,95
845,13796,C17072561635,NULL,95,NULL,E0162,NULL,NULL,NULL,1,NULL,48:25.8,NULL,NULL,NULL,NULL,95
846,13811,C17072563209,NULL,95,NULL,0000A00136,NULL,NULL,NULL,1,NULL,48:25.8,NULL,NULL,NULL,NULL,95
847,13826,C17072524467,NULL,95,NULL,0000W00087,NULL,NULL,NULL,1,NULL,48:25.8,NULL,NULL,NULL,NULL,95
848,13834,C17072584061,NULL,95,NULL,0000P00657,NULL,NULL,NULL,1,NULL,48:25.8,NULL,NULL,NULL,NULL,95
849,13896,C17072566750,NULL,95,NULL,0000N00414,NULL,NULL,NULL,1,NULL,48:25.8,NULL,NULL,NULL,NULL,95
850,13922,C17072544446,NULL,95,NULL,0000D00419,NULL,NULL,NULL,1,NULL,48:25.8,NULL,NULL,NULL,NULL,95
851,13933,C17072562819,NULL,95,NULL,0000S00751,NULL,NULL,NULL,1,NULL,48:25.8,NULL,NULL,NULL,NULL,95
852,13938,C17072513495,NULL,95,NULL,0000B00693,NULL,NULL,NULL,1,NULL,48:25.8,NULL,NULL,NULL,NULL,95
853,13948,C17072586855,NULL,95,NULL,0000H00221,NULL,NULL,NULL,1,NULL,48:25.8,NULL,NULL,NULL,NULL,95
854,13949,C17072580480,NULL,95,NULL,V00054,NULL,NULL,NULL,1,NULL,48:25.8,NULL,NULL,NULL,NULL,95
855,14011,C17072515616,NULL,95,NULL,251215A870,NULL,NULL,NULL,1,NULL,48:25.8,NULL,NULL,NULL,NULL,95
856,14013,C17072533023,NULL,95,NULL,482009S975,NULL,NULL,NULL,1,NULL,48:25.8,NULL,NULL,NULL,NULL,95
857,14060,C17072536864,NULL,95,NULL,0000C00368,NULL,NULL,NULL,1,NULL,48:25.8,NULL,NULL,NULL,NULL,95
858,14071,C17072526683,NULL,95,NULL,066004A916,NULL,NULL,NULL,1,NULL,48:25.8,NULL,NULL,NULL,NULL,95
859,14082,C17072547916,NULL,95,NULL,0000K00474,NULL,NULL,NULL,1,NULL,48:25.8,NULL,NULL,NULL,NULL,95
860,14102,C17072556532,NULL,95,NULL,0000C00393,NULL,NULL,NULL,1,NULL,48:25.8,NULL,NULL,NULL,NULL,95
861,14109,C17072571167,NULL,95,NULL,0000K00705,NULL,NULL,NULL,1,NULL,48:25.8,NULL,NULL,NULL,NULL,95
862,14165,C17072538753,NULL,95,NULL,253004T025,NULL,NULL,NULL,1,NULL,48:25.8,NULL,NULL,NULL,NULL,95
863,14218,C17072550126,NULL,95,NULL,0000B00457,NULL,NULL,NULL,1,NULL,48:25.8,NULL,NULL,NULL,NULL,95
864,14224,C17072523645,NULL,95,NULL,0000A00851,NULL,NULL,NULL,1,NULL,48:25.8,NULL,NULL,NULL,NULL,95
865,14232,C17072583560,NULL,95,NULL,0000G00404,NULL,NULL,NULL,1,NULL,48:25.8,NULL,NULL,NULL,NULL,95
866,14285,C17072588192,NULL,95,NULL,0000M00727,NULL,NULL,NULL,1,NULL,48:25.8,NULL,NULL,NULL,NULL,95
867,14318,C17072586366,NULL,95,NULL,I0202,NULL,NULL,NULL,1,NULL,48:25.8,NULL,NULL,NULL,NULL,95
868,14333,C17072598493,NULL,95,NULL,0000D00403,NULL,NULL,NULL,1,NULL,48:25.8,NULL,NULL,NULL,NULL,95
869,14351,C17072593217,NULL,95,NULL,0000E00554,NULL,NULL,NULL,1,NULL,48:25.8,NULL,NULL,NULL,NULL,95
870,14386,C17072514935,NULL,95,NULL,P00123,NULL,NULL,NULL,1,NULL,48:25.8,NULL,NULL,NULL,NULL,95
871,14413,C17072581261,NULL,95,NULL,A0615,NULL,NULL,NULL,1,NULL,48:25.8,NULL,NULL,NULL,NULL,95
872,14435,C17072563591,NULL,95,NULL,K0344,NULL,NULL,NULL,1,NULL,48:25.8,NULL,NULL,NULL,NULL,95
873,14437,C17072557847,NULL,95,NULL,2.62E+06,NULL,NULL,NULL,1,NULL,48:25.8,NULL,NULL,NULL,NULL,95
874,14465,C17072567863,NULL,95,NULL,2.62E+05,NULL,NULL,NULL,1,NULL,48:25.8,NULL,NULL,NULL,NULL,95
875,14509,C17072575541,NULL,95,NULL,0000B00469,NULL,NULL,NULL,1,NULL,48:25.8,NULL,NULL,NULL,NULL,95
876,14537,C17072529362,NULL,95,NULL,0000A01152,NULL,NULL,NULL,1,NULL,48:25.8,NULL,NULL,NULL,NULL,95
877,14622,C17072545785,NULL,95,NULL,0000H00332,NULL,NULL,NULL,1,NULL,48:25.8,NULL,NULL,NULL,NULL,95
878,14640,C17072516999,NULL,95,NULL,0000C00543,NULL,NULL,NULL,1,NULL,48:25.8,NULL,NULL,NULL,NULL,95
879,14672,C17072590418,NULL,95,NULL,0000R01041,NULL,NULL,NULL,1,NULL,48:25.8,NULL,NULL,NULL,NULL,95
880,14682,C17072533186,NULL,95,NULL,0000S00445,NULL,NULL,NULL,1,NULL,48:25.8,NULL,NULL,NULL,NULL,95
881,14698,C17072595501,NULL,95,NULL,I00060,NULL,NULL,NULL,1,NULL,48:25.8,NULL,NULL,NULL,NULL,95
882,14719,C17072585525,NULL,95,NULL,M00197,NULL,NULL,NULL,1,NULL,48:25.8,NULL,NULL,NULL,NULL,95
883,14728,C17072579602,NULL,95,NULL,0000R00560,NULL,NULL,NULL,1,NULL,48:25.8,NULL,NULL,NULL,NULL,95
884,14749,C17072521227,NULL,95,NULL,0000P00705,NULL,NULL,NULL,1,NULL,48:25.8,NULL,NULL,NULL,NULL,95
885,14821,C17072551369,NULL,95,NULL,0000P00561,NULL,NULL,NULL,1,NULL,48:25.8,NULL,NULL,NULL,NULL,95
886,14823,C17072599563,NULL,95,NULL,0000S01818,NULL,NULL,NULL,1,NULL,48:25.8,NULL,NULL,NULL,NULL,95
887,14832,C17072595856,NULL,95,NULL,0000T00638,NULL,NULL,NULL,1,NULL,48:25.8,NULL,NULL,NULL,NULL,95
888,14853,C17072551427,NULL,95,NULL,0000L00152,NULL,NULL,NULL,1,NULL,48:25.8,NULL,NULL,NULL,NULL,95
889,14862,C17072563955,NULL,95,NULL,0000Y00030,NULL,NULL,NULL,1,NULL,48:25.8,NULL,NULL,NULL,NULL,95
890,14877,C17072536587,NULL,95,NULL,244004H350,NULL,NULL,NULL,1,NULL,48:25.8,NULL,NULL,NULL,NULL,95
891,14880,C17072573455,NULL,95,NULL,0000P00631,NULL,NULL,NULL,1,NULL,48:25.8,NULL,NULL,NULL,NULL,95
892,14891,C17072569283,NULL,95,NULL,C00044,NULL,NULL,NULL,1,NULL,48:25.8,NULL,NULL,NULL,NULL,95
893,14912,C17072557007,NULL,95,NULL,0000A01462,NULL,NULL,NULL,1,NULL,48:25.8,NULL,NULL,NULL,NULL,95
894,14913,C17072519365,NULL,95,NULL,0000E00557,NULL,NULL,NULL,1,NULL,48:25.8,NULL,NULL,NULL,NULL,95
895,14926,C17072586425,NULL,95,NULL,2.44E+14,NULL,NULL,NULL,1,NULL,48:25.8,NULL,NULL,NULL,NULL,95
896,14934,C17072535775,NULL,95,NULL,0000C00541,NULL,NULL,NULL,1,NULL,48:25.8,NULL,NULL,NULL,NULL,95
897,14950,C17072568875,NULL,95,NULL,A0573,NULL,NULL,NULL,1,NULL,48:25.8,NULL,NULL,NULL,NULL,95
898,14965,C17072573496,NULL,95,NULL,060510K392,NULL,NULL,NULL,1,NULL,48:25.8,NULL,NULL,NULL,NULL,95
899,14974,C17072568705,NULL,95,NULL,0000G00459,NULL,NULL,NULL,1,NULL,48:25.8,NULL,NULL,NULL,NULL,95
900,14976,C17072582454,NULL,95,NULL,261512P199,NULL,NULL,NULL,1,NULL,48:25.8,NULL,NULL,NULL,NULL,95
901,14984,C17072524179,NULL,95,NULL,0000M00729,NULL,NULL,NULL,1,NULL,48:25.8,NULL,NULL,NULL,NULL,95
902,15011,C17072574169,NULL,95,NULL,0000P00707,NULL,NULL,NULL,1,NULL,48:25.8,NULL,NULL,NULL,NULL,95
903,15018,C17072537337,NULL,95,NULL,K00038,NULL,NULL,NULL,1,NULL,48:25.8,NULL,NULL,NULL,NULL,95
904,15040,C17072595216,NULL,95,NULL,0000S01372,NULL,NULL,NULL,1,NULL,48:25.8,NULL,NULL,NULL,NULL,95
905,15065,C17072589804,NULL,95,NULL,0000P00730,NULL,NULL,NULL,1,NULL,48:25.8,NULL,NULL,NULL,NULL,95
906,15109,C17072540468,NULL,95,NULL,D00064,NULL,NULL,NULL,1,NULL,48:25.8,NULL,NULL,NULL,NULL,95
907,15117,C17072533352,NULL,95,NULL,263615O032,NULL,NULL,NULL,1,NULL,48:25.8,NULL,NULL,NULL,NULL,95
908,15143,C17072566513,NULL,95,NULL,0000D00391,NULL,NULL,NULL,1,NULL,48:25.8,NULL,NULL,NULL,NULL,95
909,15174,C17072568929,NULL,95,NULL,0000H00343,NULL,NULL,NULL,1,NULL,48:25.8,NULL,NULL,NULL,NULL,95
910,15214,C17072529110,NULL,95,NULL,0000E00569,NULL,NULL,NULL,1,NULL,48:25.8,NULL,NULL,NULL,NULL,95
911,15253,C17072557354,NULL,95,NULL,0000B00707,NULL,NULL,NULL,1,NULL,48:25.8,NULL,NULL,NULL,NULL,95
912,15270,C17072570737,NULL,95,NULL,0000P00700,NULL,NULL,NULL,1,NULL,48:25.8,NULL,NULL,NULL,NULL,95
913,15273,C17072590061,NULL,95,NULL,124004Z005,NULL,NULL,NULL,1,NULL,48:25.9,NULL,NULL,NULL,NULL,95
914,15276,C17072516738,NULL,95,NULL,122004P224,NULL,NULL,NULL,1,NULL,48:25.9,NULL,NULL,NULL,NULL,95
915,15290,C17072574590,NULL,95,NULL,262504D385,NULL,NULL,NULL,1,NULL,48:25.9,NULL,NULL,NULL,NULL,95
916,15295,C17072539215,NULL,95,NULL,S1038,NULL,NULL,NULL,1,NULL,48:25.9,NULL,NULL,NULL,NULL,95
917,15307,C17072569596,NULL,95,NULL,252515G350,NULL,NULL,NULL,1,NULL,48:25.9,NULL,NULL,NULL,NULL,95
918,15329,C17072590448,NULL,95,NULL,0000D00404,NULL,NULL,NULL,1,NULL,48:25.9,NULL,NULL,NULL,NULL,95
919,15347,C17072513780,NULL,95,NULL,0000A01383,NULL,NULL,NULL,1,NULL,48:25.9,NULL,NULL,NULL,NULL,95
920,15349,C17072543453,NULL,95,NULL,0000Y00029,NULL,NULL,NULL,1,NULL,48:25.9,NULL,NULL,NULL,NULL,95
921,15356,C17072534190,NULL,95,NULL,071510A898,NULL,NULL,NULL,1,NULL,48:25.9,NULL,NULL,NULL,NULL,95
922,15371,C17072515451,NULL,95,NULL,0000G00425,NULL,NULL,NULL,1,NULL,48:25.9,NULL,NULL,NULL,NULL,95
923,15386,C17072581006,NULL,95,NULL,0000L00142,NULL,NULL,NULL,1,NULL,48:25.9,NULL,NULL,NULL,NULL,95
924,15400,C17072588307,NULL,95,NULL,241515U010,NULL,NULL,NULL,1,NULL,48:25.9,NULL,NULL,NULL,NULL,95
925,15472,C17072558177,NULL,95,NULL,0000S01709,NULL,NULL,NULL,1,NULL,48:25.9,NULL,NULL,NULL,NULL,95
926,15494,C17072570014,NULL,95,NULL,0000B00681,NULL,NULL,NULL,1,NULL,48:25.9,NULL,NULL,NULL,NULL,95
927,15495,C17072538143,NULL,95,NULL,0000T00641,NULL,NULL,NULL,1,NULL,48:25.9,NULL,NULL,NULL,NULL,95
928,15508,C17072560465,NULL,95,NULL,I00063,NULL,NULL,NULL,1,NULL,48:25.9,NULL,NULL,NULL,NULL,95
929,15516,C17072517529,NULL,95,NULL,0000M00757,NULL,NULL,NULL,1,NULL,48:25.9,NULL,NULL,NULL,NULL,95
930,15518,C17072545249,NULL,95,NULL,7.01E+299,NULL,NULL,NULL,1,NULL,48:25.9,NULL,NULL,NULL,NULL,95
931,15547,C17072527924,NULL,95,NULL,241510R446,NULL,NULL,NULL,1,NULL,48:25.9,NULL,NULL,NULL,NULL,95
932,15555,C17072547688,NULL,95,NULL,P00083,NULL,NULL,NULL,1,NULL,48:25.9,NULL,NULL,NULL,NULL,95
933,15594,C17072597630,NULL,95,NULL,0000B00685,NULL,NULL,NULL,1,NULL,48:25.9,NULL,NULL,NULL,NULL,95
934,15599,C17072540882,NULL,95,NULL,0000A01475,NULL,NULL,NULL,1,NULL,48:25.9,NULL,NULL,NULL,NULL,95
935,15602,C17072562582,NULL,95,NULL,0000S01297,NULL,NULL,NULL,1,NULL,48:25.9,NULL,NULL,NULL,NULL,95
936,15619,C17072584445,NULL,95,NULL,0000M00707,NULL,NULL,NULL,1,NULL,48:25.9,NULL,NULL,NULL,NULL,95
937,15622,C17072513128,NULL,95,NULL,071060A001,NULL,NULL,NULL,1,NULL,48:25.9,NULL,NULL,NULL,NULL,95
938,15635,C17072525592,NULL,95,NULL,0000S01607,NULL,NULL,NULL,1,NULL,48:25.9,NULL,NULL,NULL,NULL,95
939,15647,C17072541776,NULL,95,NULL,0000P00704,NULL,NULL,NULL,1,NULL,48:25.9,NULL,NULL,NULL,NULL,95
940,15653,C17072572304,NULL,95,NULL,0000J00451,NULL,NULL,NULL,1,NULL,48:25.9,NULL,NULL,NULL,NULL,95
941,15655,C17072593055,NULL,95,NULL,282515M716,NULL,NULL,NULL,1,NULL,48:25.9,NULL,NULL,NULL,NULL,95
942,7,C17072516947,NULL,97,NULL,KA1476,NULL,NULL,NULL,1,NULL,57:13.7,NULL,NULL,NULL,NULL,97
943,145,C17072524595,NULL,97,NULL,NA1067,NULL,NULL,NULL,1,NULL,57:13.8,NULL,NULL,NULL,NULL,97
944,151,C17072546622,NULL,97,NULL,VA0632,NULL,NULL,NULL,1,NULL,57:13.8,NULL,NULL,NULL,NULL,97
945,210,C17072527651,NULL,97,NULL,MG0097,NULL,NULL,NULL,1,NULL,57:13.8,NULL,NULL,NULL,NULL,97
946,233,C17072590069,NULL,97,NULL,CA2822,NULL,NULL,NULL,1,NULL,57:13.8,NULL,NULL,NULL,NULL,97
947,241,C17072519662,NULL,97,NULL,TA2906,NULL,NULL,NULL,1,NULL,57:13.8,NULL,NULL,NULL,NULL,97
948,259,C17072592391,NULL,97,NULL,SA1690,NULL,NULL,NULL,1,NULL,57:13.8,NULL,NULL,NULL,NULL,97
949,263,C17072539488,NULL,97,NULL,SB0040,NULL,NULL,NULL,1,NULL,57:13.8,NULL,NULL,NULL,NULL,97
950,266,C17072526032,NULL,97,NULL,SZ0041,NULL,NULL,NULL,1,NULL,57:13.8,NULL,NULL,NULL,NULL,97
951,290,C17072521214,NULL,97,NULL,RA4817,NULL,NULL,NULL,1,NULL,57:13.8,NULL,NULL,NULL,NULL,97
952,298,C17072567671,NULL,97,NULL,MA4043,NULL,NULL,NULL,1,NULL,57:13.8,NULL,NULL,NULL,NULL,97
953,299,C17072542617,NULL,97,NULL,AJ0043,NULL,NULL,NULL,1,NULL,57:13.8,NULL,NULL,NULL,NULL,97
954,302,C17072540971,NULL,97,NULL,MA3992,NULL,NULL,NULL,1,NULL,57:13.8,NULL,NULL,NULL,NULL,97
955,308,C17072595304,NULL,97,NULL,UA1005,NULL,NULL,NULL,1,NULL,57:13.8,NULL,NULL,NULL,NULL,97
956,317,C17072511627,NULL,97,NULL,DA1873,NULL,NULL,NULL,1,NULL,57:13.8,NULL,NULL,NULL,NULL,97
957,328,C17072548991,NULL,97,NULL,UA1033,NULL,NULL,NULL,1,NULL,57:13.8,NULL,NULL,NULL,NULL,97
958,346,C17072568959,NULL,97,NULL,DA2844,NULL,NULL,NULL,1,NULL,57:13.8,NULL,NULL,NULL,NULL,97
959,349,C17072544455,NULL,97,NULL,KA1136,NULL,NULL,NULL,1,NULL,57:13.8,NULL,NULL,NULL,NULL,97
960,354,C17072540843,NULL,97,NULL,WA0305,NULL,NULL,NULL,1,NULL,57:13.8,NULL,NULL,NULL,NULL,97
961,355,C17072568084,NULL,97,NULL,PA0521,NULL,NULL,NULL,1,NULL,57:13.8,NULL,NULL,NULL,NULL,97
962,403,C17072531192,NULL,97,NULL,JA0193,NULL,NULL,NULL,1,NULL,57:13.8,NULL,NULL,NULL,NULL,97
963,405,C17072516089,NULL,97,NULL,HD0019,NULL,NULL,NULL,1,NULL,57:13.8,NULL,NULL,NULL,NULL,97
964,412,C17072532459,NULL,97,NULL,AA6038,NULL,NULL,NULL,1,NULL,57:13.8,NULL,NULL,NULL,NULL,97
965,436,C17072595748,NULL,97,NULL,MA3447,NULL,NULL,NULL,1,NULL,57:13.8,NULL,NULL,NULL,NULL,97
966,452,C17072578748,NULL,97,NULL,EA1678,NULL,NULL,NULL,1,NULL,57:13.8,NULL,NULL,NULL,NULL,97
967,455,C17072550565,NULL,97,NULL,TA0912,NULL,NULL,NULL,1,NULL,57:13.8,NULL,NULL,NULL,NULL,97
968,463,C17072551644,NULL,97,NULL,TA2743,NULL,NULL,NULL,1,NULL,57:13.8,NULL,NULL,NULL,NULL,97
969,469,C17072540360,NULL,97,NULL,GEM0001598,NULL,NULL,NULL,1,NULL,57:13.8,NULL,NULL,NULL,NULL,97
970,470,C17072592180,NULL,97,NULL,NA2092,NULL,NULL,NULL,1,NULL,57:13.8,NULL,NULL,NULL,NULL,97
971,472,C17072583550,NULL,97,NULL,BE0069,NULL,NULL,NULL,1,NULL,57:13.8,NULL,NULL,NULL,NULL,97
972,475,C17072560943,NULL,97,NULL,ZA0724,NULL,NULL,NULL,1,NULL,57:13.8,NULL,NULL,NULL,NULL,97
973,484,C17072596245,NULL,97,NULL,AA5518,NULL,NULL,NULL,1,NULL,57:13.8,NULL,NULL,NULL,NULL,97
974,485,C17072593293,NULL,97,NULL,AA0793,NULL,NULL,NULL,1,NULL,57:13.8,NULL,NULL,NULL,NULL,97
975,497,C17072524169,NULL,97,NULL,GEM0004776,NULL,NULL,NULL,1,NULL,57:13.8,NULL,NULL,NULL,NULL,97
976,498,C17072516623,NULL,97,NULL,AA1343,NULL,NULL,NULL,1,NULL,57:13.8,NULL,NULL,NULL,NULL,97
977,499,C17072577616,NULL,97,NULL,MA2006,NULL,NULL,NULL,1,NULL,57:13.8,NULL,NULL,NULL,NULL,97
978,506,C17072585515,NULL,97,NULL,EA1432,NULL,NULL,NULL,1,NULL,57:13.8,NULL,NULL,NULL,NULL,97
979,510,C17072558705,NULL,97,NULL,HA1293,NULL,NULL,NULL,1,NULL,57:13.8,NULL,NULL,NULL,NULL,97
980,514,C17072553238,NULL,97,NULL,WA1495,NULL,NULL,NULL,1,NULL,57:13.8,NULL,NULL,NULL,NULL,97
981,525,C17072528052,NULL,97,NULL,CA0959,NULL,NULL,NULL,1,NULL,57:13.8,NULL,NULL,NULL,NULL,97
982,543,C17072594687,NULL,97,NULL,AA5958,NULL,NULL,NULL,1,NULL,57:13.8,NULL,NULL,NULL,NULL,97
983,567,C17072573208,NULL,97,NULL,TA2837,NULL,NULL,NULL,1,NULL,57:13.8,NULL,NULL,NULL,NULL,97
984,575,C17072598694,NULL,97,NULL,CE0078,NULL,NULL,NULL,1,NULL,57:13.8,NULL,NULL,NULL,NULL,97
985,588,C17072568734,NULL,97,NULL,IA0809,NULL,NULL,NULL,1,NULL,57:13.8,NULL,NULL,NULL,NULL,97
986,634,C17072583891,NULL,97,NULL,EC0048,NULL,NULL,NULL,1,NULL,57:13.8,NULL,NULL,NULL,NULL,97
987,685,C17072541208,NULL,97,NULL,PH0055,NULL,NULL,NULL,1,NULL,57:13.8,NULL,NULL,NULL,NULL,97
988,688,C17072559474,NULL,97,NULL,AA4167,NULL,NULL,NULL,1,NULL,57:13.8,NULL,NULL,NULL,NULL,97
989,689,C17072528656,NULL,97,NULL,SA3284,NULL,NULL,NULL,1,NULL,57:13.8,NULL,NULL,NULL,NULL,97
990,693,C17072574467,NULL,97,NULL,MA3879,NULL,NULL,NULL,1,NULL,57:13.8,NULL,NULL,NULL,NULL,97
991,698,C17072526625,NULL,97,NULL,PA4469,NULL,NULL,NULL,1,NULL,57:13.8,NULL,NULL,NULL,NULL,97
992,700,C17072586056,NULL,97,NULL,LB0093,NULL,NULL,NULL,1,NULL,57:13.8,NULL,NULL,NULL,NULL,97
993,713,C17072520532,NULL,97,NULL,SA2413,NULL,NULL,NULL,1,NULL,57:13.8,NULL,NULL,NULL,NULL,97
994,716,C17072559495,NULL,97,NULL,MA2401,NULL,NULL,NULL,1,NULL,57:13.8,NULL,NULL,NULL,NULL,97
995,719,C17072586624,NULL,97,NULL,HC0090,NULL,NULL,NULL,1,NULL,57:13.8,NULL,NULL,NULL,NULL,97
996,726,C17072541952,NULL,97,NULL,HO0044,NULL,NULL,NULL,1,NULL,57:13.8,NULL,NULL,NULL,NULL,97
997,728,C17072551951,NULL,97,NULL,UA1011,NULL,NULL,NULL,1,NULL,57:13.8,NULL,NULL,NULL,NULL,97
998,741,C17072592517,NULL,97,NULL,ZA0021,NULL,NULL,NULL,1,NULL,57:13.8,NULL,NULL,NULL,NULL,97
999,768,C17072521928,NULL,97,NULL,DA1369,NULL,NULL,NULL,1,NULL,57:13.8,NULL,NULL,NULL,NULL,97
1000,796,C17072537851,NULL,97,NULL,EA1142,NULL,NULL,NULL,1,NULL,57:13.8,NULL,NULL,NULL,NULL,97
1001,841,C17072575666,NULL,97,NULL,SA9103,NULL,NULL,NULL,1,NULL,57:13.8,NULL,NULL,NULL,NULL,97
1002,845,C17072512600,NULL,97,NULL,MA1272,NULL,NULL,NULL,1,NULL,57:13.8,NULL,NULL,NULL,NULL,97
1003,861,C17072568576,NULL,97,NULL,GA1285,NULL,NULL,NULL,1,NULL,57:13.8,NULL,NULL,NULL,NULL,97
1004,897,C17072579922,NULL,97,NULL,SA8282,NULL,NULL,NULL,1,NULL,57:13.8,NULL,NULL,NULL,NULL,97
1005,915,C17072537176,NULL,97,NULL,AA2613,NULL,NULL,NULL,1,NULL,57:13.8,NULL,NULL,NULL,NULL,97
1006,935,C17072519356,NULL,97,NULL,VA1405,NULL,NULL,NULL,1,NULL,57:13.8,NULL,NULL,NULL,NULL,97
1007,959,C17072558721,NULL,97,NULL,UA0284,NULL,NULL,NULL,1,NULL,57:13.8,NULL,NULL,NULL,NULL,97
1008,1024,C17072526594,NULL,97,NULL,SA9078,NULL,NULL,NULL,1,NULL,57:13.8,NULL,NULL,NULL,NULL,97
1009,1081,C17072594065,NULL,97,NULL,KA0740,NULL,NULL,NULL,1,NULL,57:13.8,NULL,NULL,NULL,NULL,97
1010,1082,C17072587987,NULL,97,NULL,UA1050,NULL,NULL,NULL,1,NULL,57:13.8,NULL,NULL,NULL,NULL,97
1011,1094,C17072514869,NULL,97,NULL,SA3097,NULL,NULL,NULL,1,NULL,57:13.8,NULL,NULL,NULL,NULL,97
1012,1108,C17072576265,NULL,97,NULL,AA0940,NULL,NULL,NULL,1,NULL,57:13.8,NULL,NULL,NULL,NULL,97
1013,1128,C17072576624,NULL,97,NULL,IA1263,NULL,NULL,NULL,1,NULL,57:13.8,NULL,NULL,NULL,NULL,97
1014,1131,C17072512929,NULL,97,NULL,KA0703,NULL,NULL,NULL,1,NULL,57:13.8,NULL,NULL,NULL,NULL,97
1015,1152,C17072561168,NULL,97,NULL,SA4853,NULL,NULL,NULL,1,NULL,57:13.8,NULL,NULL,NULL,NULL,97
1016,1161,C17072546498,NULL,97,NULL,SA9154,NULL,NULL,NULL,1,NULL,57:13.8,NULL,NULL,NULL,NULL,97
1017,1182,C17072594610,NULL,97,NULL,IA0753,NULL,NULL,NULL,1,NULL,57:13.8,NULL,NULL,NULL,NULL,97
1018,1183,C17072577683,NULL,97,NULL,EA0855,NULL,NULL,NULL,1,NULL,57:13.8,NULL,NULL,NULL,NULL,97
1019,1192,C17072551240,NULL,97,NULL,SA8432,NULL,NULL,NULL,1,NULL,57:13.8,NULL,NULL,NULL,NULL,97
1020,1193,C17072539775,NULL,97,NULL,SA5596,NULL,NULL,NULL,1,NULL,57:13.8,NULL,NULL,NULL,NULL,97
1021,1203,C17072579879,NULL,97,NULL,CA2398,NULL,NULL,NULL,1,NULL,57:13.8,NULL,NULL,NULL,NULL,97
1022,1206,C17072579604,NULL,97,NULL,BA0570,NULL,NULL,NULL,1,NULL,57:13.8,NULL,NULL,NULL,NULL,97
1023,1209,C17072538430,NULL,97,NULL,IA0455,NULL,NULL,NULL,1,NULL,57:13.8,NULL,NULL,NULL,NULL,97
1024,1210,C17072518603,NULL,97,NULL,IA1476,NULL,NULL,NULL,1,NULL,57:13.8,NULL,NULL,NULL,NULL,97
1025,1243,C17072510859,NULL,97,NULL,BA0884,NULL,NULL,NULL,1,NULL,57:13.8,NULL,NULL,NULL,NULL,97
1026,1266,C17072562466,NULL,97,NULL,DA1530,NULL,NULL,NULL,1,NULL,57:13.8,NULL,NULL,NULL,NULL,97
1027,1271,C17072513810,NULL,97,NULL,IF0028,NULL,NULL,NULL,1,NULL,57:13.8,NULL,NULL,NULL,NULL,97
1028,1292,C17072543303,NULL,97,NULL,MA3507,NULL,NULL,NULL,1,NULL,57:13.8,NULL,NULL,NULL,NULL,97
1029,1301,C17072599713,NULL,97,NULL,UA0980,NULL,NULL,NULL,1,NULL,57:13.8,NULL,NULL,NULL,NULL,97
1030,1339,C17072525795,NULL,97,NULL,TA2283,NULL,NULL,NULL,1,NULL,57:13.8,NULL,NULL,NULL,NULL,97
1031,1352,C17072558191,NULL,97,NULL,GEM0001910,NULL,NULL,NULL,1,NULL,57:13.8,NULL,NULL,NULL,NULL,97
1032,1374,C17072563877,NULL,97,NULL,SA8393,NULL,NULL,NULL,1,NULL,57:13.8,NULL,NULL,NULL,NULL,97
1033,1442,C17072541003,NULL,97,NULL,KA1989,NULL,NULL,NULL,1,NULL,57:13.8,NULL,NULL,NULL,NULL,97
1034,1447,C17072541609,NULL,97,NULL,AA5796,NULL,NULL,NULL,1,NULL,57:13.8,NULL,NULL,NULL,NULL,97
1035,1463,C17072538283,NULL,97,NULL,SA4419,NULL,NULL,NULL,1,NULL,57:13.8,NULL,NULL,NULL,NULL,97
1036,1484,C17072562814,NULL,97,NULL,RA1046,NULL,NULL,NULL,1,NULL,57:13.8,NULL,NULL,NULL,NULL,97
1037,1523,C17072584589,NULL,97,NULL,SA1880,NULL,NULL,NULL,1,NULL,57:13.8,NULL,NULL,NULL,NULL,97
1038,1605,C17072519267,NULL,97,NULL,GEM0001483,NULL,NULL,NULL,1,NULL,57:13.8,NULL,NULL,NULL,NULL,97
1039,1638,C17072570919,NULL,97,NULL,GEM0002750,NULL,NULL,NULL,1,NULL,57:13.8,NULL,NULL,NULL,NULL,97
1040,1650,C17072543003,NULL,97,NULL,CA0156,NULL,NULL,NULL,1,NULL,57:13.8,NULL,NULL,NULL,NULL,97
1041,1665,C17072593707,NULL,97,NULL,FA0807,NULL,NULL,NULL,1,NULL,57:13.8,NULL,NULL,NULL,NULL,97
1042,1680,C17072583659,NULL,97,NULL,CA2910,NULL,NULL,NULL,1,NULL,57:13.8,NULL,NULL,NULL,NULL,97
1043,1683,C17072524294,NULL,97,NULL,GA2242,NULL,NULL,NULL,1,NULL,57:13.8,NULL,NULL,NULL,NULL,97
1044,1687,C17072540331,NULL,97,NULL,SA9371,NULL,NULL,NULL,1,NULL,57:13.8,NULL,NULL,NULL,NULL,97
1045,1690,C17072541551,NULL,97,NULL,AA5445,NULL,NULL,NULL,1,NULL,57:13.8,NULL,NULL,NULL,NULL,97
1046,1695,C17072524796,NULL,97,NULL,TA0718,NULL,NULL,NULL,1,NULL,57:13.8,NULL,NULL,NULL,NULL,97
1047,1717,C17072518461,NULL,97,NULL,NA0053,NULL,NULL,NULL,1,NULL,57:13.8,NULL,NULL,NULL,NULL,97
1048,1726,C17072585957,NULL,97,NULL,DF0082,NULL,NULL,NULL,1,NULL,57:13.8,NULL,NULL,NULL,NULL,97
1049,1744,C17072521454,NULL,97,NULL,LA1183,NULL,NULL,NULL,1,NULL,57:13.9,NULL,NULL,NULL,NULL,97
1050,1759,C17072595380,NULL,97,NULL,VA0571,NULL,NULL,NULL,1,NULL,57:13.9,NULL,NULL,NULL,NULL,97
1051,1777,C17072534605,NULL,97,NULL,PA0539,NULL,NULL,NULL,1,NULL,57:13.9,NULL,NULL,NULL,NULL,97
1052,1778,C17072530127,NULL,97,NULL,PA4278,NULL,NULL,NULL,1,NULL,57:13.9,NULL,NULL,NULL,NULL,97
1053,1792,C17072564900,NULL,97,NULL,PA2541,NULL,NULL,NULL,1,NULL,57:13.9,NULL,NULL,NULL,NULL,97
1054,1823,C17072563383,NULL,97,NULL,FA0081,NULL,NULL,NULL,1,NULL,57:13.9,NULL,NULL,NULL,NULL,97
1055,1824,C17072580674,NULL,97,NULL,DA1528,NULL,NULL,NULL,1,NULL,57:13.9,NULL,NULL,NULL,NULL,97
1056,1831,C17072520543,NULL,97,NULL,JA0082,NULL,NULL,NULL,1,NULL,57:13.9,NULL,NULL,NULL,NULL,97
1057,1874,C17072571895,NULL,97,NULL,TA3089,NULL,NULL,NULL,1,NULL,57:13.9,NULL,NULL,NULL,NULL,97
1058,1906,C17072596587,NULL,97,NULL,EA0538,NULL,NULL,NULL,1,NULL,57:13.9,NULL,NULL,NULL,NULL,97
1059,1920,C17072560146,NULL,97,NULL,PA2432,NULL,NULL,NULL,1,NULL,57:13.9,NULL,NULL,NULL,NULL,97
1060,1921,C17072594663,NULL,97,NULL,PB0011,NULL,NULL,NULL,1,NULL,57:13.9,NULL,NULL,NULL,NULL,97
1061,1924,C17072550891,NULL,97,NULL,SA1800,NULL,NULL,NULL,1,NULL,57:13.9,NULL,NULL,NULL,NULL,97
1062,1943,C17072557035,NULL,97,NULL,PA3638,NULL,NULL,NULL,1,NULL,57:13.9,NULL,NULL,NULL,NULL,97
1063,1961,C17072573460,NULL,97,NULL,AA1698,NULL,NULL,NULL,1,NULL,57:13.9,NULL,NULL,NULL,NULL,97
1064,1982,C17072575113,NULL,97,NULL,GA2281,NULL,NULL,NULL,1,NULL,57:13.9,NULL,NULL,NULL,NULL,97
1065,1996,C17072585587,NULL,97,NULL,MA0032,NULL,NULL,NULL,1,NULL,57:13.9,NULL,NULL,NULL,NULL,97
1066,2002,C17072579751,NULL,97,NULL,DA2731,NULL,NULL,NULL,1,NULL,57:13.9,NULL,NULL,NULL,NULL,97
1067,2039,C17072588283,NULL,97,NULL,CA2467,NULL,NULL,NULL,1,NULL,57:13.9,NULL,NULL,NULL,NULL,97
1068,2044,C17072594959,NULL,97,NULL,SA9450,NULL,NULL,NULL,1,NULL,57:13.9,NULL,NULL,NULL,NULL,97
1069,2057,C17072513209,NULL,97,NULL,VA3258,NULL,NULL,NULL,1,NULL,57:13.9,NULL,NULL,NULL,NULL,97
1070,2063,C17072526611,NULL,97,NULL,SA9167,NULL,NULL,NULL,1,NULL,57:13.9,NULL,NULL,NULL,NULL,97
1071,2069,C17072574683,NULL,97,NULL,VA3400,NULL,NULL,NULL,1,NULL,57:13.9,NULL,NULL,NULL,NULL,97
1072,2070,C17072528931,NULL,97,NULL,JA0550,NULL,NULL,NULL,1,NULL,57:13.9,NULL,NULL,NULL,NULL,97
1073,2077,C17072518811,NULL,97,NULL,OA0654,NULL,NULL,NULL,1,NULL,57:13.9,NULL,NULL,NULL,NULL,97
1074,2130,C17072516058,NULL,97,NULL,JA1471,NULL,NULL,NULL,1,NULL,57:13.9,NULL,NULL,NULL,NULL,97
1075,2152,C17072518767,NULL,97,NULL,SA7221,NULL,NULL,NULL,1,NULL,57:13.9,NULL,NULL,NULL,NULL,97
1076,2198,C17072546588,NULL,97,NULL,HA0699,NULL,NULL,NULL,1,NULL,57:13.9,NULL,NULL,NULL,NULL,97
1077,2236,C17072553093,NULL,97,NULL,PA4124,NULL,NULL,NULL,1,NULL,57:13.9,NULL,NULL,NULL,NULL,97
1078,2293,C17072536657,NULL,97,NULL,CA2007,NULL,NULL,NULL,1,NULL,57:13.9,NULL,NULL,NULL,NULL,97
1079,2407,C17072554945,NULL,97,NULL,PA3350,NULL,NULL,NULL,1,NULL,57:13.9,NULL,NULL,NULL,NULL,97
1080,2424,C17072510932,NULL,97,NULL,RA4555,NULL,NULL,NULL,1,NULL,57:13.9,NULL,NULL,NULL,NULL,97
1081,2426,C17072564372,NULL,97,NULL,JA0066,NULL,NULL,NULL,1,NULL,57:13.9,NULL,NULL,NULL,NULL,97
1082,2459,C17072564865,NULL,97,NULL,HO0031,NULL,NULL,NULL,1,NULL,57:13.9,NULL,NULL,NULL,NULL,97
1083,2469,C17072526706,NULL,97,NULL,GEM0004265,NULL,NULL,NULL,1,NULL,57:13.9,NULL,NULL,NULL,NULL,97
1084,2491,C17072562729,NULL,97,NULL,NA1212,NULL,NULL,NULL,1,NULL,57:13.9,NULL,NULL,NULL,NULL,97
1085,2506,C17072570143,NULL,97,NULL,PA4540,NULL,NULL,NULL,1,NULL,57:13.9,NULL,NULL,NULL,NULL,97
1086,2568,C17072575886,NULL,97,NULL,HA1206,NULL,NULL,NULL,1,NULL,57:13.9,NULL,NULL,NULL,NULL,97
1087,2576,C17072551261,NULL,97,NULL,EA2040,NULL,NULL,NULL,1,NULL,57:13.9,NULL,NULL,NULL,NULL,97
1088,2602,C17072518736,NULL,97,NULL,PA4626,NULL,NULL,NULL,1,NULL,57:13.9,NULL,NULL,NULL,NULL,97
1089,2614,C17072515854,NULL,97,NULL,CA2823,NULL,NULL,NULL,1,NULL,57:13.9,NULL,NULL,NULL,NULL,97
1090,2616,C17072520262,NULL,97,NULL,RA4400,NULL,NULL,NULL,1,NULL,57:13.9,NULL,NULL,NULL,NULL,97
1091,2617,C17072537369,NULL,97,NULL,GA2422,NULL,NULL,NULL,1,NULL,57:13.9,NULL,NULL,NULL,NULL,97
1092,2624,C17072513893,NULL,97,NULL,PA4429,NULL,NULL,NULL,1,NULL,57:13.9,NULL,NULL,NULL,NULL,97
1093,2628,C17072548146,NULL,97,NULL,RA4324,NULL,NULL,NULL,1,NULL,57:13.9,NULL,NULL,NULL,NULL,97
1094,2644,C17072522796,NULL,97,NULL,RA4572,NULL,NULL,NULL,1,NULL,57:13.9,NULL,NULL,NULL,NULL,97
1095,2645,C17072541027,NULL,97,NULL,SA8457,NULL,NULL,NULL,1,NULL,57:13.9,NULL,NULL,NULL,NULL,97
1096,2651,C17072594262,NULL,97,NULL,UA0793,NULL,NULL,NULL,1,NULL,57:13.9,NULL,NULL,NULL,NULL,97
1097,2652,C17072542997,NULL,97,NULL,HA1937,NULL,NULL,NULL,1,NULL,57:13.9,NULL,NULL,NULL,NULL,97
1098,2664,C17072555475,NULL,97,NULL,TA1288,NULL,NULL,NULL,1,NULL,57:13.9,NULL,NULL,NULL,NULL,97
1099,2680,C17072570353,NULL,97,NULL,MA2518,NULL,NULL,NULL,1,NULL,57:13.9,NULL,NULL,NULL,NULL,97
1100,2686,C17072547356,NULL,97,NULL,RA3556,NULL,NULL,NULL,1,NULL,57:13.9,NULL,NULL,NULL,NULL,97
1101,2716,C17072539356,NULL,97,NULL,RA1786,NULL,NULL,NULL,1,NULL,57:13.9,NULL,NULL,NULL,NULL,97
1102,2733,C17072591301,NULL,97,NULL,PA4442,NULL,NULL,NULL,1,NULL,57:13.9,NULL,NULL,NULL,NULL,97
1103,2740,C17072581641,NULL,97,NULL,VA3287,NULL,NULL,NULL,1,NULL,57:13.9,NULL,NULL,NULL,NULL,97
1104,2747,C17072589789,NULL,97,NULL,MA1516,NULL,NULL,NULL,1,NULL,57:13.9,NULL,NULL,NULL,NULL,97
1105,2750,C17072550808,NULL,97,NULL,KD0093,NULL,NULL,NULL,1,NULL,57:13.9,NULL,NULL,NULL,NULL,97
1106,2758,C17072580318,NULL,97,NULL,BA0875,NULL,NULL,NULL,1,NULL,57:13.9,NULL,NULL,NULL,NULL,97
1107,2778,C17072527998,NULL,97,NULL,NA1396,NULL,NULL,NULL,1,NULL,57:13.9,NULL,NULL,NULL,NULL,97
1108,2803,C17072563539,NULL,97,NULL,PA3875,NULL,NULL,NULL,1,NULL,57:13.9,NULL,NULL,NULL,NULL,97
1109,2816,C17072531473,NULL,97,NULL,PA3920,NULL,NULL,NULL,1,NULL,57:13.9,NULL,NULL,NULL,NULL,97
1110,2823,C17072589396,NULL,97,NULL,DA2240,NULL,NULL,NULL,1,NULL,57:13.9,NULL,NULL,NULL,NULL,97
1111,2825,C17072545400,NULL,97,NULL,SA9242,NULL,NULL,NULL,1,NULL,57:13.9,NULL,NULL,NULL,NULL,97
1112,2862,C17072559729,NULL,97,NULL,AA4265,NULL,NULL,NULL,1,NULL,57:13.9,NULL,NULL,NULL,NULL,97
1113,2870,C17072523320,NULL,97,NULL,PA1165,NULL,NULL,NULL,1,NULL,57:13.9,NULL,NULL,NULL,NULL,97
1114,2881,C17072572826,NULL,97,NULL,NA1137,NULL,NULL,NULL,1,NULL,57:13.9,NULL,NULL,NULL,NULL,97
1115,2887,C17072524803,NULL,97,NULL,AJ0012,NULL,NULL,NULL,1,NULL,57:13.9,NULL,NULL,NULL,NULL,97
1116,2888,C17072549564,NULL,97,NULL,KA0961,NULL,NULL,NULL,1,NULL,57:13.9,NULL,NULL,NULL,NULL,97
1117,2894,C17072576774,NULL,97,NULL,AA1593,NULL,NULL,NULL,1,NULL,57:13.9,NULL,NULL,NULL,NULL,97
1118,2912,C17072533706,NULL,97,NULL,UB0050,NULL,NULL,NULL,1,NULL,57:13.9,NULL,NULL,NULL,NULL,97
1119,2916,C17072512957,NULL,97,NULL,VA3230,NULL,NULL,NULL,1,NULL,57:13.9,NULL,NULL,NULL,NULL,97
1120,2950,C17072597809,NULL,97,NULL,AA4303,NULL,NULL,NULL,1,NULL,57:13.9,NULL,NULL,NULL,NULL,97
1121,2953,C17072525468,NULL,97,NULL,WA0481,NULL,NULL,NULL,1,NULL,57:13.9,NULL,NULL,NULL,NULL,97
1122,2960,C17072521615,NULL,97,NULL,NA1127,NULL,NULL,NULL,1,NULL,57:13.9,NULL,NULL,NULL,NULL,97
1123,2988,C17072542673,NULL,97,NULL,LA1186,NULL,NULL,NULL,1,NULL,57:13.9,NULL,NULL,NULL,NULL,97
1124,2994,C17072534704,NULL,97,NULL,JA1187,NULL,NULL,NULL,1,NULL,57:13.9,NULL,NULL,NULL,NULL,97
1125,2998,C17072567702,NULL,97,NULL,TA2019,NULL,NULL,NULL,1,NULL,57:13.9,NULL,NULL,NULL,NULL,97
1126,3008,C17072558985,NULL,97,NULL,PA4545,NULL,NULL,NULL,1,NULL,57:13.9,NULL,NULL,NULL,NULL,97
1127,3027,C17072561715,NULL,97,NULL,LA0634,NULL,NULL,NULL,1,NULL,57:13.9,NULL,NULL,NULL,NULL,97
1128,3034,C17072568771,NULL,97,NULL,NA2266,NULL,NULL,NULL,1,NULL,57:13.9,NULL,NULL,NULL,NULL,97
1129,3035,C17072597323,NULL,97,NULL,VA3378,NULL,NULL,NULL,1,NULL,57:13.9,NULL,NULL,NULL,NULL,97
1130,3037,C17072595632,NULL,97,NULL,AA5669,NULL,NULL,NULL,1,NULL,57:13.9,NULL,NULL,NULL,NULL,97
1131,3050,C17072541763,NULL,97,NULL,EA0630,NULL,NULL,NULL,1,NULL,57:13.9,NULL,NULL,NULL,NULL,97
1132,3064,C17072549274,NULL,97,NULL,RA1090,NULL,NULL,NULL,1,NULL,57:13.9,NULL,NULL,NULL,NULL,97
1133,3073,C17072547303,NULL,97,NULL,RA4401,NULL,NULL,NULL,1,NULL,57:13.9,NULL,NULL,NULL,NULL,97
1134,3088,C17072559987,NULL,97,NULL,CA2952,NULL,NULL,NULL,1,NULL,57:13.9,NULL,NULL,NULL,NULL,97
1135,3090,C17072546096,NULL,97,NULL,GA2013,NULL,NULL,NULL,1,NULL,57:13.9,NULL,NULL,NULL,NULL,97
1136,3123,C17072530668,NULL,97,NULL,BA2931,NULL,NULL,NULL,1,NULL,57:13.9,NULL,NULL,NULL,NULL,97
1137,3140,C17072564059,NULL,97,NULL,AA5477,NULL,NULL,NULL,1,NULL,57:13.9,NULL,NULL,NULL,NULL,97
1138,3142,C17072598784,NULL,97,NULL,RA4440,NULL,NULL,NULL,1,NULL,57:13.9,NULL,NULL,NULL,NULL,97
1139,3148,C17072585779,NULL,97,NULL,AA6124,NULL,NULL,NULL,1,NULL,57:13.9,NULL,NULL,NULL,NULL,97
1140,3174,C17072531849,NULL,97,NULL,TA1016,NULL,NULL,NULL,1,NULL,57:13.9,NULL,NULL,NULL,NULL,97
1141,3196,C17072564837,NULL,97,NULL,JA1362,NULL,NULL,NULL,1,NULL,57:13.9,NULL,NULL,NULL,NULL,97
1142,3200,C17072577480,NULL,97,NULL,FA1275,NULL,NULL,NULL,1,NULL,57:13.9,NULL,NULL,NULL,NULL,97
1143,3205,C17072534351,NULL,97,NULL,IA1282,NULL,NULL,NULL,1,NULL,57:13.9,NULL,NULL,NULL,NULL,97
1144,3213,C17072572838,NULL,97,NULL,PA1179,NULL,NULL,NULL,1,NULL,57:13.9,NULL,NULL,NULL,NULL,97
1145,3214,C17072550925,NULL,97,NULL,ZA0158,NULL,NULL,NULL,1,NULL,57:13.9,NULL,NULL,NULL,NULL,97
1146,3240,C17072552511,NULL,97,NULL,PA3290,NULL,NULL,NULL,1,NULL,57:13.9,NULL,NULL,NULL,NULL,97
1147,3248,C17072567667,NULL,97,NULL,HA0048,NULL,NULL,NULL,1,NULL,57:13.9,NULL,NULL,NULL,NULL,97
1148,3249,C17072532180,NULL,97,NULL,VA0457,NULL,NULL,NULL,1,NULL,57:13.9,NULL,NULL,NULL,NULL,97
1149,3268,C17072516366,NULL,97,NULL,CA2691,NULL,NULL,NULL,1,NULL,57:13.9,NULL,NULL,NULL,NULL,97
1150,3310,C17072543467,NULL,97,NULL,PA2831,NULL,NULL,NULL,1,NULL,57:13.9,NULL,NULL,NULL,NULL,97
1151,3312,C17072585519,NULL,97,NULL,AA5892,NULL,NULL,NULL,1,NULL,57:13.9,NULL,NULL,NULL,NULL,97
1152,3356,C17072530189,NULL,97,NULL,TR0036,NULL,NULL,NULL,1,NULL,57:13.9,NULL,NULL,NULL,NULL,97
1153,3363,C17072548635,NULL,97,NULL,RA3680,NULL,NULL,NULL,1,NULL,57:13.9,NULL,NULL,NULL,NULL,97
1154,3375,C17072563810,NULL,97,NULL,MA3796,NULL,NULL,NULL,1,NULL,57:14.0,NULL,NULL,NULL,NULL,97
1155,3386,C17072590613,NULL,97,NULL,TA2892,NULL,NULL,NULL,1,NULL,57:14.0,NULL,NULL,NULL,NULL,97
1156,3395,C17072521925,NULL,97,NULL,PA2223,NULL,NULL,NULL,1,NULL,57:14.0,NULL,NULL,NULL,NULL,97
1157,3403,C17072542115,NULL,97,NULL,MA2467,NULL,NULL,NULL,1,NULL,57:14.0,NULL,NULL,NULL,NULL,97
1158,3406,C17072595773,NULL,97,NULL,MA4170,NULL,NULL,NULL,1,NULL,57:14.0,NULL,NULL,NULL,NULL,97
1159,3414,C17072540272,NULL,97,NULL,PA4517,NULL,NULL,NULL,1,NULL,57:14.0,NULL,NULL,NULL,NULL,97
1160,3420,C17072533996,NULL,97,NULL,AA5412,NULL,NULL,NULL,1,NULL,57:14.0,NULL,NULL,NULL,NULL,97
1161,3431,C17072567609,NULL,97,NULL,MA3969,NULL,NULL,NULL,1,NULL,57:14.0,NULL,NULL,NULL,NULL,97
1162,3456,C17072568025,NULL,97,NULL,GEM0002943,NULL,NULL,NULL,1,NULL,57:14.0,NULL,NULL,NULL,NULL,97
1163,3465,C17072585212,NULL,97,NULL,EA2110,NULL,NULL,NULL,1,NULL,57:14.0,NULL,NULL,NULL,NULL,97
1164,3466,C17072554178,NULL,97,NULL,FA0925,NULL,NULL,NULL,1,NULL,57:14.0,NULL,NULL,NULL,NULL,97
1165,3494,C17072530277,NULL,97,NULL,UC0015,NULL,NULL,NULL,1,NULL,57:14.0,NULL,NULL,NULL,NULL,97
1166,3498,C17072534944,NULL,97,NULL,DA2938,NULL,NULL,NULL,1,NULL,57:14.0,NULL,NULL,NULL,NULL,97
1167,3500,C17072519076,NULL,97,NULL,RA4075,NULL,NULL,NULL,1,NULL,57:14.0,NULL,NULL,NULL,NULL,97
1168,3504,C17072526362,NULL,97,NULL,DA2717,NULL,NULL,NULL,1,NULL,57:14.0,NULL,NULL,NULL,NULL,97
1169,3528,C17072565929,NULL,97,NULL,EA0602,NULL,NULL,NULL,1,NULL,57:14.0,NULL,NULL,NULL,NULL,97
1170,3532,C17072565791,NULL,97,NULL,GEM0003156,NULL,NULL,NULL,1,NULL,57:14.0,NULL,NULL,NULL,NULL,97
1171,3549,C17072593143,NULL,97,NULL,WA1480,NULL,NULL,NULL,1,NULL,57:14.0,NULL,NULL,NULL,NULL,97
1172,3551,C17072592373,NULL,97,NULL,LA0501,NULL,NULL,NULL,1,NULL,57:14.0,NULL,NULL,NULL,NULL,97
1173,3568,C17072585991,NULL,97,NULL,HA2104,NULL,NULL,NULL,1,NULL,57:14.0,NULL,NULL,NULL,NULL,97
1174,3569,C17072585260,NULL,97,NULL,AA3786,NULL,NULL,NULL,1,NULL,57:14.0,NULL,NULL,NULL,NULL,97
1175,3574,C17072535003,NULL,97,NULL,DA2861,NULL,NULL,NULL,1,NULL,57:14.0,NULL,NULL,NULL,NULL,97
1176,3577,C17072531534,NULL,97,NULL,NA1338,NULL,NULL,NULL,1,NULL,57:14.0,NULL,NULL,NULL,NULL,97
1177,3582,C17072547203,NULL,97,NULL,AA5388,NULL,NULL,NULL,1,NULL,57:14.0,NULL,NULL,NULL,NULL,97
1178,3586,C17072578977,NULL,97,NULL,BA2715,NULL,NULL,NULL,1,NULL,57:14.0,NULL,NULL,NULL,NULL,97
1179,3587,C17072547540,NULL,97,NULL,SA2264,NULL,NULL,NULL,1,NULL,57:14.0,NULL,NULL,NULL,NULL,97
1180,3596,C17072517071,NULL,97,NULL,SA3393,NULL,NULL,NULL,1,NULL,57:14.0,NULL,NULL,NULL,NULL,97
1181,3609,C17072518189,NULL,97,NULL,KA2260,NULL,NULL,NULL,1,NULL,57:14.0,NULL,NULL,NULL,NULL,97
1182,3611,C17072568815,NULL,97,NULL,PA4571,NULL,NULL,NULL,1,NULL,57:14.0,NULL,NULL,NULL,NULL,97
1183,3619,C17072577021,NULL,97,NULL,AA3684,NULL,NULL,NULL,1,NULL,57:14.0,NULL,NULL,NULL,NULL,97
1184,3624,C17072563921,NULL,97,NULL,MA0284,NULL,NULL,NULL,1,NULL,57:14.0,NULL,NULL,NULL,NULL,97
1185,3629,C17072599774,NULL,97,NULL,AA1059,NULL,NULL,NULL,1,NULL,57:14.0,NULL,NULL,NULL,NULL,97
1186,3639,C17072536544,NULL,97,NULL,RA4364,NULL,NULL,NULL,1,NULL,57:14.0,NULL,NULL,NULL,NULL,97
1187,3654,C17072579784,NULL,97,NULL,LA0287,NULL,NULL,NULL,1,NULL,57:14.0,NULL,NULL,NULL,NULL,97
1188,3659,C17072563831,NULL,97,NULL,FA1246,NULL,NULL,NULL,1,NULL,57:14.0,NULL,NULL,NULL,NULL,97
1189,3661,C17072546105,NULL,97,NULL,EA1226,NULL,NULL,NULL,1,NULL,57:14.0,NULL,NULL,NULL,NULL,97
1190,3675,C17072592586,NULL,97,NULL,VA3301,NULL,NULL,NULL,1,NULL,57:14.0,NULL,NULL,NULL,NULL,97
1191,3689,C17072512026,NULL,97,NULL,BJ0039,NULL,NULL,NULL,1,NULL,57:14.0,NULL,NULL,NULL,NULL,97
1192,3693,C17072589512,NULL,97,NULL,PA2215,NULL,NULL,NULL,1,NULL,57:14.0,NULL,NULL,NULL,NULL,97
1193,3695,C17072574608,NULL,97,NULL,GEM0001668,NULL,NULL,NULL,1,NULL,57:14.0,NULL,NULL,NULL,NULL,97
1194,3696,C17072597626,NULL,97,NULL,SA9181,NULL,NULL,NULL,1,NULL,57:14.0,NULL,NULL,NULL,NULL,97
1195,3701,C17072510601,NULL,97,NULL,FA0683,NULL,NULL,NULL,1,NULL,57:14.0,NULL,NULL,NULL,NULL,97
1196,3705,C17072516189,NULL,97,NULL,WA1519,NULL,NULL,NULL,1,NULL,57:14.0,NULL,NULL,NULL,NULL,97
1197,3711,C17072515038,NULL,97,NULL,EA1260,NULL,NULL,NULL,1,NULL,57:14.0,NULL,NULL,NULL,NULL,97
1198,3713,C17072583459,NULL,97,NULL,RA4467,NULL,NULL,NULL,1,NULL,57:14.0,NULL,NULL,NULL,NULL,97
1199,3739,C17072524358,NULL,97,NULL,FA0871,NULL,NULL,NULL,1,NULL,57:14.0,NULL,NULL,NULL,NULL,97
1200,3740,C17072559359,NULL,97,NULL,SA3830,NULL,NULL,NULL,1,NULL,57:14.0,NULL,NULL,NULL,NULL,97
1201,3742,C17072549208,NULL,97,NULL,AA5527,NULL,NULL,NULL,1,NULL,57:14.0,NULL,NULL,NULL,NULL,97
1202,3750,C17072540902,NULL,97,NULL,AA4660,NULL,NULL,NULL,1,NULL,57:14.0,NULL,NULL,NULL,NULL,97
1203,3757,C17072576744,NULL,97,NULL,SA9304,NULL,NULL,NULL,1,NULL,57:14.0,NULL,NULL,NULL,NULL,97
1204,3762,C17072543448,NULL,97,NULL,LA1208,NULL,NULL,NULL,1,NULL,57:14.0,NULL,NULL,NULL,NULL,97
1205,3776,C17072515219,NULL,97,NULL,YA0158,NULL,NULL,NULL,1,NULL,57:14.0,NULL,NULL,NULL,NULL,97
1206,3778,C17072529009,NULL,97,NULL,BA2171,NULL,NULL,NULL,1,NULL,57:14.0,NULL,NULL,NULL,NULL,97
1207,3788,C17072566020,NULL,97,NULL,KA2157,NULL,NULL,NULL,1,NULL,57:14.0,NULL,NULL,NULL,NULL,97
1208,3809,C17072559016,NULL,97,NULL,NA0601,NULL,NULL,NULL,1,NULL,57:14.0,NULL,NULL,NULL,NULL,97
1209,3811,C17072575691,NULL,97,NULL,SA6228,NULL,NULL,NULL,1,NULL,57:14.0,NULL,NULL,NULL,NULL,97
1210,3814,C17072516485,NULL,97,NULL,BA2110,NULL,NULL,NULL,1,NULL,57:14.0,NULL,NULL,NULL,NULL,97
1211,3824,C17072565669,NULL,97,NULL,DA1564,NULL,NULL,NULL,1,NULL,57:14.0,NULL,NULL,NULL,NULL,97
1212,3825,C17072521154,NULL,97,NULL,DA1833,NULL,NULL,NULL,1,NULL,57:14.0,NULL,NULL,NULL,NULL,97
1213,3826,C17072566360,NULL,97,NULL,SA9116,NULL,NULL,NULL,1,NULL,57:14.0,NULL,NULL,NULL,NULL,97
1214,3828,C17072570064,NULL,97,NULL,DA2658,NULL,NULL,NULL,1,NULL,57:14.0,NULL,NULL,NULL,NULL,97
1215,3836,C17072543044,NULL,97,NULL,NA1934,NULL,NULL,NULL,1,NULL,57:14.0,NULL,NULL,NULL,NULL,97
1216,3850,C17072546864,NULL,97,NULL,ZA0708,NULL,NULL,NULL,1,NULL,57:14.0,NULL,NULL,NULL,NULL,97
1217,3852,C17072559721,NULL,97,NULL,MA4077,NULL,NULL,NULL,1,NULL,57:14.0,NULL,NULL,NULL,NULL,97
1218,3878,C17072540538,NULL,97,NULL,AA4788,NULL,NULL,NULL,1,NULL,57:14.0,NULL,NULL,NULL,NULL,97
1219,3880,C17072587696,NULL,97,NULL,AA5419,NULL,NULL,NULL,1,NULL,57:14.0,NULL,NULL,NULL,NULL,97
1220,3893,C17072527072,NULL,97,NULL,FA0574,NULL,NULL,NULL,1,NULL,57:14.0,NULL,NULL,NULL,NULL,97
1221,3907,C17072579565,NULL,97,NULL,OA0659,NULL,NULL,NULL,1,NULL,57:14.0,NULL,NULL,NULL,NULL,97
1222,3921,C17072550916,NULL,97,NULL,EA2176,NULL,NULL,NULL,1,NULL,57:14.0,NULL,NULL,NULL,NULL,97
1223,3929,C17072546712,NULL,97,NULL,RA0819,NULL,NULL,NULL,1,NULL,57:14.0,NULL,NULL,NULL,NULL,97
1224,3932,C17072517851,NULL,97,NULL,NA2156,NULL,NULL,NULL,1,NULL,57:14.0,NULL,NULL,NULL,NULL,97
1225,3936,C17072584054,NULL,97,NULL,SA9087,NULL,NULL,NULL,1,NULL,57:14.0,NULL,NULL,NULL,NULL,97
1226,3942,C17072591869,NULL,97,NULL,AA4448,NULL,NULL,NULL,1,NULL,57:14.0,NULL,NULL,NULL,NULL,97
1227,3943,C17072570898,NULL,97,NULL,LA1256,NULL,NULL,NULL,1,NULL,57:14.0,NULL,NULL,NULL,NULL,97
1228,3978,C17072536201,NULL,97,NULL,SA8898,NULL,NULL,NULL,1,NULL,57:14.0,NULL,NULL,NULL,NULL,97
1229,3994,C17072559763,NULL,97,NULL,MA0099,NULL,NULL,NULL,1,NULL,57:14.0,NULL,NULL,NULL,NULL,97
1230,4008,C17072579217,NULL,97,NULL,GA1503,NULL,NULL,NULL,1,NULL,57:14.0,NULL,NULL,NULL,NULL,97
1231,4012,C17072518945,NULL,97,NULL,AA5221,NULL,NULL,NULL,1,NULL,57:14.0,NULL,NULL,NULL,NULL,97
1232,4019,C17072513979,NULL,97,NULL,SX0032,NULL,NULL,NULL,1,NULL,57:14.0,NULL,NULL,NULL,NULL,97
1233,4044,C17072543788,NULL,97,NULL,HA1494,NULL,NULL,NULL,1,NULL,57:14.0,NULL,NULL,NULL,NULL,97
1234,4048,C17072574372,NULL,97,NULL,TC0041,NULL,NULL,NULL,1,NULL,57:14.0,NULL,NULL,NULL,NULL,97
1235,4050,C17072585275,NULL,97,NULL,VX0046,NULL,NULL,NULL,1,NULL,57:14.0,NULL,NULL,NULL,NULL,97
1236,4055,C17072591913,NULL,97,NULL,SA8355,NULL,NULL,NULL,1,NULL,57:14.0,NULL,NULL,NULL,NULL,97
1237,4057,C17072599084,NULL,97,NULL,CA1795,NULL,NULL,NULL,1,NULL,57:14.0,NULL,NULL,NULL,NULL,97
1238,4067,C17072512485,NULL,97,NULL,KA1794,NULL,NULL,NULL,1,NULL,57:14.0,NULL,NULL,NULL,NULL,97
1239,4070,C17072575095,NULL,97,NULL,SA4843,NULL,NULL,NULL,1,NULL,57:14.0,NULL,NULL,NULL,NULL,97
1240,4076,C17072579745,NULL,97,NULL,ZA0736,NULL,NULL,NULL,1,NULL,57:14.0,NULL,NULL,NULL,NULL,97
1241,4078,C17072528396,NULL,97,NULL,KA0717,NULL,NULL,NULL,1,NULL,57:14.0,NULL,NULL,NULL,NULL,97
1242,4079,C17072526323,NULL,97,NULL,CA0873,NULL,NULL,NULL,1,NULL,57:14.0,NULL,NULL,NULL,NULL,97
1243,4080,C17072520337,NULL,97,NULL,SA5233,NULL,NULL,NULL,1,NULL,57:14.0,NULL,NULL,NULL,NULL,97
1244,4092,C17072564811,NULL,97,NULL,CM0025,NULL,NULL,NULL,1,NULL,57:14.0,NULL,NULL,NULL,NULL,97
1245,4100,C17072510055,NULL,97,NULL,PA4280,NULL,NULL,NULL,1,NULL,57:14.0,NULL,NULL,NULL,NULL,97
1246,4104,C17072573697,NULL,97,NULL,PA1114,NULL,NULL,NULL,1,NULL,57:14.0,NULL,NULL,NULL,NULL,97
1247,4110,C17072589314,NULL,97,NULL,WA0401,NULL,NULL,NULL,1,NULL,57:14.0,NULL,NULL,NULL,NULL,97
1248,4125,C17072538784,NULL,97,NULL,SA1980,NULL,NULL,NULL,1,NULL,57:14.0,NULL,NULL,NULL,NULL,97
1249,4133,C17072560127,NULL,97,NULL,KA0958,NULL,NULL,NULL,1,NULL,57:14.0,NULL,NULL,NULL,NULL,97
1250,4136,C17072545420,NULL,97,NULL,MA3962,NULL,NULL,NULL,1,NULL,57:14.0,NULL,NULL,NULL,NULL,97
1251,4156,C17072573148,NULL,97,NULL,HA1247,NULL,NULL,NULL,1,NULL,57:14.0,NULL,NULL,NULL,NULL,97
1252,4158,C17072514927,NULL,97,NULL,PA2193,NULL,NULL,NULL,1,NULL,57:14.1,NULL,NULL,NULL,NULL,97
1253,4171,C17072534607,NULL,97,NULL,RA0779,NULL,NULL,NULL,1,NULL,57:14.1,NULL,NULL,NULL,NULL,97
1254,4173,C17072583090,NULL,97,NULL,GA2332,NULL,NULL,NULL,1,NULL,57:14.1,NULL,NULL,NULL,NULL,97
1255,4183,C17072530600,NULL,97,NULL,SA9096,NULL,NULL,NULL,1,NULL,57:14.1,NULL,NULL,NULL,NULL,97
1256,4195,C17072590762,NULL,97,NULL,NA2121,NULL,NULL,NULL,1,NULL,57:14.1,NULL,NULL,NULL,NULL,97
1257,4200,C17072599665,NULL,97,NULL,EC0012,NULL,NULL,NULL,1,NULL,57:14.1,NULL,NULL,NULL,NULL,97
1258,4215,C17072569367,NULL,97,NULL,SA9231,NULL,NULL,NULL,1,NULL,57:14.1,NULL,NULL,NULL,NULL,97
1259,4225,C17072514892,NULL,97,NULL,SA5397,NULL,NULL,NULL,1,NULL,57:14.1,NULL,NULL,NULL,NULL,97
1260,4227,C17072513430,NULL,97,NULL,HA1258,NULL,NULL,NULL,1,NULL,57:14.1,NULL,NULL,NULL,NULL,97
1261,4233,C17072568116,NULL,97,NULL,PA0975,NULL,NULL,NULL,1,NULL,57:14.1,NULL,NULL,NULL,NULL,97
1262,4235,C17072578218,NULL,97,NULL,NA1075,NULL,NULL,NULL,1,NULL,57:14.1,NULL,NULL,NULL,NULL,97
1263,4267,C17072516698,NULL,97,NULL,AA5557,NULL,NULL,NULL,1,NULL,57:14.1,NULL,NULL,NULL,NULL,97
1264,4268,C17072565806,NULL,97,NULL,SA8730,NULL,NULL,NULL,1,NULL,57:14.1,NULL,NULL,NULL,NULL,97
1265,4276,C17072566095,NULL,97,NULL,SA8958,NULL,NULL,NULL,1,NULL,57:14.1,NULL,NULL,NULL,NULL,97
1266,4279,C17072587030,NULL,97,NULL,ZA0621,NULL,NULL,NULL,1,NULL,57:14.1,NULL,NULL,NULL,NULL,97
1267,4290,C17072517725,NULL,97,NULL,AJ0050,NULL,NULL,NULL,1,NULL,57:14.1,NULL,NULL,NULL,NULL,97
1268,4291,C17072530324,NULL,97,NULL,EA0922,NULL,NULL,NULL,1,NULL,57:14.1,NULL,NULL,NULL,NULL,97
1269,4297,C17072538148,NULL,97,NULL,GEM0002046,NULL,NULL,NULL,1,NULL,57:14.1,NULL,NULL,NULL,NULL,97
1270,4306,C17072530972,NULL,97,NULL,RA4582,NULL,NULL,NULL,1,NULL,57:14.1,NULL,NULL,NULL,NULL,97
1271,4318,C17072581082,NULL,97,NULL,IA0097,NULL,NULL,NULL,1,NULL,57:14.1,NULL,NULL,NULL,NULL,97
1272,4322,C17072549575,NULL,97,NULL,GA2455,NULL,NULL,NULL,1,NULL,57:14.1,NULL,NULL,NULL,NULL,97
1273,4324,C17072566413,NULL,97,NULL,EA1336,NULL,NULL,NULL,1,NULL,57:14.1,NULL,NULL,NULL,NULL,97
1274,4332,C17072560567,NULL,97,NULL,CA2812,NULL,NULL,NULL,1,NULL,57:14.1,NULL,NULL,NULL,NULL,97
1275,4333,C17072542829,NULL,97,NULL,TA0499,NULL,NULL,NULL,1,NULL,57:14.1,NULL,NULL,NULL,NULL,97
1276,4337,C17072590554,NULL,97,NULL,OA0728,NULL,NULL,NULL,1,NULL,57:14.1,NULL,NULL,NULL,NULL,97
1277,4342,C17072588262,NULL,97,NULL,BA2979,NULL,NULL,NULL,1,NULL,57:14.1,NULL,NULL,NULL,NULL,97
1278,4343,C17072595434,NULL,97,NULL,EA2207,NULL,NULL,NULL,1,NULL,57:14.1,NULL,NULL,NULL,NULL,97
1279,4344,C17072548801,NULL,97,NULL,AA6086,NULL,NULL,NULL,1,NULL,57:14.1,NULL,NULL,NULL,NULL,97
1280,4362,C17072558146,NULL,97,NULL,LA0711,NULL,NULL,NULL,1,NULL,57:14.1,NULL,NULL,NULL,NULL,97
1281,4371,C17072550986,NULL,97,NULL,PA4668,NULL,NULL,NULL,1,NULL,57:14.1,NULL,NULL,NULL,NULL,97
1282,4375,C17072554095,NULL,97,NULL,AA5775,NULL,NULL,NULL,1,NULL,57:14.1,NULL,NULL,NULL,NULL,97
1283,4377,C17072579608,NULL,97,NULL,RA4435,NULL,NULL,NULL,1,NULL,57:14.1,NULL,NULL,NULL,NULL,97
1284,4378,C17072531370,NULL,97,NULL,RA4493,NULL,NULL,NULL,1,NULL,57:14.1,NULL,NULL,NULL,NULL,97
1285,4388,C17072518062,NULL,97,NULL,NT0046,NULL,NULL,NULL,1,NULL,57:14.1,NULL,NULL,NULL,NULL,97
1286,4403,C17072572686,NULL,97,NULL,HA0357,NULL,NULL,NULL,1,NULL,57:14.1,NULL,NULL,NULL,NULL,97
1287,4408,C17072526002,NULL,97,NULL,BA2793,NULL,NULL,NULL,1,NULL,57:14.1,NULL,NULL,NULL,NULL,97
1288,4412,C17072524616,NULL,97,NULL,MA3938,NULL,NULL,NULL,1,NULL,57:14.1,NULL,NULL,NULL,NULL,97
1289,4433,C17072576431,NULL,97,NULL,SA8637,NULL,NULL,NULL,1,NULL,57:14.1,NULL,NULL,NULL,NULL,97
1290,4437,C17072551786,NULL,97,NULL,MA2289,NULL,NULL,NULL,1,NULL,57:14.1,NULL,NULL,NULL,NULL,97
1291,4438,C17072543283,NULL,97,NULL,MA1547,NULL,NULL,NULL,1,NULL,57:14.1,NULL,NULL,NULL,NULL,97
1292,4441,C17072529587,NULL,97,NULL,CA0667,NULL,NULL,NULL,1,NULL,57:14.1,NULL,NULL,NULL,NULL,97
1293,4446,C17072551005,NULL,97,NULL,DA0119,NULL,NULL,NULL,1,NULL,57:14.1,NULL,NULL,NULL,NULL,97
1294,4454,C17072514643,NULL,97,NULL,MA1165,NULL,NULL,NULL,1,NULL,57:14.1,NULL,NULL,NULL,NULL,97
1295,4457,C17072532860,NULL,97,NULL,CA0429,NULL,NULL,NULL,1,NULL,57:14.1,NULL,NULL,NULL,NULL,97
1296,4460,C17072575403,NULL,97,NULL,CA1860,NULL,NULL,NULL,1,NULL,57:14.1,NULL,NULL,NULL,NULL,97
1297,4461,C17072559723,NULL,97,NULL,SA3453,NULL,NULL,NULL,1,NULL,57:14.1,NULL,NULL,NULL,NULL,97
1298,4463,C17072523741,NULL,97,NULL,RA2077,NULL,NULL,NULL,1,NULL,57:14.1,NULL,NULL,NULL,NULL,97
1299,4464,C17072568564,NULL,97,NULL,KD0094,NULL,NULL,NULL,1,NULL,57:14.1,NULL,NULL,NULL,NULL,97
1300,4465,C17072587685,NULL,97,NULL,SA5050,NULL,NULL,NULL,1,NULL,57:14.1,NULL,NULL,NULL,NULL,97
1301,4467,C17072510308,NULL,97,NULL,EA0611,NULL,NULL,NULL,1,NULL,57:14.1,NULL,NULL,NULL,NULL,97
1302,4469,C17072513087,NULL,97,NULL,CA1749,NULL,NULL,NULL,1,NULL,57:14.1,NULL,NULL,NULL,NULL,97
1303,4471,C17072568655,NULL,97,NULL,PA2500,NULL,NULL,NULL,1,NULL,57:14.1,NULL,NULL,NULL,NULL,97
1304,4480,C17072555052,NULL,97,NULL,JA0980,NULL,NULL,NULL,1,NULL,57:14.1,NULL,NULL,NULL,NULL,97
1305,4483,C17072514988,NULL,97,NULL,RA4587,NULL,NULL,NULL,1,NULL,57:14.1,NULL,NULL,NULL,NULL,97
1306,4485,C17072552284,NULL,97,NULL,LA1190,NULL,NULL,NULL,1,NULL,57:14.1,NULL,NULL,NULL,NULL,97
1307,4488,C17072519995,NULL,97,NULL,SA7600,NULL,NULL,NULL,1,NULL,57:14.1,NULL,NULL,NULL,NULL,97
1308,4500,C17072524486,NULL,97,NULL,HA1469,NULL,NULL,NULL,1,NULL,57:14.1,NULL,NULL,NULL,NULL,97
1309,4504,C17072567103,NULL,97,NULL,GB0043,NULL,NULL,NULL,1,NULL,57:14.1,NULL,NULL,NULL,NULL,97
1310,4507,C17072586915,NULL,97,NULL,KA2228,NULL,NULL,NULL,1,NULL,57:14.1,NULL,NULL,NULL,NULL,97
1311,4509,C17072594248,NULL,97,NULL,AA2166,NULL,NULL,NULL,1,NULL,57:14.1,NULL,NULL,NULL,NULL,97
1312,4510,C17072573178,NULL,97,NULL,ED0026,NULL,NULL,NULL,1,NULL,57:14.1,NULL,NULL,NULL,NULL,97
1313,4512,C17072589897,NULL,97,NULL,IA0756,NULL,NULL,NULL,1,NULL,57:14.1,NULL,NULL,NULL,NULL,97
1314,4513,C17072558920,NULL,97,NULL,VX0001,NULL,NULL,NULL,1,NULL,57:14.1,NULL,NULL,NULL,NULL,97
1315,4521,C17072567649,NULL,97,NULL,CA1049,NULL,NULL,NULL,1,NULL,57:14.1,NULL,NULL,NULL,NULL,97
1316,4522,C17072537951,NULL,97,NULL,AA5846,NULL,NULL,NULL,1,NULL,57:14.1,NULL,NULL,NULL,NULL,97
1317,4536,C17072556398,NULL,97,NULL,SA6798,NULL,NULL,NULL,1,NULL,57:14.1,NULL,NULL,NULL,NULL,97
1318,4542,C17072569636,NULL,97,NULL,RA1450,NULL,NULL,NULL,1,NULL,57:14.1,NULL,NULL,NULL,NULL,97
1319,4551,C17072584674,NULL,97,NULL,PA2081,NULL,NULL,NULL,1,NULL,57:14.1,NULL,NULL,NULL,NULL,97
1320,4552,C17072588304,NULL,97,NULL,GA1554,NULL,NULL,NULL,1,NULL,57:14.1,NULL,NULL,NULL,NULL,97
1321,4562,C17072541181,NULL,97,NULL,CA2869,NULL,NULL,NULL,1,NULL,57:14.1,NULL,NULL,NULL,NULL,97
1322,4565,C17072513738,NULL,97,NULL,VA3494,NULL,NULL,NULL,1,NULL,57:14.1,NULL,NULL,NULL,NULL,97
1323,4570,C17072513302,NULL,97,NULL,TA3058,NULL,NULL,NULL,1,NULL,57:14.1,NULL,NULL,NULL,NULL,97
1324,4571,C17072561060,NULL,97,NULL,AG0095,NULL,NULL,NULL,1,NULL,57:14.1,NULL,NULL,NULL,NULL,97
1325,4579,C17072576482,NULL,97,NULL,KA1062,NULL,NULL,NULL,1,NULL,57:14.1,NULL,NULL,NULL,NULL,97
1326,4581,C17072593427,NULL,97,NULL,PA0634,NULL,NULL,NULL,1,NULL,57:14.1,NULL,NULL,NULL,NULL,97
1327,4585,C17072560575,NULL,97,NULL,MA2606,NULL,NULL,NULL,1,NULL,57:14.1,NULL,NULL,NULL,NULL,97
1328,4599,C17072524633,NULL,97,NULL,MA3035,NULL,NULL,NULL,1,NULL,57:14.1,NULL,NULL,NULL,NULL,97
1329,4607,C17072577495,NULL,97,NULL,AR0038,NULL,NULL,NULL,1,NULL,57:14.1,NULL,NULL,NULL,NULL,97
1330,4618,C17072526956,NULL,97,NULL,RA3542,NULL,NULL,NULL,1,NULL,57:14.1,NULL,NULL,NULL,NULL,97
1331,4627,C17072531503,NULL,97,NULL,IA2876,NULL,NULL,NULL,1,NULL,57:14.1,NULL,NULL,NULL,NULL,97
1332,4640,C17072568490,NULL,97,NULL,PA4686,NULL,NULL,NULL,1,NULL,57:14.1,NULL,NULL,NULL,NULL,97
1333,4643,C17072574934,NULL,97,NULL,AA3374,NULL,NULL,NULL,1,NULL,57:14.1,NULL,NULL,NULL,NULL,97
1334,4644,C17072582034,NULL,97,NULL,SA2006,NULL,NULL,NULL,1,NULL,57:14.1,NULL,NULL,NULL,NULL,97
1335,4645,C17072590094,NULL,97,NULL,PA3038,NULL,NULL,NULL,1,NULL,57:14.1,NULL,NULL,NULL,NULL,97
1336,4648,C17072528842,NULL,97,NULL,OA0438,NULL,NULL,NULL,1,NULL,57:14.1,NULL,NULL,NULL,NULL,97
1337,4656,C17072564054,NULL,97,NULL,VA3224,NULL,NULL,NULL,1,NULL,57:14.1,NULL,NULL,NULL,NULL,97
1338,4659,C17072518749,NULL,97,NULL,PA1102,NULL,NULL,NULL,1,NULL,57:14.2,NULL,NULL,NULL,NULL,97
1339,4674,C17072511829,NULL,97,NULL,SA1909,NULL,NULL,NULL,1,NULL,57:14.2,NULL,NULL,NULL,NULL,97
1340,4692,C17072515115,NULL,97,NULL,SA9519,NULL,NULL,NULL,1,NULL,57:14.2,NULL,NULL,NULL,NULL,97
1341,4696,C17072556777,NULL,97,NULL,BA0927,NULL,NULL,NULL,1,NULL,57:14.2,NULL,NULL,NULL,NULL,97
1342,4707,C17072557077,NULL,97,NULL,YA0189,NULL,NULL,NULL,1,NULL,57:14.2,NULL,NULL,NULL,NULL,97
1343,4708,C17072595113,NULL,97,NULL,FA0869,NULL,NULL,NULL,1,NULL,57:14.2,NULL,NULL,NULL,NULL,97
1344,4714,C17072542618,NULL,97,NULL,MA2750,NULL,NULL,NULL,1,NULL,57:14.2,NULL,NULL,NULL,NULL,97
1345,4723,C17072510014,NULL,97,NULL,EA2241,NULL,NULL,NULL,1,NULL,57:14.2,NULL,NULL,NULL,NULL,97
1346,4740,C17072579603,NULL,97,NULL,TA0331,NULL,NULL,NULL,1,NULL,57:14.2,NULL,NULL,NULL,NULL,97
1347,4746,C17072531910,NULL,97,NULL,TA0417,NULL,NULL,NULL,1,NULL,57:14.2,NULL,NULL,NULL,NULL,97
1348,4747,C17072545415,NULL,97,NULL,MH0080,NULL,NULL,NULL,1,NULL,57:14.2,NULL,NULL,NULL,NULL,97
1349,4749,C17072528069,NULL,97,NULL,TA0934,NULL,NULL,NULL,1,NULL,57:14.2,NULL,NULL,NULL,NULL,97
1350,4757,C17072566267,NULL,97,NULL,KA2294,NULL,NULL,NULL,1,NULL,57:14.2,NULL,NULL,NULL,NULL,97
1351,4762,C17072583344,NULL,97,NULL,WA0565,NULL,NULL,NULL,1,NULL,57:14.2,NULL,NULL,NULL,NULL,97
1352,4766,C17072539589,NULL,97,NULL,SA7143,NULL,NULL,NULL,1,NULL,57:14.2,NULL,NULL,NULL,NULL,97
1353,4768,C17072559012,NULL,97,NULL,PA3656,NULL,NULL,NULL,1,NULL,57:14.2,NULL,NULL,NULL,NULL,97
1354,4773,C17072561433,NULL,97,NULL,AA4906,NULL,NULL,NULL,1,NULL,57:14.2,NULL,NULL,NULL,NULL,97
1355,4779,C17072582891,NULL,97,NULL,VA1586,NULL,NULL,NULL,1,NULL,57:14.2,NULL,NULL,NULL,NULL,97
1356,4781,C17072544366,NULL,97,NULL,AA1970,NULL,NULL,NULL,1,NULL,57:14.2,NULL,NULL,NULL,NULL,97
1357,4785,C17072530549,NULL,97,NULL,UA0583,NULL,NULL,NULL,1,NULL,57:14.2,NULL,NULL,NULL,NULL,97
1358,4805,C17072599504,NULL,97,NULL,LA0368,NULL,NULL,NULL,1,NULL,57:14.2,NULL,NULL,NULL,NULL,97
1359,4807,C17072548386,NULL,97,NULL,CA2300,NULL,NULL,NULL,1,NULL,57:14.2,NULL,NULL,NULL,NULL,97
1360,4812,C17072534867,NULL,97,NULL,RA3619,NULL,NULL,NULL,1,NULL,57:14.2,NULL,NULL,NULL,NULL,97
1361,4820,C17072549714,NULL,97,NULL,TA1004,NULL,NULL,NULL,1,NULL,57:14.2,NULL,NULL,NULL,NULL,97
1362,4827,C17072573100,NULL,97,NULL,CD0065,NULL,NULL,NULL,1,NULL,57:14.2,NULL,NULL,NULL,NULL,97
1363,4831,C17072550172,NULL,97,NULL,BA2839,NULL,NULL,NULL,1,NULL,57:14.2,NULL,NULL,NULL,NULL,97
1364,4833,C17072577741,NULL,97,NULL,GA1483,NULL,NULL,NULL,1,NULL,57:14.2,NULL,NULL,NULL,NULL,97
1365,4837,C17072592602,NULL,97,NULL,TA1115,NULL,NULL,NULL,1,NULL,57:14.2,NULL,NULL,NULL,NULL,97
1366,4841,C17072516447,NULL,97,NULL,IA1613,NULL,NULL,NULL,1,NULL,57:14.2,NULL,NULL,NULL,NULL,97
1367,4843,C17072532012,NULL,97,NULL,MA3768,NULL,NULL,NULL,1,NULL,57:14.2,NULL,NULL,NULL,NULL,97
1368,4844,C17072523650,NULL,97,NULL,PA4561,NULL,NULL,NULL,1,NULL,57:14.2,NULL,NULL,NULL,NULL,97
1369,4853,C17072593131,NULL,97,NULL,WA1512,NULL,NULL,NULL,1,NULL,57:14.2,NULL,NULL,NULL,NULL,97
1370,4854,C17072589752,NULL,97,NULL,KA1809,NULL,NULL,NULL,1,NULL,57:14.2,NULL,NULL,NULL,NULL,97
1371,4861,C17072562745,NULL,97,NULL,HC0098,NULL,NULL,NULL,1,NULL,57:14.2,NULL,NULL,NULL,NULL,97
1372,4862,C17072521293,NULL,97,NULL,IA1145,NULL,NULL,NULL,1,NULL,57:14.2,NULL,NULL,NULL,NULL,97
1373,4863,C17072562106,NULL,97,NULL,TA2988,NULL,NULL,NULL,1,NULL,57:14.2,NULL,NULL,NULL,NULL,97
1374,4864,C17072544581,NULL,97,NULL,HA0479,NULL,NULL,NULL,1,NULL,57:14.2,NULL,NULL,NULL,NULL,97
1375,4865,C17072576186,NULL,97,NULL,LA1060,NULL,NULL,NULL,1,NULL,57:14.2,NULL,NULL,NULL,NULL,97
1376,4869,C17072515492,NULL,97,NULL,VA3234,NULL,NULL,NULL,1,NULL,57:14.2,NULL,NULL,NULL,NULL,97
1377,4870,C17072572856,NULL,97,NULL,ZA0721,NULL,NULL,NULL,1,NULL,57:14.2,NULL,NULL,NULL,NULL,97
1378,4871,C17072589992,NULL,97,NULL,FA1323,NULL,NULL,NULL,1,NULL,57:14.2,NULL,NULL,NULL,NULL,97
1379,4875,C17072534410,NULL,97,NULL,AA4453,NULL,NULL,NULL,1,NULL,57:14.2,NULL,NULL,NULL,NULL,97
1380,4880,C17072520323,NULL,97,NULL,VA1713,NULL,NULL,NULL,1,NULL,57:14.2,NULL,NULL,NULL,NULL,97
1381,4881,C17072573502,NULL,97,NULL,VA3233,NULL,NULL,NULL,1,NULL,57:14.2,NULL,NULL,NULL,NULL,97
1382,4882,C17072592556,NULL,97,NULL,CA2027,NULL,NULL,NULL,1,NULL,57:14.2,NULL,NULL,NULL,NULL,97
1383,4885,C17072546595,NULL,97,NULL,RA4562,NULL,NULL,NULL,1,NULL,57:14.2,NULL,NULL,NULL,NULL,97
1384,4892,C17072538989,NULL,97,NULL,HA2007,NULL,NULL,NULL,1,NULL,57:14.2,NULL,NULL,NULL,NULL,97
1385,4893,C17072550876,NULL,97,NULL,FA1361,NULL,NULL,NULL,1,NULL,57:14.2,NULL,NULL,NULL,NULL,97
1386,4894,C17072548278,NULL,97,NULL,SA9000,NULL,NULL,NULL,1,NULL,57:14.2,NULL,NULL,NULL,NULL,97
1387,4903,C17072585668,NULL,97,NULL,CA2979,NULL,NULL,NULL,1,NULL,57:14.2,NULL,NULL,NULL,NULL,97
1388,4905,C17072514029,NULL,97,NULL,TA2974,NULL,NULL,NULL,1,NULL,57:14.2,NULL,NULL,NULL,NULL,97
1389,4910,C17072574393,NULL,97,NULL,SA5165,NULL,NULL,NULL,1,NULL,57:14.2,NULL,NULL,NULL,NULL,97
1390,4913,C17072583604,NULL,97,NULL,RA4533,NULL,NULL,NULL,1,NULL,57:14.2,NULL,NULL,NULL,NULL,97
1391,4928,C17072561138,NULL,97,NULL,SA8907,NULL,NULL,NULL,1,NULL,57:14.2,NULL,NULL,NULL,NULL,97
1392,4947,C17072562436,NULL,97,NULL,IA2889,NULL,NULL,NULL,1,NULL,57:14.2,NULL,NULL,NULL,NULL,97
1393,4953,C17072536918,NULL,97,NULL,MA3685,NULL,NULL,NULL,1,NULL,57:14.2,NULL,NULL,NULL,NULL,97
1394,4961,C17072522794,NULL,97,NULL,CA2366,NULL,NULL,NULL,1,NULL,57:14.2,NULL,NULL,NULL,NULL,97
1395,4965,C17072541061,NULL,97,NULL,SA7747,NULL,NULL,NULL,1,NULL,57:14.2,NULL,NULL,NULL,NULL,97
1396,4970,C17072586960,NULL,97,NULL,BA2709,NULL,NULL,NULL,1,NULL,57:14.2,NULL,NULL,NULL,NULL,97
1397,4973,C17072541867,NULL,97,NULL,TA2931,NULL,NULL,NULL,1,NULL,57:14.2,NULL,NULL,NULL,NULL,97
1398,4979,C17072538969,NULL,97,NULL,PA3773,NULL,NULL,NULL,1,NULL,57:14.2,NULL,NULL,NULL,NULL,97
1399,4996,C17072569337,NULL,97,NULL,PA1076,NULL,NULL,NULL,1,NULL,57:14.2,NULL,NULL,NULL,NULL,97
1400,4998,C17072592009,NULL,97,NULL,GA2502,NULL,NULL,NULL,1,NULL,57:14.2,NULL,NULL,NULL,NULL,97
1401,5003,C17072550441,NULL,97,NULL,GEM0003185,NULL,NULL,NULL,1,NULL,57:14.2,NULL,NULL,NULL,NULL,97
1402,5005,C17072512738,NULL,97,NULL,LA1237,NULL,NULL,NULL,1,NULL,57:14.2,NULL,NULL,NULL,NULL,97
1403,5019,C17072594748,NULL,97,NULL,LA1214,NULL,NULL,NULL,1,NULL,57:14.2,NULL,NULL,NULL,NULL,97
1404,5028,C17072526245,NULL,97,NULL,SR0012,NULL,NULL,NULL,1,NULL,57:14.2,NULL,NULL,NULL,NULL,97
1405,5029,C17072591377,NULL,97,NULL,SA1282,NULL,NULL,NULL,1,NULL,57:14.2,NULL,NULL,NULL,NULL,97
1406,5032,C17072578505,NULL,97,NULL,SA2021,NULL,NULL,NULL,1,NULL,57:14.2,NULL,NULL,NULL,NULL,97
1407,5033,C17072582982,NULL,97,NULL,DA0012,NULL,NULL,NULL,1,NULL,57:14.2,NULL,NULL,NULL,NULL,97
1408,5034,C17072534691,NULL,97,NULL,DA2775,NULL,NULL,NULL,1,NULL,57:14.2,NULL,NULL,NULL,NULL,97
1409,5037,C17072524845,NULL,97,NULL,AA2320,NULL,NULL,NULL,1,NULL,57:14.2,NULL,NULL,NULL,NULL,97
1410,5039,C17072537117,NULL,97,NULL,PA2735,NULL,NULL,NULL,1,NULL,57:14.2,NULL,NULL,NULL,NULL,97
1411,5042,C17072553239,NULL,97,NULL,AA1635,NULL,NULL,NULL,1,NULL,57:14.2,NULL,NULL,NULL,NULL,97
1412,5045,C17072551386,NULL,97,NULL,DA1386,NULL,NULL,NULL,1,NULL,57:14.2,NULL,NULL,NULL,NULL,97
1413,5046,C17072558300,NULL,97,NULL,MA1683,NULL,NULL,NULL,1,NULL,57:14.2,NULL,NULL,NULL,NULL,97
1414,5048,C17072550867,NULL,97,NULL,DA2677,NULL,NULL,NULL,1,NULL,57:14.2,NULL,NULL,NULL,NULL,97
1415,5053,C17072574435,NULL,97,NULL,VA1154,NULL,NULL,NULL,1,NULL,57:14.2,NULL,NULL,NULL,NULL,97
1416,5054,C17072587206,NULL,97,NULL,ZA0653,NULL,NULL,NULL,1,NULL,57:14.2,NULL,NULL,NULL,NULL,97
1417,5055,C17072524998,NULL,97,NULL,AA3313,NULL,NULL,NULL,1,NULL,57:14.2,NULL,NULL,NULL,NULL,97
1418,5056,C17072519747,NULL,97,NULL,WA0329,NULL,NULL,NULL,1,NULL,57:14.2,NULL,NULL,NULL,NULL,97
1419,5057,C17072534046,NULL,97,NULL,RA4039,NULL,NULL,NULL,1,NULL,57:14.2,NULL,NULL,NULL,NULL,97
1420,5058,C17072585477,NULL,97,NULL,IA3069,NULL,NULL,NULL,1,NULL,57:14.2,NULL,NULL,NULL,NULL,97
1421,5060,C17072557966,NULL,97,NULL,AA5245,NULL,NULL,NULL,1,NULL,57:14.2,NULL,NULL,NULL,NULL,97
1422,5062,C17072539429,NULL,97,NULL,PA4575,NULL,NULL,NULL,1,NULL,57:14.3,NULL,NULL,NULL,NULL,97
1423,5066,C17072581711,NULL,97,NULL,GA4888,NULL,NULL,NULL,1,NULL,57:14.3,NULL,NULL,NULL,NULL,97
1424,5071,C17072576506,NULL,97,NULL,SE0063,NULL,NULL,NULL,1,NULL,57:14.3,NULL,NULL,NULL,NULL,97
1425,5072,C17072570248,NULL,97,NULL,LA0094,NULL,NULL,NULL,1,NULL,57:14.3,NULL,NULL,NULL,NULL,97
1426,5074,C17072553874,NULL,97,NULL,SA8856,NULL,NULL,NULL,1,NULL,57:14.3,NULL,NULL,NULL,NULL,97
1427,5077,C17072553855,NULL,97,NULL,SR0025,NULL,NULL,NULL,1,NULL,57:14.3,NULL,NULL,NULL,NULL,97
1428,5082,C17072546995,NULL,97,NULL,FA1245,NULL,NULL,NULL,1,NULL,57:14.3,NULL,NULL,NULL,NULL,97
1429,5090,C17072576491,NULL,97,NULL,GA1309,NULL,NULL,NULL,1,NULL,57:14.3,NULL,NULL,NULL,NULL,97
1430,5102,C17072546976,NULL,97,NULL,GA0073,NULL,NULL,NULL,1,NULL,57:14.3,NULL,NULL,NULL,NULL,97
1431,5110,C17072578356,NULL,97,NULL,ZA0146,NULL,NULL,NULL,1,NULL,57:14.3,NULL,NULL,NULL,NULL,97
1432,5117,C17072578672,NULL,97,NULL,SA8764,NULL,NULL,NULL,1,NULL,57:14.3,NULL,NULL,NULL,NULL,97
1433,5124,C17072576496,NULL,97,NULL,VA0781,NULL,NULL,NULL,1,NULL,57:14.3,NULL,NULL,NULL,NULL,97
1434,5125,C17072514167,NULL,97,NULL,AA1843,NULL,NULL,NULL,1,NULL,57:14.3,NULL,NULL,NULL,NULL,97
1435,5135,C17072551947,NULL,97,NULL,SA3516,NULL,NULL,NULL,1,NULL,57:14.3,NULL,NULL,NULL,NULL,97
1436,5138,C17072532431,NULL,97,NULL,EA0041,NULL,NULL,NULL,1,NULL,57:14.3,NULL,NULL,NULL,NULL,97
1437,5139,C17072523206,NULL,97,NULL,EA2209,NULL,NULL,NULL,1,NULL,57:14.3,NULL,NULL,NULL,NULL,97
1438,5145,C17072559634,NULL,97,NULL,GA0030,NULL,NULL,NULL,1,NULL,57:14.3,NULL,NULL,NULL,NULL,97
1439,5148,C17072541285,NULL,97,NULL,AA5956,NULL,NULL,NULL,1,NULL,57:14.3,NULL,NULL,NULL,NULL,97
1440,5174,C17072566103,NULL,97,NULL,MA2069,NULL,NULL,NULL,1,NULL,57:14.3,NULL,NULL,NULL,NULL,97
1441,5176,C17072594744,NULL,97,NULL,BA1713,NULL,NULL,NULL,1,NULL,57:14.3,NULL,NULL,NULL,NULL,97
1442,5177,C17072519982,NULL,97,NULL,SA7964,NULL,NULL,NULL,1,NULL,57:14.3,NULL,NULL,NULL,NULL,97
1443,5178,C17072520398,NULL,97,NULL,AA3108,NULL,NULL,NULL,1,NULL,57:14.3,NULL,NULL,NULL,NULL,97
1444,5179,C17072590601,NULL,97,NULL,BA2867,NULL,NULL,NULL,1,NULL,57:14.3,NULL,NULL,NULL,NULL,97
1445,5183,C17072525642,NULL,97,NULL,QA0164,NULL,NULL,NULL,1,NULL,57:14.3,NULL,NULL,NULL,NULL,97
1446,5185,C17072571444,NULL,97,NULL,HA0622,NULL,NULL,NULL,1,NULL,57:14.3,NULL,NULL,NULL,NULL,97
1447,5186,C17072541530,NULL,97,NULL,HP0019,NULL,NULL,NULL,1,NULL,57:14.3,NULL,NULL,NULL,NULL,97
1448,5189,C17072512999,NULL,97,NULL,HA0605,NULL,NULL,NULL,1,NULL,57:14.3,NULL,NULL,NULL,NULL,97
1449,5191,C17072573155,NULL,97,NULL,PA3446,NULL,NULL,NULL,1,NULL,57:14.3,NULL,NULL,NULL,NULL,97
1450,5193,C17072575822,NULL,97,NULL,OA0075,NULL,NULL,NULL,1,NULL,57:14.3,NULL,NULL,NULL,NULL,97
1451,5195,C17072515845,NULL,97,NULL,CA2107,NULL,NULL,NULL,1,NULL,57:14.3,NULL,NULL,NULL,NULL,97
1452,5196,C17072533450,NULL,97,NULL,SA8445,NULL,NULL,NULL,1,NULL,57:14.3,NULL,NULL,NULL,NULL,97
1453,5197,C17072517268,NULL,97,NULL,DA2066,NULL,NULL,NULL,1,NULL,57:14.3,NULL,NULL,NULL,NULL,97
1454,5199,C17072543102,NULL,97,NULL,SA9615,NULL,NULL,NULL,1,NULL,57:14.3,NULL,NULL,NULL,NULL,97
1455,5202,C17072536530,NULL,97,NULL,UA0360,NULL,NULL,NULL,1,NULL,57:14.3,NULL,NULL,NULL,NULL,97
1456,5210,C17072551929,NULL,97,NULL,SA1899,NULL,NULL,NULL,1,NULL,57:14.3,NULL,NULL,NULL,NULL,97
1457,5216,C17072590294,NULL,97,NULL,SA4386,NULL,NULL,NULL,1,NULL,57:14.3,NULL,NULL,NULL,NULL,97
1458,5217,C17072523575,NULL,97,NULL,VA3063,NULL,NULL,NULL,1,NULL,57:14.3,NULL,NULL,NULL,NULL,97
1459,5220,C17072533916,NULL,97,NULL,SA2163,NULL,NULL,NULL,1,NULL,57:14.3,NULL,NULL,NULL,NULL,97
1460,5223,C17072544773,NULL,97,NULL,SA7900,NULL,NULL,NULL,1,NULL,57:14.3,NULL,NULL,NULL,NULL,97
1461,5225,C17072529004,NULL,97,NULL,IA3052,NULL,NULL,NULL,1,NULL,57:14.3,NULL,NULL,NULL,NULL,97
1462,5232,C17072521626,NULL,97,NULL,AA3093,NULL,NULL,NULL,1,NULL,57:14.3,NULL,NULL,NULL,NULL,97
1463,5233,C17072551656,NULL,97,NULL,AA5136,NULL,NULL,NULL,1,NULL,57:14.3,NULL,NULL,NULL,NULL,97
1464,5243,C17072568267,NULL,97,NULL,BA0860,NULL,NULL,NULL,1,NULL,57:14.3,NULL,NULL,NULL,NULL,97
1465,5245,C17072558569,NULL,97,NULL,PA3375,NULL,NULL,NULL,1,NULL,57:14.3,NULL,NULL,NULL,NULL,97
1466,5246,C17072558902,NULL,97,NULL,VA0726,NULL,NULL,NULL,1,NULL,57:14.3,NULL,NULL,NULL,NULL,97
1467,5248,C17072529881,NULL,97,NULL,MA2465,NULL,NULL,NULL,1,NULL,57:14.3,NULL,NULL,NULL,NULL,97
1468,5256,C17072594590,NULL,97,NULL,SA1793,NULL,NULL,NULL,1,NULL,57:14.3,NULL,NULL,NULL,NULL,97
1469,5257,C17072544166,NULL,97,NULL,TA2037,NULL,NULL,NULL,1,NULL,57:14.3,NULL,NULL,NULL,NULL,97
1470,5259,C17072535455,NULL,97,NULL,RA0640,NULL,NULL,NULL,1,NULL,57:14.3,NULL,NULL,NULL,NULL,97
1471,5262,C17072591925,NULL,97,NULL,PA0992,NULL,NULL,NULL,1,NULL,57:14.3,NULL,NULL,NULL,NULL,97
1472,5263,C17072599716,NULL,97,NULL,DA1516,NULL,NULL,NULL,1,NULL,57:14.3,NULL,NULL,NULL,NULL,97
1473,5265,C17072565339,NULL,97,NULL,PA2356,NULL,NULL,NULL,1,NULL,57:14.3,NULL,NULL,NULL,NULL,97
1474,5267,C17072571254,NULL,97,NULL,WA0253,NULL,NULL,NULL,1,NULL,57:14.3,NULL,NULL,NULL,NULL,97
1475,5268,C17072595140,NULL,97,NULL,PA2809,NULL,NULL,NULL,1,NULL,57:14.3,NULL,NULL,NULL,NULL,97
1476,5269,C17072521812,NULL,97,NULL,RA4523,NULL,NULL,NULL,1,NULL,57:14.3,NULL,NULL,NULL,NULL,97
1477,5273,C17072523201,NULL,97,NULL,IA1604,NULL,NULL,NULL,1,NULL,57:14.3,NULL,NULL,NULL,NULL,97
1478,5274,C17072570426,NULL,97,NULL,EA1266,NULL,NULL,NULL,1,NULL,57:14.3,NULL,NULL,NULL,NULL,97
1479,5276,C17072535519,NULL,97,NULL,RA4334,NULL,NULL,NULL,1,NULL,57:14.3,NULL,NULL,NULL,NULL,97
1480,5277,C17072585489,NULL,97,NULL,AA4429,NULL,NULL,NULL,1,NULL,57:14.3,NULL,NULL,NULL,NULL,97
1481,5280,C17072523618,NULL,97,NULL,IA3102,NULL,NULL,NULL,1,NULL,57:14.3,NULL,NULL,NULL,NULL,97
1482,5288,C17072536988,NULL,97,NULL,DA1293,NULL,NULL,NULL,1,NULL,57:14.3,NULL,NULL,NULL,NULL,97
1483,5297,C17072548534,NULL,97,NULL,IA0682,NULL,NULL,NULL,1,NULL,57:14.3,NULL,NULL,NULL,NULL,97
1484,5300,C17072594754,NULL,97,NULL,SA8824,NULL,NULL,NULL,1,NULL,57:14.3,NULL,NULL,NULL,NULL,97
1485,5301,C17072524649,NULL,97,NULL,PA3606,NULL,NULL,NULL,1,NULL,57:14.3,NULL,NULL,NULL,NULL,97
1486,5313,C17072587460,NULL,97,NULL,PB0090,NULL,NULL,NULL,1,NULL,57:14.3,NULL,NULL,NULL,NULL,97
1487,5314,C17072593253,NULL,97,NULL,PA4180,NULL,NULL,NULL,1,NULL,57:14.3,NULL,NULL,NULL,NULL,97
1488,5315,C17072571522,NULL,97,NULL,DA1994,NULL,NULL,NULL,1,NULL,57:14.3,NULL,NULL,NULL,NULL,97
1489,5326,C17072557165,NULL,97,NULL,CA1656,NULL,NULL,NULL,1,NULL,57:14.3,NULL,NULL,NULL,NULL,97
1490,5327,C17072555979,NULL,97,NULL,AA3774,NULL,NULL,NULL,1,NULL,57:14.3,NULL,NULL,NULL,NULL,97
1491,5337,C17072576071,NULL,97,NULL,AA4233,NULL,NULL,NULL,1,NULL,57:14.3,NULL,NULL,NULL,NULL,97
1492,5341,C17072580133,NULL,97,NULL,IA0618,NULL,NULL,NULL,1,NULL,57:14.3,NULL,NULL,NULL,NULL,97
1493,5343,C17072596169,NULL,97,NULL,SA5903,NULL,NULL,NULL,1,NULL,57:14.3,NULL,NULL,NULL,NULL,97
1494,5349,C17072558409,NULL,97,NULL,VA3251,NULL,NULL,NULL,1,NULL,57:14.3,NULL,NULL,NULL,NULL,97
1495,5350,C17072532252,NULL,97,NULL,HA0809,NULL,NULL,NULL,1,NULL,57:14.4,NULL,NULL,NULL,NULL,97
1496,5352,C17072589872,NULL,97,NULL,CA2098,NULL,NULL,NULL,1,NULL,57:14.4,NULL,NULL,NULL,NULL,97
1497,5353,C17072521328,NULL,97,NULL,RD0089,NULL,NULL,NULL,1,NULL,57:14.4,NULL,NULL,NULL,NULL,97
1498,5354,C17072544772,NULL,97,NULL,UA0988,NULL,NULL,NULL,1,NULL,57:14.4,NULL,NULL,NULL,NULL,97
1499,5355,C17072529151,NULL,97,NULL,FA0622,NULL,NULL,NULL,1,NULL,57:14.4,NULL,NULL,NULL,NULL,97
1500,5356,C17072542283,NULL,97,NULL,SA0180,NULL,NULL,NULL,1,NULL,57:14.4,NULL,NULL,NULL,NULL,97
1501,5361,C17072564941,NULL,97,NULL,HA1208,NULL,NULL,NULL,1,NULL,57:14.4,NULL,NULL,NULL,NULL,97
1502,5365,C17072581152,NULL,97,NULL,AA3576,NULL,NULL,NULL,1,NULL,57:14.4,NULL,NULL,NULL,NULL,97
1503,5366,C17072546801,NULL,97,NULL,NA1489,NULL,NULL,NULL,1,NULL,57:14.4,NULL,NULL,NULL,NULL,97
1504,5368,C17072590041,NULL,97,NULL,CA1993,NULL,NULL,NULL,1,NULL,57:14.4,NULL,NULL,NULL,NULL,97
1505,5371,C17072567005,NULL,97,NULL,EA2004,NULL,NULL,NULL,1,NULL,57:14.4,NULL,NULL,NULL,NULL,97
1506,5374,C17072523127,NULL,97,NULL,BA2607,NULL,NULL,NULL,1,NULL,57:14.4,NULL,NULL,NULL,NULL,97
1507,5381,C17072544481,NULL,97,NULL,TA2722,NULL,NULL,NULL,1,NULL,57:14.4,NULL,NULL,NULL,NULL,97
1508,5388,C17072517324,NULL,97,NULL,NA2127,NULL,NULL,NULL,1,NULL,57:14.4,NULL,NULL,NULL,NULL,97
1509,5389,C17072543563,NULL,97,NULL,MA3695,NULL,NULL,NULL,1,NULL,57:14.4,NULL,NULL,NULL,NULL,97
1510,5391,C17072557254,NULL,97,NULL,PA3927,NULL,NULL,NULL,1,NULL,57:14.4,NULL,NULL,NULL,NULL,97
1511,5397,C17072567495,NULL,97,NULL,XA0437,NULL,NULL,NULL,1,NULL,57:14.4,NULL,NULL,NULL,NULL,97
1512,5398,C17072558554,NULL,97,NULL,MA3026,NULL,NULL,NULL,1,NULL,57:14.4,NULL,NULL,NULL,NULL,97
1513,5401,C17072526281,NULL,97,NULL,TA1940,NULL,NULL,NULL,1,NULL,57:14.4,NULL,NULL,NULL,NULL,97
1514,5415,C17072598843,NULL,97,NULL,OA0752,NULL,NULL,NULL,1,NULL,57:14.4,NULL,NULL,NULL,NULL,97
1515,5418,C17072562996,NULL,97,NULL,MA1630,NULL,NULL,NULL,1,NULL,57:14.4,NULL,NULL,NULL,NULL,97
1516,5440,C17072526770,NULL,97,NULL,OA0251,NULL,NULL,NULL,1,NULL,57:14.4,NULL,NULL,NULL,NULL,97
1517,5453,C17072551510,NULL,97,NULL,AG0031,NULL,NULL,NULL,1,NULL,57:14.4,NULL,NULL,NULL,NULL,97
1518,5455,C17072556582,NULL,97,NULL,BA0756,NULL,NULL,NULL,1,NULL,57:14.4,NULL,NULL,NULL,NULL,97
1519,5457,C17072526780,NULL,97,NULL,FA0235,NULL,NULL,NULL,1,NULL,57:14.4,NULL,NULL,NULL,NULL,97
1520,5459,C17072583791,NULL,97,NULL,NA0649,NULL,NULL,NULL,1,NULL,57:14.4,NULL,NULL,NULL,NULL,97
1521,5460,C17072540202,NULL,97,NULL,TA2781,NULL,NULL,NULL,1,NULL,57:14.4,NULL,NULL,NULL,NULL,97
1522,5461,C17072570764,NULL,97,NULL,LA1224,NULL,NULL,NULL,1,NULL,57:14.4,NULL,NULL,NULL,NULL,97
1523,5470,C17072593610,NULL,97,NULL,TA2998,NULL,NULL,NULL,1,NULL,57:14.4,NULL,NULL,NULL,NULL,97
1524,5475,C17072547463,NULL,97,NULL,EA0054,NULL,NULL,NULL,1,NULL,57:14.4,NULL,NULL,NULL,NULL,97
1525,5479,C17072571851,NULL,97,NULL,QM0001,NULL,NULL,NULL,1,NULL,57:14.4,NULL,NULL,NULL,NULL,97
1526,5489,C17072558652,NULL,97,NULL,BA2776,NULL,NULL,NULL,1,NULL,57:14.4,NULL,NULL,NULL,NULL,97
1527,5493,C17072559806,NULL,97,NULL,TA0097,NULL,NULL,NULL,1,NULL,57:14.4,NULL,NULL,NULL,NULL,97
1528,5495,C17072572406,NULL,97,NULL,RA0773,NULL,NULL,NULL,1,NULL,57:14.4,NULL,NULL,NULL,NULL,97
1529,5496,C17072547786,NULL,97,NULL,HA0477,NULL,NULL,NULL,1,NULL,57:14.4,NULL,NULL,NULL,NULL,97
1530,5497,C17072539806,NULL,97,NULL,WA0381,NULL,NULL,NULL,1,NULL,57:14.4,NULL,NULL,NULL,NULL,97
1531,5498,C17072512348,NULL,97,NULL,SA7268,NULL,NULL,NULL,1,NULL,57:14.4,NULL,NULL,NULL,NULL,97
1532,5503,C17072545822,NULL,97,NULL,VA0753,NULL,NULL,NULL,1,NULL,57:14.4,NULL,NULL,NULL,NULL,97
1533,5507,C17072537141,NULL,97,NULL,HA0631,NULL,NULL,NULL,1,NULL,57:14.4,NULL,NULL,NULL,NULL,97
1534,5520,C17072536523,NULL,97,NULL,HA2093,NULL,NULL,NULL,1,NULL,57:14.4,NULL,NULL,NULL,NULL,97
1535,5521,C17072532467,NULL,97,NULL,FA1308,NULL,NULL,NULL,1,NULL,57:14.4,NULL,NULL,NULL,NULL,97
1536,5524,C17072521778,NULL,97,NULL,JA0715,NULL,NULL,NULL,1,NULL,57:14.4,NULL,NULL,NULL,NULL,97
1537,5535,C17072582824,NULL,97,NULL,PA2204,NULL,NULL,NULL,1,NULL,57:14.4,NULL,NULL,NULL,NULL,97
1538,5538,C17072594556,NULL,97,NULL,DA1306,NULL,NULL,NULL,1,NULL,57:14.4,NULL,NULL,NULL,NULL,97
1539,5539,C17072589743,NULL,97,NULL,LA1226,NULL,NULL,NULL,1,NULL,57:14.4,NULL,NULL,NULL,NULL,97
1540,5550,C17072563840,NULL,97,NULL,SA9139,NULL,NULL,NULL,1,NULL,57:14.4,NULL,NULL,NULL,NULL,97
1541,5556,C17072563780,NULL,97,NULL,KA2136,NULL,NULL,NULL,1,NULL,57:14.4,NULL,NULL,NULL,NULL,97
1542,5569,C17072541334,NULL,97,NULL,GEM0000514,NULL,NULL,NULL,1,NULL,57:14.4,NULL,NULL,NULL,NULL,97
1543,5593,C17072574170,NULL,97,NULL,TA2833,NULL,NULL,NULL,1,NULL,57:14.4,NULL,NULL,NULL,NULL,97
1544,5611,C17072577185,NULL,97,NULL,SA6764,NULL,NULL,NULL,1,NULL,57:14.4,NULL,NULL,NULL,NULL,97
1545,5664,C17072530035,NULL,97,NULL,UA1023,NULL,NULL,NULL,1,NULL,57:14.4,NULL,NULL,NULL,NULL,97
1546,5691,C17072589305,NULL,97,NULL,SA3298,NULL,NULL,NULL,1,NULL,57:14.4,NULL,NULL,NULL,NULL,97
1547,5701,C17072545992,NULL,97,NULL,UA0960,NULL,NULL,NULL,1,NULL,57:14.4,NULL,NULL,NULL,NULL,97
1548,5721,C17072594083,NULL,97,NULL,EA1505,NULL,NULL,NULL,1,NULL,57:14.4,NULL,NULL,NULL,NULL,97
1549,5725,C17072539314,NULL,97,NULL,SA5495,NULL,NULL,NULL,1,NULL,57:14.4,NULL,NULL,NULL,NULL,97
1550,5742,C17072588237,NULL,97,NULL,MA3641,NULL,NULL,NULL,1,NULL,57:14.4,NULL,NULL,NULL,NULL,97
1551,5744,C17072523469,NULL,97,NULL,BA2351,NULL,NULL,NULL,1,NULL,57:14.4,NULL,NULL,NULL,NULL,97
1552,5757,C17072549916,NULL,97,NULL,VA2910,NULL,NULL,NULL,1,NULL,57:14.4,NULL,NULL,NULL,NULL,97
1553,5762,C17072569903,NULL,97,NULL,CA1811,NULL,NULL,NULL,1,NULL,57:14.4,NULL,NULL,NULL,NULL,97
1554,5784,C17072578117,NULL,97,NULL,AA6024,NULL,NULL,NULL,1,NULL,57:14.4,NULL,NULL,NULL,NULL,97
1555,5789,C17072519974,NULL,97,NULL,BA2944,NULL,NULL,NULL,1,NULL,57:14.4,NULL,NULL,NULL,NULL,97
1556,5790,C17072546945,NULL,97,NULL,DA2905,NULL,NULL,NULL,1,NULL,57:14.4,NULL,NULL,NULL,NULL,97
1557,5794,C17072526556,NULL,97,NULL,MA3827,NULL,NULL,NULL,1,NULL,57:14.4,NULL,NULL,NULL,NULL,97
1558,5797,C17072571227,NULL,97,NULL,VA3336,NULL,NULL,NULL,1,NULL,57:14.4,NULL,NULL,NULL,NULL,97
1559,5805,C17072547864,NULL,97,NULL,SA9203,NULL,NULL,NULL,1,NULL,57:14.4,NULL,NULL,NULL,NULL,97
1560,5843,C17072523879,NULL,97,NULL,DA2668,NULL,NULL,NULL,1,NULL,57:14.4,NULL,NULL,NULL,NULL,97
1561,5851,C17072569971,NULL,97,NULL,EA0787,NULL,NULL,NULL,1,NULL,57:14.4,NULL,NULL,NULL,NULL,97
1562,5862,C17072582196,NULL,97,NULL,MK0024,NULL,NULL,NULL,1,NULL,57:14.4,NULL,NULL,NULL,NULL,97
1563,5868,C17072593790,NULL,97,NULL,TA0803,NULL,NULL,NULL,1,NULL,57:14.4,NULL,NULL,NULL,NULL,97
1564,5879,C17072552102,NULL,97,NULL,PA4432,NULL,NULL,NULL,1,NULL,57:14.4,NULL,NULL,NULL,NULL,97
1565,5880,C17072575916,NULL,97,NULL,MJ0019,NULL,NULL,NULL,1,NULL,57:14.4,NULL,NULL,NULL,NULL,97
1566,5886,C17072561832,NULL,97,NULL,SA8932,NULL,NULL,NULL,1,NULL,57:14.4,NULL,NULL,NULL,NULL,97
1567,5901,C17072521414,NULL,97,NULL,GEM0002370,NULL,NULL,NULL,1,NULL,57:14.4,NULL,NULL,NULL,NULL,97
1568,5907,C17072531674,NULL,97,NULL,FA1274,NULL,NULL,NULL,1,NULL,57:14.4,NULL,NULL,NULL,NULL,97
1569,5911,C17072586129,NULL,97,NULL,AA5415,NULL,NULL,NULL,1,NULL,57:14.4,NULL,NULL,NULL,NULL,97
1570,5930,C17072545057,NULL,97,NULL,DA1251,NULL,NULL,NULL,1,NULL,57:14.4,NULL,NULL,NULL,NULL,97
1571,5932,C17072555416,NULL,97,NULL,SA9257,NULL,NULL,NULL,1,NULL,57:14.4,NULL,NULL,NULL,NULL,97
1572,5941,C17072559153,NULL,97,NULL,PA4634,NULL,NULL,NULL,1,NULL,57:14.4,NULL,NULL,NULL,NULL,97
1573,5954,C17072516752,NULL,97,NULL,LA1254,NULL,NULL,NULL,1,NULL,57:14.4,NULL,NULL,NULL,NULL,97
1574,5966,C17072522859,NULL,97,NULL,BG0070,NULL,NULL,NULL,1,NULL,57:14.4,NULL,NULL,NULL,NULL,97
1575,5969,C17072547160,NULL,97,NULL,MB0058,NULL,NULL,NULL,1,NULL,57:14.4,NULL,NULL,NULL,NULL,97
1576,5970,C17072558995,NULL,97,NULL,YA0280,NULL,NULL,NULL,1,NULL,57:14.4,NULL,NULL,NULL,NULL,97
1577,5974,C17072559348,NULL,97,NULL,LA0321,NULL,NULL,NULL,1,NULL,57:14.4,NULL,NULL,NULL,NULL,97
1578,5987,C17072566474,NULL,97,NULL,SA8411,NULL,NULL,NULL,1,NULL,57:14.4,NULL,NULL,NULL,NULL,97
1579,5999,C17072569220,NULL,97,NULL,MA3322,NULL,NULL,NULL,1,NULL,57:14.4,NULL,NULL,NULL,NULL,97
1580,6000,C17072529986,NULL,97,NULL,GA2387,NULL,NULL,NULL,1,NULL,57:14.4,NULL,NULL,NULL,NULL,97
1581,6012,C17072596950,NULL,97,NULL,TA2996,NULL,NULL,NULL,1,NULL,57:14.4,NULL,NULL,NULL,NULL,97
1582,6020,C17072554795,NULL,97,NULL,PA0043,NULL,NULL,NULL,1,NULL,57:14.4,NULL,NULL,NULL,NULL,97
1583,6026,C17072529385,NULL,97,NULL,AA4413,NULL,NULL,NULL,1,NULL,57:14.4,NULL,NULL,NULL,NULL,97
1584,6036,C17072521490,NULL,97,NULL,LA1146,NULL,NULL,NULL,1,NULL,57:14.4,NULL,NULL,NULL,NULL,97
1585,6042,C17072541417,NULL,97,NULL,SA3864,NULL,NULL,NULL,1,NULL,57:14.4,NULL,NULL,NULL,NULL,97
1586,6048,C17072522539,NULL,97,NULL,RA3969,NULL,NULL,NULL,1,NULL,57:14.4,NULL,NULL,NULL,NULL,97
1587,6070,C17072533004,NULL,97,NULL,BA2829,NULL,NULL,NULL,1,NULL,57:14.4,NULL,NULL,NULL,NULL,97
1588,6087,C17072531214,NULL,97,NULL,MA3946,NULL,NULL,NULL,1,NULL,57:14.4,NULL,NULL,NULL,NULL,97
1589,6098,C17072526555,NULL,97,NULL,SA8970,NULL,NULL,NULL,1,NULL,57:14.4,NULL,NULL,NULL,NULL,97
1590,6112,C17072517688,NULL,97,NULL,SA9307,NULL,NULL,NULL,1,NULL,57:14.4,NULL,NULL,NULL,NULL,97
1591,6137,C17072593177,NULL,97,NULL,SA5938,NULL,NULL,NULL,1,NULL,57:14.4,NULL,NULL,NULL,NULL,97
1592,6142,C17072554725,NULL,97,NULL,PA4804,NULL,NULL,NULL,1,NULL,57:14.4,NULL,NULL,NULL,NULL,97
1593,6154,C17072585122,NULL,97,NULL,NA2254,NULL,NULL,NULL,1,NULL,57:14.4,NULL,NULL,NULL,NULL,97
1594,6162,C17072519874,NULL,97,NULL,SA8712,NULL,NULL,NULL,1,NULL,57:14.4,NULL,NULL,NULL,NULL,97
1595,6170,C17072583091,NULL,97,NULL,TA2968,NULL,NULL,NULL,1,NULL,57:14.4,NULL,NULL,NULL,NULL,97
1596,6186,C17072512435,NULL,97,NULL,IA3109,NULL,NULL,NULL,1,NULL,57:14.4,NULL,NULL,NULL,NULL,97
1597,6193,C17072529907,NULL,97,NULL,SA9308,NULL,NULL,NULL,1,NULL,57:14.4,NULL,NULL,NULL,NULL,97
1598,6197,C17072510458,NULL,97,NULL,PA4038,NULL,NULL,NULL,1,NULL,57:14.5,NULL,NULL,NULL,NULL,97
1599,6210,C17072569613,NULL,97,NULL,UA1022,NULL,NULL,NULL,1,NULL,57:14.5,NULL,NULL,NULL,NULL,97
1600,6223,C17072571986,NULL,97,NULL,SA9210,NULL,NULL,NULL,1,NULL,57:14.5,NULL,NULL,NULL,NULL,97
1601,6228,C17072544994,NULL,97,NULL,OA0491,NULL,NULL,NULL,1,NULL,57:14.5,NULL,NULL,NULL,NULL,97
1602,6235,C17072523442,NULL,97,NULL,PA2470,NULL,NULL,NULL,1,NULL,57:14.5,NULL,NULL,NULL,NULL,97
1603,6247,C17072568186,NULL,97,NULL,HA1080,NULL,NULL,NULL,1,NULL,57:14.5,NULL,NULL,NULL,NULL,97
1604,6252,C17072534000,NULL,97,NULL,JA1445,NULL,NULL,NULL,1,NULL,57:14.5,NULL,NULL,NULL,NULL,97
1605,6266,C17072551351,NULL,97,NULL,BA2788,NULL,NULL,NULL,1,NULL,57:14.5,NULL,NULL,NULL,NULL,97
1606,6291,C17072536993,NULL,97,NULL,CA1893,NULL,NULL,NULL,1,NULL,57:14.5,NULL,NULL,NULL,NULL,97
1607,6298,C17072571340,NULL,97,NULL,EA2217,NULL,NULL,NULL,1,NULL,57:14.5,NULL,NULL,NULL,NULL,97
1608,6308,C17072570791,NULL,97,NULL,EA1694,NULL,NULL,NULL,1,NULL,57:14.5,NULL,NULL,NULL,NULL,97
1609,6326,C17072534957,NULL,97,NULL,OA0462,NULL,NULL,NULL,1,NULL,57:14.5,NULL,NULL,NULL,NULL,97
1610,6335,C17072514744,NULL,97,NULL,DA2044,NULL,NULL,NULL,1,NULL,57:14.5,NULL,NULL,NULL,NULL,97
1611,6337,C17072538763,NULL,97,NULL,BA1097,NULL,NULL,NULL,1,NULL,57:14.5,NULL,NULL,NULL,NULL,97
1612,6340,C17072515356,NULL,97,NULL,EA2203,NULL,NULL,NULL,1,NULL,57:14.5,NULL,NULL,NULL,NULL,97
1613,6341,C17072518769,NULL,97,NULL,GA2377,NULL,NULL,NULL,1,NULL,57:14.5,NULL,NULL,NULL,NULL,97
1614,6343,C17072514369,NULL,97,NULL,SA5048,NULL,NULL,NULL,1,NULL,57:14.5,NULL,NULL,NULL,NULL,97
1615,6355,C17072541024,NULL,97,NULL,SA8707,NULL,NULL,NULL,1,NULL,57:14.5,NULL,NULL,NULL,NULL,97
1616,6356,C17072571803,NULL,97,NULL,SA0812,NULL,NULL,NULL,1,NULL,57:14.5,NULL,NULL,NULL,NULL,97
1617,6373,C17072572176,NULL,97,NULL,TA2858,NULL,NULL,NULL,1,NULL,57:14.5,NULL,NULL,NULL,NULL,97
1618,6427,C17072551235,NULL,97,NULL,OA0704,NULL,NULL,NULL,1,NULL,57:14.5,NULL,NULL,NULL,NULL,97
1619,6457,C17072539997,NULL,97,NULL,SA9199,NULL,NULL,NULL,1,NULL,57:14.5,NULL,NULL,NULL,NULL,97
1620,6463,C17072511790,NULL,97,NULL,AA5209,NULL,NULL,NULL,1,NULL,57:14.5,NULL,NULL,NULL,NULL,97
1621,6471,C17072515370,NULL,97,NULL,EA0923,NULL,NULL,NULL,1,NULL,57:14.5,NULL,NULL,NULL,NULL,97
1622,6476,C17072514070,NULL,97,NULL,DA1149,NULL,NULL,NULL,1,NULL,57:14.5,NULL,NULL,NULL,NULL,97
1623,6493,C17072521505,NULL,97,NULL,RA1774,NULL,NULL,NULL,1,NULL,57:14.5,NULL,NULL,NULL,NULL,97
1624,6494,C17072562071,NULL,97,NULL,HA2034,NULL,NULL,NULL,1,NULL,57:14.5,NULL,NULL,NULL,NULL,97
1625,6502,C17072511236,NULL,97,NULL,CA0595,NULL,NULL,NULL,1,NULL,57:14.5,NULL,NULL,NULL,NULL,97
1626,6503,C17072565364,NULL,97,NULL,TA2834,NULL,NULL,NULL,1,NULL,57:14.5,NULL,NULL,NULL,NULL,97
1627,6507,C17072549578,NULL,97,NULL,NA1583,NULL,NULL,NULL,1,NULL,57:14.5,NULL,NULL,NULL,NULL,97
1628,6513,C17072587991,NULL,97,NULL,AA1636,NULL,NULL,NULL,1,NULL,57:14.5,NULL,NULL,NULL,NULL,97
1629,6516,C17072590940,NULL,97,NULL,NA0828,NULL,NULL,NULL,1,NULL,57:14.5,NULL,NULL,NULL,NULL,97
1630,6524,C17072534635,NULL,97,NULL,PA4168,NULL,NULL,NULL,1,NULL,57:14.5,NULL,NULL,NULL,NULL,97
1631,6531,C17072512684,NULL,97,NULL,AA5739,NULL,NULL,NULL,1,NULL,57:14.5,NULL,NULL,NULL,NULL,97
1632,6543,C17072590451,NULL,97,NULL,GEM0001257,NULL,NULL,NULL,1,NULL,57:14.5,NULL,NULL,NULL,NULL,97
1633,6551,C17072530977,NULL,97,NULL,SA5671,NULL,NULL,NULL,1,NULL,57:14.5,NULL,NULL,NULL,NULL,97
1634,6558,C17072515388,NULL,97,NULL,DA2402,NULL,NULL,NULL,1,NULL,57:14.5,NULL,NULL,NULL,NULL,97
1635,6568,C17072537926,NULL,97,NULL,GA2362,NULL,NULL,NULL,1,NULL,57:14.5,NULL,NULL,NULL,NULL,97
1636,6570,C17072514727,NULL,97,NULL,EA1491,NULL,NULL,NULL,1,NULL,57:14.5,NULL,NULL,NULL,NULL,97
1637,6583,C17072558561,NULL,97,NULL,GA1642,NULL,NULL,NULL,1,NULL,57:14.5,NULL,NULL,NULL,NULL,97
1638,6593,C17072560452,NULL,97,NULL,GEM0003354,NULL,NULL,NULL,1,NULL,57:14.5,NULL,NULL,NULL,NULL,97
1639,6594,C17072595832,NULL,97,NULL,GA2396,NULL,NULL,NULL,1,NULL,57:14.5,NULL,NULL,NULL,NULL,97
1640,6615,C17072599605,NULL,97,NULL,BA1874,NULL,NULL,NULL,1,NULL,57:14.5,NULL,NULL,NULL,NULL,97
1641,6628,C17072563739,NULL,97,NULL,IA1402,NULL,NULL,NULL,1,NULL,57:14.5,NULL,NULL,NULL,NULL,97
1642,6638,C17072538063,NULL,97,NULL,NA1816,NULL,NULL,NULL,1,NULL,57:14.5,NULL,NULL,NULL,NULL,97
1643,6653,C17072559408,NULL,97,NULL,SA8413,NULL,NULL,NULL,1,NULL,57:14.5,NULL,NULL,NULL,NULL,97
1644,6667,C17072597694,NULL,97,NULL,SA5371,NULL,NULL,NULL,1,NULL,57:14.5,NULL,NULL,NULL,NULL,97
1645,6672,C17072584497,NULL,97,NULL,FA0711,NULL,NULL,NULL,1,NULL,57:14.5,NULL,NULL,NULL,NULL,97
1646,6673,C17072533767,NULL,97,NULL,AA3104,NULL,NULL,NULL,1,NULL,57:14.5,NULL,NULL,NULL,NULL,97
1647,6674,C17072552286,NULL,97,NULL,PA2839,NULL,NULL,NULL,1,NULL,57:14.5,NULL,NULL,NULL,NULL,97
1648,6678,C17072544195,NULL,97,NULL,FA0892,NULL,NULL,NULL,1,NULL,57:14.5,NULL,NULL,NULL,NULL,97
1649,6681,C17072555692,NULL,97,NULL,BA2158,NULL,NULL,NULL,1,NULL,57:14.5,NULL,NULL,NULL,NULL,97
1650,6682,C17072560294,NULL,97,NULL,SA3522,NULL,NULL,NULL,1,NULL,57:14.5,NULL,NULL,NULL,NULL,97
1651,6684,C17072546515,NULL,97,NULL,CA2006,NULL,NULL,NULL,1,NULL,57:14.5,NULL,NULL,NULL,NULL,97
1652,6686,C17072558657,NULL,97,NULL,AA1984,NULL,NULL,NULL,1,NULL,57:14.5,NULL,NULL,NULL,NULL,97
1653,6687,C17072517303,NULL,97,NULL,TA2607,NULL,NULL,NULL,1,NULL,57:14.5,NULL,NULL,NULL,NULL,97
1654,6690,C17072553220,NULL,97,NULL,PA4354,NULL,NULL,NULL,1,NULL,57:14.5,NULL,NULL,NULL,NULL,97
1655,6696,C17072592797,NULL,97,NULL,GEM0003617,NULL,NULL,NULL,1,NULL,57:14.5,NULL,NULL,NULL,NULL,97
1656,6723,C17072523134,NULL,97,NULL,RA4579,NULL,NULL,NULL,1,NULL,57:14.5,NULL,NULL,NULL,NULL,97
1657,6731,C17072534032,NULL,97,NULL,PA3627,NULL,NULL,NULL,1,NULL,57:14.5,NULL,NULL,NULL,NULL,97
1658,6735,C17072532741,NULL,97,NULL,EA1164,NULL,NULL,NULL,1,NULL,57:14.5,NULL,NULL,NULL,NULL,97
1659,6738,C17072513592,NULL,97,NULL,MA2871,NULL,NULL,NULL,1,NULL,57:14.5,NULL,NULL,NULL,NULL,97
1660,6744,C17072540506,NULL,97,NULL,PA2673,NULL,NULL,NULL,1,NULL,57:14.5,NULL,NULL,NULL,NULL,97
1661,6748,C17072592962,NULL,97,NULL,KA0886,NULL,NULL,NULL,1,NULL,57:14.5,NULL,NULL,NULL,NULL,97
1662,6751,C17072577043,NULL,97,NULL,DA2753,NULL,NULL,NULL,1,NULL,57:14.5,NULL,NULL,NULL,NULL,97
1663,6758,C17072586922,NULL,97,NULL,DA1921,NULL,NULL,NULL,1,NULL,57:14.5,NULL,NULL,NULL,NULL,97
1664,6763,C17072548040,NULL,97,NULL,EA2125,NULL,NULL,NULL,1,NULL,57:14.5,NULL,NULL,NULL,NULL,97
1665,6767,C17072580282,NULL,97,NULL,RA4559,NULL,NULL,NULL,1,NULL,57:14.5,NULL,NULL,NULL,NULL,97
1666,6774,C17072590405,NULL,97,NULL,TA3011,NULL,NULL,NULL,1,NULL,57:14.5,NULL,NULL,NULL,NULL,97
1667,6822,C17072560852,NULL,97,NULL,AA4548,NULL,NULL,NULL,1,NULL,57:14.5,NULL,NULL,NULL,NULL,97
1668,6823,C17072513172,NULL,97,NULL,GA1733,NULL,NULL,NULL,1,NULL,57:14.5,NULL,NULL,NULL,NULL,97
1669,6829,C17072565711,NULL,97,NULL,JA1382,NULL,NULL,NULL,1,NULL,57:14.5,NULL,NULL,NULL,NULL,97
1670,6841,C17072515829,NULL,97,NULL,AA5472,NULL,NULL,NULL,1,NULL,57:14.5,NULL,NULL,NULL,NULL,97
1671,6857,C17072578706,NULL,97,NULL,OA0350,NULL,NULL,NULL,1,NULL,57:14.5,NULL,NULL,NULL,NULL,97
1672,6861,C17072543428,NULL,97,NULL,NA0696,NULL,NULL,NULL,1,NULL,57:14.5,NULL,NULL,NULL,NULL,97
1673,6868,C17072511105,NULL,97,NULL,SA8617,NULL,NULL,NULL,1,NULL,57:14.5,NULL,NULL,NULL,NULL,97
1674,6869,C17072541231,NULL,97,NULL,KA0884,NULL,NULL,NULL,1,NULL,57:14.5,NULL,NULL,NULL,NULL,97
1675,6885,C17072564746,NULL,97,NULL,GEM0003260,NULL,NULL,NULL,1,NULL,57:14.5,NULL,NULL,NULL,NULL,97
1676,6894,C17072525053,NULL,97,NULL,PA2668,NULL,NULL,NULL,1,NULL,57:14.5,NULL,NULL,NULL,NULL,97
1677,6895,C17072524104,NULL,97,NULL,PA3507,NULL,NULL,NULL,1,NULL,57:14.5,NULL,NULL,NULL,NULL,97
1678,6901,C17072537910,NULL,97,NULL,SA7413,NULL,NULL,NULL,1,NULL,57:14.5,NULL,NULL,NULL,NULL,97
1679,6914,C17072583711,NULL,97,NULL,CA0744,NULL,NULL,NULL,1,NULL,57:14.6,NULL,NULL,NULL,NULL,97
1680,6918,C17072526803,NULL,97,NULL,VA3344,NULL,NULL,NULL,1,NULL,57:14.6,NULL,NULL,NULL,NULL,97
1681,6927,C17072520953,NULL,97,NULL,PA4417,NULL,NULL,NULL,1,NULL,57:14.6,NULL,NULL,NULL,NULL,97
1682,6961,C17072535958,NULL,97,NULL,AA4335,NULL,NULL,NULL,1,NULL,57:14.6,NULL,NULL,NULL,NULL,97
1683,6968,C17072543711,NULL,97,NULL,PA4533,NULL,NULL,NULL,1,NULL,57:14.6,NULL,NULL,NULL,NULL,97
1684,6975,C17072578466,NULL,97,NULL,MA0022,NULL,NULL,NULL,1,NULL,57:14.6,NULL,NULL,NULL,NULL,97
1685,6981,C17072557022,NULL,97,NULL,BA0121,NULL,NULL,NULL,1,NULL,57:14.6,NULL,NULL,NULL,NULL,97
1686,6987,C17072535938,NULL,97,NULL,IA3153,NULL,NULL,NULL,1,NULL,57:14.6,NULL,NULL,NULL,NULL,97
1687,7028,C17072512960,NULL,97,NULL,AA6072,NULL,NULL,NULL,1,NULL,57:14.6,NULL,NULL,NULL,NULL,97
1688,7030,C17072518665,NULL,97,NULL,VA3459,NULL,NULL,NULL,1,NULL,57:14.6,NULL,NULL,NULL,NULL,97
1689,7037,C17072585009,NULL,97,NULL,VA1066,NULL,NULL,NULL,1,NULL,57:14.6,NULL,NULL,NULL,NULL,97
1690,7057,C17072580074,NULL,97,NULL,SA8507,NULL,NULL,NULL,1,NULL,57:14.6,NULL,NULL,NULL,NULL,97
1691,7070,C17072591169,NULL,97,NULL,CA2913,NULL,NULL,NULL,1,NULL,57:14.6,NULL,NULL,NULL,NULL,97
1692,7080,C17072568477,NULL,97,NULL,TA2375,NULL,NULL,NULL,1,NULL,57:14.6,NULL,NULL,NULL,NULL,97
1693,7092,C17072520179,NULL,97,NULL,CA0858,NULL,NULL,NULL,1,NULL,57:14.6,NULL,NULL,NULL,NULL,97
1694,7108,C17072560794,NULL,97,NULL,GA2239,NULL,NULL,NULL,1,NULL,57:14.6,NULL,NULL,NULL,NULL,97
1695,7118,C17072513850,NULL,97,NULL,AA5850,NULL,NULL,NULL,1,NULL,57:14.6,NULL,NULL,NULL,NULL,97
1696,7123,C17072596918,NULL,97,NULL,EA1403,NULL,NULL,NULL,1,NULL,57:14.6,NULL,NULL,NULL,NULL,97
1697,7127,C17072596769,NULL,97,NULL,GEM0001958,NULL,NULL,NULL,1,NULL,57:14.6,NULL,NULL,NULL,NULL,97
1698,7129,C17072567711,NULL,97,NULL,LA1265,NULL,NULL,NULL,1,NULL,57:14.6,NULL,NULL,NULL,NULL,97
1699,7131,C17072517852,NULL,97,NULL,FA0586,NULL,NULL,NULL,1,NULL,57:14.6,NULL,NULL,NULL,NULL,97
1700,7133,C17072533552,NULL,97,NULL,EA1371,NULL,NULL,NULL,1,NULL,57:14.6,NULL,NULL,NULL,NULL,97
1701,7135,C17072559543,NULL,97,NULL,JA0559,NULL,NULL,NULL,1,NULL,57:14.6,NULL,NULL,NULL,NULL,97
1702,7137,C17072587811,NULL,97,NULL,MA2290,NULL,NULL,NULL,1,NULL,57:14.6,NULL,NULL,NULL,NULL,97
1703,7139,C17072567234,NULL,97,NULL,KA2143,NULL,NULL,NULL,1,NULL,57:14.6,NULL,NULL,NULL,NULL,97
1704,7142,C17072580538,NULL,97,NULL,UA0445,NULL,NULL,NULL,1,NULL,57:14.6,NULL,NULL,NULL,NULL,97
1705,7143,C17072562970,NULL,97,NULL,BA0908,NULL,NULL,NULL,1,NULL,57:14.6,NULL,NULL,NULL,NULL,97
1706,7148,C17072568035,NULL,97,NULL,SA3501,NULL,NULL,NULL,1,NULL,57:14.6,NULL,NULL,NULL,NULL,97
1707,7149,C17072513715,NULL,97,NULL,SA7018,NULL,NULL,NULL,1,NULL,57:14.6,NULL,NULL,NULL,NULL,97
1708,7151,C17072554718,NULL,97,NULL,VA2868,NULL,NULL,NULL,1,NULL,57:14.6,NULL,NULL,NULL,NULL,97
1709,7153,C17072562419,NULL,97,NULL,SA6344,NULL,NULL,NULL,1,NULL,57:14.6,NULL,NULL,NULL,NULL,97
1710,7158,C17072528628,NULL,97,NULL,NA1391,NULL,NULL,NULL,1,NULL,57:14.6,NULL,NULL,NULL,NULL,97
1711,7198,C17072563808,NULL,97,NULL,CM0022,NULL,NULL,NULL,1,NULL,57:14.6,NULL,NULL,NULL,NULL,97
1712,7200,C17072523077,NULL,97,NULL,FA0966,NULL,NULL,NULL,1,NULL,57:14.6,NULL,NULL,NULL,NULL,97
1713,7234,C17072514565,NULL,97,NULL,SA8583,NULL,NULL,NULL,1,NULL,57:14.6,NULL,NULL,NULL,NULL,97
1714,7254,C17072580136,NULL,97,NULL,GA1452,NULL,NULL,NULL,1,NULL,57:14.6,NULL,NULL,NULL,NULL,97
1715,7265,C17072529722,NULL,97,NULL,SA2061,NULL,NULL,NULL,1,NULL,57:14.6,NULL,NULL,NULL,NULL,97
1716,7272,C17072595362,NULL,97,NULL,DA2747,NULL,NULL,NULL,1,NULL,57:14.6,NULL,NULL,NULL,NULL,97
1717,7289,C17072554611,NULL,97,NULL,SA4403,NULL,NULL,NULL,1,NULL,57:14.6,NULL,NULL,NULL,NULL,97
1718,7290,C17072527357,NULL,97,NULL,MA2528,NULL,NULL,NULL,1,NULL,57:14.6,NULL,NULL,NULL,NULL,97
1719,7297,C17072545443,NULL,97,NULL,IA0893,NULL,NULL,NULL,1,NULL,57:14.6,NULL,NULL,NULL,NULL,97
1720,7333,C17072540528,NULL,97,NULL,AA3235,NULL,NULL,NULL,1,NULL,57:14.6,NULL,NULL,NULL,NULL,97
1721,7336,C17072583864,NULL,97,NULL,LA0356,NULL,NULL,NULL,1,NULL,57:14.6,NULL,NULL,NULL,NULL,97
1722,7338,C17072548836,NULL,97,NULL,PA4462,NULL,NULL,NULL,1,NULL,57:14.6,NULL,NULL,NULL,NULL,97
1723,7340,C17072534295,NULL,97,NULL,TA0962,NULL,NULL,NULL,1,NULL,57:14.6,NULL,NULL,NULL,NULL,97
1724,7341,C17072585803,NULL,97,NULL,MA2662,NULL,NULL,NULL,1,NULL,57:14.6,NULL,NULL,NULL,NULL,97
1725,7352,C17072548039,NULL,97,NULL,SA8441,NULL,NULL,NULL,1,NULL,57:14.6,NULL,NULL,NULL,NULL,97
1726,7361,C17072590180,NULL,97,NULL,SA8128,NULL,NULL,NULL,1,NULL,57:14.6,NULL,NULL,NULL,NULL,97
1727,7365,C17072578194,NULL,97,NULL,AA4277,NULL,NULL,NULL,1,NULL,57:14.6,NULL,NULL,NULL,NULL,97
1728,7366,C17072550593,NULL,97,NULL,AA5685,NULL,NULL,NULL,1,NULL,57:14.6,NULL,NULL,NULL,NULL,97
1729,7368,C17072538941,NULL,97,NULL,GA2130,NULL,NULL,NULL,1,NULL,57:14.6,NULL,NULL,NULL,NULL,97
1730,7372,C17072587582,NULL,97,NULL,TA2928,NULL,NULL,NULL,1,NULL,57:14.6,NULL,NULL,NULL,NULL,97
1731,7375,C17072563330,NULL,97,NULL,PA4045,NULL,NULL,NULL,1,NULL,57:14.6,NULL,NULL,NULL,NULL,97
1732,7377,C17072566779,NULL,97,NULL,LA1125,NULL,NULL,NULL,1,NULL,57:14.6,NULL,NULL,NULL,NULL,97
1733,7378,C17072590481,NULL,97,NULL,GEM0003282,NULL,NULL,NULL,1,NULL,57:14.6,NULL,NULL,NULL,NULL,97
1734,7389,C17072557048,NULL,97,NULL,HA2688,NULL,NULL,NULL,1,NULL,57:14.6,NULL,NULL,NULL,NULL,97
1735,7390,C17072534745,NULL,97,NULL,MA2405,NULL,NULL,NULL,1,NULL,57:14.6,NULL,NULL,NULL,NULL,97
1736,7399,C17072512821,NULL,97,NULL,BA2799,NULL,NULL,NULL,1,NULL,57:14.6,NULL,NULL,NULL,NULL,97
1737,7400,C17072591373,NULL,97,NULL,TA2884,NULL,NULL,NULL,1,NULL,57:14.6,NULL,NULL,NULL,NULL,97
1738,7404,C17072557732,NULL,97,NULL,VE0025,NULL,NULL,NULL,1,NULL,57:14.6,NULL,NULL,NULL,NULL,97
1739,7406,C17072554016,NULL,97,NULL,SA8737,NULL,NULL,NULL,1,NULL,57:14.6,NULL,NULL,NULL,NULL,97
1740,7408,C17072594465,NULL,97,NULL,HA2070,NULL,NULL,NULL,1,NULL,57:14.6,NULL,NULL,NULL,NULL,97
1741,7411,C17072590064,NULL,97,NULL,AA1830,NULL,NULL,NULL,1,NULL,57:14.6,NULL,NULL,NULL,NULL,97
1742,7412,C17072540507,NULL,97,NULL,KB0067,NULL,NULL,NULL,1,NULL,57:14.6,NULL,NULL,NULL,NULL,97
1743,7416,C17072518766,NULL,97,NULL,SA8659,NULL,NULL,NULL,1,NULL,57:14.6,NULL,NULL,NULL,NULL,97
1744,7417,C17072572396,NULL,97,NULL,SA6479,NULL,NULL,NULL,1,NULL,57:14.6,NULL,NULL,NULL,NULL,97
1745,7418,C17072546525,NULL,97,NULL,FC0089,NULL,NULL,NULL,1,NULL,57:14.6,NULL,NULL,NULL,NULL,97
1746,7421,C17072549363,NULL,97,NULL,EU0018,NULL,NULL,NULL,1,NULL,57:14.6,NULL,NULL,NULL,NULL,97
1747,7423,C17072512693,NULL,97,NULL,PA2304,NULL,NULL,NULL,1,NULL,57:14.6,NULL,NULL,NULL,NULL,97
1748,7424,C17072573317,NULL,97,NULL,NA0570,NULL,NULL,NULL,1,NULL,57:14.6,NULL,NULL,NULL,NULL,97
1749,7426,C17072578852,NULL,97,NULL,MA1330,NULL,NULL,NULL,1,NULL,57:14.6,NULL,NULL,NULL,NULL,97
1750,7428,C17072527814,NULL,97,NULL,OA0530,NULL,NULL,NULL,1,NULL,57:14.6,NULL,NULL,NULL,NULL,97
1751,7431,C17072575612,NULL,97,NULL,LA0486,NULL,NULL,NULL,1,NULL,57:14.6,NULL,NULL,NULL,NULL,97
1752,7434,C17072526542,NULL,97,NULL,FA0558,NULL,NULL,NULL,1,NULL,57:14.6,NULL,NULL,NULL,NULL,97
1753,7435,C17072589834,NULL,97,NULL,AA1944,NULL,NULL,NULL,1,NULL,57:14.6,NULL,NULL,NULL,NULL,97
1754,7437,C17072575532,NULL,97,NULL,DA1853,NULL,NULL,NULL,1,NULL,57:14.6,NULL,NULL,NULL,NULL,97
1755,7438,C17072524525,NULL,97,NULL,WA1477,NULL,NULL,NULL,1,NULL,57:14.6,NULL,NULL,NULL,NULL,97
1756,7441,C17072532471,NULL,97,NULL,CA1660,NULL,NULL,NULL,1,NULL,57:14.6,NULL,NULL,NULL,NULL,97
1757,7446,C17072536798,NULL,97,NULL,MA1961,NULL,NULL,NULL,1,NULL,57:14.6,NULL,NULL,NULL,NULL,97
1758,7447,C17072511981,NULL,97,NULL,DA2237,NULL,NULL,NULL,1,NULL,57:14.6,NULL,NULL,NULL,NULL,97
1759,7450,C17072558771,NULL,97,NULL,SA8405,NULL,NULL,NULL,1,NULL,57:14.6,NULL,NULL,NULL,NULL,97
1760,7451,C17072511574,NULL,97,NULL,PA2443,NULL,NULL,NULL,1,NULL,57:14.6,NULL,NULL,NULL,NULL,97
1761,7454,C17072591822,NULL,97,NULL,AA2176,NULL,NULL,NULL,1,NULL,57:14.6,NULL,NULL,NULL,NULL,97
1762,7456,C17072517762,NULL,97,NULL,VA1168,NULL,NULL,NULL,1,NULL,57:14.6,NULL,NULL,NULL,NULL,97
1763,7459,C17072572335,NULL,97,NULL,NA1443,NULL,NULL,NULL,1,NULL,57:14.6,NULL,NULL,NULL,NULL,97
1764,7460,C17072595078,NULL,97,NULL,WA0477,NULL,NULL,NULL,1,NULL,57:14.6,NULL,NULL,NULL,NULL,97
1765,7461,C17072539216,NULL,97,NULL,TA2923,NULL,NULL,NULL,1,NULL,57:14.6,NULL,NULL,NULL,NULL,97
1766,7462,C17072569311,NULL,97,NULL,AA5822,NULL,NULL,NULL,1,NULL,57:14.6,NULL,NULL,NULL,NULL,97
1767,7463,C17072545962,NULL,97,NULL,MA3785,NULL,NULL,NULL,1,NULL,57:14.6,NULL,NULL,NULL,NULL,97
1768,7465,C17072569685,NULL,97,NULL,SA6641,NULL,NULL,NULL,1,NULL,57:14.6,NULL,NULL,NULL,NULL,97
1769,7469,C17072577295,NULL,97,NULL,IA2719,NULL,NULL,NULL,1,NULL,57:14.6,NULL,NULL,NULL,NULL,97
1770,7474,C17072534786,NULL,97,NULL,DA1866,NULL,NULL,NULL,1,NULL,57:14.6,NULL,NULL,NULL,NULL,97
1771,7478,C17072576318,NULL,97,NULL,AA1305,NULL,NULL,NULL,1,NULL,57:14.6,NULL,NULL,NULL,NULL,97
1772,7482,C17072570682,NULL,97,NULL,OA0297,NULL,NULL,NULL,1,NULL,57:14.6,NULL,NULL,NULL,NULL,97
1773,7487,C17072593979,NULL,97,NULL,MA2735,NULL,NULL,NULL,1,NULL,57:14.6,NULL,NULL,NULL,NULL,97
1774,7494,C17072531498,NULL,97,NULL,LA0828,NULL,NULL,NULL,1,NULL,57:14.6,NULL,NULL,NULL,NULL,97
1775,7503,C17072525326,NULL,97,NULL,SA6920,NULL,NULL,NULL,1,NULL,57:14.6,NULL,NULL,NULL,NULL,97
1776,7514,C17072576274,NULL,97,NULL,FA1029,NULL,NULL,NULL,1,NULL,57:14.6,NULL,NULL,NULL,NULL,97
1777,7515,C17072537427,NULL,97,NULL,PA3649,NULL,NULL,NULL,1,NULL,57:14.6,NULL,NULL,NULL,NULL,97
1778,7517,C17072515244,NULL,97,NULL,EA2092,NULL,NULL,NULL,1,NULL,57:14.7,NULL,NULL,NULL,NULL,97
1779,7519,C17072519211,NULL,97,NULL,OA0537,NULL,NULL,NULL,1,NULL,57:14.7,NULL,NULL,NULL,NULL,97
1780,7522,C17072594530,NULL,97,NULL,EA1977,NULL,NULL,NULL,1,NULL,57:14.7,NULL,NULL,NULL,NULL,97
1781,7523,C17072534565,NULL,97,NULL,AA4982,NULL,NULL,NULL,1,NULL,57:14.7,NULL,NULL,NULL,NULL,97
1782,7526,C17072591885,NULL,97,NULL,CA2638,NULL,NULL,NULL,1,NULL,57:14.7,NULL,NULL,NULL,NULL,97
1783,7527,C17072566328,NULL,97,NULL,ZA0740,NULL,NULL,NULL,1,NULL,57:14.7,NULL,NULL,NULL,NULL,97
1784,7528,C17072552003,NULL,97,NULL,AA4461,NULL,NULL,NULL,1,NULL,57:14.7,NULL,NULL,NULL,NULL,97
1785,7529,C17072512008,NULL,97,NULL,EA1723,NULL,NULL,NULL,1,NULL,57:14.7,NULL,NULL,NULL,NULL,97
1786,7530,C17072516369,NULL,97,NULL,MA3431,NULL,NULL,NULL,1,NULL,57:14.7,NULL,NULL,NULL,NULL,97
1787,7535,C17072515400,NULL,97,NULL,OA0718,NULL,NULL,NULL,1,NULL,57:14.7,NULL,NULL,NULL,NULL,97
1788,7539,C17072569799,NULL,97,NULL,CA2835,NULL,NULL,NULL,1,NULL,57:14.7,NULL,NULL,NULL,NULL,97
1789,7543,C17072590121,NULL,97,NULL,NA0651,NULL,NULL,NULL,1,NULL,57:14.7,NULL,NULL,NULL,NULL,97
1790,7545,C17072546861,NULL,97,NULL,FA1204,NULL,NULL,NULL,1,NULL,57:14.7,NULL,NULL,NULL,NULL,97
1791,7547,C17072575900,NULL,97,NULL,CA1920,NULL,NULL,NULL,1,NULL,57:14.7,NULL,NULL,NULL,NULL,97
1792,7567,C17072593859,NULL,97,NULL,GA1520,NULL,NULL,NULL,1,NULL,57:14.7,NULL,NULL,NULL,NULL,97
1793,7581,C17072559289,NULL,97,NULL,EA2001,NULL,NULL,NULL,1,NULL,57:14.7,NULL,NULL,NULL,NULL,97
1794,7596,C17072516714,NULL,97,NULL,BA0973,NULL,NULL,NULL,1,NULL,57:14.7,NULL,NULL,NULL,NULL,97
1795,7607,C17072556162,NULL,97,NULL,AA3543,NULL,NULL,NULL,1,NULL,57:14.7,NULL,NULL,NULL,NULL,97
1796,7610,C17072594852,NULL,97,NULL,SA5749,NULL,NULL,NULL,1,NULL,57:14.7,NULL,NULL,NULL,NULL,97
1797,7611,C17072551487,NULL,97,NULL,RA3958,NULL,NULL,NULL,1,NULL,57:14.7,NULL,NULL,NULL,NULL,97
1798,7612,C17072548551,NULL,97,NULL,AA5435,NULL,NULL,NULL,1,NULL,57:14.7,NULL,NULL,NULL,NULL,97
1799,7613,C17072565536,NULL,97,NULL,MA3617,NULL,NULL,NULL,1,NULL,57:14.7,NULL,NULL,NULL,NULL,97
1800,7617,C17072588830,NULL,97,NULL,CF0049,NULL,NULL,NULL,1,NULL,57:14.7,NULL,NULL,NULL,NULL,97
1801,7618,C17072559101,NULL,97,NULL,CM0026,NULL,NULL,NULL,1,NULL,57:14.7,NULL,NULL,NULL,NULL,97
1802,7619,C17072534334,NULL,97,NULL,MA1491,NULL,NULL,NULL,1,NULL,57:14.7,NULL,NULL,NULL,NULL,97
1803,7620,C17072531219,NULL,97,NULL,AA2309,NULL,NULL,NULL,1,NULL,57:14.7,NULL,NULL,NULL,NULL,97
1804,7623,C17072540467,NULL,97,NULL,IA1048,NULL,NULL,NULL,1,NULL,57:14.7,NULL,NULL,NULL,NULL,97
1805,7625,C17072590649,NULL,97,NULL,AE0011,NULL,NULL,NULL,1,NULL,57:14.7,NULL,NULL,NULL,NULL,97
1806,7626,C17072563126,NULL,97,NULL,OA0399,NULL,NULL,NULL,1,NULL,57:14.7,NULL,NULL,NULL,NULL,97
1807,7631,C17072575807,NULL,97,NULL,LA0439,NULL,NULL,NULL,1,NULL,57:14.7,NULL,NULL,NULL,NULL,97
1808,7634,C17072560285,NULL,97,NULL,VA1095,NULL,NULL,NULL,1,NULL,57:14.7,NULL,NULL,NULL,NULL,97
1809,7636,C17072510695,NULL,97,NULL,PA4633,NULL,NULL,NULL,1,NULL,57:14.7,NULL,NULL,NULL,NULL,97
1810,7637,C17072528640,NULL,97,NULL,BA1529,NULL,NULL,NULL,1,NULL,57:14.7,NULL,NULL,NULL,NULL,97
1811,7638,C17072520931,NULL,97,NULL,AA5457,NULL,NULL,NULL,1,NULL,57:14.7,NULL,NULL,NULL,NULL,97
1812,7641,C17072531788,NULL,97,NULL,NA2206,NULL,NULL,NULL,1,NULL,57:14.7,NULL,NULL,NULL,NULL,97
1813,7643,C17072526075,NULL,97,NULL,PA2671,NULL,NULL,NULL,1,NULL,57:14.7,NULL,NULL,NULL,NULL,97
1814,7644,C17072541263,NULL,97,NULL,SA4098,NULL,NULL,NULL,1,NULL,57:14.7,NULL,NULL,NULL,NULL,97
1815,7647,C17072516398,NULL,97,NULL,SA3990,NULL,NULL,NULL,1,NULL,57:14.7,NULL,NULL,NULL,NULL,97
1816,7652,C17072599460,NULL,97,NULL,UA0847,NULL,NULL,NULL,1,NULL,57:14.7,NULL,NULL,NULL,NULL,97
1817,7656,C17072534833,NULL,97,NULL,EA1456,NULL,NULL,NULL,1,NULL,57:14.7,NULL,NULL,NULL,NULL,97
1818,7658,C17072547576,NULL,97,NULL,OA0504,NULL,NULL,NULL,1,NULL,57:14.7,NULL,NULL,NULL,NULL,97
1819,7660,C17072562920,NULL,97,NULL,EA2240,NULL,NULL,NULL,1,NULL,57:14.7,NULL,NULL,NULL,NULL,97
1820,7662,C17072593139,NULL,97,NULL,AA5655,NULL,NULL,NULL,1,NULL,57:14.7,NULL,NULL,NULL,NULL,97
1821,7663,C17072548376,NULL,97,NULL,RA3637,NULL,NULL,NULL,1,NULL,57:14.7,NULL,NULL,NULL,NULL,97
1822,7665,C17072524014,NULL,97,NULL,AA4279,NULL,NULL,NULL,1,NULL,57:14.7,NULL,NULL,NULL,NULL,97
1823,7671,C17072573387,NULL,97,NULL,AA2832,NULL,NULL,NULL,1,NULL,57:14.7,NULL,NULL,NULL,NULL,97
1824,7672,C17072547491,NULL,97,NULL,IA3106,NULL,NULL,NULL,1,NULL,57:14.7,NULL,NULL,NULL,NULL,97
1825,7674,C17072559644,NULL,97,NULL,DA2771,NULL,NULL,NULL,1,NULL,57:14.7,NULL,NULL,NULL,NULL,97
1826,7677,C17072520488,NULL,97,NULL,GEM0001772,NULL,NULL,NULL,1,NULL,57:14.7,NULL,NULL,NULL,NULL,97
1827,7678,C17072524869,NULL,97,NULL,HA2066,NULL,NULL,NULL,1,NULL,57:14.7,NULL,NULL,NULL,NULL,97
1828,7681,C17072531598,NULL,97,NULL,SA1117,NULL,NULL,NULL,1,NULL,57:14.7,NULL,NULL,NULL,NULL,97
1829,7682,C17072538749,NULL,97,NULL,AA6109,NULL,NULL,NULL,1,NULL,57:14.7,NULL,NULL,NULL,NULL,97
1830,7685,C17072585783,NULL,97,NULL,IA2681,NULL,NULL,NULL,1,NULL,57:14.7,NULL,NULL,NULL,NULL,97
1831,7690,C17072546029,NULL,97,NULL,SA9198,NULL,NULL,NULL,1,NULL,57:14.7,NULL,NULL,NULL,NULL,97
1832,7704,C17072593754,NULL,97,NULL,HA0822,NULL,NULL,NULL,1,NULL,57:14.7,NULL,NULL,NULL,NULL,97
1833,7717,C17072541983,NULL,97,NULL,DA1871,NULL,NULL,NULL,1,NULL,57:14.7,NULL,NULL,NULL,NULL,97
1834,7720,C17072566778,NULL,97,NULL,IA3200,NULL,NULL,NULL,1,NULL,57:14.7,NULL,NULL,NULL,NULL,97
1835,7722,C17072512403,NULL,97,NULL,GA2292,NULL,NULL,NULL,1,NULL,57:14.7,NULL,NULL,NULL,NULL,97
1836,7723,C17072594993,NULL,97,NULL,RA4325,NULL,NULL,NULL,1,NULL,57:14.7,NULL,NULL,NULL,NULL,97
1837,7729,C17072557446,NULL,97,NULL,QA1147,NULL,NULL,NULL,1,NULL,57:14.7,NULL,NULL,NULL,NULL,97
1838,7730,C17072539813,NULL,97,NULL,TA2238,NULL,NULL,NULL,1,NULL,57:14.7,NULL,NULL,NULL,NULL,97
1839,7732,C17072557891,NULL,97,NULL,TA1360,NULL,NULL,NULL,1,NULL,57:14.7,NULL,NULL,NULL,NULL,97
1840,7734,C17072598211,NULL,97,NULL,JA0651,NULL,NULL,NULL,1,NULL,57:14.7,NULL,NULL,NULL,NULL,97
1841,7738,C17072599040,NULL,97,NULL,JA0650,NULL,NULL,NULL,1,NULL,57:14.7,NULL,NULL,NULL,NULL,97
1842,7752,C17072563744,NULL,97,NULL,AA5463,NULL,NULL,NULL,1,NULL,57:14.7,NULL,NULL,NULL,NULL,97
1843,7762,C17072572976,NULL,97,NULL,DA2703,NULL,NULL,NULL,1,NULL,57:14.7,NULL,NULL,NULL,NULL,97
1844,7766,C17072543601,NULL,97,NULL,IA3199,NULL,NULL,NULL,1,NULL,57:14.7,NULL,NULL,NULL,NULL,97
1845,7767,C17072580762,NULL,97,NULL,SA8672,NULL,NULL,NULL,1,NULL,57:14.7,NULL,NULL,NULL,NULL,97
1846,7770,C17072590931,NULL,97,NULL,CA2697,NULL,NULL,NULL,1,NULL,57:14.7,NULL,NULL,NULL,NULL,97
1847,7771,C17072572035,NULL,97,NULL,GA2381,NULL,NULL,NULL,1,NULL,57:14.7,NULL,NULL,NULL,NULL,97
1848,7792,C17072512805,NULL,97,NULL,IA3027,NULL,NULL,NULL,1,NULL,57:14.7,NULL,NULL,NULL,NULL,97
1849,7793,C17072521131,NULL,97,NULL,MA2209,NULL,NULL,NULL,1,NULL,57:14.7,NULL,NULL,NULL,NULL,97
1850,7794,C17072543187,NULL,97,NULL,PA4480,NULL,NULL,NULL,1,NULL,57:14.7,NULL,NULL,NULL,NULL,97
1851,7800,C17072594488,NULL,97,NULL,RA4576,NULL,NULL,NULL,1,NULL,57:14.7,NULL,NULL,NULL,NULL,97
1852,7801,C17072521155,NULL,97,NULL,AA5102,NULL,NULL,NULL,1,NULL,57:14.7,NULL,NULL,NULL,NULL,97
1853,7806,C17072546925,NULL,97,NULL,AC1020,NULL,NULL,NULL,1,NULL,57:14.7,NULL,NULL,NULL,NULL,97
1854,7817,C17072530814,NULL,97,NULL,AA4766,NULL,NULL,NULL,1,NULL,57:14.7,NULL,NULL,NULL,NULL,97
1855,7820,C17072562716,NULL,97,NULL,TA0800,NULL,NULL,NULL,1,NULL,57:14.7,NULL,NULL,NULL,NULL,97
1856,7823,C17072535671,NULL,97,NULL,TA1989,NULL,NULL,NULL,1,NULL,57:14.7,NULL,NULL,NULL,NULL,97
1857,7831,C17072524972,NULL,97,NULL,MA2398,NULL,NULL,NULL,1,NULL,57:14.7,NULL,NULL,NULL,NULL,97
1858,7836,C17072526504,NULL,97,NULL,RA4123,NULL,NULL,NULL,1,NULL,57:14.7,NULL,NULL,NULL,NULL,97
1859,7840,C17072581251,NULL,97,NULL,RA4354,NULL,NULL,NULL,1,NULL,57:14.7,NULL,NULL,NULL,NULL,97
1860,7851,C17072581995,NULL,97,NULL,BA2215,NULL,NULL,NULL,1,NULL,57:14.7,NULL,NULL,NULL,NULL,97
1861,7857,C17072516160,NULL,97,NULL,TA1361,NULL,NULL,NULL,1,NULL,57:14.7,NULL,NULL,NULL,NULL,97
1862,7864,C17072534187,NULL,97,NULL,JA1458,NULL,NULL,NULL,1,NULL,57:14.7,NULL,NULL,NULL,NULL,97
1863,7869,C17072532249,NULL,97,NULL,GEM0003221,NULL,NULL,NULL,1,NULL,57:14.7,NULL,NULL,NULL,NULL,97
1864,7873,C17072574430,NULL,97,NULL,IA3227,NULL,NULL,NULL,1,NULL,57:14.8,NULL,NULL,NULL,NULL,97
1865,7882,C17072587433,NULL,97,NULL,BA2522,NULL,NULL,NULL,1,NULL,57:14.8,NULL,NULL,NULL,NULL,97
1866,7887,C17072563566,NULL,97,NULL,MA2213,NULL,NULL,NULL,1,NULL,57:14.8,NULL,NULL,NULL,NULL,97
1867,7891,C17072525271,NULL,97,NULL,IA3193,NULL,NULL,NULL,1,NULL,57:14.8,NULL,NULL,NULL,NULL,97
1868,7894,C17072556531,NULL,97,NULL,GEM0000790,NULL,NULL,NULL,1,NULL,57:14.8,NULL,NULL,NULL,NULL,97
1869,7907,C17072582950,NULL,97,NULL,EA0747,NULL,NULL,NULL,1,NULL,57:14.8,NULL,NULL,NULL,NULL,97
1870,7910,C17072536247,NULL,97,NULL,IA1188,NULL,NULL,NULL,1,NULL,57:14.8,NULL,NULL,NULL,NULL,97
1871,7911,C17072530328,NULL,97,NULL,NA0814,NULL,NULL,NULL,1,NULL,57:14.8,NULL,NULL,NULL,NULL,97
1872,7912,C17072578516,NULL,97,NULL,VA0733,NULL,NULL,NULL,1,NULL,57:14.8,NULL,NULL,NULL,NULL,97
1873,7914,C17072510385,NULL,97,NULL,SA8381,NULL,NULL,NULL,1,NULL,57:14.8,NULL,NULL,NULL,NULL,97
1874,7917,C17072517723,NULL,97,NULL,SA4815,NULL,NULL,NULL,1,NULL,57:14.8,NULL,NULL,NULL,NULL,97
1875,7926,C17072550516,NULL,97,NULL,KA2256,NULL,NULL,NULL,1,NULL,57:14.8,NULL,NULL,NULL,NULL,97
1876,7927,C17072567066,NULL,97,NULL,SA4485,NULL,NULL,NULL,1,NULL,57:14.8,NULL,NULL,NULL,NULL,97
1877,7938,C17072570402,NULL,97,NULL,AA5478,NULL,NULL,NULL,1,NULL,57:14.8,NULL,NULL,NULL,NULL,97
1878,7940,C17072523774,NULL,97,NULL,CA2062,NULL,NULL,NULL,1,NULL,57:14.8,NULL,NULL,NULL,NULL,97
1879,7942,C17072592543,NULL,97,NULL,NA1415,NULL,NULL,NULL,1,NULL,57:14.8,NULL,NULL,NULL,NULL,97
1880,7943,C17072543006,NULL,97,NULL,AA5359,NULL,NULL,NULL,1,NULL,57:14.8,NULL,NULL,NULL,NULL,97
1881,7944,C17072522188,NULL,97,NULL,SA8644,NULL,NULL,NULL,1,NULL,57:14.8,NULL,NULL,NULL,NULL,97
1882,7945,C17072575623,NULL,97,NULL,TA3082,NULL,NULL,NULL,1,NULL,57:14.8,NULL,NULL,NULL,NULL,97
1883,7948,C17072534118,NULL,97,NULL,IA3150,NULL,NULL,NULL,1,NULL,57:14.8,NULL,NULL,NULL,NULL,97
1884,7950,C17072573819,NULL,97,NULL,HA2089,NULL,NULL,NULL,1,NULL,57:14.8,NULL,NULL,NULL,NULL,97
1885,7955,C17072546486,NULL,97,NULL,HA1933,NULL,NULL,NULL,1,NULL,57:14.8,NULL,NULL,NULL,NULL,97
1886,7967,C17072582443,NULL,97,NULL,TA2670,NULL,NULL,NULL,1,NULL,57:14.8,NULL,NULL,NULL,NULL,97
1887,7968,C17072578369,NULL,97,NULL,TA2950,NULL,NULL,NULL,1,NULL,57:14.8,NULL,NULL,NULL,NULL,97
1888,7974,C17072523380,NULL,97,NULL,TA2977,NULL,NULL,NULL,1,NULL,57:14.8,NULL,NULL,NULL,NULL,97
1889,7976,C17072538509,NULL,97,NULL,QA1154,NULL,NULL,NULL,1,NULL,57:14.8,NULL,NULL,NULL,NULL,97
1890,7979,C17072554845,NULL,97,NULL,DA2810,NULL,NULL,NULL,1,NULL,57:14.8,NULL,NULL,NULL,NULL,97
1891,7982,C17072531968,NULL,97,NULL,NA2150,NULL,NULL,NULL,1,NULL,57:14.8,NULL,NULL,NULL,NULL,97
1892,7984,C17072556965,NULL,97,NULL,ZA0720,NULL,NULL,NULL,1,NULL,57:14.8,NULL,NULL,NULL,NULL,97
1893,7989,C17072549574,NULL,97,NULL,BA2992,NULL,NULL,NULL,1,NULL,57:14.8,NULL,NULL,NULL,NULL,97
1894,8002,C17072596935,NULL,97,NULL,SA9058,NULL,NULL,NULL,1,NULL,57:14.8,NULL,NULL,NULL,NULL,97
1895,8013,C17072526386,NULL,97,NULL,SA5665,NULL,NULL,NULL,1,NULL,57:14.8,NULL,NULL,NULL,NULL,97
1896,8016,C17072556652,NULL,97,NULL,CA2699,NULL,NULL,NULL,1,NULL,57:14.8,NULL,NULL,NULL,NULL,97
1897,8020,C17072587412,NULL,97,NULL,BA2509,NULL,NULL,NULL,1,NULL,57:14.8,NULL,NULL,NULL,NULL,97
1898,8027,C17072567975,NULL,97,NULL,ZA0697,NULL,NULL,NULL,1,NULL,57:14.8,NULL,NULL,NULL,NULL,97
1899,8030,C17072545029,NULL,97,NULL,SA5395,NULL,NULL,NULL,1,NULL,57:14.8,NULL,NULL,NULL,NULL,97
1900,8037,C17072539374,NULL,97,NULL,SA8880,NULL,NULL,NULL,1,NULL,57:14.8,NULL,NULL,NULL,NULL,97
1901,8043,C17072597875,NULL,97,NULL,SA9226,NULL,NULL,NULL,1,NULL,57:14.8,NULL,NULL,NULL,NULL,97
1902,8050,C17072554880,NULL,97,NULL,UA1044,NULL,NULL,NULL,1,NULL,57:14.8,NULL,NULL,NULL,NULL,97
1903,8071,C17072571932,NULL,97,NULL,EA2145,NULL,NULL,NULL,1,NULL,57:14.8,NULL,NULL,NULL,NULL,97
1904,8072,C17072584199,NULL,97,NULL,AA5783,NULL,NULL,NULL,1,NULL,57:14.8,NULL,NULL,NULL,NULL,97
1905,8082,C17072544104,NULL,97,NULL,IA0666,NULL,NULL,NULL,1,NULL,57:14.8,NULL,NULL,NULL,NULL,97
1906,8087,C17072535509,NULL,97,NULL,SA5739,NULL,NULL,NULL,1,NULL,57:14.8,NULL,NULL,NULL,NULL,97
1907,8092,C17072515070,NULL,97,NULL,MA3681,NULL,NULL,NULL,1,NULL,57:14.8,NULL,NULL,NULL,NULL,97
1908,8098,C17072545949,NULL,97,NULL,IA3055,NULL,NULL,NULL,1,NULL,57:14.8,NULL,NULL,NULL,NULL,97
1909,8100,C17072539841,NULL,97,NULL,EA2171,NULL,NULL,NULL,1,NULL,57:14.8,NULL,NULL,NULL,NULL,97
1910,8109,C17072586565,NULL,97,NULL,SA9395,NULL,NULL,NULL,1,NULL,57:14.8,NULL,NULL,NULL,NULL,97
1911,8111,C17072592105,NULL,97,NULL,KA0867,NULL,NULL,NULL,1,NULL,57:14.8,NULL,NULL,NULL,NULL,97
1912,8120,C17072540557,NULL,97,NULL,DA2739,NULL,NULL,NULL,1,NULL,57:14.8,NULL,NULL,NULL,NULL,97
1913,8125,C17072580799,NULL,97,NULL,KA1910,NULL,NULL,NULL,1,NULL,57:14.8,NULL,NULL,NULL,NULL,97
1914,8127,C17072590767,NULL,97,NULL,DA2824,NULL,NULL,NULL,1,NULL,57:14.8,NULL,NULL,NULL,NULL,97
1915,8129,C17072554036,NULL,97,NULL,SA9428,NULL,NULL,NULL,1,NULL,57:14.8,NULL,NULL,NULL,NULL,97
1916,8131,C17072570167,NULL,97,NULL,DA2750,NULL,NULL,NULL,1,NULL,57:14.8,NULL,NULL,NULL,NULL,97
1917,8133,C17072557831,NULL,97,NULL,SA9014,NULL,NULL,NULL,1,NULL,57:14.8,NULL,NULL,NULL,NULL,97
1918,8152,C17072579093,NULL,97,NULL,PA4644,NULL,NULL,NULL,1,NULL,57:14.8,NULL,NULL,NULL,NULL,97
1919,8158,C17072528539,NULL,97,NULL,DA2777,NULL,NULL,NULL,1,NULL,57:14.8,NULL,NULL,NULL,NULL,97
1920,8166,C17072521951,NULL,97,NULL,VA3261,NULL,NULL,NULL,1,NULL,57:14.8,NULL,NULL,NULL,NULL,97
1921,8171,C17072558041,NULL,97,NULL,IA2907,NULL,NULL,NULL,1,NULL,57:14.8,NULL,NULL,NULL,NULL,97
1922,8172,C17072590501,NULL,97,NULL,BA2439,NULL,NULL,NULL,1,NULL,57:14.8,NULL,NULL,NULL,NULL,97
1923,8174,C17072596953,NULL,97,NULL,MA3129,NULL,NULL,NULL,1,NULL,57:14.8,NULL,NULL,NULL,NULL,97
1924,8175,C17072548969,NULL,97,NULL,CA2873,NULL,NULL,NULL,1,NULL,57:14.8,NULL,NULL,NULL,NULL,97
1925,8178,C17072594671,NULL,97,NULL,BA2706,NULL,NULL,NULL,1,NULL,57:14.8,NULL,NULL,NULL,NULL,97
1926,8189,C17072527369,NULL,97,NULL,TA2813,NULL,NULL,NULL,1,NULL,57:14.8,NULL,NULL,NULL,NULL,97
1927,8194,C17072588701,NULL,97,NULL,PA3796,NULL,NULL,NULL,1,NULL,57:14.8,NULL,NULL,NULL,NULL,97
1928,8248,C17072570025,NULL,97,NULL,SA7896,NULL,NULL,NULL,1,NULL,57:14.8,NULL,NULL,NULL,NULL,97
1929,8251,C17072549325,NULL,97,NULL,VA3364,NULL,NULL,NULL,1,NULL,57:14.8,NULL,NULL,NULL,NULL,97
1930,8260,C17072538852,NULL,97,NULL,PA4594,NULL,NULL,NULL,1,NULL,57:14.8,NULL,NULL,NULL,NULL,97
1931,8267,C17072511027,NULL,97,NULL,PA4401,NULL,NULL,NULL,1,NULL,57:14.8,NULL,NULL,NULL,NULL,97
1932,8281,C17072559352,NULL,97,NULL,AA6027,NULL,NULL,NULL,1,NULL,57:14.8,NULL,NULL,NULL,NULL,97
1933,8306,C17072529783,NULL,97,NULL,EA2208,NULL,NULL,NULL,1,NULL,57:14.8,NULL,NULL,NULL,NULL,97
1934,8307,C17072534608,NULL,97,NULL,OE0038,NULL,NULL,NULL,1,NULL,57:14.8,NULL,NULL,NULL,NULL,97
1935,8314,C17072534629,NULL,97,NULL,GA1607,NULL,NULL,NULL,1,NULL,57:14.8,NULL,NULL,NULL,NULL,97
1936,8323,C17072516692,NULL,97,NULL,IA3259,NULL,NULL,NULL,1,NULL,57:14.8,NULL,NULL,NULL,NULL,97
1937,8327,C17072532556,NULL,97,NULL,MA4136,NULL,NULL,NULL,1,NULL,57:14.8,NULL,NULL,NULL,NULL,97
1938,8330,C17072519673,NULL,97,NULL,EA2065,NULL,NULL,NULL,1,NULL,57:14.8,NULL,NULL,NULL,NULL,97
1939,8355,C17072542688,NULL,97,NULL,AA5138,NULL,NULL,NULL,1,NULL,57:14.8,NULL,NULL,NULL,NULL,97
1940,8359,C17072529945,NULL,97,NULL,NA0744,NULL,NULL,NULL,1,NULL,57:14.8,NULL,NULL,NULL,NULL,97
1941,8362,C17072561903,NULL,97,NULL,AA1664,NULL,NULL,NULL,1,NULL,57:14.8,NULL,NULL,NULL,NULL,97
1942,8364,C17072526139,NULL,97,NULL,RA3406,NULL,NULL,NULL,1,NULL,57:14.8,NULL,NULL,NULL,NULL,97
1943,8367,C17072582798,NULL,97,NULL,TA1994,NULL,NULL,NULL,1,NULL,57:14.8,NULL,NULL,NULL,NULL,97
1944,8384,C17072553135,NULL,97,NULL,CA2746,NULL,NULL,NULL,1,NULL,57:14.8,NULL,NULL,NULL,NULL,97
1945,8390,C17072568226,NULL,97,NULL,DA2868,NULL,NULL,NULL,1,NULL,57:14.8,NULL,NULL,NULL,NULL,97
1946,8392,C17072512232,NULL,97,NULL,AA5588,NULL,NULL,NULL,1,NULL,57:14.8,NULL,NULL,NULL,NULL,97
1947,8400,C17072569541,NULL,97,NULL,GEM0001693,NULL,NULL,NULL,1,NULL,57:14.8,NULL,NULL,NULL,NULL,97
1948,8411,C17072549056,NULL,97,NULL,AA4955,NULL,NULL,NULL,1,NULL,57:14.8,NULL,NULL,NULL,NULL,97
1949,8422,C17072534044,NULL,97,NULL,KA0663,NULL,NULL,NULL,1,NULL,57:14.8,NULL,NULL,NULL,NULL,97
1950,8428,C17072553359,NULL,97,NULL,RA1161,NULL,NULL,NULL,1,NULL,57:14.8,NULL,NULL,NULL,NULL,97
1951,8432,C17072581030,NULL,97,NULL,AA3271,NULL,NULL,NULL,1,NULL,57:14.8,NULL,NULL,NULL,NULL,97
1952,8433,C17072516638,NULL,97,NULL,IA1295,NULL,NULL,NULL,1,NULL,57:14.8,NULL,NULL,NULL,NULL,97
1953,8435,C17072564692,NULL,97,NULL,EA2099,NULL,NULL,NULL,1,NULL,57:14.8,NULL,NULL,NULL,NULL,97
1954,8443,C17072551014,NULL,97,NULL,EA1797,NULL,NULL,NULL,1,NULL,57:14.8,NULL,NULL,NULL,NULL,97
1955,8444,C17072536478,NULL,97,NULL,RA4476,NULL,NULL,NULL,1,NULL,57:14.8,NULL,NULL,NULL,NULL,97
1956,8465,C17072545759,NULL,97,NULL,MA4094,NULL,NULL,NULL,1,NULL,57:14.8,NULL,NULL,NULL,NULL,97
1957,8478,C17072549749,NULL,97,NULL,TA2876,NULL,NULL,NULL,1,NULL,57:14.9,NULL,NULL,NULL,NULL,97
1958,8500,C17072525087,NULL,97,NULL,EA1331,NULL,NULL,NULL,1,NULL,57:14.9,NULL,NULL,NULL,NULL,97
1959,8519,C17072597725,NULL,97,NULL,AH0093,NULL,NULL,NULL,1,NULL,57:14.9,NULL,NULL,NULL,NULL,97
1960,8527,C17072572015,NULL,97,NULL,AA5448,NULL,NULL,NULL,1,NULL,57:14.9,NULL,NULL,NULL,NULL,97
1961,8539,C17072562470,NULL,97,NULL,AA6005,NULL,NULL,NULL,1,NULL,57:14.9,NULL,NULL,NULL,NULL,97
1962,8585,C17072522527,NULL,97,NULL,OA0727,NULL,NULL,NULL,1,NULL,57:14.9,NULL,NULL,NULL,NULL,97
1963,8591,C17072538445,NULL,97,NULL,EA0403,NULL,NULL,NULL,1,NULL,57:14.9,NULL,NULL,NULL,NULL,97
1964,8594,C17072549888,NULL,97,NULL,AA2329,NULL,NULL,NULL,1,NULL,57:14.9,NULL,NULL,NULL,NULL,97
1965,8596,C17072549388,NULL,97,NULL,VA1240,NULL,NULL,NULL,1,NULL,57:14.9,NULL,NULL,NULL,NULL,97
1966,8609,C17072570681,NULL,97,NULL,MK0045,NULL,NULL,NULL,1,NULL,57:14.9,NULL,NULL,NULL,NULL,97
1967,8613,C17072584900,NULL,97,NULL,DA2728,NULL,NULL,NULL,1,NULL,57:14.9,NULL,NULL,NULL,NULL,97
1968,8616,C17072596166,NULL,97,NULL,GEM0002509,NULL,NULL,NULL,1,NULL,57:14.9,NULL,NULL,NULL,NULL,97
1969,8634,C17072548980,NULL,97,NULL,JA0575,NULL,NULL,NULL,1,NULL,57:14.9,NULL,NULL,NULL,NULL,97
1970,8639,C17072574318,NULL,97,NULL,NA2207,NULL,NULL,NULL,1,NULL,57:14.9,NULL,NULL,NULL,NULL,97
1971,8640,C17072581362,NULL,97,NULL,WA0405,NULL,NULL,NULL,1,NULL,57:14.9,NULL,NULL,NULL,NULL,97
1972,8657,C17072578173,NULL,97,NULL,PA1082,NULL,NULL,NULL,1,NULL,57:14.9,NULL,NULL,NULL,NULL,97
1973,8746,C17072546107,NULL,97,NULL,PA3111,NULL,NULL,NULL,1,NULL,57:14.9,NULL,NULL,NULL,NULL,97
1974,8779,C17072597712,NULL,97,NULL,BA1357,NULL,NULL,NULL,1,NULL,57:14.9,NULL,NULL,NULL,NULL,97
1975,8804,C17072589427,NULL,97,NULL,MA0496,NULL,NULL,NULL,1,NULL,57:14.9,NULL,NULL,NULL,NULL,97
1976,8808,C17072510116,NULL,97,NULL,DA2620,NULL,NULL,NULL,1,NULL,57:14.9,NULL,NULL,NULL,NULL,97
1977,8809,C17072536336,NULL,97,NULL,CA1426,NULL,NULL,NULL,1,NULL,57:14.9,NULL,NULL,NULL,NULL,97
1978,8815,C17072511886,NULL,97,NULL,UA0977,NULL,NULL,NULL,1,NULL,57:14.9,NULL,NULL,NULL,NULL,97
1979,8816,C17072519065,NULL,97,NULL,BA2866,NULL,NULL,NULL,1,NULL,57:14.9,NULL,NULL,NULL,NULL,97
1980,8823,C17072598955,NULL,97,NULL,CA2800,NULL,NULL,NULL,1,NULL,57:14.9,NULL,NULL,NULL,NULL,97
1981,8839,C17072575070,NULL,97,NULL,IA3079,NULL,NULL,NULL,1,NULL,57:14.9,NULL,NULL,NULL,NULL,97
1982,8847,C17072527178,NULL,97,NULL,PA2810,NULL,NULL,NULL,1,NULL,57:14.9,NULL,NULL,NULL,NULL,97
1983,8849,C17072563976,NULL,97,NULL,MA1855,NULL,NULL,NULL,1,NULL,57:14.9,NULL,NULL,NULL,NULL,97
1984,8852,C17072579162,NULL,97,NULL,AA5927,NULL,NULL,NULL,1,NULL,57:14.9,NULL,NULL,NULL,NULL,97
1985,8855,C17072563740,NULL,97,NULL,OA0300,NULL,NULL,NULL,1,NULL,57:14.9,NULL,NULL,NULL,NULL,97
1986,8868,C17072550005,NULL,97,NULL,AA0591,NULL,NULL,NULL,1,NULL,57:14.9,NULL,NULL,NULL,NULL,97
1987,8870,C17072548440,NULL,97,NULL,EA1365,NULL,NULL,NULL,1,NULL,57:14.9,NULL,NULL,NULL,NULL,97
1988,8879,C17072555086,NULL,97,NULL,HA1775,NULL,NULL,NULL,1,NULL,57:14.9,NULL,NULL,NULL,NULL,97
1989,8909,C17072529900,NULL,97,NULL,AA0848,NULL,NULL,NULL,1,NULL,57:14.9,NULL,NULL,NULL,NULL,97
1990,8913,C17072561112,NULL,97,NULL,SA2039,NULL,NULL,NULL,1,NULL,57:14.9,NULL,NULL,NULL,NULL,97
1991,8915,C17072541895,NULL,97,NULL,OA0681,NULL,NULL,NULL,1,NULL,57:14.9,NULL,NULL,NULL,NULL,97
1992,8927,C17072588320,NULL,97,NULL,GEM0003344,NULL,NULL,NULL,1,NULL,57:14.9,NULL,NULL,NULL,NULL,97
1993,8928,C17072534913,NULL,97,NULL,AA2914,NULL,NULL,NULL,1,NULL,57:14.9,NULL,NULL,NULL,NULL,97
1994,8933,C17072558832,NULL,97,NULL,CA1900,NULL,NULL,NULL,1,NULL,57:14.9,NULL,NULL,NULL,NULL,97
1995,8936,C17072546703,NULL,97,NULL,TA1555,NULL,NULL,NULL,1,NULL,57:14.9,NULL,NULL,NULL,NULL,97
1996,8937,C17072589019,NULL,97,NULL,CA1509,NULL,NULL,NULL,1,NULL,57:14.9,NULL,NULL,NULL,NULL,97
1997,8951,C17072535862,NULL,97,NULL,EA1522,NULL,NULL,NULL,1,NULL,57:14.9,NULL,NULL,NULL,NULL,97
1998,8979,C17072516469,NULL,97,NULL,GA1377,NULL,NULL,NULL,1,NULL,57:14.9,NULL,NULL,NULL,NULL,97
1999,8983,C17072544811,NULL,97,NULL,NA0729,NULL,NULL,NULL,1,NULL,57:14.9,NULL,NULL,NULL,NULL,97
2000,8984,C17072532665,NULL,97,NULL,PA2359,NULL,NULL,NULL,1,NULL,57:14.9,NULL,NULL,NULL,NULL,97
2001,8988,C17072599121,NULL,97,NULL,HA1904,NULL,NULL,NULL,1,NULL,57:14.9,NULL,NULL,NULL,NULL,97
2002,8993,C17072562511,NULL,97,NULL,IA0875,NULL,NULL,NULL,1,NULL,57:14.9,NULL,NULL,NULL,NULL,97
2003,9016,C17072577939,NULL,97,NULL,IA3143,NULL,NULL,NULL,1,NULL,57:14.9,NULL,NULL,NULL,NULL,97
2004,9018,C17072554895,NULL,97,NULL,MA4031,NULL,NULL,NULL,1,NULL,57:14.9,NULL,NULL,NULL,NULL,97
2005,9019,C17072598437,NULL,97,NULL,RA3517,NULL,NULL,NULL,1,NULL,57:14.9,NULL,NULL,NULL,NULL,97
2006,9022,C17072566356,NULL,97,NULL,SA4438,NULL,NULL,NULL,1,NULL,57:14.9,NULL,NULL,NULL,NULL,97
2007,9028,C17072538225,NULL,97,NULL,RA0320,NULL,NULL,NULL,1,NULL,57:14.9,NULL,NULL,NULL,NULL,97
2008,9048,C17072530306,NULL,97,NULL,EA1414,NULL,NULL,NULL,1,NULL,57:14.9,NULL,NULL,NULL,NULL,97
2009,9049,C17072584326,NULL,97,NULL,AA4527,NULL,NULL,NULL,1,NULL,57:14.9,NULL,NULL,NULL,NULL,97
2010,9078,C17072510316,NULL,97,NULL,VA1704,NULL,NULL,NULL,1,NULL,57:14.9,NULL,NULL,NULL,NULL,97
2011,9081,C17072513848,NULL,97,NULL,AA5950,NULL,NULL,NULL,1,NULL,57:14.9,NULL,NULL,NULL,NULL,97
2012,9084,C17072573190,NULL,97,NULL,SA5471,NULL,NULL,NULL,1,NULL,57:14.9,NULL,NULL,NULL,NULL,97
2013,9087,C17072574423,NULL,97,NULL,EA1368,NULL,NULL,NULL,1,NULL,57:14.9,NULL,NULL,NULL,NULL,97
2014,9092,C17072561527,NULL,97,NULL,EA1347,NULL,NULL,NULL,1,NULL,57:14.9,NULL,NULL,NULL,NULL,97
2015,9094,C17072538272,NULL,97,NULL,TA2119,NULL,NULL,NULL,1,NULL,57:14.9,NULL,NULL,NULL,NULL,97
2016,9105,C17072558783,NULL,97,NULL,JA0583,NULL,NULL,NULL,1,NULL,57:14.9,NULL,NULL,NULL,NULL,97
2017,9106,C17072563398,NULL,97,NULL,IA2824,NULL,NULL,NULL,1,NULL,57:14.9,NULL,NULL,NULL,NULL,97
2018,9108,C17072520269,NULL,97,NULL,SA6116,NULL,NULL,NULL,1,NULL,57:14.9,NULL,NULL,NULL,NULL,97
2019,9111,C17072519226,NULL,97,NULL,GEM0001266,NULL,NULL,NULL,1,NULL,57:14.9,NULL,NULL,NULL,NULL,97
2020,9116,C17072579846,NULL,97,NULL,SA8923,NULL,NULL,NULL,1,NULL,57:14.9,NULL,NULL,NULL,NULL,97
2021,9118,C17072556705,NULL,97,NULL,AA4305,NULL,NULL,NULL,1,NULL,57:14.9,NULL,NULL,NULL,NULL,97
2022,9126,C17072546754,NULL,97,NULL,KA1709,NULL,NULL,NULL,1,NULL,57:14.9,NULL,NULL,NULL,NULL,97
2023,9127,C17072580823,NULL,97,NULL,QA1135,NULL,NULL,NULL,1,NULL,57:14.9,NULL,NULL,NULL,NULL,97
2024,9128,C17072530247,NULL,97,NULL,KA2208,NULL,NULL,NULL,1,NULL,57:14.9,NULL,NULL,NULL,NULL,97
2025,9131,C17072540797,NULL,97,NULL,IA2841,NULL,NULL,NULL,1,NULL,57:14.9,NULL,NULL,NULL,NULL,97
2026,9132,C17072510232,NULL,97,NULL,CA2960,NULL,NULL,NULL,1,NULL,57:14.9,NULL,NULL,NULL,NULL,97
2027,9136,C17072544332,NULL,97,NULL,IA2895,NULL,NULL,NULL,1,NULL,57:14.9,NULL,NULL,NULL,NULL,97
2028,9138,C17072585067,NULL,97,NULL,VA3367,NULL,NULL,NULL,1,NULL,57:14.9,NULL,NULL,NULL,NULL,97
2029,9140,C17072597241,NULL,97,NULL,SA3398,NULL,NULL,NULL,1,NULL,57:14.9,NULL,NULL,NULL,NULL,97
2030,9141,C17072516016,NULL,97,NULL,SA8477,NULL,NULL,NULL,1,NULL,57:14.9,NULL,NULL,NULL,NULL,97
2031,9144,C17072599896,NULL,97,NULL,VA3145,NULL,NULL,NULL,1,NULL,57:14.9,NULL,NULL,NULL,NULL,97
2032,9145,C17072522210,NULL,97,NULL,CA2671,NULL,NULL,NULL,1,NULL,57:14.9,NULL,NULL,NULL,NULL,97
2033,9146,C17072554187,NULL,97,NULL,CA2713,NULL,NULL,NULL,1,NULL,57:14.9,NULL,NULL,NULL,NULL,97
2034,9148,C17072559255,NULL,97,NULL,RA4500,NULL,NULL,NULL,1,NULL,57:14.9,NULL,NULL,NULL,NULL,97
2035,9149,C17072565632,NULL,97,NULL,AA5468,NULL,NULL,NULL,1,NULL,57:14.9,NULL,NULL,NULL,NULL,97
2036,9150,C17072567156,NULL,97,NULL,TA2839,NULL,NULL,NULL,1,NULL,57:14.9,NULL,NULL,NULL,NULL,97
2037,9162,C17072584597,NULL,97,NULL,AA3591,NULL,NULL,NULL,1,NULL,57:14.9,NULL,NULL,NULL,NULL,97
2038,9168,C17072574264,NULL,97,NULL,EA1747,NULL,NULL,NULL,1,NULL,57:14.9,NULL,NULL,NULL,NULL,97
2039,9173,C17072557211,NULL,97,NULL,HA1877,NULL,NULL,NULL,1,NULL,57:14.9,NULL,NULL,NULL,NULL,97
2040,9177,C17072520172,NULL,97,NULL,PA4486,NULL,NULL,NULL,1,NULL,57:14.9,NULL,NULL,NULL,NULL,97
2041,9188,C17072514719,NULL,97,NULL,PA3761,NULL,NULL,NULL,1,NULL,57:14.9,NULL,NULL,NULL,NULL,97
2042,9199,C17072565301,NULL,97,NULL,DA2655,NULL,NULL,NULL,1,NULL,57:14.9,NULL,NULL,NULL,NULL,97
2043,9215,C17072599568,NULL,97,NULL,AA5926,NULL,NULL,NULL,1,NULL,57:14.9,NULL,NULL,NULL,NULL,97
2044,9217,C17072512986,NULL,97,NULL,SA8326,NULL,NULL,NULL,1,NULL,57:14.9,NULL,NULL,NULL,NULL,97
2045,9225,C17072584558,NULL,97,NULL,OA0747,NULL,NULL,NULL,1,NULL,57:14.9,NULL,NULL,NULL,NULL,97
2046,9241,C17072566915,NULL,97,NULL,AA5791,NULL,NULL,NULL,1,NULL,57:14.9,NULL,NULL,NULL,NULL,97
2047,9248,C17072581330,NULL,97,NULL,XA0435,NULL,NULL,NULL,1,NULL,57:14.9,NULL,NULL,NULL,NULL,97
2048,9288,C17072534752,NULL,97,NULL,NA2040,NULL,NULL,NULL,1,NULL,57:14.9,NULL,NULL,NULL,NULL,97
2049,9290,C17072525463,NULL,97,NULL,CA1064,NULL,NULL,NULL,1,NULL,57:14.9,NULL,NULL,NULL,NULL,97
2050,9291,C17072573582,NULL,97,NULL,SA8446,NULL,NULL,NULL,1,NULL,57:14.9,NULL,NULL,NULL,NULL,97
2051,9294,C17072557903,NULL,97,NULL,VA3132,NULL,NULL,NULL,1,NULL,57:14.9,NULL,NULL,NULL,NULL,97
2052,9306,C17072536725,NULL,97,NULL,NA2234,NULL,NULL,NULL,1,NULL,57:14.9,NULL,NULL,NULL,NULL,97
2053,9327,C17072557699,NULL,97,NULL,FA1258,NULL,NULL,NULL,1,NULL,57:14.9,NULL,NULL,NULL,NULL,97
2054,9358,C17072590113,NULL,97,NULL,AA5912,NULL,NULL,NULL,1,NULL,57:14.9,NULL,NULL,NULL,NULL,97
2055,9359,C17072574562,NULL,97,NULL,DA2855,NULL,NULL,NULL,1,NULL,57:14.9,NULL,NULL,NULL,NULL,97
2056,9365,C17072559390,NULL,97,NULL,RA4344,NULL,NULL,NULL,1,NULL,57:14.9,NULL,NULL,NULL,NULL,97
2057,9382,C17072593258,NULL,97,NULL,SA3409,NULL,NULL,NULL,1,NULL,57:14.9,NULL,NULL,NULL,NULL,97
2058,9388,C17072589514,NULL,97,NULL,AA2181,NULL,NULL,NULL,1,NULL,57:14.9,NULL,NULL,NULL,NULL,97
2059,9389,C17072533265,NULL,97,NULL,OA0697,NULL,NULL,NULL,1,NULL,57:14.9,NULL,NULL,NULL,NULL,97
2060,9390,C17072595620,NULL,97,NULL,FA1303,NULL,NULL,NULL,1,NULL,57:14.9,NULL,NULL,NULL,NULL,97
2061,9409,C17072564777,NULL,97,NULL,SA7363,NULL,NULL,NULL,1,NULL,57:15.0,NULL,NULL,NULL,NULL,97
2062,9420,C17072563630,NULL,97,NULL,SA8951,NULL,NULL,NULL,1,NULL,57:15.0,NULL,NULL,NULL,NULL,97
2063,9430,C17072572343,NULL,97,NULL,PA4665,NULL,NULL,NULL,1,NULL,57:15.0,NULL,NULL,NULL,NULL,97
2064,9433,C17072576703,NULL,97,NULL,AA5580,NULL,NULL,NULL,1,NULL,57:15.0,NULL,NULL,NULL,NULL,97
2065,9441,C17072528391,NULL,97,NULL,AA5380,NULL,NULL,NULL,1,NULL,57:15.0,NULL,NULL,NULL,NULL,97
2066,9442,C17072552067,NULL,97,NULL,RA4461,NULL,NULL,NULL,1,NULL,57:15.0,NULL,NULL,NULL,NULL,97
2067,9451,C17072589924,NULL,97,NULL,PA4344,NULL,NULL,NULL,1,NULL,57:15.0,NULL,NULL,NULL,NULL,97
2068,9452,C17072541130,NULL,97,NULL,RA4406,NULL,NULL,NULL,1,NULL,57:15.0,NULL,NULL,NULL,NULL,97
2069,9455,C17072591111,NULL,97,NULL,AA5963,NULL,NULL,NULL,1,NULL,57:15.0,NULL,NULL,NULL,NULL,97
2070,9462,C17072582052,NULL,97,NULL,OA0733,NULL,NULL,NULL,1,NULL,57:15.0,NULL,NULL,NULL,NULL,97
2071,9466,C17072527806,NULL,97,NULL,UA1002,NULL,NULL,NULL,1,NULL,57:15.0,NULL,NULL,NULL,NULL,97
2072,9471,C17072599757,NULL,97,NULL,DA2874,NULL,NULL,NULL,1,NULL,57:15.0,NULL,NULL,NULL,NULL,97
2073,9475,C17072525738,NULL,97,NULL,PA4493,NULL,NULL,NULL,1,NULL,57:15.0,NULL,NULL,NULL,NULL,97
2074,9476,C17072590311,NULL,97,NULL,SA9300,NULL,NULL,NULL,1,NULL,57:15.0,NULL,NULL,NULL,NULL,97
2075,9491,C17072567976,NULL,97,NULL,MA3787,NULL,NULL,NULL,1,NULL,57:15.0,NULL,NULL,NULL,NULL,97
2076,9501,C17072557603,NULL,97,NULL,SA8372,NULL,NULL,NULL,1,NULL,57:15.0,NULL,NULL,NULL,NULL,97
2077,9502,C17072516020,NULL,97,NULL,GEM0003215,NULL,NULL,NULL,1,NULL,57:15.0,NULL,NULL,NULL,NULL,97
2078,9503,C17072568683,NULL,97,NULL,LA1148,NULL,NULL,NULL,1,NULL,57:15.0,NULL,NULL,NULL,NULL,97
2079,9506,C17072560025,NULL,97,NULL,ZA0686,NULL,NULL,NULL,1,NULL,57:15.0,NULL,NULL,NULL,NULL,97
2080,9510,C17072519655,NULL,97,NULL,YA0278,NULL,NULL,NULL,1,NULL,57:15.0,NULL,NULL,NULL,NULL,97
2081,9513,C17072556261,NULL,97,NULL,DA2852,NULL,NULL,NULL,1,NULL,57:15.0,NULL,NULL,NULL,NULL,97
2082,9529,C17072531712,NULL,97,NULL,DA1411,NULL,NULL,NULL,1,NULL,57:15.0,NULL,NULL,NULL,NULL,97
2083,9533,C17072540787,NULL,97,NULL,DA2839,NULL,NULL,NULL,1,NULL,57:15.0,NULL,NULL,NULL,NULL,97
2084,9537,C17072596861,NULL,97,NULL,EA1423,NULL,NULL,NULL,1,NULL,57:15.0,NULL,NULL,NULL,NULL,97
2085,9543,C17072531931,NULL,97,NULL,CA2439,NULL,NULL,NULL,1,NULL,57:15.0,NULL,NULL,NULL,NULL,97
2086,9545,C17072511526,NULL,97,NULL,PA4337,NULL,NULL,NULL,1,NULL,57:15.0,NULL,NULL,NULL,NULL,97
2087,9546,C17072526157,NULL,97,NULL,SA9225,NULL,NULL,NULL,1,NULL,57:15.0,NULL,NULL,NULL,NULL,97
2088,9547,C17072588413,NULL,97,NULL,FA1278,NULL,NULL,NULL,1,NULL,57:15.0,NULL,NULL,NULL,NULL,97
2089,9553,C17072597050,NULL,97,NULL,CA2852,NULL,NULL,NULL,1,NULL,57:15.0,NULL,NULL,NULL,NULL,97
2090,9556,C17072544635,NULL,97,NULL,NA2097,NULL,NULL,NULL,1,NULL,57:15.0,NULL,NULL,NULL,NULL,97
2091,9557,C17072559462,NULL,97,NULL,AA5650,NULL,NULL,NULL,1,NULL,57:15.0,NULL,NULL,NULL,NULL,97
2092,9558,C17072518175,NULL,97,NULL,RA4048,NULL,NULL,NULL,1,NULL,57:15.0,NULL,NULL,NULL,NULL,97
2093,9565,C17072543664,NULL,97,NULL,CA2759,NULL,NULL,NULL,1,NULL,57:15.0,NULL,NULL,NULL,NULL,97
2094,9567,C17072535955,NULL,97,NULL,WA1523,NULL,NULL,NULL,1,NULL,57:15.0,NULL,NULL,NULL,NULL,97
2095,9573,C17072599036,NULL,97,NULL,UA1046,NULL,NULL,NULL,1,NULL,57:15.0,NULL,NULL,NULL,NULL,97
2096,9575,C17072547803,NULL,97,NULL,PA4061,NULL,NULL,NULL,1,NULL,57:15.0,NULL,NULL,NULL,NULL,97
2097,9578,C17072520285,NULL,97,NULL,MA4144,NULL,NULL,NULL,1,NULL,57:15.0,NULL,NULL,NULL,NULL,97
2098,9579,C17072560422,NULL,97,NULL,CA2889,NULL,NULL,NULL,1,NULL,57:15.0,NULL,NULL,NULL,NULL,97
2099,9580,C17072543923,NULL,97,NULL,SA8127,NULL,NULL,NULL,1,NULL,57:15.0,NULL,NULL,NULL,NULL,97
2100,9582,C17072571337,NULL,97,NULL,DA2736,NULL,NULL,NULL,1,NULL,57:15.0,NULL,NULL,NULL,NULL,97
2101,9585,C17072576487,NULL,97,NULL,CA2907,NULL,NULL,NULL,1,NULL,57:15.0,NULL,NULL,NULL,NULL,97
2102,9587,C17072577148,NULL,97,NULL,GA2445,NULL,NULL,NULL,1,NULL,57:15.0,NULL,NULL,NULL,NULL,97
2103,9589,C17072585270,NULL,97,NULL,PA3997,NULL,NULL,NULL,1,NULL,57:15.0,NULL,NULL,NULL,NULL,97
2104,9590,C17072585247,NULL,97,NULL,SA8962,NULL,NULL,NULL,1,NULL,57:15.0,NULL,NULL,NULL,NULL,97
2105,9596,C17072547525,NULL,97,NULL,AA5475,NULL,NULL,NULL,1,NULL,57:15.0,NULL,NULL,NULL,NULL,97
2106,9606,C17072525740,NULL,97,NULL,FA1344,NULL,NULL,NULL,1,NULL,57:15.0,NULL,NULL,NULL,NULL,97
2107,9607,C17072538167,NULL,97,NULL,CA2833,NULL,NULL,NULL,1,NULL,57:15.0,NULL,NULL,NULL,NULL,97
2108,9612,C17072593285,NULL,97,NULL,EA2247,NULL,NULL,NULL,1,NULL,57:15.0,NULL,NULL,NULL,NULL,97
2109,9614,C17072548560,NULL,97,NULL,AA5937,NULL,NULL,NULL,1,NULL,57:15.0,NULL,NULL,NULL,NULL,97
2110,9617,C17072594909,NULL,97,NULL,TA3018,NULL,NULL,NULL,1,NULL,57:15.0,NULL,NULL,NULL,NULL,97
2111,9619,C17072577202,NULL,97,NULL,KA1338,NULL,NULL,NULL,1,NULL,57:15.0,NULL,NULL,NULL,NULL,97
2112,9624,C17072533147,NULL,97,NULL,CA2853,NULL,NULL,NULL,1,NULL,57:15.0,NULL,NULL,NULL,NULL,97
2113,9648,C17072546728,NULL,97,NULL,EA1147,NULL,NULL,NULL,1,NULL,57:15.0,NULL,NULL,NULL,NULL,97
2114,9683,C17072559231,NULL,97,NULL,AA5866,NULL,NULL,NULL,1,NULL,57:15.0,NULL,NULL,NULL,NULL,97
2115,9685,C17072591158,NULL,97,NULL,OA0753,NULL,NULL,NULL,1,NULL,57:15.0,NULL,NULL,NULL,NULL,97
2116,9698,C17072573029,NULL,97,NULL,GEM0002573,NULL,NULL,NULL,1,NULL,57:15.0,NULL,NULL,NULL,NULL,97
2117,9738,C17072578545,NULL,97,NULL,GEM0002467,NULL,NULL,NULL,1,NULL,57:15.0,NULL,NULL,NULL,NULL,97
2118,9740,C17072517691,NULL,97,NULL,AA6310,NULL,NULL,NULL,1,NULL,57:15.0,NULL,NULL,NULL,NULL,97
2119,9744,C17072590927,NULL,97,NULL,AA5928,NULL,NULL,NULL,1,NULL,57:15.0,NULL,NULL,NULL,NULL,97
2120,9765,C17072583861,NULL,97,NULL,PA4536,NULL,NULL,NULL,1,NULL,57:15.0,NULL,NULL,NULL,NULL,97
2121,9784,C17072546225,NULL,97,NULL,CA2161,NULL,NULL,NULL,1,NULL,57:15.0,NULL,NULL,NULL,NULL,97
2122,9787,C17072536612,NULL,97,NULL,CA0904,NULL,NULL,NULL,1,NULL,57:15.0,NULL,NULL,NULL,NULL,97
2123,9788,C17072574645,NULL,97,NULL,MA3853,NULL,NULL,NULL,1,NULL,57:15.0,NULL,NULL,NULL,NULL,97
2124,9802,C17072537533,NULL,97,NULL,GA2184,NULL,NULL,NULL,1,NULL,57:15.0,NULL,NULL,NULL,NULL,97
2125,9804,C17072584175,NULL,97,NULL,MA4032,NULL,NULL,NULL,1,NULL,57:15.0,NULL,NULL,NULL,NULL,97
2126,9807,C17072515382,NULL,97,NULL,AA5832,NULL,NULL,NULL,1,NULL,57:15.0,NULL,NULL,NULL,NULL,97
2127,9815,C17072523485,NULL,97,NULL,AA5546,NULL,NULL,NULL,1,NULL,57:15.0,NULL,NULL,NULL,NULL,97
2128,9818,C17072579937,NULL,97,NULL,RA4549,NULL,NULL,NULL,1,NULL,57:15.0,NULL,NULL,NULL,NULL,97
2129,9829,C17072536026,NULL,97,NULL,FC0055,NULL,NULL,NULL,1,NULL,57:15.0,NULL,NULL,NULL,NULL,97
2130,9831,C17072529263,NULL,97,NULL,SA3367,NULL,NULL,NULL,1,NULL,57:15.0,NULL,NULL,NULL,NULL,97
2131,9837,C17072553298,NULL,97,NULL,SA7223,NULL,NULL,NULL,1,NULL,57:15.0,NULL,NULL,NULL,NULL,97
2132,9840,C17072569221,NULL,97,NULL,DA2784,NULL,NULL,NULL,1,NULL,57:15.0,NULL,NULL,NULL,NULL,97
2133,9851,C17072553477,NULL,97,NULL,IA2934,NULL,NULL,NULL,1,NULL,57:15.0,NULL,NULL,NULL,NULL,97
2134,9861,C17072531448,NULL,97,NULL,BA2844,NULL,NULL,NULL,1,NULL,57:15.0,NULL,NULL,NULL,NULL,97
2135,9872,C17072572281,NULL,97,NULL,AA3088,NULL,NULL,NULL,1,NULL,57:15.0,NULL,NULL,NULL,NULL,97
2136,9873,C17072598103,NULL,97,NULL,VA1258,NULL,NULL,NULL,1,NULL,57:15.0,NULL,NULL,NULL,NULL,97
2137,9875,C17072594655,NULL,97,NULL,VA0779,NULL,NULL,NULL,1,NULL,57:15.0,NULL,NULL,NULL,NULL,97
2138,9876,C17072562796,NULL,97,NULL,EA2052,NULL,NULL,NULL,1,NULL,57:15.0,NULL,NULL,NULL,NULL,97
2139,9882,C17072510555,NULL,97,NULL,RA4349,NULL,NULL,NULL,1,NULL,57:15.0,NULL,NULL,NULL,NULL,97
2140,9889,C17072576919,NULL,97,NULL,SA9119,NULL,NULL,NULL,1,NULL,57:15.0,NULL,NULL,NULL,NULL,97
2141,9891,C17072529754,NULL,97,NULL,AA5756,NULL,NULL,NULL,1,NULL,57:15.0,NULL,NULL,NULL,NULL,97
2142,9898,C17072523925,NULL,97,NULL,FA1351,NULL,NULL,NULL,1,NULL,57:15.0,NULL,NULL,NULL,NULL,97
2143,9933,C17072530237,NULL,97,NULL,SA9021,NULL,NULL,NULL,1,NULL,57:15.0,NULL,NULL,NULL,NULL,97
2144,9937,C17072515298,NULL,97,NULL,VA3352,NULL,NULL,NULL,1,NULL,57:15.0,NULL,NULL,NULL,NULL,97
2145,9949,C17072565555,NULL,97,NULL,NA2084,NULL,NULL,NULL,1,NULL,57:15.0,NULL,NULL,NULL,NULL,97
2146,9951,C17072541651,NULL,97,NULL,GEM0003219,NULL,NULL,NULL,1,NULL,57:15.0,NULL,NULL,NULL,NULL,97
2147,9957,C17072560158,NULL,97,NULL,CA2824,NULL,NULL,NULL,1,NULL,57:15.0,NULL,NULL,NULL,NULL,97
2148,9959,C17072511921,NULL,97,NULL,TA2796,NULL,NULL,NULL,1,NULL,57:15.0,NULL,NULL,NULL,NULL,97
2149,9971,C17072513331,NULL,97,NULL,PA3135,NULL,NULL,NULL,1,NULL,57:15.0,NULL,NULL,NULL,NULL,97
2150,9996,C17072548212,NULL,97,NULL,NA2184,NULL,NULL,NULL,1,NULL,57:15.0,NULL,NULL,NULL,NULL,97
2151,10026,C17072568451,NULL,97,NULL,BK0016,NULL,NULL,NULL,1,NULL,57:15.0,NULL,NULL,NULL,NULL,97
2152,10067,C17072539563,NULL,97,NULL,BC0009,NULL,NULL,NULL,1,NULL,57:15.1,NULL,NULL,NULL,NULL,97
2153,10069,C17072553709,NULL,97,NULL,PE0093,NULL,NULL,NULL,1,NULL,57:15.1,NULL,NULL,NULL,NULL,97
2154,10078,C17072584387,NULL,97,NULL,AA3226,NULL,NULL,NULL,1,NULL,57:15.1,NULL,NULL,NULL,NULL,97
2155,10079,C17072515858,NULL,97,NULL,SP0040,NULL,NULL,NULL,1,NULL,57:15.1,NULL,NULL,NULL,NULL,97
2156,10088,C17072566834,NULL,97,NULL,PA0075,NULL,NULL,NULL,1,NULL,57:15.1,NULL,NULL,NULL,NULL,97
2157,10097,C17072588245,NULL,97,NULL,KA0695,NULL,NULL,NULL,1,NULL,57:15.1,NULL,NULL,NULL,NULL,97
2158,10098,C17072585214,NULL,97,NULL,KA1524,NULL,NULL,NULL,1,NULL,57:15.1,NULL,NULL,NULL,NULL,97
2159,10099,C17072590022,NULL,97,NULL,AA5396,NULL,NULL,NULL,1,NULL,57:15.1,NULL,NULL,NULL,NULL,97
2160,10111,C17072543241,NULL,97,NULL,CA0836,NULL,NULL,NULL,1,NULL,57:15.1,NULL,NULL,NULL,NULL,97
2161,10119,C17072533499,NULL,97,NULL,RA0003,NULL,NULL,NULL,1,NULL,57:15.1,NULL,NULL,NULL,NULL,97
2162,10122,C17072592728,NULL,97,NULL,DA1267,NULL,NULL,NULL,1,NULL,57:15.1,NULL,NULL,NULL,NULL,97
2163,10128,C17072562284,NULL,97,NULL,TA0791,NULL,NULL,NULL,1,NULL,57:15.1,NULL,NULL,NULL,NULL,97
2164,10130,C17072566173,NULL,97,NULL,HA2028,NULL,NULL,NULL,1,NULL,57:15.1,NULL,NULL,NULL,NULL,97
2165,10131,C17072527674,NULL,97,NULL,RA0870,NULL,NULL,NULL,1,NULL,57:15.1,NULL,NULL,NULL,NULL,97
2166,10141,C17072555467,NULL,97,NULL,MA3953,NULL,NULL,NULL,1,NULL,57:15.1,NULL,NULL,NULL,NULL,97
2167,10177,C17072568257,NULL,97,NULL,KA1369,NULL,NULL,NULL,1,NULL,57:15.1,NULL,NULL,NULL,NULL,97
2168,10178,C17072578980,NULL,97,NULL,BA0964,NULL,NULL,NULL,1,NULL,57:15.1,NULL,NULL,NULL,NULL,97
2169,10179,C17072591293,NULL,97,NULL,DA2793,NULL,NULL,NULL,1,NULL,57:15.1,NULL,NULL,NULL,NULL,97
2170,10180,C17072514778,NULL,97,NULL,MA4201,NULL,NULL,NULL,1,NULL,57:15.1,NULL,NULL,NULL,NULL,97
2171,10182,C17072523316,NULL,97,NULL,PA1041,NULL,NULL,NULL,1,NULL,57:15.1,NULL,NULL,NULL,NULL,97
2172,10199,C17072553515,NULL,97,NULL,EA0491,NULL,NULL,NULL,1,NULL,57:15.1,NULL,NULL,NULL,NULL,97
2173,10200,C17072558955,NULL,97,NULL,EA0900,NULL,NULL,NULL,1,NULL,57:15.1,NULL,NULL,NULL,NULL,97
2174,10204,C17072565721,NULL,97,NULL,DA1488,NULL,NULL,NULL,1,NULL,57:15.1,NULL,NULL,NULL,NULL,97
2175,10215,C17072539756,NULL,97,NULL,JA1411,NULL,NULL,NULL,1,NULL,57:15.1,NULL,NULL,NULL,NULL,97
2176,10227,C17072569290,NULL,97,NULL,OA0779,NULL,NULL,NULL,1,NULL,57:15.1,NULL,NULL,NULL,NULL,97
2177,10228,C17072524335,NULL,97,NULL,EA2053,NULL,NULL,NULL,1,NULL,57:15.1,NULL,NULL,NULL,NULL,97
2178,10244,C17072595074,NULL,97,NULL,CA3033,NULL,NULL,NULL,1,NULL,57:15.1,NULL,NULL,NULL,NULL,97
2179,10252,C17072573442,NULL,97,NULL,EA2083,NULL,NULL,NULL,1,NULL,57:15.1,NULL,NULL,NULL,NULL,97
2180,10254,C17072567940,NULL,97,NULL,SA7132,NULL,NULL,NULL,1,NULL,57:15.1,NULL,NULL,NULL,NULL,97
2181,10261,C17072578899,NULL,97,NULL,RA4455,NULL,NULL,NULL,1,NULL,57:15.1,NULL,NULL,NULL,NULL,97
2182,10274,C17072537249,NULL,97,NULL,AA5826,NULL,NULL,NULL,1,NULL,57:15.1,NULL,NULL,NULL,NULL,97
2183,10291,C17072539712,NULL,97,NULL,FA0718,NULL,NULL,NULL,1,NULL,57:15.1,NULL,NULL,NULL,NULL,97
2184,10296,C17072537237,NULL,97,NULL,BA1673,NULL,NULL,NULL,1,NULL,57:15.1,NULL,NULL,NULL,NULL,97
2185,10319,C17072544509,NULL,97,NULL,NA1064,NULL,NULL,NULL,1,NULL,57:15.1,NULL,NULL,NULL,NULL,97
2186,10323,C17072557822,NULL,97,NULL,JA0222,NULL,NULL,NULL,1,NULL,57:15.1,NULL,NULL,NULL,NULL,97
2187,10341,C17072569599,NULL,97,NULL,SA4699,NULL,NULL,NULL,1,NULL,57:15.1,NULL,NULL,NULL,NULL,97
2188,10601,C17072510165,NULL,97,NULL,PA4754,NULL,NULL,NULL,1,NULL,57:15.1,NULL,NULL,NULL,NULL,97
2189,10892,C17072541488,NULL,97,NULL,AA6048,NULL,NULL,NULL,1,NULL,57:15.1,NULL,NULL,NULL,NULL,97
2190,10909,C17072514627,NULL,97,NULL,PA4786,NULL,NULL,NULL,1,NULL,57:15.1,NULL,NULL,NULL,NULL,97
2191,10976,C17072576718,NULL,97,NULL,MA4119,NULL,NULL,NULL,1,NULL,57:15.1,NULL,NULL,NULL,NULL,97
2192,11103,C17072512587,NULL,97,NULL,NA2029,NULL,NULL,NULL,1,NULL,57:15.1,NULL,NULL,NULL,NULL,97
2193,11105,C17072512154,NULL,97,NULL,IA3135,NULL,NULL,NULL,1,NULL,57:15.1,NULL,NULL,NULL,NULL,97
2194,11289,C17072583569,NULL,97,NULL,KA0835,NULL,NULL,NULL,1,NULL,57:15.1,NULL,NULL,NULL,NULL,97
2195,11409,C17072534288,NULL,97,NULL,SA7867,NULL,NULL,NULL,1,NULL,57:15.1,NULL,NULL,NULL,NULL,97
2196,11678,C17072536369,NULL,97,NULL,GA2592,NULL,NULL,NULL,1,NULL,57:15.1,NULL,NULL,NULL,NULL,97
2197,11716,C17072555423,NULL,97,NULL,NA2227,NULL,NULL,NULL,1,NULL,57:15.1,NULL,NULL,NULL,NULL,97
2198,11778,C17072518807,NULL,97,NULL,SA9061,NULL,NULL,NULL,1,NULL,57:15.1,NULL,NULL,NULL,NULL,97
2199,12081,C17072544070,NULL,97,NULL,RA1350,NULL,NULL,NULL,1,NULL,57:15.1,NULL,NULL,NULL,NULL,97
2200,6,C17072558562,NULL,96,NULL,G000302,NULL,NULL,NULL,1,NULL,03:39.9,NULL,NULL,NULL,NULL,96
2201,7,C17072516947,NULL,96,NULL,K000247,NULL,NULL,NULL,1,NULL,03:39.9,NULL,NULL,NULL,NULL,96
2202,11,C17072524873,NULL,96,NULL,M000234,NULL,NULL,NULL,1,NULL,03:39.9,NULL,NULL,NULL,NULL,96
2203,19,C17072558804,NULL,96,NULL,B007026,NULL,NULL,NULL,1,NULL,03:39.9,NULL,NULL,NULL,NULL,96
2204,22,C17072581893,NULL,96,NULL,F000043,NULL,NULL,NULL,1,NULL,03:39.9,NULL,NULL,NULL,NULL,96
2205,30,C17072565792,NULL,96,NULL,R000726,NULL,NULL,NULL,1,NULL,03:39.9,NULL,NULL,NULL,NULL,96
2206,35,C17072562677,NULL,96,NULL,E000097,NULL,NULL,NULL,1,NULL,03:39.9,NULL,NULL,NULL,NULL,96
2207,52,C17072575325,NULL,96,NULL,D000280,NULL,NULL,NULL,1,NULL,03:39.9,NULL,NULL,NULL,NULL,96
2208,56,C17072548399,NULL,96,NULL,T001072,NULL,NULL,NULL,1,NULL,03:39.9,NULL,NULL,NULL,NULL,96
2209,61,C17072569526,NULL,96,NULL,H000135,NULL,NULL,NULL,1,NULL,03:39.9,NULL,NULL,NULL,NULL,96
2210,62,C17072515833,NULL,96,NULL,I000381,NULL,NULL,NULL,1,NULL,03:39.9,NULL,NULL,NULL,NULL,96
2211,65,C17072579809,NULL,96,NULL,G002257,NULL,NULL,NULL,1,NULL,03:39.9,NULL,NULL,NULL,NULL,96
2212,84,C17072592267,NULL,96,NULL,P000342,NULL,NULL,NULL,1,NULL,03:39.9,NULL,NULL,NULL,NULL,96
2213,119,C17072530651,NULL,96,NULL,G000213,NULL,NULL,NULL,1,NULL,03:39.9,NULL,NULL,NULL,NULL,96
2214,142,C17072521967,NULL,96,NULL,H000123,NULL,NULL,NULL,1,NULL,03:39.9,NULL,NULL,NULL,NULL,96
2215,145,C17072524595,NULL,96,NULL,N000281,NULL,NULL,NULL,1,NULL,03:39.9,NULL,NULL,NULL,NULL,96
2216,147,C17072583278,NULL,96,NULL,B000509,NULL,NULL,NULL,1,NULL,03:39.9,NULL,NULL,NULL,NULL,96
2217,151,C17072546622,NULL,96,NULL,V000523,NULL,NULL,NULL,1,NULL,03:39.9,NULL,NULL,NULL,NULL,96
2218,155,C17072591213,NULL,96,NULL,O000009,NULL,NULL,NULL,1,NULL,03:39.9,NULL,NULL,NULL,NULL,96
2219,161,C17072592445,NULL,96,NULL,I000144,NULL,NULL,NULL,1,NULL,03:39.9,NULL,NULL,NULL,NULL,96
2220,167,C17072595316,NULL,96,NULL,B000554,NULL,NULL,NULL,1,NULL,03:39.9,NULL,NULL,NULL,NULL,96
2221,168,C17072529443,NULL,96,NULL,S002157,NULL,NULL,NULL,1,NULL,03:39.9,NULL,NULL,NULL,NULL,96
2222,174,C17072545554,NULL,96,NULL,I000415,NULL,NULL,NULL,1,NULL,03:39.9,NULL,NULL,NULL,NULL,96
2223,182,C17072541369,NULL,96,NULL,S001438,NULL,NULL,NULL,1,NULL,03:39.9,NULL,NULL,NULL,NULL,96
2224,184,C17072511678,NULL,96,NULL,S007784,NULL,NULL,NULL,1,NULL,03:39.9,NULL,NULL,NULL,NULL,96
2225,208,C17072512321,NULL,96,NULL,J000013,NULL,NULL,NULL,1,NULL,03:39.9,NULL,NULL,NULL,NULL,96
2226,221,C17072565324,NULL,96,NULL,T000307,NULL,NULL,NULL,1,NULL,03:39.9,NULL,NULL,NULL,NULL,96
2227,222,C17072511030,NULL,96,NULL,T000014,NULL,NULL,NULL,1,NULL,03:39.9,NULL,NULL,NULL,NULL,96
2228,223,C17072514853,NULL,96,NULL,S001193,NULL,NULL,NULL,1,NULL,03:39.9,NULL,NULL,NULL,NULL,96
2229,229,C17072525920,NULL,96,NULL,H000151,NULL,NULL,NULL,1,NULL,03:39.9,NULL,NULL,NULL,NULL,96
2230,230,C17072523917,NULL,96,NULL,G100384,NULL,NULL,NULL,1,NULL,03:39.9,NULL,NULL,NULL,NULL,96
2231,251,C17072596309,NULL,96,NULL,K000217,NULL,NULL,NULL,1,NULL,03:39.9,NULL,NULL,NULL,NULL,96
2232,253,C17072594478,NULL,96,NULL,K000446,NULL,NULL,NULL,1,NULL,03:39.9,NULL,NULL,NULL,NULL,96
2233,266,C17072526032,NULL,96,NULL,S001117,NULL,NULL,NULL,1,NULL,03:39.9,NULL,NULL,NULL,NULL,96
2234,270,C17072528065,NULL,96,NULL,E000688,NULL,NULL,NULL,1,NULL,03:39.9,NULL,NULL,NULL,NULL,96
2235,272,C17072575136,NULL,96,NULL,B000431,NULL,NULL,NULL,1,NULL,03:39.9,NULL,NULL,NULL,NULL,96
2236,276,C17072579816,NULL,96,NULL,C000618,NULL,NULL,NULL,1,NULL,03:39.9,NULL,NULL,NULL,NULL,96
2237,280,C17072547139,NULL,96,NULL,P000395,NULL,NULL,NULL,1,NULL,03:39.9,NULL,NULL,NULL,NULL,96
2238,283,C17072561383,NULL,96,NULL,G002217,NULL,NULL,NULL,1,NULL,03:39.9,NULL,NULL,NULL,NULL,96
2239,288,C17072577173,NULL,96,NULL,H000922,NULL,NULL,NULL,1,NULL,03:39.9,NULL,NULL,NULL,NULL,96
2240,296,C17072579915,NULL,96,NULL,V000439,NULL,NULL,NULL,1,NULL,03:39.9,NULL,NULL,NULL,NULL,96
2241,299,C17072542617,NULL,96,NULL,A000620,NULL,NULL,NULL,1,NULL,03:39.9,NULL,NULL,NULL,NULL,96
2242,308,C17072595304,NULL,96,NULL,U002002,NULL,NULL,NULL,1,NULL,03:39.9,NULL,NULL,NULL,NULL,96
2243,309,C17072536290,NULL,96,NULL,G101146,NULL,NULL,NULL,1,NULL,03:39.9,NULL,NULL,NULL,NULL,96
2244,310,C17072578172,NULL,96,NULL,K000182,NULL,NULL,NULL,1,NULL,03:39.9,NULL,NULL,NULL,NULL,96
2245,315,C17072578132,NULL,96,NULL,G100262,NULL,NULL,NULL,1,NULL,03:39.9,NULL,NULL,NULL,NULL,96
2246,328,C17072548991,NULL,96,NULL,U000195,NULL,NULL,NULL,1,NULL,03:39.9,NULL,NULL,NULL,NULL,96
2247,331,C17072547445,NULL,96,NULL,S002061,NULL,NULL,NULL,1,NULL,03:39.9,NULL,NULL,NULL,NULL,96
2248,343,C17072555598,NULL,96,NULL,S001916,NULL,NULL,NULL,1,NULL,03:39.9,NULL,NULL,NULL,NULL,96
2249,349,C17072544455,NULL,96,NULL,K000218,NULL,NULL,NULL,1,NULL,03:39.9,NULL,NULL,NULL,NULL,96
2250,350,C17072516293,NULL,96,NULL,C000738,NULL,NULL,NULL,1,NULL,03:39.9,NULL,NULL,NULL,NULL,96
2251,351,C17072549038,NULL,96,NULL,M007033,NULL,NULL,NULL,1,NULL,03:39.9,NULL,NULL,NULL,NULL,96
2252,354,C17072540843,NULL,96,NULL,W000071,NULL,NULL,NULL,1,NULL,03:39.9,NULL,NULL,NULL,NULL,96
2253,359,C17072531613,NULL,96,NULL,A002588,NULL,NULL,NULL,1,NULL,03:39.9,NULL,NULL,NULL,NULL,96
2254,360,C17072548838,NULL,96,NULL,I007084,NULL,NULL,NULL,1,NULL,03:39.9,NULL,NULL,NULL,NULL,96
2255,363,C17072596947,NULL,96,NULL,B000400,NULL,NULL,NULL,1,NULL,03:39.9,NULL,NULL,NULL,NULL,96
2256,373,C17072556273,NULL,96,NULL,A002696,NULL,NULL,NULL,1,NULL,03:39.9,NULL,NULL,NULL,NULL,96
2257,374,C17072545817,NULL,96,NULL,G100191,NULL,NULL,NULL,1,NULL,03:39.9,NULL,NULL,NULL,NULL,96
2258,376,C17072547450,NULL,96,NULL,M000757,NULL,NULL,NULL,1,NULL,03:39.9,NULL,NULL,NULL,NULL,96
2259,393,C17072577979,NULL,96,NULL,B000104,NULL,NULL,NULL,1,NULL,03:39.9,NULL,NULL,NULL,NULL,96
2260,394,C17072563016,NULL,96,NULL,H000465,NULL,NULL,NULL,1,NULL,03:39.9,NULL,NULL,NULL,NULL,96
2261,395,C17072530158,NULL,96,NULL,G100312,NULL,NULL,NULL,1,NULL,03:39.9,NULL,NULL,NULL,NULL,96
2262,397,C17072551076,NULL,96,NULL,T001135,NULL,NULL,NULL,1,NULL,03:39.9,NULL,NULL,NULL,NULL,96
2263,405,C17072516089,NULL,96,NULL,H000085,NULL,NULL,NULL,1,NULL,03:39.9,NULL,NULL,NULL,NULL,96
2264,414,C17072528829,NULL,96,NULL,H000377,NULL,NULL,NULL,1,NULL,03:39.9,NULL,NULL,NULL,NULL,96
2265,415,C17072585238,NULL,96,NULL,L000558,NULL,NULL,NULL,1,NULL,03:39.9,NULL,NULL,NULL,NULL,96
2266,437,C17072525378,NULL,96,NULL,B000435,NULL,NULL,NULL,1,NULL,03:39.9,NULL,NULL,NULL,NULL,96
2267,460,C17072546562,NULL,96,NULL,C000768,NULL,NULL,NULL,1,NULL,03:39.9,NULL,NULL,NULL,NULL,96
2268,465,C17072587449,NULL,96,NULL,R007034,NULL,NULL,NULL,1,NULL,03:39.9,NULL,NULL,NULL,NULL,96
2269,469,C17072540360,NULL,96,NULL,G100185,NULL,NULL,NULL,1,NULL,03:39.9,NULL,NULL,NULL,NULL,96
2270,473,C17072569106,NULL,96,NULL,T001167,NULL,NULL,NULL,1,NULL,03:39.9,NULL,NULL,NULL,NULL,96
2271,475,C17072560943,NULL,96,NULL,G100119,NULL,NULL,NULL,1,NULL,03:39.9,NULL,NULL,NULL,NULL,96
2272,476,C17072555427,NULL,96,NULL,E000593,NULL,NULL,NULL,1,NULL,03:39.9,NULL,NULL,NULL,NULL,96
2273,483,C17072524944,NULL,96,NULL,F100096,NULL,NULL,NULL,1,NULL,03:39.9,NULL,NULL,NULL,NULL,96
2274,485,C17072593293,NULL,96,NULL,A000854,NULL,NULL,NULL,1,NULL,03:39.9,NULL,NULL,NULL,NULL,96
2275,490,C17072554320,NULL,96,NULL,V000279,NULL,NULL,NULL,1,NULL,03:39.9,NULL,NULL,NULL,NULL,96
2276,497,C17072524169,NULL,96,NULL,A000836,NULL,NULL,NULL,1,NULL,03:39.9,NULL,NULL,NULL,NULL,96
2277,498,C17072516623,NULL,96,NULL,A000033,NULL,NULL,NULL,1,NULL,03:39.9,NULL,NULL,NULL,NULL,96
2278,499,C17072577616,NULL,96,NULL,M000060,NULL,NULL,NULL,1,NULL,03:39.9,NULL,NULL,NULL,NULL,96
2279,500,C17072517997,NULL,96,NULL,D000287,NULL,NULL,NULL,1,NULL,03:39.9,NULL,NULL,NULL,NULL,96
2280,508,C17072510318,NULL,96,NULL,L000635,NULL,NULL,NULL,1,NULL,03:39.9,NULL,NULL,NULL,NULL,96
2281,515,C17072518584,NULL,96,NULL,E007047,NULL,NULL,NULL,1,NULL,03:39.9,NULL,NULL,NULL,NULL,96
2282,521,C17072599666,NULL,96,NULL,N000386,NULL,NULL,NULL,1,NULL,03:39.9,NULL,NULL,NULL,NULL,96
2283,522,C17072593454,NULL,96,NULL,B007055,NULL,NULL,NULL,1,NULL,03:39.9,NULL,NULL,NULL,NULL,96
2284,532,C17072580346,NULL,96,NULL,G002283,NULL,NULL,NULL,1,NULL,03:39.9,NULL,NULL,NULL,NULL,96
2285,543,C17072594687,NULL,96,NULL,A002660,NULL,NULL,NULL,1,NULL,03:39.9,NULL,NULL,NULL,NULL,96
2286,555,C17072580059,NULL,96,NULL,W000068,NULL,NULL,NULL,1,NULL,03:39.9,NULL,NULL,NULL,NULL,96
2287,557,C17072522843,NULL,96,NULL,G000279,NULL,NULL,NULL,1,NULL,03:39.9,NULL,NULL,NULL,NULL,96
2288,558,C17072512277,NULL,96,NULL,I000348,NULL,NULL,NULL,1,NULL,03:39.9,NULL,NULL,NULL,NULL,96
2289,560,C17072582319,NULL,96,NULL,S001307,NULL,NULL,NULL,1,NULL,03:39.9,NULL,NULL,NULL,NULL,96
2290,565,C17072543685,NULL,96,NULL,T000450,NULL,NULL,NULL,1,NULL,03:39.9,NULL,NULL,NULL,NULL,96
2291,568,C17072510134,NULL,96,NULL,B000537,NULL,NULL,NULL,1,NULL,03:39.9,NULL,NULL,NULL,NULL,96
2292,574,C17072519593,NULL,96,NULL,C000576,NULL,NULL,NULL,1,NULL,03:39.9,NULL,NULL,NULL,NULL,96
2293,585,C17072515987,NULL,96,NULL,A000542,NULL,NULL,NULL,1,NULL,03:39.9,NULL,NULL,NULL,NULL,96
2294,590,C17072536472,NULL,96,NULL,G002268,NULL,NULL,NULL,1,NULL,03:39.9,NULL,NULL,NULL,NULL,96
2295,592,C17072552121,NULL,96,NULL,L000006,NULL,NULL,NULL,1,NULL,03:39.9,NULL,NULL,NULL,NULL,96
2296,596,C17072565934,NULL,96,NULL,A000545,NULL,NULL,NULL,1,NULL,03:39.9,NULL,NULL,NULL,NULL,96
2297,603,C17072528351,NULL,96,NULL,S002176,NULL,NULL,NULL,1,NULL,03:39.9,NULL,NULL,NULL,NULL,96
2298,656,C17072538277,NULL,96,NULL,P000392,NULL,NULL,NULL,1,NULL,03:40.0,NULL,NULL,NULL,NULL,96
2299,667,C17072570567,NULL,96,NULL,A002483,NULL,NULL,NULL,1,NULL,03:40.0,NULL,NULL,NULL,NULL,96
2300,685,C17072541208,NULL,96,NULL,P000213,NULL,NULL,NULL,1,NULL,03:40.0,NULL,NULL,NULL,NULL,96
2301,688,C17072559474,NULL,96,NULL,A000848,NULL,NULL,NULL,1,NULL,03:40.0,NULL,NULL,NULL,NULL,96
2302,689,C17072528656,NULL,96,NULL,G100171,NULL,NULL,NULL,1,NULL,03:40.0,NULL,NULL,NULL,NULL,96
2303,696,C17072526944,NULL,96,NULL,A002521,NULL,NULL,NULL,1,NULL,03:40.0,NULL,NULL,NULL,NULL,96
2304,715,C17072538866,NULL,96,NULL,S001708,NULL,NULL,NULL,1,NULL,03:40.0,NULL,NULL,NULL,NULL,96
2305,721,C17072537129,NULL,96,NULL,P000669,NULL,NULL,NULL,1,NULL,03:40.0,NULL,NULL,NULL,NULL,96
2306,726,C17072541952,NULL,96,NULL,H006037,NULL,NULL,NULL,1,NULL,03:40.0,NULL,NULL,NULL,NULL,96
2307,745,C17072522410,NULL,96,NULL,S001087,NULL,NULL,NULL,1,NULL,03:40.0,NULL,NULL,NULL,NULL,96
2308,757,C17072532511,NULL,96,NULL,P000338,NULL,NULL,NULL,1,NULL,03:40.0,NULL,NULL,NULL,NULL,96
2309,766,C17072564980,NULL,96,NULL,H000934,NULL,NULL,NULL,1,NULL,03:40.0,NULL,NULL,NULL,NULL,96
2310,767,C17072530086,NULL,96,NULL,S001733,NULL,NULL,NULL,1,NULL,03:40.0,NULL,NULL,NULL,NULL,96
2311,792,C17072552908,NULL,96,NULL,S001994,NULL,NULL,NULL,1,NULL,03:40.0,NULL,NULL,NULL,NULL,96
2312,917,C17072532884,NULL,96,NULL,S001700,NULL,NULL,NULL,1,NULL,03:40.0,NULL,NULL,NULL,NULL,96
2313,955,C17072546245,NULL,96,NULL,G101155,NULL,NULL,NULL,1,NULL,03:40.0,NULL,NULL,NULL,NULL,96
2314,972,C17072550474,NULL,96,NULL,O000152,NULL,NULL,NULL,1,NULL,03:40.0,NULL,NULL,NULL,NULL,96
2315,1035,C17072557387,NULL,96,NULL,V000477,NULL,NULL,NULL,1,NULL,03:40.0,NULL,NULL,NULL,NULL,96
2316,1082,C17072587987,NULL,96,NULL,U000107,NULL,NULL,NULL,1,NULL,03:40.0,NULL,NULL,NULL,NULL,96
2317,1119,C17072591034,NULL,96,NULL,C000582,NULL,NULL,NULL,1,NULL,03:40.0,NULL,NULL,NULL,NULL,96
2318,1121,C17072535852,NULL,96,NULL,M000788,NULL,NULL,NULL,1,NULL,03:40.0,NULL,NULL,NULL,NULL,96
2319,1170,C17072587861,NULL,96,NULL,G100767,NULL,NULL,NULL,1,NULL,03:40.0,NULL,NULL,NULL,NULL,96
2320,1188,C17072564070,NULL,96,NULL,C000683,NULL,NULL,NULL,1,NULL,03:40.0,NULL,NULL,NULL,NULL,96
2321,1191,C17072524419,NULL,96,NULL,S001893,NULL,NULL,NULL,1,NULL,03:40.0,NULL,NULL,NULL,NULL,96
2322,1197,C17072513583,NULL,96,NULL,A007008,NULL,NULL,NULL,1,NULL,03:40.0,NULL,NULL,NULL,NULL,96
2323,1203,C17072579879,NULL,96,NULL,C000644,NULL,NULL,NULL,1,NULL,03:40.0,NULL,NULL,NULL,NULL,96
2324,1204,C17072559245,NULL,96,NULL,M000403,NULL,NULL,NULL,1,NULL,03:40.0,NULL,NULL,NULL,NULL,96
2325,1205,C17072563666,NULL,96,NULL,M007028,NULL,NULL,NULL,1,NULL,03:40.0,NULL,NULL,NULL,NULL,96
2326,1228,C17072522697,NULL,96,NULL,A000103,NULL,NULL,NULL,1,NULL,03:40.0,NULL,NULL,NULL,NULL,96
2327,1231,C17072551124,NULL,96,NULL,C000655,NULL,NULL,NULL,1,NULL,03:40.0,NULL,NULL,NULL,NULL,96
2328,1236,C17072596274,NULL,96,NULL,G000234,NULL,NULL,NULL,1,NULL,03:40.0,NULL,NULL,NULL,NULL,96
2329,1257,C17072581399,NULL,96,NULL,T000534,NULL,NULL,NULL,1,NULL,03:40.0,NULL,NULL,NULL,NULL,96
2330,1268,C17072526884,NULL,96,NULL,C000622,NULL,NULL,NULL,1,NULL,03:40.0,NULL,NULL,NULL,NULL,96
2331,1273,C17072571508,NULL,96,NULL,S001459,NULL,NULL,NULL,1,NULL,03:40.0,NULL,NULL,NULL,NULL,96
2332,1281,C17072523238,NULL,96,NULL,G100269,NULL,NULL,NULL,1,NULL,03:40.0,NULL,NULL,NULL,NULL,96
2333,1293,C17072536374,NULL,96,NULL,Y000021,NULL,NULL,NULL,1,NULL,03:40.0,NULL,NULL,NULL,NULL,96
2334,1301,C17072599713,NULL,96,NULL,U007013,NULL,NULL,NULL,1,NULL,03:40.0,NULL,NULL,NULL,NULL,96
2335,1313,C17072562448,NULL,96,NULL,A002591,NULL,NULL,NULL,1,NULL,03:40.0,NULL,NULL,NULL,NULL,96
2336,1323,C17072592171,NULL,96,NULL,O000105,NULL,NULL,NULL,1,NULL,03:40.0,NULL,NULL,NULL,NULL,96
2337,1341,C17072580120,NULL,96,NULL,G101326,NULL,NULL,NULL,1,NULL,03:40.0,NULL,NULL,NULL,NULL,96
2338,1357,C17072597365,NULL,96,NULL,E000550,NULL,NULL,NULL,1,NULL,03:40.0,NULL,NULL,NULL,NULL,96
2339,1418,C17072579446,NULL,96,NULL,K000220,NULL,NULL,NULL,1,NULL,03:40.0,NULL,NULL,NULL,NULL,96
2340,1433,C17072571541,NULL,96,NULL,G101414,NULL,NULL,NULL,1,NULL,03:40.0,NULL,NULL,NULL,NULL,96
2341,1463,C17072538283,NULL,96,NULL,S000482,NULL,NULL,NULL,1,NULL,03:40.0,NULL,NULL,NULL,NULL,96
2342,1469,C17072559701,NULL,96,NULL,S002011,NULL,NULL,NULL,1,NULL,03:40.0,NULL,NULL,NULL,NULL,96
2343,1535,C17072522744,NULL,96,NULL,M000863,NULL,NULL,NULL,1,NULL,03:40.0,NULL,NULL,NULL,NULL,96
2344,1558,C17072574261,NULL,96,NULL,P000774,NULL,NULL,NULL,1,NULL,03:40.0,NULL,NULL,NULL,NULL,96
2345,1566,C17072512031,NULL,96,NULL,E000676,NULL,NULL,NULL,1,NULL,03:40.0,NULL,NULL,NULL,NULL,96
2346,1570,C17072586823,NULL,96,NULL,J000277,NULL,NULL,NULL,1,NULL,03:40.0,NULL,NULL,NULL,NULL,96
2347,1599,C17072580633,NULL,96,NULL,H000198,NULL,NULL,NULL,1,NULL,03:40.0,NULL,NULL,NULL,NULL,96
2348,1608,C17072565945,NULL,96,NULL,S000489,NULL,NULL,NULL,1,NULL,03:40.0,NULL,NULL,NULL,NULL,96
2349,1610,C17072579683,NULL,96,NULL,G100870,NULL,NULL,NULL,1,NULL,03:40.0,NULL,NULL,NULL,NULL,96
2350,1615,C17072550879,NULL,96,NULL,C000779,NULL,NULL,NULL,1,NULL,03:40.0,NULL,NULL,NULL,NULL,96
2351,1629,C17072541079,NULL,96,NULL,S002244,NULL,NULL,NULL,1,NULL,03:40.0,NULL,NULL,NULL,NULL,96
2352,1631,C17072580689,NULL,96,NULL,I000423,NULL,NULL,NULL,1,NULL,03:40.0,NULL,NULL,NULL,NULL,96
2353,1641,C17072564760,NULL,96,NULL,G100061,NULL,NULL,NULL,1,NULL,03:40.0,NULL,NULL,NULL,NULL,96
2354,1645,C17072511305,NULL,96,NULL,G000287,NULL,NULL,NULL,1,NULL,03:40.0,NULL,NULL,NULL,NULL,96
2355,1655,C17072564803,NULL,96,NULL,A000770,NULL,NULL,NULL,1,NULL,03:40.0,NULL,NULL,NULL,NULL,96
2356,1674,C17072532305,NULL,96,NULL,C000788,NULL,NULL,NULL,1,NULL,03:40.0,NULL,NULL,NULL,NULL,96
2357,1677,C17072514215,NULL,96,NULL,A002702,NULL,NULL,NULL,1,NULL,03:40.0,NULL,NULL,NULL,NULL,96
2358,1680,C17072583659,NULL,96,NULL,C000759,NULL,NULL,NULL,1,NULL,03:40.0,NULL,NULL,NULL,NULL,96
2359,1685,C17072553341,NULL,96,NULL,G101120,NULL,NULL,NULL,1,NULL,03:40.0,NULL,NULL,NULL,NULL,96
2360,1687,C17072540331,NULL,96,NULL,G101070,NULL,NULL,NULL,1,NULL,03:40.0,NULL,NULL,NULL,NULL,96
2361,1696,C17072597815,NULL,96,NULL,I000266,NULL,NULL,NULL,1,NULL,03:40.0,NULL,NULL,NULL,NULL,96
2362,1709,C17072573879,NULL,96,NULL,S000105,NULL,NULL,NULL,1,NULL,03:40.0,NULL,NULL,NULL,NULL,96
2363,1721,C17072549926,NULL,96,NULL,K000231,NULL,NULL,NULL,1,NULL,03:40.0,NULL,NULL,NULL,NULL,96
2364,1758,C17072572215,NULL,96,NULL,N000353,NULL,NULL,NULL,1,NULL,03:40.0,NULL,NULL,NULL,NULL,96
2365,1760,C17072528170,NULL,96,NULL,G100932,NULL,NULL,NULL,1,NULL,03:40.0,NULL,NULL,NULL,NULL,96
2366,1765,C17072555922,NULL,96,NULL,S002075,NULL,NULL,NULL,1,NULL,03:40.0,NULL,NULL,NULL,NULL,96
2367,1776,C17072543861,NULL,96,NULL,G100334,NULL,NULL,NULL,1,NULL,03:40.0,NULL,NULL,NULL,NULL,96
2368,1798,C17072571570,NULL,96,NULL,R000804,NULL,NULL,NULL,1,NULL,03:40.0,NULL,NULL,NULL,NULL,96
2369,1823,C17072563383,NULL,96,NULL,F000108,NULL,NULL,NULL,1,NULL,03:40.0,NULL,NULL,NULL,NULL,96
2370,1825,C17072538417,NULL,96,NULL,E000671,NULL,NULL,NULL,1,NULL,03:40.0,NULL,NULL,NULL,NULL,96
2371,1826,C17072546560,NULL,96,NULL,U000145,NULL,NULL,NULL,1,NULL,03:40.0,NULL,NULL,NULL,NULL,96
2372,1832,C17072526300,NULL,96,NULL,A000767,NULL,NULL,NULL,1,NULL,03:40.0,NULL,NULL,NULL,NULL,96
2373,1846,C17072546701,NULL,96,NULL,F000133,NULL,NULL,NULL,1,NULL,03:40.0,NULL,NULL,NULL,NULL,96
2374,1848,C17072558814,NULL,96,NULL,B000540,NULL,NULL,NULL,1,NULL,03:40.0,NULL,NULL,NULL,NULL,96
2375,1874,C17072571895,NULL,96,NULL,T000453,NULL,NULL,NULL,1,NULL,03:40.0,NULL,NULL,NULL,NULL,96
2376,1881,C17072575197,NULL,96,NULL,T000320,NULL,NULL,NULL,1,NULL,03:40.0,NULL,NULL,NULL,NULL,96
2377,1920,C17072560146,NULL,96,NULL,P000011,NULL,NULL,NULL,1,NULL,03:40.0,NULL,NULL,NULL,NULL,96
2378,1924,C17072550891,NULL,96,NULL,S001227,NULL,NULL,NULL,1,NULL,03:40.0,NULL,NULL,NULL,NULL,96
2379,1936,C17072572681,NULL,96,NULL,K000433,NULL,NULL,NULL,1,NULL,03:40.0,NULL,NULL,NULL,NULL,96
2380,1943,C17072557035,NULL,96,NULL,P000743,NULL,NULL,NULL,1,NULL,03:40.0,NULL,NULL,NULL,NULL,96
2381,1961,C17072573460,NULL,96,NULL,A000168,NULL,NULL,NULL,1,NULL,03:40.0,NULL,NULL,NULL,NULL,96
2382,1964,C17072515449,NULL,96,NULL,L000110,NULL,NULL,NULL,1,NULL,03:40.0,NULL,NULL,NULL,NULL,96
2383,1982,C17072575113,NULL,96,NULL,G002265,NULL,NULL,NULL,1,NULL,03:40.0,NULL,NULL,NULL,NULL,96
2384,1986,C17072563618,NULL,96,NULL,G101423,NULL,NULL,NULL,1,NULL,03:40.0,NULL,NULL,NULL,NULL,96
2385,1990,C17072594888,NULL,96,NULL,A000087,NULL,NULL,NULL,1,NULL,03:40.0,NULL,NULL,NULL,NULL,96
2386,2006,C17072516722,NULL,96,NULL,N000346,NULL,NULL,NULL,1,NULL,03:40.0,NULL,NULL,NULL,NULL,96
2387,2039,C17072588283,NULL,96,NULL,C000737,NULL,NULL,NULL,1,NULL,03:40.0,NULL,NULL,NULL,NULL,96
2388,2059,C17072539418,NULL,96,NULL,R000825,NULL,NULL,NULL,1,NULL,03:40.0,NULL,NULL,NULL,NULL,96
2389,2069,C17072574683,NULL,96,NULL,V000550,NULL,NULL,NULL,1,NULL,03:40.0,NULL,NULL,NULL,NULL,96
2390,2082,C17072546616,NULL,96,NULL,S001790,NULL,NULL,NULL,1,NULL,03:40.0,NULL,NULL,NULL,NULL,96
2391,2088,C17072533225,NULL,96,NULL,L000614,NULL,NULL,NULL,1,NULL,03:40.0,NULL,NULL,NULL,NULL,96
2392,2092,C17072542370,NULL,96,NULL,T001140,NULL,NULL,NULL,1,NULL,03:40.1,NULL,NULL,NULL,NULL,96
2393,2126,C17072562412,NULL,96,NULL,K000474,NULL,NULL,NULL,1,NULL,03:40.1,NULL,NULL,NULL,NULL,96
2394,2129,C17072548069,NULL,96,NULL,H000517,NULL,NULL,NULL,1,NULL,03:40.1,NULL,NULL,NULL,NULL,96
2395,2168,C17072535004,NULL,96,NULL,D000352,NULL,NULL,NULL,1,NULL,03:40.1,NULL,NULL,NULL,NULL,96
2396,2189,C17072538034,NULL,96,NULL,S002169,NULL,NULL,NULL,1,NULL,03:40.1,NULL,NULL,NULL,NULL,96
2397,2202,C17072530719,NULL,96,NULL,K000463,NULL,NULL,NULL,1,NULL,03:40.1,NULL,NULL,NULL,NULL,96
2398,2216,C17072562126,NULL,96,NULL,J000214,NULL,NULL,NULL,1,NULL,03:40.1,NULL,NULL,NULL,NULL,96
2399,2226,C17072527443,NULL,96,NULL,F000219,NULL,NULL,NULL,1,NULL,03:40.1,NULL,NULL,NULL,NULL,96
2400,2233,C17072585509,NULL,96,NULL,A000463,NULL,NULL,NULL,1,NULL,03:40.1,NULL,NULL,NULL,NULL,96
2401,2249,C17072512758,NULL,96,NULL,G002231,NULL,NULL,NULL,1,NULL,03:40.1,NULL,NULL,NULL,NULL,96
2402,2287,C17072572952,NULL,96,NULL,G100161,NULL,NULL,NULL,1,NULL,03:40.1,NULL,NULL,NULL,NULL,96
2403,2292,C17072589093,NULL,96,NULL,S000607,NULL,NULL,NULL,1,NULL,03:40.1,NULL,NULL,NULL,NULL,96
2404,2293,C17072536657,NULL,96,NULL,C000578,NULL,NULL,NULL,1,NULL,03:40.1,NULL,NULL,NULL,NULL,96
2405,2298,C17072583979,NULL,96,NULL,H000950,NULL,NULL,NULL,1,NULL,03:40.1,NULL,NULL,NULL,NULL,96
2406,2303,C17072523740,NULL,96,NULL,G100459,NULL,NULL,NULL,1,NULL,03:40.1,NULL,NULL,NULL,NULL,96
2407,2312,C17072513240,NULL,96,NULL,A000061,NULL,NULL,NULL,1,NULL,03:40.1,NULL,NULL,NULL,NULL,96
2408,2318,C17072551506,NULL,96,NULL,H000204,NULL,NULL,NULL,1,NULL,03:40.1,NULL,NULL,NULL,NULL,96
2409,2319,C17072550279,NULL,96,NULL,M000146,NULL,NULL,NULL,1,NULL,03:40.1,NULL,NULL,NULL,NULL,96
2410,2324,C17072594413,NULL,96,NULL,H007015,NULL,NULL,NULL,1,NULL,03:40.1,NULL,NULL,NULL,NULL,96
2411,2325,C17072549511,NULL,96,NULL,U000187,NULL,NULL,NULL,1,NULL,03:40.1,NULL,NULL,NULL,NULL,96
2412,2328,C17072525975,NULL,96,NULL,C000720,NULL,NULL,NULL,1,NULL,03:40.1,NULL,NULL,NULL,NULL,96
2413,2368,C17072570816,NULL,96,NULL,G100146,NULL,NULL,NULL,1,NULL,03:40.1,NULL,NULL,NULL,NULL,96
2414,2404,C17072545117,NULL,96,NULL,U000125,NULL,NULL,NULL,1,NULL,03:40.1,NULL,NULL,NULL,NULL,96
2415,2407,C17072554945,NULL,96,NULL,P000730,NULL,NULL,NULL,1,NULL,03:40.1,NULL,NULL,NULL,NULL,96
2416,2410,C17072554938,NULL,96,NULL,M000796,NULL,NULL,NULL,1,NULL,03:40.1,NULL,NULL,NULL,NULL,96
2417,2416,C17072564476,NULL,96,NULL,R000812,NULL,NULL,NULL,1,NULL,03:40.1,NULL,NULL,NULL,NULL,96
2418,2434,C17072538234,NULL,96,NULL,G101188,NULL,NULL,NULL,1,NULL,03:40.1,NULL,NULL,NULL,NULL,96
2419,2459,C17072564865,NULL,96,NULL,H000419,NULL,NULL,NULL,1,NULL,03:40.1,NULL,NULL,NULL,NULL,96
2420,2476,C17072524269,NULL,96,NULL,G100401,NULL,NULL,NULL,1,NULL,03:40.1,NULL,NULL,NULL,NULL,96
2421,2503,C17072533386,NULL,96,NULL,G100121,NULL,NULL,NULL,1,NULL,03:40.1,NULL,NULL,NULL,NULL,96
2422,2541,C17072584514,NULL,96,NULL,H000475,NULL,NULL,NULL,1,NULL,03:40.1,NULL,NULL,NULL,NULL,96
2423,2566,C17072548049,NULL,96,NULL,V000417,NULL,NULL,NULL,1,NULL,03:40.1,NULL,NULL,NULL,NULL,96
2424,2568,C17072575886,NULL,96,NULL,H000921,NULL,NULL,NULL,1,NULL,03:40.1,NULL,NULL,NULL,NULL,96
2425,2608,C17072586014,NULL,96,NULL,G000226,NULL,NULL,NULL,1,NULL,03:40.1,NULL,NULL,NULL,NULL,96
2426,2614,C17072515854,NULL,96,NULL,C000780,NULL,NULL,NULL,1,NULL,03:40.1,NULL,NULL,NULL,NULL,96
2427,2627,C17072518087,NULL,96,NULL,G100135,NULL,NULL,NULL,1,NULL,03:40.1,NULL,NULL,NULL,NULL,96
2428,2631,C17072540144,NULL,96,NULL,N000385,NULL,NULL,NULL,1,NULL,03:40.1,NULL,NULL,NULL,NULL,96
2429,2664,C17072555475,NULL,96,NULL,G101073,NULL,NULL,NULL,1,NULL,03:40.1,NULL,NULL,NULL,NULL,96
2430,2670,C17072519367,NULL,96,NULL,L000637,NULL,NULL,NULL,1,NULL,03:40.1,NULL,NULL,NULL,NULL,96
2431,2689,C17072577860,NULL,96,NULL,G101113,NULL,NULL,NULL,1,NULL,03:40.1,NULL,NULL,NULL,NULL,96
2432,2723,C17072552430,NULL,96,NULL,S000983,NULL,NULL,NULL,1,NULL,03:40.1,NULL,NULL,NULL,NULL,96
2433,2736,C17072595671,NULL,96,NULL,H000959,NULL,NULL,NULL,1,NULL,03:40.1,NULL,NULL,NULL,NULL,96
2434,2740,C17072581641,NULL,96,NULL,V000531,NULL,NULL,NULL,1,NULL,03:40.1,NULL,NULL,NULL,NULL,96
2435,2742,C17072513621,NULL,96,NULL,R000040,NULL,NULL,NULL,1,NULL,03:40.1,NULL,NULL,NULL,NULL,96
2436,2748,C17072526232,NULL,96,NULL,B000492,NULL,NULL,NULL,1,NULL,03:40.1,NULL,NULL,NULL,NULL,96
2437,2750,C17072550808,NULL,96,NULL,K000233,NULL,NULL,NULL,1,NULL,03:40.1,NULL,NULL,NULL,NULL,96
2438,2751,C17072519352,NULL,96,NULL,G000225,NULL,NULL,NULL,1,NULL,03:40.1,NULL,NULL,NULL,NULL,96
2439,2756,C17072530729,NULL,96,NULL,E000012,NULL,NULL,NULL,1,NULL,03:40.1,NULL,NULL,NULL,NULL,96
2440,2758,C17072580318,NULL,96,NULL,B000018,NULL,NULL,NULL,1,NULL,03:40.1,NULL,NULL,NULL,NULL,96
2441,2761,C17072588150,NULL,96,NULL,C000714,NULL,NULL,NULL,1,NULL,03:40.1,NULL,NULL,NULL,NULL,96
2442,2783,C17072523364,NULL,96,NULL,S002014,NULL,NULL,NULL,1,NULL,03:40.1,NULL,NULL,NULL,NULL,96
2443,2799,C17072544527,NULL,96,NULL,W000103,NULL,NULL,NULL,1,NULL,03:40.1,NULL,NULL,NULL,NULL,96
2444,2809,C17072547667,NULL,96,NULL,T000160,NULL,NULL,NULL,1,NULL,03:40.1,NULL,NULL,NULL,NULL,96
2445,2813,C17072535398,NULL,96,NULL,G100460,NULL,NULL,NULL,1,NULL,03:40.1,NULL,NULL,NULL,NULL,96
2446,2829,C17072547881,NULL,96,NULL,U000121,NULL,NULL,NULL,1,NULL,03:40.1,NULL,NULL,NULL,NULL,96
2447,2834,C17072535314,NULL,96,NULL,C000733,NULL,NULL,NULL,1,NULL,03:40.1,NULL,NULL,NULL,NULL,96
2448,2846,C17072573245,NULL,96,NULL,S001479,NULL,NULL,NULL,1,NULL,03:40.1,NULL,NULL,NULL,NULL,96
2449,2861,C17072512081,NULL,96,NULL,Y000027,NULL,NULL,NULL,1,NULL,03:40.1,NULL,NULL,NULL,NULL,96
2450,2874,C17072589309,NULL,96,NULL,M000801,NULL,NULL,NULL,1,NULL,03:40.1,NULL,NULL,NULL,NULL,96
2451,2887,C17072524803,NULL,96,NULL,A002574,NULL,NULL,NULL,1,NULL,03:40.1,NULL,NULL,NULL,NULL,96
2452,2893,C17072598363,NULL,96,NULL,E000693,NULL,NULL,NULL,1,NULL,03:40.1,NULL,NULL,NULL,NULL,96
2453,2894,C17072576774,NULL,96,NULL,A000534,NULL,NULL,NULL,1,NULL,03:40.1,NULL,NULL,NULL,NULL,96
2454,2896,C17072590514,NULL,96,NULL,R000091,NULL,NULL,NULL,1,NULL,03:40.1,NULL,NULL,NULL,NULL,96
2455,2897,C17072537151,NULL,96,NULL,K000107,NULL,NULL,NULL,1,NULL,03:40.1,NULL,NULL,NULL,NULL,96
2456,2898,C17072594978,NULL,96,NULL,F000126,NULL,NULL,NULL,1,NULL,03:40.1,NULL,NULL,NULL,NULL,96
2457,2904,C17072542276,NULL,96,NULL,B000296,NULL,NULL,NULL,1,NULL,03:40.1,NULL,NULL,NULL,NULL,96
2458,2910,C17072541059,NULL,96,NULL,R000288,NULL,NULL,NULL,1,NULL,03:40.1,NULL,NULL,NULL,NULL,96
2459,2916,C17072512957,NULL,96,NULL,P000103,NULL,NULL,NULL,1,NULL,03:40.1,NULL,NULL,NULL,NULL,96
2460,2921,C17072571908,NULL,96,NULL,J000198,NULL,NULL,NULL,1,NULL,03:40.1,NULL,NULL,NULL,NULL,96
2461,2924,C17072565390,NULL,96,NULL,I000311,NULL,NULL,NULL,1,NULL,03:40.1,NULL,NULL,NULL,NULL,96
2462,2929,C17072539069,NULL,96,NULL,U000148,NULL,NULL,NULL,1,NULL,03:40.1,NULL,NULL,NULL,NULL,96
2463,2931,C17072599995,NULL,96,NULL,R000156,NULL,NULL,NULL,1,NULL,03:40.1,NULL,NULL,NULL,NULL,96
2464,2933,C17072575198,NULL,96,NULL,A000075,NULL,NULL,NULL,1,NULL,03:40.1,NULL,NULL,NULL,NULL,96
2465,2934,C17072529698,NULL,96,NULL,T001094,NULL,NULL,NULL,1,NULL,03:40.1,NULL,NULL,NULL,NULL,96
2466,2945,C17072599826,NULL,96,NULL,A000488,NULL,NULL,NULL,1,NULL,03:40.1,NULL,NULL,NULL,NULL,96
2467,2953,C17072525468,NULL,96,NULL,W000083,NULL,NULL,NULL,1,NULL,03:40.1,NULL,NULL,NULL,NULL,96
2468,2986,C17072566955,NULL,96,NULL,M000212,NULL,NULL,NULL,1,NULL,03:40.1,NULL,NULL,NULL,NULL,96
2469,2997,C17072582803,NULL,96,NULL,G000275,NULL,NULL,NULL,1,NULL,03:40.1,NULL,NULL,NULL,NULL,96
2470,3004,C17072548017,NULL,96,NULL,S000771,NULL,NULL,NULL,1,NULL,03:40.1,NULL,NULL,NULL,NULL,96
2471,3014,C17072573327,NULL,96,NULL,S002140,NULL,NULL,NULL,1,NULL,03:40.1,NULL,NULL,NULL,NULL,96
2472,3022,C17072584725,NULL,96,NULL,T001159,NULL,NULL,NULL,1,NULL,03:40.1,NULL,NULL,NULL,NULL,96
2473,3031,C17072557326,NULL,96,NULL,I000437,NULL,NULL,NULL,1,NULL,03:40.1,NULL,NULL,NULL,NULL,96
2474,3048,C17072525509,NULL,96,NULL,G000254,NULL,NULL,NULL,1,NULL,03:40.1,NULL,NULL,NULL,NULL,96
2475,3050,C17072541763,NULL,96,NULL,E000207,NULL,NULL,NULL,1,NULL,03:40.1,NULL,NULL,NULL,NULL,96
2476,3061,C17072579032,NULL,96,NULL,G101416,NULL,NULL,NULL,1,NULL,03:40.1,NULL,NULL,NULL,NULL,96
2477,3091,C17072524009,NULL,96,NULL,S002243,NULL,NULL,NULL,1,NULL,03:40.1,NULL,NULL,NULL,NULL,96
2478,3099,C17072565217,NULL,96,NULL,B000117,NULL,NULL,NULL,1,NULL,03:40.1,NULL,NULL,NULL,NULL,96
2479,3100,C17072539017,NULL,96,NULL,G100184,NULL,NULL,NULL,1,NULL,03:40.1,NULL,NULL,NULL,NULL,96
2480,3117,C17072517178,NULL,96,NULL,D000492,NULL,NULL,NULL,1,NULL,03:40.1,NULL,NULL,NULL,NULL,96
2481,3129,C17072530417,NULL,96,NULL,J000299,NULL,NULL,NULL,1,NULL,03:40.1,NULL,NULL,NULL,NULL,96
2482,3138,C17072590819,NULL,96,NULL,T007044,NULL,NULL,NULL,1,NULL,03:40.1,NULL,NULL,NULL,NULL,96
2483,3141,C17072512231,NULL,96,NULL,A002621,NULL,NULL,NULL,1,NULL,03:40.1,NULL,NULL,NULL,NULL,96
2484,3144,C17072578770,NULL,96,NULL,A000751,NULL,NULL,NULL,1,NULL,03:40.1,NULL,NULL,NULL,NULL,96
2485,3145,C17072548748,NULL,96,NULL,G000292,NULL,NULL,NULL,1,NULL,03:40.1,NULL,NULL,NULL,NULL,96
2486,3146,C17072529663,NULL,96,NULL,Z000015,NULL,NULL,NULL,1,NULL,03:40.1,NULL,NULL,NULL,NULL,96
2487,3147,C17072523108,NULL,96,NULL,H000474,NULL,NULL,NULL,1,NULL,03:40.1,NULL,NULL,NULL,NULL,96
2488,3148,C17072585779,NULL,96,NULL,A002685,NULL,NULL,NULL,1,NULL,03:40.1,NULL,NULL,NULL,NULL,96
2489,3157,C17072573420,NULL,96,NULL,G002261,NULL,NULL,NULL,1,NULL,03:40.1,NULL,NULL,NULL,NULL,96
2490,3189,C17072580271,NULL,96,NULL,S001709,NULL,NULL,NULL,1,NULL,03:40.1,NULL,NULL,NULL,NULL,96
2491,3192,C17072594594,NULL,96,NULL,R000707,NULL,NULL,NULL,1,NULL,03:40.1,NULL,NULL,NULL,NULL,96
2492,3194,C17072511630,NULL,96,NULL,D000302,NULL,NULL,NULL,1,NULL,03:40.1,NULL,NULL,NULL,NULL,96
2493,3210,C17072559388,NULL,96,NULL,B000520,NULL,NULL,NULL,1,NULL,03:40.1,NULL,NULL,NULL,NULL,96
2494,3223,C17072546414,NULL,96,NULL,B007036,NULL,NULL,NULL,1,NULL,03:40.1,NULL,NULL,NULL,NULL,96
2495,3236,C17072565820,NULL,96,NULL,D000305,NULL,NULL,NULL,1,NULL,03:40.1,NULL,NULL,NULL,NULL,96
2496,3248,C17072567667,NULL,96,NULL,H000061,NULL,NULL,NULL,1,NULL,03:40.1,NULL,NULL,NULL,NULL,96
2497,3249,C17072532180,NULL,96,NULL,V000493,NULL,NULL,NULL,1,NULL,03:40.1,NULL,NULL,NULL,NULL,96
2498,3252,C17072582939,NULL,96,NULL,L000612,NULL,NULL,NULL,1,NULL,03:40.1,NULL,NULL,NULL,NULL,96
2499,3270,C17072570760,NULL,96,NULL,C000558,NULL,NULL,NULL,1,NULL,03:40.1,NULL,NULL,NULL,NULL,96
2500,3278,C17072599963,NULL,96,NULL,F000217,NULL,NULL,NULL,1,NULL,03:40.1,NULL,NULL,NULL,NULL,96
2501,3280,C17072567241,NULL,96,NULL,H000391,NULL,NULL,NULL,1,NULL,03:40.1,NULL,NULL,NULL,NULL,96
2502,3281,C17072556500,NULL,96,NULL,N000279,NULL,NULL,NULL,1,NULL,03:40.1,NULL,NULL,NULL,NULL,96
2503,3282,C17072561860,NULL,96,NULL,L000521,NULL,NULL,NULL,1,NULL,03:40.1,NULL,NULL,NULL,NULL,96
2504,3294,C17072585242,NULL,96,NULL,T000432,NULL,NULL,NULL,1,NULL,03:40.1,NULL,NULL,NULL,NULL,96
2505,3295,C17072576604,NULL,96,NULL,S001864,NULL,NULL,NULL,1,NULL,03:40.1,NULL,NULL,NULL,NULL,96
2506,3319,C17072519218,NULL,96,NULL,G100950,NULL,NULL,NULL,1,NULL,03:40.1,NULL,NULL,NULL,NULL,96
2507,3344,C17072538442,NULL,96,NULL,U000130,NULL,NULL,NULL,1,NULL,03:40.1,NULL,NULL,NULL,NULL,96
2508,3352,C17072538791,NULL,96,NULL,K000437,NULL,NULL,NULL,1,NULL,03:40.1,NULL,NULL,NULL,NULL,96
2509,3356,C17072530189,NULL,96,NULL,T000376,NULL,NULL,NULL,1,NULL,03:40.1,NULL,NULL,NULL,NULL,96
2510,3367,C17072533178,NULL,96,NULL,I000414,NULL,NULL,NULL,1,NULL,03:40.1,NULL,NULL,NULL,NULL,96
2511,3379,C17072571701,NULL,96,NULL,K000008,NULL,NULL,NULL,1,NULL,03:40.1,NULL,NULL,NULL,NULL,96
2512,3384,C17072547260,NULL,96,NULL,L007011,NULL,NULL,NULL,1,NULL,03:40.1,NULL,NULL,NULL,NULL,96
2513,3395,C17072521925,NULL,96,NULL,P000785,NULL,NULL,NULL,1,NULL,03:40.1,NULL,NULL,NULL,NULL,96
2514,3397,C17072568287,NULL,96,NULL,O007010,NULL,NULL,NULL,1,NULL,03:40.1,NULL,NULL,NULL,NULL,96
2515,3401,C17072519147,NULL,96,NULL,H000491,NULL,NULL,NULL,1,NULL,03:40.1,NULL,NULL,NULL,NULL,96
2516,3411,C17072596019,NULL,96,NULL,S001988,NULL,NULL,NULL,1,NULL,03:40.1,NULL,NULL,NULL,NULL,96
2517,3414,C17072540272,NULL,96,NULL,P000795,NULL,NULL,NULL,1,NULL,03:40.1,NULL,NULL,NULL,NULL,96
2518,3436,C17072593916,NULL,96,NULL,S001926,NULL,NULL,NULL,1,NULL,03:40.1,NULL,NULL,NULL,NULL,96
2519,3451,C17072512768,NULL,96,NULL,A000785,NULL,NULL,NULL,1,NULL,03:40.1,NULL,NULL,NULL,NULL,96
2520,3468,C17072594774,NULL,96,NULL,V000258,NULL,NULL,NULL,1,NULL,03:40.2,NULL,NULL,NULL,NULL,96
2521,3470,C17072589078,NULL,96,NULL,K000015,NULL,NULL,NULL,1,NULL,03:40.2,NULL,NULL,NULL,NULL,96
2522,3471,C17072529020,NULL,96,NULL,V006024,NULL,NULL,NULL,1,NULL,03:40.2,NULL,NULL,NULL,NULL,96
2523,3474,C17072527818,NULL,96,NULL,C007048,NULL,NULL,NULL,1,NULL,03:40.2,NULL,NULL,NULL,NULL,96
2524,3476,C17072593322,NULL,96,NULL,G101174,NULL,NULL,NULL,1,NULL,03:40.2,NULL,NULL,NULL,NULL,96
2525,3483,C17072555438,NULL,96,NULL,B000405,NULL,NULL,NULL,1,NULL,03:40.2,NULL,NULL,NULL,NULL,96
2526,3493,C17072598576,NULL,96,NULL,F000177,NULL,NULL,NULL,1,NULL,03:40.2,NULL,NULL,NULL,NULL,96
2527,3500,C17072519076,NULL,96,NULL,R000838,NULL,NULL,NULL,1,NULL,03:40.2,NULL,NULL,NULL,NULL,96
2528,3510,C17072516375,NULL,96,NULL,G100830,NULL,NULL,NULL,1,NULL,03:40.2,NULL,NULL,NULL,NULL,96
2529,3511,C17072587712,NULL,96,NULL,N000350,NULL,NULL,NULL,1,NULL,03:40.2,NULL,NULL,NULL,NULL,96
2530,3532,C17072565791,NULL,96,NULL,S001373,NULL,NULL,NULL,1,NULL,03:40.2,NULL,NULL,NULL,NULL,96
2531,3534,C17072516313,NULL,96,NULL,G100843,NULL,NULL,NULL,1,NULL,03:40.2,NULL,NULL,NULL,NULL,96
2532,3545,C17072582313,NULL,96,NULL,C000642,NULL,NULL,NULL,1,NULL,03:40.2,NULL,NULL,NULL,NULL,96
2533,3546,C17072516725,NULL,96,NULL,S001499,NULL,NULL,NULL,1,NULL,03:40.2,NULL,NULL,NULL,NULL,96
2534,3553,C17072526030,NULL,96,NULL,M000577,NULL,NULL,NULL,1,NULL,03:40.2,NULL,NULL,NULL,NULL,96
2535,3569,C17072585260,NULL,96,NULL,A002622,NULL,NULL,NULL,1,NULL,03:40.2,NULL,NULL,NULL,NULL,96
2536,3577,C17072531534,NULL,96,NULL,N000337,NULL,NULL,NULL,1,NULL,03:40.2,NULL,NULL,NULL,NULL,96
2537,3595,C17072563389,NULL,96,NULL,S002195,NULL,NULL,NULL,1,NULL,03:40.2,NULL,NULL,NULL,NULL,96
2538,3597,C17072517249,NULL,96,NULL,S002143,NULL,NULL,NULL,1,NULL,03:40.2,NULL,NULL,NULL,NULL,96
2539,3605,C17072521432,NULL,96,NULL,S001949,NULL,NULL,NULL,1,NULL,03:40.2,NULL,NULL,NULL,NULL,96
2540,3612,C17072579076,NULL,96,NULL,K000228,NULL,NULL,NULL,1,NULL,03:40.2,NULL,NULL,NULL,NULL,96
2541,3620,C17072516320,NULL,96,NULL,K000462,NULL,NULL,NULL,1,NULL,03:40.2,NULL,NULL,NULL,NULL,96
2542,3622,C17072551619,NULL,96,NULL,T001128,NULL,NULL,NULL,1,NULL,03:40.2,NULL,NULL,NULL,NULL,96
2543,3624,C17072563921,NULL,96,NULL,M000118,NULL,NULL,NULL,1,NULL,03:40.2,NULL,NULL,NULL,NULL,96
2544,3625,C17072528040,NULL,96,NULL,R000245,NULL,NULL,NULL,1,NULL,03:40.2,NULL,NULL,NULL,NULL,96
2545,3627,C17072541628,NULL,96,NULL,V000100,NULL,NULL,NULL,1,NULL,03:40.2,NULL,NULL,NULL,NULL,96
2546,3628,C17072513493,NULL,96,NULL,C000327,NULL,NULL,NULL,1,NULL,03:40.2,NULL,NULL,NULL,NULL,96
2547,3629,C17072599774,NULL,96,NULL,A000487,NULL,NULL,NULL,1,NULL,03:40.2,NULL,NULL,NULL,NULL,96
2548,3630,C17072522005,NULL,96,NULL,S001399,NULL,NULL,NULL,1,NULL,03:40.2,NULL,NULL,NULL,NULL,96
2549,3631,C17072524314,NULL,96,NULL,S000653,NULL,NULL,NULL,1,NULL,03:40.2,NULL,NULL,NULL,NULL,96
2550,3635,C17072542202,NULL,96,NULL,M000579,NULL,NULL,NULL,1,NULL,03:40.2,NULL,NULL,NULL,NULL,96
2551,3637,C17072530337,NULL,96,NULL,C000560,NULL,NULL,NULL,1,NULL,03:40.2,NULL,NULL,NULL,NULL,96
2552,3639,C17072536544,NULL,96,NULL,R000753,NULL,NULL,NULL,1,NULL,03:40.2,NULL,NULL,NULL,NULL,96
2553,3650,C17072588763,NULL,96,NULL,C000766,NULL,NULL,NULL,1,NULL,03:40.2,NULL,NULL,NULL,NULL,96
2554,3652,C17072593753,NULL,96,NULL,M000785,NULL,NULL,NULL,1,NULL,03:40.2,NULL,NULL,NULL,NULL,96
2555,3654,C17072579784,NULL,96,NULL,L000523,NULL,NULL,NULL,1,NULL,03:40.2,NULL,NULL,NULL,NULL,96
2556,3656,C17072596068,NULL,96,NULL,F000179,NULL,NULL,NULL,1,NULL,03:40.2,NULL,NULL,NULL,NULL,96
2557,3657,C17072523899,NULL,96,NULL,G000017,NULL,NULL,NULL,1,NULL,03:40.2,NULL,NULL,NULL,NULL,96
2558,3664,C17072518273,NULL,96,NULL,B000159,NULL,NULL,NULL,1,NULL,03:40.2,NULL,NULL,NULL,NULL,96
2559,3673,C17072555606,NULL,96,NULL,H000058,NULL,NULL,NULL,1,NULL,03:40.2,NULL,NULL,NULL,NULL,96
2560,3674,C17072545821,NULL,96,NULL,V000013,NULL,NULL,NULL,1,NULL,03:40.2,NULL,NULL,NULL,NULL,96
2561,3675,C17072592586,NULL,96,NULL,V000415,NULL,NULL,NULL,1,NULL,03:40.2,NULL,NULL,NULL,NULL,96
2562,3678,C17072530476,NULL,96,NULL,A001319,NULL,NULL,NULL,1,NULL,03:40.2,NULL,NULL,NULL,NULL,96
2563,3689,C17072512026,NULL,96,NULL,B000444,NULL,NULL,NULL,1,NULL,03:40.2,NULL,NULL,NULL,NULL,96
2564,3695,C17072574608,NULL,96,NULL,A006158,NULL,NULL,NULL,1,NULL,03:40.2,NULL,NULL,NULL,NULL,96
2565,3701,C17072510601,NULL,96,NULL,F000132,NULL,NULL,NULL,1,NULL,03:40.2,NULL,NULL,NULL,NULL,96
2566,3705,C17072516189,NULL,96,NULL,W000102,NULL,NULL,NULL,1,NULL,03:40.2,NULL,NULL,NULL,NULL,96
2567,3708,C17072598718,NULL,96,NULL,T001166,NULL,NULL,NULL,1,NULL,03:40.2,NULL,NULL,NULL,NULL,96
2568,3714,C17072547753,NULL,96,NULL,L000603,NULL,NULL,NULL,1,NULL,03:40.2,NULL,NULL,NULL,NULL,96
2569,3721,C17072574567,NULL,96,NULL,L000618,NULL,NULL,NULL,1,NULL,03:40.2,NULL,NULL,NULL,NULL,96
2570,3729,C17072515144,NULL,96,NULL,S007701,NULL,NULL,NULL,1,NULL,03:40.2,NULL,NULL,NULL,NULL,96
2571,3753,C17072558764,NULL,96,NULL,R000705,NULL,NULL,NULL,1,NULL,03:40.2,NULL,NULL,NULL,NULL,96
2572,3803,C17072540256,NULL,96,NULL,A002586,NULL,NULL,NULL,1,NULL,03:40.2,NULL,NULL,NULL,NULL,96
2573,3821,C17072555501,NULL,96,NULL,P000764,NULL,NULL,NULL,1,NULL,03:40.2,NULL,NULL,NULL,NULL,96
2574,3823,C17072528465,NULL,96,NULL,A002620,NULL,NULL,NULL,1,NULL,03:40.2,NULL,NULL,NULL,NULL,96
2575,3850,C17072546864,NULL,96,NULL,Z000076,NULL,NULL,NULL,1,NULL,03:40.2,NULL,NULL,NULL,NULL,96
2576,3858,C17072592738,NULL,96,NULL,D007055,NULL,NULL,NULL,1,NULL,03:40.2,NULL,NULL,NULL,NULL,96
2577,3871,C17072518544,NULL,96,NULL,B000466,NULL,NULL,NULL,1,NULL,03:40.2,NULL,NULL,NULL,NULL,96
2578,3873,C17072584803,NULL,96,NULL,T001082,NULL,NULL,NULL,1,NULL,03:40.2,NULL,NULL,NULL,NULL,96
2579,3874,C17072583836,NULL,96,NULL,A002478,NULL,NULL,NULL,1,NULL,03:40.2,NULL,NULL,NULL,NULL,96
2580,3877,C17072566893,NULL,96,NULL,A002444,NULL,NULL,NULL,1,NULL,03:40.2,NULL,NULL,NULL,NULL,96
2581,3878,C17072540538,NULL,96,NULL,A002561,NULL,NULL,NULL,1,NULL,03:40.2,NULL,NULL,NULL,NULL,96
2582,3890,C17072537339,NULL,96,NULL,G100264,NULL,NULL,NULL,1,NULL,03:40.2,NULL,NULL,NULL,NULL,96
2583,3907,C17072579565,NULL,96,NULL,O000166,NULL,NULL,NULL,1,NULL,03:40.2,NULL,NULL,NULL,NULL,96
2584,3924,C17072531482,NULL,96,NULL,G101191,NULL,NULL,NULL,1,NULL,03:40.2,NULL,NULL,NULL,NULL,96
2585,3942,C17072591869,NULL,96,NULL,A001241,NULL,NULL,NULL,1,NULL,03:40.2,NULL,NULL,NULL,NULL,96
2586,3945,C17072529329,NULL,96,NULL,G100895,NULL,NULL,NULL,1,NULL,03:40.2,NULL,NULL,NULL,NULL,96
2587,3947,C17072517961,NULL,96,NULL,G100345,NULL,NULL,NULL,1,NULL,03:40.2,NULL,NULL,NULL,NULL,96
2588,3979,C17072581698,NULL,96,NULL,U000085,NULL,NULL,NULL,1,NULL,03:40.2,NULL,NULL,NULL,NULL,96
2589,3986,C17072530296,NULL,96,NULL,P000325,NULL,NULL,NULL,1,NULL,03:40.2,NULL,NULL,NULL,NULL,96
2590,3988,C17072562726,NULL,96,NULL,K000027,NULL,NULL,NULL,1,NULL,03:40.2,NULL,NULL,NULL,NULL,96
2591,3996,C17072581452,NULL,96,NULL,I007053,NULL,NULL,NULL,1,NULL,03:40.2,NULL,NULL,NULL,NULL,96
2592,4009,C17072520913,NULL,96,NULL,S002091,NULL,NULL,NULL,1,NULL,03:40.2,NULL,NULL,NULL,NULL,96
2593,4021,C17072558927,NULL,96,NULL,G002264,NULL,NULL,NULL,1,NULL,03:40.2,NULL,NULL,NULL,NULL,96
2594,4028,C17072556857,NULL,96,NULL,E007051,NULL,NULL,NULL,1,NULL,03:40.2,NULL,NULL,NULL,NULL,96
2595,4034,C17072517296,NULL,96,NULL,M000781,NULL,NULL,NULL,1,NULL,03:40.2,NULL,NULL,NULL,NULL,96
2596,4061,C17072592675,NULL,96,NULL,E000532,NULL,NULL,NULL,1,NULL,03:40.2,NULL,NULL,NULL,NULL,96
2597,4076,C17072579745,NULL,96,NULL,Z000080,NULL,NULL,NULL,1,NULL,03:40.2,NULL,NULL,NULL,NULL,96
2598,4078,C17072528396,NULL,96,NULL,K000420,NULL,NULL,NULL,1,NULL,03:40.2,NULL,NULL,NULL,NULL,96
2599,4079,C17072526323,NULL,96,NULL,C000563,NULL,NULL,NULL,1,NULL,03:40.2,NULL,NULL,NULL,NULL,96
2600,4080,C17072520337,NULL,96,NULL,S001269,NULL,NULL,NULL,1,NULL,03:40.2,NULL,NULL,NULL,NULL,96
2601,4082,C17072525383,NULL,96,NULL,C000250,NULL,NULL,NULL,1,NULL,03:40.2,NULL,NULL,NULL,NULL,96
2602,4083,C17072510647,NULL,96,NULL,C000286,NULL,NULL,NULL,1,NULL,03:40.2,NULL,NULL,NULL,NULL,96
2603,4087,C17072530762,NULL,96,NULL,S000827,NULL,NULL,NULL,1,NULL,03:40.2,NULL,NULL,NULL,NULL,96
2604,4098,C17072589604,NULL,96,NULL,S001219,NULL,NULL,NULL,1,NULL,03:40.2,NULL,NULL,NULL,NULL,96
2605,4104,C17072573697,NULL,96,NULL,P007044,NULL,NULL,NULL,1,NULL,03:40.2,NULL,NULL,NULL,NULL,96
2606,4119,C17072594080,NULL,96,NULL,V000197,NULL,NULL,NULL,1,NULL,03:40.2,NULL,NULL,NULL,NULL,96
2607,4125,C17072538784,NULL,96,NULL,S002209,NULL,NULL,NULL,1,NULL,03:40.2,NULL,NULL,NULL,NULL,96
2608,4128,C17072549549,NULL,96,NULL,E000608,NULL,NULL,NULL,1,NULL,03:40.2,NULL,NULL,NULL,NULL,96
2609,4133,C17072560127,NULL,96,NULL,K000422,NULL,NULL,NULL,1,NULL,03:40.2,NULL,NULL,NULL,NULL,96
2610,4138,C17072594733,NULL,96,NULL,S000249,NULL,NULL,NULL,1,NULL,03:40.2,NULL,NULL,NULL,NULL,96
2611,4150,C17072520454,NULL,96,NULL,F007020,NULL,NULL,NULL,1,NULL,03:40.2,NULL,NULL,NULL,NULL,96
2612,4160,C17072544820,NULL,96,NULL,O000109,NULL,NULL,NULL,1,NULL,03:40.2,NULL,NULL,NULL,NULL,96
2613,4164,C17072562159,NULL,96,NULL,B000406,NULL,NULL,NULL,1,NULL,03:40.2,NULL,NULL,NULL,NULL,96
2614,4172,C17072582833,NULL,96,NULL,O000171,NULL,NULL,NULL,1,NULL,03:40.2,NULL,NULL,NULL,NULL,96
2615,4173,C17072583090,NULL,96,NULL,G000303,NULL,NULL,NULL,1,NULL,03:40.2,NULL,NULL,NULL,NULL,96
2616,4195,C17072590762,NULL,96,NULL,N000369,NULL,NULL,NULL,1,NULL,03:40.2,NULL,NULL,NULL,NULL,96
2617,4207,C17072548910,NULL,96,NULL,V000037,NULL,NULL,NULL,1,NULL,03:40.2,NULL,NULL,NULL,NULL,96
2618,4208,C17072562425,NULL,96,NULL,V000055,NULL,NULL,NULL,1,NULL,03:40.2,NULL,NULL,NULL,NULL,96
2619,4223,C17072577349,NULL,96,NULL,A000842,NULL,NULL,NULL,1,NULL,03:40.2,NULL,NULL,NULL,NULL,96
2620,4242,C17072590220,NULL,96,NULL,H000418,NULL,NULL,NULL,1,NULL,03:40.2,NULL,NULL,NULL,NULL,96
2621,4249,C17072565154,NULL,96,NULL,N000227,NULL,NULL,NULL,1,NULL,03:40.2,NULL,NULL,NULL,NULL,96
2622,4288,C17072556491,NULL,96,NULL,C000732,NULL,NULL,NULL,1,NULL,03:40.2,NULL,NULL,NULL,NULL,96
2623,4290,C17072517725,NULL,96,NULL,A000736,NULL,NULL,NULL,1,NULL,03:40.2,NULL,NULL,NULL,NULL,96
2624,4291,C17072530324,NULL,96,NULL,E000533,NULL,NULL,NULL,1,NULL,03:40.2,NULL,NULL,NULL,NULL,96
2625,4308,C17072549998,NULL,96,NULL,G101392,NULL,NULL,NULL,1,NULL,03:40.2,NULL,NULL,NULL,NULL,96
2626,4333,C17072542829,NULL,96,NULL,T001162,NULL,NULL,NULL,1,NULL,03:40.2,NULL,NULL,NULL,NULL,96
2627,4349,C17072534603,NULL,96,NULL,G101043,NULL,NULL,NULL,1,NULL,03:40.2,NULL,NULL,NULL,NULL,96
2628,4374,C17072548634,NULL,96,NULL,S002028,NULL,NULL,NULL,1,NULL,03:40.2,NULL,NULL,NULL,NULL,96
2629,4375,C17072554095,NULL,96,NULL,A002653,NULL,NULL,NULL,1,NULL,03:40.2,NULL,NULL,NULL,NULL,96
2630,4385,C17072565169,NULL,96,NULL,S000409,NULL,NULL,NULL,1,NULL,03:40.2,NULL,NULL,NULL,NULL,96
2631,4389,C17072517144,NULL,96,NULL,D000290,NULL,NULL,NULL,1,NULL,03:40.2,NULL,NULL,NULL,NULL,96
2632,4391,C17072535276,NULL,96,NULL,G100881,NULL,NULL,NULL,1,NULL,03:40.2,NULL,NULL,NULL,NULL,96
2633,4395,C17072513000,NULL,96,NULL,A002509,NULL,NULL,NULL,1,NULL,03:40.2,NULL,NULL,NULL,NULL,96
2634,4406,C17072516695,NULL,96,NULL,A000144,NULL,NULL,NULL,1,NULL,03:40.2,NULL,NULL,NULL,NULL,96
2635,4407,C17072590393,NULL,96,NULL,P000682,NULL,NULL,NULL,1,NULL,03:40.2,NULL,NULL,NULL,NULL,96
2636,4414,C17072571108,NULL,96,NULL,F000213,NULL,NULL,NULL,1,NULL,03:40.2,NULL,NULL,NULL,NULL,96
2637,4438,C17072543283,NULL,96,NULL,M000866,NULL,NULL,NULL,1,NULL,03:40.2,NULL,NULL,NULL,NULL,96
2638,4443,C17072580566,NULL,96,NULL,N007072,NULL,NULL,NULL,1,NULL,03:40.2,NULL,NULL,NULL,NULL,96
2639,4447,C17072580462,NULL,96,NULL,S001561,NULL,NULL,NULL,1,NULL,03:40.2,NULL,NULL,NULL,NULL,96
2640,4463,C17072523741,NULL,96,NULL,R000723,NULL,NULL,NULL,1,NULL,03:40.2,NULL,NULL,NULL,NULL,96
2641,4487,C17072524084,NULL,96,NULL,A000786,NULL,NULL,NULL,1,NULL,03:40.2,NULL,NULL,NULL,NULL,96
2642,4488,C17072519995,NULL,96,NULL,S001165,NULL,NULL,NULL,1,NULL,03:40.2,NULL,NULL,NULL,NULL,96
2643,4489,C17072534131,NULL,96,NULL,P000462,NULL,NULL,NULL,1,NULL,03:40.2,NULL,NULL,NULL,NULL,96
2644,4509,C17072594248,NULL,96,NULL,A002558,NULL,NULL,NULL,1,NULL,03:40.2,NULL,NULL,NULL,NULL,96
2645,4510,C17072573178,NULL,96,NULL,E000528,NULL,NULL,NULL,1,NULL,03:40.2,NULL,NULL,NULL,NULL,96
2646,4513,C17072558920,NULL,96,NULL,V000489,NULL,NULL,NULL,1,NULL,03:40.3,NULL,NULL,NULL,NULL,96
2647,4517,C17072521176,NULL,96,NULL,E000677,NULL,NULL,NULL,1,NULL,03:40.3,NULL,NULL,NULL,NULL,96
2648,4539,C17072515133,NULL,96,NULL,A007045,NULL,NULL,NULL,1,NULL,03:40.3,NULL,NULL,NULL,NULL,96
2649,4542,C17072569636,NULL,96,NULL,R000687,NULL,NULL,NULL,1,NULL,03:40.3,NULL,NULL,NULL,NULL,96
2650,4549,C17072528553,NULL,96,NULL,P007018,NULL,NULL,NULL,1,NULL,03:40.3,NULL,NULL,NULL,NULL,96
2651,4571,C17072561060,NULL,96,NULL,A000084,NULL,NULL,NULL,1,NULL,03:40.3,NULL,NULL,NULL,NULL,96
2652,4572,C17072556091,NULL,96,NULL,I000243,NULL,NULL,NULL,1,NULL,03:40.3,NULL,NULL,NULL,NULL,96
2653,4644,C17072582034,NULL,96,NULL,S000010,NULL,NULL,NULL,1,NULL,03:40.3,NULL,NULL,NULL,NULL,96
2654,4661,C17072558155,NULL,96,NULL,K000236,NULL,NULL,NULL,1,NULL,03:40.3,NULL,NULL,NULL,NULL,96
2655,4667,C17072521755,NULL,96,NULL,D000466,NULL,NULL,NULL,1,NULL,03:40.3,NULL,NULL,NULL,NULL,96
2656,4674,C17072511829,NULL,96,NULL,S000658,NULL,NULL,NULL,1,NULL,03:40.3,NULL,NULL,NULL,NULL,96
2657,4681,C17072555726,NULL,96,NULL,D000474,NULL,NULL,NULL,1,NULL,03:40.3,NULL,NULL,NULL,NULL,96
2658,4682,C17072592986,NULL,96,NULL,M000798,NULL,NULL,NULL,1,NULL,03:40.3,NULL,NULL,NULL,NULL,96
2659,4716,C17072514418,NULL,96,NULL,A002552,NULL,NULL,NULL,1,NULL,03:40.3,NULL,NULL,NULL,NULL,96
2660,4738,C17072522374,NULL,96,NULL,R000318,NULL,NULL,NULL,1,NULL,03:40.3,NULL,NULL,NULL,NULL,96
2661,4741,C17072560838,NULL,96,NULL,V000524,NULL,NULL,NULL,1,NULL,03:40.3,NULL,NULL,NULL,NULL,96
2662,4742,C17072515835,NULL,96,NULL,T000474,NULL,NULL,NULL,1,NULL,03:40.3,NULL,NULL,NULL,NULL,96
2663,4746,C17072531910,NULL,96,NULL,T000001,NULL,NULL,NULL,1,NULL,03:40.3,NULL,NULL,NULL,NULL,96
2664,4747,C17072545415,NULL,96,NULL,M000200,NULL,NULL,NULL,1,NULL,03:40.3,NULL,NULL,NULL,NULL,96
2665,4757,C17072566267,NULL,96,NULL,K000454,NULL,NULL,NULL,1,NULL,03:40.3,NULL,NULL,NULL,NULL,96
2666,4758,C17072539123,NULL,96,NULL,F000178,NULL,NULL,NULL,1,NULL,03:40.3,NULL,NULL,NULL,NULL,96
2667,4783,C17072586029,NULL,96,NULL,T001083,NULL,NULL,NULL,1,NULL,03:40.3,NULL,NULL,NULL,NULL,96
2668,4785,C17072530549,NULL,96,NULL,U002009,NULL,NULL,NULL,1,NULL,03:40.3,NULL,NULL,NULL,NULL,96
2669,4788,C17072513725,NULL,96,NULL,G000060,NULL,NULL,NULL,1,NULL,03:40.3,NULL,NULL,NULL,NULL,96
2670,4789,C17072558775,NULL,96,NULL,V000223,NULL,NULL,NULL,1,NULL,03:40.3,NULL,NULL,NULL,NULL,96
2671,4793,C17072533109,NULL,96,NULL,E000188,NULL,NULL,NULL,1,NULL,03:40.3,NULL,NULL,NULL,NULL,96
2672,4800,C17072525021,NULL,96,NULL,G101405,NULL,NULL,NULL,1,NULL,03:40.3,NULL,NULL,NULL,NULL,96
2673,4840,C17072545865,NULL,96,NULL,S001917,NULL,NULL,NULL,1,NULL,03:40.3,NULL,NULL,NULL,NULL,96
2674,4846,C17072575656,NULL,96,NULL,O007012,NULL,NULL,NULL,1,NULL,03:40.3,NULL,NULL,NULL,NULL,96
2675,4855,C17072519922,NULL,96,NULL,G101273,NULL,NULL,NULL,1,NULL,03:40.3,NULL,NULL,NULL,NULL,96
2676,4886,C17072539936,NULL,96,NULL,P000776,NULL,NULL,NULL,1,NULL,03:40.3,NULL,NULL,NULL,NULL,96
2677,4890,C17072580220,NULL,96,NULL,L000590,NULL,NULL,NULL,1,NULL,03:40.3,NULL,NULL,NULL,NULL,96
2678,4893,C17072550876,NULL,96,NULL,F000214,NULL,NULL,NULL,1,NULL,03:40.3,NULL,NULL,NULL,NULL,96
2679,4897,C17072546491,NULL,96,NULL,P000354,NULL,NULL,NULL,1,NULL,03:40.3,NULL,NULL,NULL,NULL,96
2680,4906,C17072599098,NULL,96,NULL,A002656,NULL,NULL,NULL,1,NULL,03:40.3,NULL,NULL,NULL,NULL,96
2681,4913,C17072583604,NULL,96,NULL,R000142,NULL,NULL,NULL,1,NULL,03:40.3,NULL,NULL,NULL,NULL,96
2682,4917,C17072518222,NULL,96,NULL,K000470,NULL,NULL,NULL,1,NULL,03:40.3,NULL,NULL,NULL,NULL,96
2683,4931,C17072595961,NULL,96,NULL,G101402,NULL,NULL,NULL,1,NULL,03:40.3,NULL,NULL,NULL,NULL,96
2684,4936,C17072570879,NULL,96,NULL,C000786,NULL,NULL,NULL,1,NULL,03:40.3,NULL,NULL,NULL,NULL,96
2685,4954,C17072536271,NULL,96,NULL,A002628,NULL,NULL,NULL,1,NULL,03:40.3,NULL,NULL,NULL,NULL,96
2686,4979,C17072538969,NULL,96,NULL,P007041,NULL,NULL,NULL,1,NULL,03:40.3,NULL,NULL,NULL,NULL,96
2687,4980,C17072596679,NULL,96,NULL,S001979,NULL,NULL,NULL,1,NULL,03:40.3,NULL,NULL,NULL,NULL,96
2688,4987,C17072583155,NULL,96,NULL,E000643,NULL,NULL,NULL,1,NULL,03:40.3,NULL,NULL,NULL,NULL,96
2689,4996,C17072569337,NULL,96,NULL,P000763,NULL,NULL,NULL,1,NULL,03:40.3,NULL,NULL,NULL,NULL,96
2690,5009,C17072594372,NULL,96,NULL,G100965,NULL,NULL,NULL,1,NULL,03:40.3,NULL,NULL,NULL,NULL,96
2691,5023,C17072517919,NULL,96,NULL,S006143,NULL,NULL,NULL,1,NULL,03:40.3,NULL,NULL,NULL,NULL,96
2692,5031,C17072592333,NULL,96,NULL,T001035,NULL,NULL,NULL,1,NULL,03:40.3,NULL,NULL,NULL,NULL,96
2693,5037,C17072524845,NULL,96,NULL,A002670,NULL,NULL,NULL,1,NULL,03:40.3,NULL,NULL,NULL,NULL,96
2694,5047,C17072592011,NULL,96,NULL,C000647,NULL,NULL,NULL,1,NULL,03:40.3,NULL,NULL,NULL,NULL,96
2695,5055,C17072524998,NULL,96,NULL,A002676,NULL,NULL,NULL,1,NULL,03:40.3,NULL,NULL,NULL,NULL,96
2696,5072,C17072570248,NULL,96,NULL,L000634,NULL,NULL,NULL,1,NULL,03:40.3,NULL,NULL,NULL,NULL,96
2697,5077,C17072553855,NULL,96,NULL,S002051,NULL,NULL,NULL,1,NULL,03:40.3,NULL,NULL,NULL,NULL,96
2698,5091,C17072593383,NULL,96,NULL,L000548,NULL,NULL,NULL,1,NULL,03:40.3,NULL,NULL,NULL,NULL,96
2699,5096,C17072549938,NULL,96,NULL,N007043,NULL,NULL,NULL,1,NULL,03:40.3,NULL,NULL,NULL,NULL,96
2700,5106,C17072564704,NULL,96,NULL,P000681,NULL,NULL,NULL,1,NULL,03:40.3,NULL,NULL,NULL,NULL,96
2701,5117,C17072578672,NULL,96,NULL,S002073,NULL,NULL,NULL,1,NULL,03:40.3,NULL,NULL,NULL,NULL,96
2702,5120,C17072511758,NULL,96,NULL,M000787,NULL,NULL,NULL,1,NULL,03:40.3,NULL,NULL,NULL,NULL,96
2703,5124,C17072576496,NULL,96,NULL,V000337,NULL,NULL,NULL,1,NULL,03:40.3,NULL,NULL,NULL,NULL,96
2704,5125,C17072514167,NULL,96,NULL,A002524,NULL,NULL,NULL,1,NULL,03:40.3,NULL,NULL,NULL,NULL,96
2705,5126,C17072576263,NULL,96,NULL,T000469,NULL,NULL,NULL,1,NULL,03:40.3,NULL,NULL,NULL,NULL,96
2706,5131,C17072590318,NULL,96,NULL,G101309,NULL,NULL,NULL,1,NULL,03:40.3,NULL,NULL,NULL,NULL,96
2707,5145,C17072559634,NULL,96,NULL,G000237,NULL,NULL,NULL,1,NULL,03:40.3,NULL,NULL,NULL,NULL,96
2708,5151,C17072590861,NULL,96,NULL,T000528,NULL,NULL,NULL,1,NULL,03:40.3,NULL,NULL,NULL,NULL,96
2709,5161,C17072590200,NULL,96,NULL,I000439,NULL,NULL,NULL,1,NULL,03:40.3,NULL,NULL,NULL,NULL,96
2710,5171,C17072521292,NULL,96,NULL,E000652,NULL,NULL,NULL,1,NULL,03:40.3,NULL,NULL,NULL,NULL,96
2711,5174,C17072566103,NULL,96,NULL,M000530,NULL,NULL,NULL,1,NULL,03:40.3,NULL,NULL,NULL,NULL,96
2712,5175,C17072566528,NULL,96,NULL,S001369,NULL,NULL,NULL,1,NULL,03:40.3,NULL,NULL,NULL,NULL,96
2713,5185,C17072571444,NULL,96,NULL,H000519,NULL,NULL,NULL,1,NULL,03:40.3,NULL,NULL,NULL,NULL,96
2714,5193,C17072575822,NULL,96,NULL,F000011,NULL,NULL,NULL,1,NULL,03:40.3,NULL,NULL,NULL,NULL,96
2715,5212,C17072591729,NULL,96,NULL,C000186,NULL,NULL,NULL,1,NULL,03:40.3,NULL,NULL,NULL,NULL,96
2716,5216,C17072590294,NULL,96,NULL,S000934,NULL,NULL,NULL,1,NULL,03:40.3,NULL,NULL,NULL,NULL,96
2717,5227,C17072578612,NULL,96,NULL,U002012,NULL,NULL,NULL,1,NULL,03:40.3,NULL,NULL,NULL,NULL,96
2718,5240,C17072591360,NULL,96,NULL,G100983,NULL,NULL,NULL,1,NULL,03:40.3,NULL,NULL,NULL,NULL,96
2719,5248,C17072529881,NULL,96,NULL,M000791,NULL,NULL,NULL,1,NULL,03:40.3,NULL,NULL,NULL,NULL,96
2720,5262,C17072591925,NULL,96,NULL,P000368,NULL,NULL,NULL,1,NULL,03:40.3,NULL,NULL,NULL,NULL,96
2721,5267,C17072571254,NULL,96,NULL,W000100,NULL,NULL,NULL,1,NULL,03:40.3,NULL,NULL,NULL,NULL,96
2722,5275,C17072544397,NULL,96,NULL,V000512,NULL,NULL,NULL,1,NULL,03:40.3,NULL,NULL,NULL,NULL,96
2723,5282,C17072557681,NULL,96,NULL,T000368,NULL,NULL,NULL,1,NULL,03:40.3,NULL,NULL,NULL,NULL,96
2724,5284,C17072561589,NULL,96,NULL,A002640,NULL,NULL,NULL,1,NULL,03:40.3,NULL,NULL,NULL,NULL,96
2725,5286,C17072598882,NULL,96,NULL,M000503,NULL,NULL,NULL,1,NULL,03:40.3,NULL,NULL,NULL,NULL,96
2726,5288,C17072536988,NULL,96,NULL,D000270,NULL,NULL,NULL,1,NULL,03:40.3,NULL,NULL,NULL,NULL,96
2727,5293,C17072591965,NULL,96,NULL,G101048,NULL,NULL,NULL,1,NULL,03:40.3,NULL,NULL,NULL,NULL,96
2728,5297,C17072548534,NULL,96,NULL,I000362,NULL,NULL,NULL,1,NULL,03:40.4,NULL,NULL,NULL,NULL,96
2729,5298,C17072594575,NULL,96,NULL,T000509,NULL,NULL,NULL,1,NULL,03:40.4,NULL,NULL,NULL,NULL,96
2730,5305,C17072581365,NULL,96,NULL,V000274,NULL,NULL,NULL,1,NULL,03:40.4,NULL,NULL,NULL,NULL,96
2731,5315,C17072571522,NULL,96,NULL,D000456,NULL,NULL,NULL,1,NULL,03:40.4,NULL,NULL,NULL,NULL,96
2732,5326,C17072557165,NULL,96,NULL,C000627,NULL,NULL,NULL,1,NULL,03:40.4,NULL,NULL,NULL,NULL,96
2733,5333,C17072512388,NULL,96,NULL,V000408,NULL,NULL,NULL,1,NULL,03:40.4,NULL,NULL,NULL,NULL,96
2734,5340,C17072557812,NULL,96,NULL,M000360,NULL,NULL,NULL,1,NULL,03:40.4,NULL,NULL,NULL,NULL,96
2735,5343,C17072596169,NULL,96,NULL,S001726,NULL,NULL,NULL,1,NULL,03:40.4,NULL,NULL,NULL,NULL,96
2736,5345,C17072582686,NULL,96,NULL,V000548,NULL,NULL,NULL,1,NULL,03:40.4,NULL,NULL,NULL,NULL,96
2737,5353,C17072521328,NULL,96,NULL,R000265,NULL,NULL,NULL,1,NULL,03:40.4,NULL,NULL,NULL,NULL,96
2738,5354,C17072544772,NULL,96,NULL,U007007,NULL,NULL,NULL,1,NULL,03:40.4,NULL,NULL,NULL,NULL,96
2739,5365,C17072581152,NULL,96,NULL,G100327,NULL,NULL,NULL,1,NULL,03:40.4,NULL,NULL,NULL,NULL,96
2740,5366,C17072546801,NULL,96,NULL,N000377,NULL,NULL,NULL,1,NULL,03:40.4,NULL,NULL,NULL,NULL,96
2741,5382,C17072547638,NULL,96,NULL,I000377,NULL,NULL,NULL,1,NULL,03:40.4,NULL,NULL,NULL,NULL,96
2742,5385,C17072584552,NULL,96,NULL,B007059,NULL,NULL,NULL,1,NULL,03:40.4,NULL,NULL,NULL,NULL,96
2743,5397,C17072567495,NULL,96,NULL,X000012,NULL,NULL,NULL,1,NULL,03:40.4,NULL,NULL,NULL,NULL,96
2744,5410,C17072521202,NULL,96,NULL,G100910,NULL,NULL,NULL,1,NULL,03:40.4,NULL,NULL,NULL,NULL,96
2745,5416,C17072577969,NULL,96,NULL,I000438,NULL,NULL,NULL,1,NULL,03:40.4,NULL,NULL,NULL,NULL,96
2746,5417,C17072598634,NULL,96,NULL,S002197,NULL,NULL,NULL,1,NULL,03:40.4,NULL,NULL,NULL,NULL,96
2747,5419,C17072587904,NULL,96,NULL,H000961,NULL,NULL,NULL,1,NULL,03:40.4,NULL,NULL,NULL,NULL,96
2748,5451,C17072575303,NULL,96,NULL,T000111,NULL,NULL,NULL,1,NULL,03:40.4,NULL,NULL,NULL,NULL,96
2749,5453,C17072551510,NULL,96,NULL,A000270,NULL,NULL,NULL,1,NULL,03:40.4,NULL,NULL,NULL,NULL,96
2750,5455,C17072556582,NULL,96,NULL,B000402,NULL,NULL,NULL,1,NULL,03:40.4,NULL,NULL,NULL,NULL,96
2751,5459,C17072583791,NULL,96,NULL,N000388,NULL,NULL,NULL,1,NULL,03:40.4,NULL,NULL,NULL,NULL,96
2752,5474,C17072576236,NULL,96,NULL,K000439,NULL,NULL,NULL,1,NULL,03:40.4,NULL,NULL,NULL,NULL,96
2753,5481,C17072596873,NULL,96,NULL,Q000009,NULL,NULL,NULL,1,NULL,03:40.4,NULL,NULL,NULL,NULL,96
2754,5495,C17072572406,NULL,96,NULL,R000791,NULL,NULL,NULL,1,NULL,03:40.4,NULL,NULL,NULL,NULL,96
2755,5496,C17072547786,NULL,96,NULL,H000442,NULL,NULL,NULL,1,NULL,03:40.4,NULL,NULL,NULL,NULL,96
2756,5498,C17072512348,NULL,96,NULL,S002002,NULL,NULL,NULL,1,NULL,03:40.4,NULL,NULL,NULL,NULL,96
2757,5503,C17072545822,NULL,96,NULL,V000269,NULL,NULL,NULL,1,NULL,03:40.4,NULL,NULL,NULL,NULL,96
2758,5504,C17072530517,NULL,96,NULL,C007031,NULL,NULL,NULL,1,NULL,03:40.4,NULL,NULL,NULL,NULL,96
2759,5510,C17072554096,NULL,96,NULL,A002570,NULL,NULL,NULL,1,NULL,03:40.4,NULL,NULL,NULL,NULL,96
2760,5512,C17072586186,NULL,96,NULL,L000621,NULL,NULL,NULL,1,NULL,03:40.4,NULL,NULL,NULL,NULL,96
2761,5521,C17072532467,NULL,96,NULL,G100912,NULL,NULL,NULL,1,NULL,03:40.4,NULL,NULL,NULL,NULL,96
2762,5529,C17072547242,NULL,96,NULL,J000268,NULL,NULL,NULL,1,NULL,03:40.4,NULL,NULL,NULL,NULL,96
2763,5537,C17072553576,NULL,96,NULL,O000078,NULL,NULL,NULL,1,NULL,03:40.4,NULL,NULL,NULL,NULL,96
2764,5550,C17072563840,NULL,96,NULL,G101180,NULL,NULL,NULL,1,NULL,03:40.4,NULL,NULL,NULL,NULL,96
2765,5560,C17072542779,NULL,96,NULL,A000013,NULL,NULL,NULL,1,NULL,03:40.4,NULL,NULL,NULL,NULL,96
2766,5585,C17072519613,NULL,96,NULL,M000559,NULL,NULL,NULL,1,NULL,03:40.4,NULL,NULL,NULL,NULL,96
2767,5593,C17072574170,NULL,96,NULL,T001146,NULL,NULL,NULL,1,NULL,03:40.4,NULL,NULL,NULL,NULL,96
2768,5606,C17072575234,NULL,96,NULL,H000422,NULL,NULL,NULL,1,NULL,03:40.4,NULL,NULL,NULL,NULL,96
2769,5614,C17072526317,NULL,96,NULL,M007051,NULL,NULL,NULL,1,NULL,03:40.4,NULL,NULL,NULL,NULL,96
2770,5645,C17072575281,NULL,96,NULL,P000759,NULL,NULL,NULL,1,NULL,03:40.4,NULL,NULL,NULL,NULL,96
2771,5673,C17072561450,NULL,96,NULL,G100471,NULL,NULL,NULL,1,NULL,03:40.4,NULL,NULL,NULL,NULL,96
2772,5685,C17072531901,NULL,96,NULL,B000392,NULL,NULL,NULL,1,NULL,03:40.4,NULL,NULL,NULL,NULL,96
2773,5690,C17072519545,NULL,96,NULL,S000002,NULL,NULL,NULL,1,NULL,03:40.4,NULL,NULL,NULL,NULL,96
2774,5691,C17072589305,NULL,96,NULL,S001057,NULL,NULL,NULL,1,NULL,03:40.4,NULL,NULL,NULL,NULL,96
2775,5695,C17072577440,NULL,96,NULL,M000882,NULL,NULL,NULL,1,NULL,03:40.4,NULL,NULL,NULL,NULL,96
2776,5706,C17072561996,NULL,96,NULL,P000766,NULL,NULL,NULL,1,NULL,03:40.4,NULL,NULL,NULL,NULL,96
2777,5740,C17072556992,NULL,96,NULL,C000572,NULL,NULL,NULL,1,NULL,03:40.4,NULL,NULL,NULL,NULL,96
2778,5741,C17072586939,NULL,96,NULL,G007022,NULL,NULL,NULL,1,NULL,03:40.4,NULL,NULL,NULL,NULL,96
2779,5752,C17072577205,NULL,96,NULL,G101160,NULL,NULL,NULL,1,NULL,03:40.4,NULL,NULL,NULL,NULL,96
2780,5755,C17072575965,NULL,96,NULL,I000407,NULL,NULL,NULL,1,NULL,03:40.4,NULL,NULL,NULL,NULL,96
2781,5757,C17072549916,NULL,96,NULL,V000407,NULL,NULL,NULL,1,NULL,03:40.4,NULL,NULL,NULL,NULL,96
2782,5761,C17072538481,NULL,96,NULL,Y000041,NULL,NULL,NULL,1,NULL,03:40.4,NULL,NULL,NULL,NULL,96
2783,5763,C17072558449,NULL,96,NULL,S001718,NULL,NULL,NULL,1,NULL,03:40.4,NULL,NULL,NULL,NULL,96
2784,5789,C17072519974,NULL,96,NULL,B000574,NULL,NULL,NULL,1,NULL,03:40.4,NULL,NULL,NULL,NULL,96
2785,5798,C17072529364,NULL,96,NULL,O000030,NULL,NULL,NULL,1,NULL,03:40.4,NULL,NULL,NULL,NULL,96
2786,5810,C17072583408,NULL,96,NULL,R000768,NULL,NULL,NULL,1,NULL,03:40.4,NULL,NULL,NULL,NULL,96
2787,5818,C17072567175,NULL,96,NULL,Y007003,NULL,NULL,NULL,1,NULL,03:40.4,NULL,NULL,NULL,NULL,96
2788,5827,C17072577130,NULL,96,NULL,B000401,NULL,NULL,NULL,1,NULL,03:40.4,NULL,NULL,NULL,NULL,96
2789,5875,C17072538111,NULL,96,NULL,I000434,NULL,NULL,NULL,1,NULL,03:40.4,NULL,NULL,NULL,NULL,96
2790,5882,C17072597827,NULL,96,NULL,R000814,NULL,NULL,NULL,1,NULL,03:40.4,NULL,NULL,NULL,NULL,96
2791,5891,C17072519629,NULL,96,NULL,R000712,NULL,NULL,NULL,1,NULL,03:40.4,NULL,NULL,NULL,NULL,96
2792,5923,C17072518870,NULL,96,NULL,T000009,NULL,NULL,NULL,1,NULL,03:40.4,NULL,NULL,NULL,NULL,96
2793,5948,C17072585402,NULL,96,NULL,A002698,NULL,NULL,NULL,1,NULL,03:40.4,NULL,NULL,NULL,NULL,96
2794,5951,C17072532429,NULL,96,NULL,R000296,NULL,NULL,NULL,1,NULL,03:40.4,NULL,NULL,NULL,NULL,96
2795,5970,C17072558995,NULL,96,NULL,Y007004,NULL,NULL,NULL,1,NULL,03:40.4,NULL,NULL,NULL,NULL,96
2796,5981,C17072553454,NULL,96,NULL,T007035,NULL,NULL,NULL,1,NULL,03:40.4,NULL,NULL,NULL,NULL,96
2797,5989,C17072569154,NULL,96,NULL,A002564,NULL,NULL,NULL,1,NULL,03:40.4,NULL,NULL,NULL,NULL,96
2798,6002,C17072578583,NULL,96,NULL,R000117,NULL,NULL,NULL,1,NULL,03:40.4,NULL,NULL,NULL,NULL,96
2799,6018,C17072552533,NULL,96,NULL,I000384,NULL,NULL,NULL,1,NULL,03:40.4,NULL,NULL,NULL,NULL,96
2800,6021,C17072590824,NULL,96,NULL,C000546,NULL,NULL,NULL,1,NULL,03:40.4,NULL,NULL,NULL,NULL,96
2801,6022,C17072512503,NULL,96,NULL,R000757,NULL,NULL,NULL,1,NULL,03:40.4,NULL,NULL,NULL,NULL,96
2802,6029,C17072596248,NULL,96,NULL,G100166,NULL,NULL,NULL,1,NULL,03:40.4,NULL,NULL,NULL,NULL,96
2803,6056,C17072511506,NULL,96,NULL,S002115,NULL,NULL,NULL,1,NULL,03:40.4,NULL,NULL,NULL,NULL,96
2804,6063,C17072574614,NULL,96,NULL,C000704,NULL,NULL,NULL,1,NULL,03:40.4,NULL,NULL,NULL,NULL,96
2805,6099,C17072593871,NULL,96,NULL,S008046,NULL,NULL,NULL,1,NULL,03:40.4,NULL,NULL,NULL,NULL,96
2806,6131,C17072582810,NULL,96,NULL,A002686,NULL,NULL,NULL,1,NULL,03:40.4,NULL,NULL,NULL,NULL,96
2807,6151,C17072585806,NULL,96,NULL,G100949,NULL,NULL,NULL,1,NULL,03:40.4,NULL,NULL,NULL,NULL,96
2808,6170,C17072583091,NULL,96,NULL,T001164,NULL,NULL,NULL,1,NULL,03:40.4,NULL,NULL,NULL,NULL,96
2809,6186,C17072512435,NULL,96,NULL,I005119,NULL,NULL,NULL,1,NULL,03:40.4,NULL,NULL,NULL,NULL,96
2810,6235,C17072523442,NULL,96,NULL,P000398,NULL,NULL,NULL,1,NULL,03:40.4,NULL,NULL,NULL,NULL,96
2811,6240,C17072525318,NULL,96,NULL,S002087,NULL,NULL,NULL,1,NULL,03:40.4,NULL,NULL,NULL,NULL,96
2812,6247,C17072568186,NULL,96,NULL,H000520,NULL,NULL,NULL,1,NULL,03:40.4,NULL,NULL,NULL,NULL,96
2813,6249,C17072598440,NULL,96,NULL,S001827,NULL,NULL,NULL,1,NULL,03:40.4,NULL,NULL,NULL,NULL,96
2814,6264,C17072565584,NULL,96,NULL,K007036,NULL,NULL,NULL,1,NULL,03:40.4,NULL,NULL,NULL,NULL,96
2815,6266,C17072551351,NULL,96,NULL,B000538,NULL,NULL,NULL,1,NULL,03:40.4,NULL,NULL,NULL,NULL,96
2816,6272,C17072598918,NULL,96,NULL,J007031,NULL,NULL,NULL,1,NULL,03:40.4,NULL,NULL,NULL,NULL,96
2817,6279,C17072575879,NULL,96,NULL,A000844,NULL,NULL,NULL,1,NULL,03:40.4,NULL,NULL,NULL,NULL,96
2818,6285,C17072536103,NULL,96,NULL,P006057,NULL,NULL,NULL,1,NULL,03:40.4,NULL,NULL,NULL,NULL,96
2819,6306,C17072579662,NULL,96,NULL,A000113,NULL,NULL,NULL,1,NULL,03:40.4,NULL,NULL,NULL,NULL,96
2820,6309,C17072550871,NULL,96,NULL,G100803,NULL,NULL,NULL,1,NULL,03:40.4,NULL,NULL,NULL,NULL,96
2821,6322,C17072534552,NULL,96,NULL,S001280,NULL,NULL,NULL,1,NULL,03:40.4,NULL,NULL,NULL,NULL,96
2822,6332,C17072570260,NULL,96,NULL,V000343,NULL,NULL,NULL,1,NULL,03:40.4,NULL,NULL,NULL,NULL,96
2823,6337,C17072538763,NULL,96,NULL,B000546,NULL,NULL,NULL,1,NULL,03:40.4,NULL,NULL,NULL,NULL,96
2824,6339,C17072547825,NULL,96,NULL,M000663,NULL,NULL,NULL,1,NULL,03:40.4,NULL,NULL,NULL,NULL,96
2825,6341,C17072518769,NULL,96,NULL,G007040,NULL,NULL,NULL,1,NULL,03:40.4,NULL,NULL,NULL,NULL,96
2826,6344,C17072520057,NULL,96,NULL,S001309,NULL,NULL,NULL,1,NULL,03:40.4,NULL,NULL,NULL,NULL,96
2827,6352,C17072569736,NULL,96,NULL,G100365,NULL,NULL,NULL,1,NULL,03:40.4,NULL,NULL,NULL,NULL,96
2828,6367,C17072595899,NULL,96,NULL,J006042,NULL,NULL,NULL,1,NULL,03:40.4,NULL,NULL,NULL,NULL,96
2829,6381,C17072529474,NULL,96,NULL,E000706,NULL,NULL,NULL,1,NULL,03:40.4,NULL,NULL,NULL,NULL,96
2830,6397,C17072528778,NULL,96,NULL,A001308,NULL,NULL,NULL,1,NULL,03:40.4,NULL,NULL,NULL,NULL,96
2831,6429,C17072552874,NULL,96,NULL,F007011,NULL,NULL,NULL,1,NULL,03:40.4,NULL,NULL,NULL,NULL,96
2832,6451,C17072533289,NULL,96,NULL,G100991,NULL,NULL,NULL,1,NULL,03:40.4,NULL,NULL,NULL,NULL,96
2833,6463,C17072511790,NULL,96,NULL,A002470,NULL,NULL,NULL,1,NULL,03:40.4,NULL,NULL,NULL,NULL,96
2834,6472,C17072539044,NULL,96,NULL,A002664,NULL,NULL,NULL,1,NULL,03:40.4,NULL,NULL,NULL,NULL,96
2835,6475,C17072554704,NULL,96,NULL,T000211,NULL,NULL,NULL,1,NULL,03:40.4,NULL,NULL,NULL,NULL,96
2836,6476,C17072514070,NULL,96,NULL,D000432,NULL,NULL,NULL,1,NULL,03:40.4,NULL,NULL,NULL,NULL,96
2837,6482,C17072560760,NULL,96,NULL,S001736,NULL,NULL,NULL,1,NULL,03:40.4,NULL,NULL,NULL,NULL,96
2838,6483,C17072567588,NULL,96,NULL,G100239,NULL,NULL,NULL,1,NULL,03:40.4,NULL,NULL,NULL,NULL,96
2839,6488,C17072555817,NULL,96,NULL,B000563,NULL,NULL,NULL,1,NULL,03:40.4,NULL,NULL,NULL,NULL,96
2840,6490,C17072587268,NULL,96,NULL,K000405,NULL,NULL,NULL,1,NULL,03:40.4,NULL,NULL,NULL,NULL,96
2841,6493,C17072521505,NULL,96,NULL,R000309,NULL,NULL,NULL,1,NULL,03:40.4,NULL,NULL,NULL,NULL,96
2842,6505,C17072552342,NULL,96,NULL,F000137,NULL,NULL,NULL,1,NULL,03:40.4,NULL,NULL,NULL,NULL,96
2843,6506,C17072536010,NULL,96,NULL,K000237,NULL,NULL,NULL,1,NULL,03:40.4,NULL,NULL,NULL,NULL,96
2844,6513,C17072587991,NULL,96,NULL,A002551,NULL,NULL,NULL,1,NULL,03:40.4,NULL,NULL,NULL,NULL,96
2845,6516,C17072590940,NULL,96,NULL,N000312,NULL,NULL,NULL,1,NULL,03:40.4,NULL,NULL,NULL,NULL,96
2846,6517,C17072565144,NULL,96,NULL,U000177,NULL,NULL,NULL,1,NULL,03:40.4,NULL,NULL,NULL,NULL,96
2847,6521,C17072561051,NULL,96,NULL,P000778,NULL,NULL,NULL,1,NULL,03:40.4,NULL,NULL,NULL,NULL,96
2848,6530,C17072556521,NULL,96,NULL,M000725,NULL,NULL,NULL,1,NULL,03:40.4,NULL,NULL,NULL,NULL,96
2849,6536,C17072522492,NULL,96,NULL,N000248,NULL,NULL,NULL,1,NULL,03:40.4,NULL,NULL,NULL,NULL,96
2850,6539,C17072510732,NULL,96,NULL,D000282,NULL,NULL,NULL,1,NULL,03:40.4,NULL,NULL,NULL,NULL,96
2851,6541,C17072560761,NULL,96,NULL,B000560,NULL,NULL,NULL,1,NULL,03:40.5,NULL,NULL,NULL,NULL,96
2852,6547,C17072558399,NULL,96,NULL,S001990,NULL,NULL,NULL,1,NULL,03:40.5,NULL,NULL,NULL,NULL,96
2853,6554,C17072533570,NULL,96,NULL,T000417,NULL,NULL,NULL,1,NULL,03:40.5,NULL,NULL,NULL,NULL,96
2854,6556,C17072588569,NULL,96,NULL,P000753,NULL,NULL,NULL,1,NULL,03:40.5,NULL,NULL,NULL,NULL,96
2855,6558,C17072515388,NULL,96,NULL,D000475,NULL,NULL,NULL,1,NULL,03:40.5,NULL,NULL,NULL,NULL,96
2856,6563,C17072582882,NULL,96,NULL,M000814,NULL,NULL,NULL,1,NULL,03:40.5,NULL,NULL,NULL,NULL,96
2857,6585,C17072558787,NULL,96,NULL,S000912,NULL,NULL,NULL,1,NULL,03:40.5,NULL,NULL,NULL,NULL,96
2858,6615,C17072599605,NULL,96,NULL,B000555,NULL,NULL,NULL,1,NULL,03:40.5,NULL,NULL,NULL,NULL,96
2859,6653,C17072559408,NULL,96,NULL,G100363,NULL,NULL,NULL,1,NULL,03:40.5,NULL,NULL,NULL,NULL,96
2860,6667,C17072597694,NULL,96,NULL,S001572,NULL,NULL,NULL,1,NULL,03:40.5,NULL,NULL,NULL,NULL,96
2861,6672,C17072584497,NULL,96,NULL,F000211,NULL,NULL,NULL,1,NULL,03:40.5,NULL,NULL,NULL,NULL,96
2862,6673,C17072533767,NULL,96,NULL,A000858,NULL,NULL,NULL,1,NULL,03:40.5,NULL,NULL,NULL,NULL,96
2863,6676,C17072550321,NULL,96,NULL,D000448,NULL,NULL,NULL,1,NULL,03:40.5,NULL,NULL,NULL,NULL,96
2864,6689,C17072564270,NULL,96,NULL,G100921,NULL,NULL,NULL,1,NULL,03:40.5,NULL,NULL,NULL,NULL,96
2865,6698,C17072554050,NULL,96,NULL,B000551,NULL,NULL,NULL,1,NULL,03:40.5,NULL,NULL,NULL,NULL,96
2866,6701,C17072568445,NULL,96,NULL,M000808,NULL,NULL,NULL,1,NULL,03:40.5,NULL,NULL,NULL,NULL,96
2867,6719,C17072594794,NULL,96,NULL,G100798,NULL,NULL,NULL,1,NULL,03:40.5,NULL,NULL,NULL,NULL,96
2868,6723,C17072523134,NULL,96,NULL,G101240,NULL,NULL,NULL,1,NULL,03:40.5,NULL,NULL,NULL,NULL,96
2869,6735,C17072532741,NULL,96,NULL,E000636,NULL,NULL,NULL,1,NULL,03:40.5,NULL,NULL,NULL,NULL,96
2870,6742,C17072574761,NULL,96,NULL,G002240,NULL,NULL,NULL,1,NULL,03:40.5,NULL,NULL,NULL,NULL,96
2871,6744,C17072540506,NULL,96,NULL,P000007,NULL,NULL,NULL,1,NULL,03:40.5,NULL,NULL,NULL,NULL,96
2872,6747,C17072581085,NULL,96,NULL,B000016,NULL,NULL,NULL,1,NULL,03:40.5,NULL,NULL,NULL,NULL,96
2873,6748,C17072592962,NULL,96,NULL,K000395,NULL,NULL,NULL,1,NULL,03:40.5,NULL,NULL,NULL,NULL,96
2874,6749,C17072514905,NULL,96,NULL,N000363,NULL,NULL,NULL,1,NULL,03:40.5,NULL,NULL,NULL,NULL,96
2875,6750,C17072548354,NULL,96,NULL,R000821,NULL,NULL,NULL,1,NULL,03:40.5,NULL,NULL,NULL,NULL,96
2876,6758,C17072586922,NULL,96,NULL,D000503,NULL,NULL,NULL,1,NULL,03:40.5,NULL,NULL,NULL,NULL,96
2877,6768,C17072533960,NULL,96,NULL,G101100,NULL,NULL,NULL,1,NULL,03:40.5,NULL,NULL,NULL,NULL,96
2878,6824,C17072573125,NULL,96,NULL,R000790,NULL,NULL,NULL,1,NULL,03:40.5,NULL,NULL,NULL,NULL,96
2879,6834,C17072539723,NULL,96,NULL,P000709,NULL,NULL,NULL,1,NULL,03:40.5,NULL,NULL,NULL,NULL,96
2880,6841,C17072515829,NULL,96,NULL,A002647,NULL,NULL,NULL,1,NULL,03:40.5,NULL,NULL,NULL,NULL,96
2881,6851,C17072530550,NULL,96,NULL,R000324,NULL,NULL,NULL,1,NULL,03:40.5,NULL,NULL,NULL,NULL,96
2882,6855,C17072566445,NULL,96,NULL,H000443,NULL,NULL,NULL,1,NULL,03:40.5,NULL,NULL,NULL,NULL,96
2883,6856,C17072558731,NULL,96,NULL,F000207,NULL,NULL,NULL,1,NULL,03:40.5,NULL,NULL,NULL,NULL,96
2884,6857,C17072578706,NULL,96,NULL,O000059,NULL,NULL,NULL,1,NULL,03:40.5,NULL,NULL,NULL,NULL,96
2885,6858,C17072540581,NULL,96,NULL,T000458,NULL,NULL,NULL,1,NULL,03:40.5,NULL,NULL,NULL,NULL,96
2886,6884,C17072529334,NULL,96,NULL,S002174,NULL,NULL,NULL,1,NULL,03:40.5,NULL,NULL,NULL,NULL,96
2887,6892,C17072543535,NULL,96,NULL,B000214,NULL,NULL,NULL,1,NULL,03:40.5,NULL,NULL,NULL,NULL,96
2888,6893,C17072575611,NULL,96,NULL,A002600,NULL,NULL,NULL,1,NULL,03:40.5,NULL,NULL,NULL,NULL,96
2889,6894,C17072525053,NULL,96,NULL,P000042,NULL,NULL,NULL,1,NULL,03:40.5,NULL,NULL,NULL,NULL,96
2890,6896,C17072545286,NULL,96,NULL,M000522,NULL,NULL,NULL,1,NULL,03:40.5,NULL,NULL,NULL,NULL,96
2891,6969,C17072583294,NULL,96,NULL,P007031,NULL,NULL,NULL,1,NULL,03:40.5,NULL,NULL,NULL,NULL,96
2892,6971,C17072510286,NULL,96,NULL,C000728,NULL,NULL,NULL,1,NULL,03:40.5,NULL,NULL,NULL,NULL,96
2893,6972,C17072531365,NULL,96,NULL,S007798,NULL,NULL,NULL,1,NULL,03:40.5,NULL,NULL,NULL,NULL,96
2894,6977,C17072529003,NULL,96,NULL,R007016,NULL,NULL,NULL,1,NULL,03:40.5,NULL,NULL,NULL,NULL,96
2895,6987,C17072535938,NULL,96,NULL,I007025,NULL,NULL,NULL,1,NULL,03:40.5,NULL,NULL,NULL,NULL,96
2896,7043,C17072573972,NULL,96,NULL,P007032,NULL,NULL,NULL,1,NULL,03:40.5,NULL,NULL,NULL,NULL,96
2897,7080,C17072568477,NULL,96,NULL,T001102,NULL,NULL,NULL,1,NULL,03:40.5,NULL,NULL,NULL,NULL,96
2898,7081,C17072553478,NULL,96,NULL,S002121,NULL,NULL,NULL,1,NULL,03:40.5,NULL,NULL,NULL,NULL,96
2899,7088,C17072580077,NULL,96,NULL,E006008,NULL,NULL,NULL,1,NULL,03:40.5,NULL,NULL,NULL,NULL,96
2900,7092,C17072520179,NULL,96,NULL,C000249,NULL,NULL,NULL,1,NULL,03:40.5,NULL,NULL,NULL,NULL,96
2901,7100,C17072559097,NULL,96,NULL,G100189,NULL,NULL,NULL,1,NULL,03:40.5,NULL,NULL,NULL,NULL,96
2902,7109,C17072528977,NULL,96,NULL,A000718,NULL,NULL,NULL,1,NULL,03:40.5,NULL,NULL,NULL,NULL,96
2903,7111,C17072542756,NULL,96,NULL,J007025,NULL,NULL,NULL,1,NULL,03:40.5,NULL,NULL,NULL,NULL,96
2904,7135,C17072559543,NULL,96,NULL,J000212,NULL,NULL,NULL,1,NULL,03:40.5,NULL,NULL,NULL,NULL,96
2905,7142,C17072580538,NULL,96,NULL,U000126,NULL,NULL,NULL,1,NULL,03:40.5,NULL,NULL,NULL,NULL,96
2906,7152,C17072583254,NULL,96,NULL,I000405,NULL,NULL,NULL,1,NULL,03:40.5,NULL,NULL,NULL,NULL,96
2907,7167,C17072574951,NULL,96,NULL,S001243,NULL,NULL,NULL,1,NULL,03:40.5,NULL,NULL,NULL,NULL,96
2908,7169,C17072583015,NULL,96,NULL,M006076,NULL,NULL,NULL,1,NULL,03:40.5,NULL,NULL,NULL,NULL,96
2909,7171,C17072540324,NULL,96,NULL,B000569,NULL,NULL,NULL,1,NULL,03:40.5,NULL,NULL,NULL,NULL,96
2910,7176,C17072583368,NULL,96,NULL,K000416,NULL,NULL,NULL,1,NULL,03:40.5,NULL,NULL,NULL,NULL,96
2911,7218,C17072547534,NULL,96,NULL,S001204,NULL,NULL,NULL,1,NULL,03:40.5,NULL,NULL,NULL,NULL,96
2912,7272,C17072595362,NULL,96,NULL,D005947,NULL,NULL,NULL,1,NULL,03:40.5,NULL,NULL,NULL,NULL,96
2913,7294,C17072598086,NULL,96,NULL,A002517,NULL,NULL,NULL,1,NULL,03:40.5,NULL,NULL,NULL,NULL,96
2914,7301,C17072594272,NULL,96,NULL,R000829,NULL,NULL,NULL,1,NULL,03:40.5,NULL,NULL,NULL,NULL,96
2915,7315,C17072515828,NULL,96,NULL,S002017,NULL,NULL,NULL,1,NULL,03:40.5,NULL,NULL,NULL,NULL,96
2916,7320,C17072538722,NULL,96,NULL,A002678,NULL,NULL,NULL,1,NULL,03:40.5,NULL,NULL,NULL,NULL,96
2917,7324,C17072596665,NULL,96,NULL,A007051,NULL,NULL,NULL,1,NULL,03:40.5,NULL,NULL,NULL,NULL,96
2918,7328,C17072533346,NULL,96,NULL,M007044,NULL,NULL,NULL,1,NULL,03:40.5,NULL,NULL,NULL,NULL,96
2919,7332,C17072542818,NULL,96,NULL,I000352,NULL,NULL,NULL,1,NULL,03:40.5,NULL,NULL,NULL,NULL,96
2920,7336,C17072583864,NULL,96,NULL,L000112,NULL,NULL,NULL,1,NULL,03:40.5,NULL,NULL,NULL,NULL,96
2921,7393,C17072533442,NULL,96,NULL,X000005,NULL,NULL,NULL,1,NULL,03:40.5,NULL,NULL,NULL,NULL,96
2922,7404,C17072557732,NULL,96,NULL,V000503,NULL,NULL,NULL,1,NULL,03:40.5,NULL,NULL,NULL,NULL,96
2923,7405,C17072577827,NULL,96,NULL,A000761,NULL,NULL,NULL,1,NULL,03:40.5,NULL,NULL,NULL,NULL,96
2924,7412,C17072540507,NULL,96,NULL,C000686,NULL,NULL,NULL,1,NULL,03:40.5,NULL,NULL,NULL,NULL,96
2925,7414,C17072510201,NULL,96,NULL,S001749,NULL,NULL,NULL,1,NULL,03:40.5,NULL,NULL,NULL,NULL,96
2926,7417,C17072572396,NULL,96,NULL,S001304,NULL,NULL,NULL,1,NULL,03:40.5,NULL,NULL,NULL,NULL,96
2927,7421,C17072549363,NULL,96,NULL,E000531,NULL,NULL,NULL,1,NULL,03:40.5,NULL,NULL,NULL,NULL,96
2928,7426,C17072578852,NULL,96,NULL,M000533,NULL,NULL,NULL,1,NULL,03:40.5,NULL,NULL,NULL,NULL,96
2929,7430,C17072568920,NULL,96,NULL,M000782,NULL,NULL,NULL,1,NULL,03:40.5,NULL,NULL,NULL,NULL,96
2930,7432,C17072560168,NULL,96,NULL,C000678,NULL,NULL,NULL,1,NULL,03:40.5,NULL,NULL,NULL,NULL,96
2931,7434,C17072526542,NULL,96,NULL,F000202,NULL,NULL,NULL,1,NULL,03:40.5,NULL,NULL,NULL,NULL,96
2932,7435,C17072589834,NULL,96,NULL,A000824,NULL,NULL,NULL,1,NULL,03:40.5,NULL,NULL,NULL,NULL,96
2933,7437,C17072575532,NULL,96,NULL,D000304,NULL,NULL,NULL,1,NULL,03:40.5,NULL,NULL,NULL,NULL,96
2934,7441,C17072532471,NULL,96,NULL,C000673,NULL,NULL,NULL,1,NULL,03:40.5,NULL,NULL,NULL,NULL,96
2935,7442,C17072594001,NULL,96,NULL,A002530,NULL,NULL,NULL,1,NULL,03:40.5,NULL,NULL,NULL,NULL,96
2936,7444,C17072553612,NULL,96,NULL,S002223,NULL,NULL,NULL,1,NULL,03:40.5,NULL,NULL,NULL,NULL,96
2937,7446,C17072536798,NULL,96,NULL,M000875,NULL,NULL,NULL,1,NULL,03:40.5,NULL,NULL,NULL,NULL,96
2938,7463,C17072545962,NULL,96,NULL,M000780,NULL,NULL,NULL,1,NULL,03:40.5,NULL,NULL,NULL,NULL,96
2939,7494,C17072531498,NULL,96,NULL,L000598,NULL,NULL,NULL,1,NULL,03:40.5,NULL,NULL,NULL,NULL,96
2940,7501,C17072523068,NULL,96,NULL,L000629,NULL,NULL,NULL,1,NULL,03:40.5,NULL,NULL,NULL,NULL,96
2941,7509,C17072511565,NULL,96,NULL,F000191,NULL,NULL,NULL,1,NULL,03:40.5,NULL,NULL,NULL,NULL,96
2942,7547,C17072575900,NULL,96,NULL,G100266,NULL,NULL,NULL,1,NULL,03:40.5,NULL,NULL,NULL,NULL,96
2943,7564,C17072513126,NULL,96,NULL,G100911,NULL,NULL,NULL,1,NULL,03:40.5,NULL,NULL,NULL,NULL,96
2944,7575,C17072573371,NULL,96,NULL,G100015,NULL,NULL,NULL,1,NULL,03:40.5,NULL,NULL,NULL,NULL,96
2945,7586,C17072586220,NULL,96,NULL,G100819,NULL,NULL,NULL,1,NULL,03:40.5,NULL,NULL,NULL,NULL,96
2946,7596,C17072516714,NULL,96,NULL,B000549,NULL,NULL,NULL,1,NULL,03:40.5,NULL,NULL,NULL,NULL,96
2947,7607,C17072556162,NULL,96,NULL,A002643,NULL,NULL,NULL,1,NULL,03:40.5,NULL,NULL,NULL,NULL,96
2948,7619,C17072534334,NULL,96,NULL,M000507,NULL,NULL,NULL,1,NULL,03:40.5,NULL,NULL,NULL,NULL,96
2949,7620,C17072531219,NULL,96,NULL,A000038,NULL,NULL,NULL,1,NULL,03:40.5,NULL,NULL,NULL,NULL,96
2950,7622,C17072552318,NULL,96,NULL,S001032,NULL,NULL,NULL,1,NULL,03:40.5,NULL,NULL,NULL,NULL,96
2951,7624,C17072572866,NULL,96,NULL,M000569,NULL,NULL,NULL,1,NULL,03:40.5,NULL,NULL,NULL,NULL,96
2952,7625,C17072590649,NULL,96,NULL,A000347,NULL,NULL,NULL,1,NULL,03:40.5,NULL,NULL,NULL,NULL,96
2953,7626,C17072563126,NULL,96,NULL,O000098,NULL,NULL,NULL,1,NULL,03:40.5,NULL,NULL,NULL,NULL,96
2954,7627,C17072538120,NULL,96,NULL,S001006,NULL,NULL,NULL,1,NULL,03:40.5,NULL,NULL,NULL,NULL,96
2955,7628,C17072525656,NULL,96,NULL,M000758,NULL,NULL,NULL,1,NULL,03:40.5,NULL,NULL,NULL,NULL,96
2956,7631,C17072575807,NULL,96,NULL,L000539,NULL,NULL,NULL,1,NULL,03:40.5,NULL,NULL,NULL,NULL,96
2957,7633,C17072562690,NULL,96,NULL,O000090,NULL,NULL,NULL,1,NULL,03:40.5,NULL,NULL,NULL,NULL,96
2958,7634,C17072560285,NULL,96,NULL,V000449,NULL,NULL,NULL,1,NULL,03:40.5,NULL,NULL,NULL,NULL,96
2959,7635,C17072564841,NULL,96,NULL,N007064,NULL,NULL,NULL,1,NULL,03:40.5,NULL,NULL,NULL,NULL,96
2960,7637,C17072528640,NULL,96,NULL,B007071,NULL,NULL,NULL,1,NULL,03:40.5,NULL,NULL,NULL,NULL,96
2961,7638,C17072520931,NULL,96,NULL,A002508,NULL,NULL,NULL,1,NULL,03:40.5,NULL,NULL,NULL,NULL,96
2962,7640,C17072560252,NULL,96,NULL,S001869,NULL,NULL,NULL,1,NULL,03:40.6,NULL,NULL,NULL,NULL,96
2963,7642,C17072561104,NULL,96,NULL,S001156,NULL,NULL,NULL,1,NULL,03:40.6,NULL,NULL,NULL,NULL,96
2964,7643,C17072526075,NULL,96,NULL,P000756,NULL,NULL,NULL,1,NULL,03:40.6,NULL,NULL,NULL,NULL,96
2965,7644,C17072541263,NULL,96,NULL,S001809,NULL,NULL,NULL,1,NULL,03:40.6,NULL,NULL,NULL,NULL,96
2966,7646,C17072586430,NULL,96,NULL,T001106,NULL,NULL,NULL,1,NULL,03:40.6,NULL,NULL,NULL,NULL,96
2967,7659,C17072527918,NULL,96,NULL,N007056,NULL,NULL,NULL,1,NULL,03:40.6,NULL,NULL,NULL,NULL,96
2968,7660,C17072562920,NULL,96,NULL,E000692,NULL,NULL,NULL,1,NULL,03:40.6,NULL,NULL,NULL,NULL,96
2969,7662,C17072593139,NULL,96,NULL,A002506,NULL,NULL,NULL,1,NULL,03:40.6,NULL,NULL,NULL,NULL,96
2970,7663,C17072548376,NULL,96,NULL,R000367,NULL,NULL,NULL,1,NULL,03:40.6,NULL,NULL,NULL,NULL,96
2971,7665,C17072524014,NULL,96,NULL,A002469,NULL,NULL,NULL,1,NULL,03:40.6,NULL,NULL,NULL,NULL,96
2972,7670,C17072538013,NULL,96,NULL,C000650,NULL,NULL,NULL,1,NULL,03:40.6,NULL,NULL,NULL,NULL,96
2973,7671,C17072573387,NULL,96,NULL,A000668,NULL,NULL,NULL,1,NULL,03:40.6,NULL,NULL,NULL,NULL,96
2974,7677,C17072520488,NULL,96,NULL,G000210,NULL,NULL,NULL,1,NULL,03:40.6,NULL,NULL,NULL,NULL,96
2975,7678,C17072524869,NULL,96,NULL,H000964,NULL,NULL,NULL,1,NULL,03:40.6,NULL,NULL,NULL,NULL,96
2976,7681,C17072531598,NULL,96,NULL,S000954,NULL,NULL,NULL,1,NULL,03:40.6,NULL,NULL,NULL,NULL,96
2977,7682,C17072538749,NULL,96,NULL,A000789,NULL,NULL,NULL,1,NULL,03:40.6,NULL,NULL,NULL,NULL,96
2978,7704,C17072593754,NULL,96,NULL,H000405,NULL,NULL,NULL,1,NULL,03:40.6,NULL,NULL,NULL,NULL,96
2979,7723,C17072594993,NULL,96,NULL,R007047,NULL,NULL,NULL,1,NULL,03:40.6,NULL,NULL,NULL,NULL,96
2980,7727,C17072527896,NULL,96,NULL,S007777,NULL,NULL,NULL,1,NULL,03:40.6,NULL,NULL,NULL,NULL,96
2981,7731,C17072553595,NULL,96,NULL,E000695,NULL,NULL,NULL,1,NULL,03:40.6,NULL,NULL,NULL,NULL,96
2982,7732,C17072557891,NULL,96,NULL,T001087,NULL,NULL,NULL,1,NULL,03:40.6,NULL,NULL,NULL,NULL,96
2983,7745,C17072544524,NULL,96,NULL,S001975,NULL,NULL,NULL,1,NULL,03:40.6,NULL,NULL,NULL,NULL,96
2984,7753,C17072515268,NULL,96,NULL,B000427,NULL,NULL,NULL,1,NULL,03:40.6,NULL,NULL,NULL,NULL,96
2985,7756,C17072568984,NULL,96,NULL,P000787,NULL,NULL,NULL,1,NULL,03:40.6,NULL,NULL,NULL,NULL,96
2986,7790,C17072587535,NULL,96,NULL,T007046,NULL,NULL,NULL,1,NULL,03:40.6,NULL,NULL,NULL,NULL,96
2987,7820,C17072562716,NULL,96,NULL,T001108,NULL,NULL,NULL,1,NULL,03:40.6,NULL,NULL,NULL,NULL,96
2988,7828,C17072599892,NULL,96,NULL,L000636,NULL,NULL,NULL,1,NULL,03:40.6,NULL,NULL,NULL,NULL,96
2989,7833,C17072544086,NULL,96,NULL,C000695,NULL,NULL,NULL,1,NULL,03:40.6,NULL,NULL,NULL,NULL,96
2990,7834,C17072519693,NULL,96,NULL,G101109,NULL,NULL,NULL,1,NULL,03:40.6,NULL,NULL,NULL,NULL,96
2991,7850,C17072572280,NULL,96,NULL,M007034,NULL,NULL,NULL,1,NULL,03:40.6,NULL,NULL,NULL,NULL,96
2992,7883,C17072543581,NULL,96,NULL,S001971,NULL,NULL,NULL,1,NULL,03:40.6,NULL,NULL,NULL,NULL,96
2993,7911,C17072530328,NULL,96,NULL,N000261,NULL,NULL,NULL,1,NULL,03:40.6,NULL,NULL,NULL,NULL,96
2994,7914,C17072510385,NULL,96,NULL,S002036,NULL,NULL,NULL,1,NULL,03:40.6,NULL,NULL,NULL,NULL,96
2995,7927,C17072567066,NULL,96,NULL,S002124,NULL,NULL,NULL,1,NULL,03:40.6,NULL,NULL,NULL,NULL,96
2996,7930,C17072536842,NULL,96,NULL,B000545,NULL,NULL,NULL,1,NULL,03:40.6,NULL,NULL,NULL,NULL,96
2997,7985,C17072590917,NULL,96,NULL,S007742,NULL,NULL,NULL,1,NULL,03:40.6,NULL,NULL,NULL,NULL,96
2998,8013,C17072526386,NULL,96,NULL,S002182,NULL,NULL,NULL,1,NULL,03:40.6,NULL,NULL,NULL,NULL,96
2999,8030,C17072545029,NULL,96,NULL,S001705,NULL,NULL,NULL,1,NULL,03:40.6,NULL,NULL,NULL,NULL,96
3000,8058,C17072559663,NULL,96,NULL,A002477,NULL,NULL,NULL,1,NULL,03:40.6,NULL,NULL,NULL,NULL,96
3001,8076,C17072568151,NULL,96,NULL,E000660,NULL,NULL,NULL,1,NULL,03:40.6,NULL,NULL,NULL,NULL,96
3002,8077,C17072516793,NULL,96,NULL,T001122,NULL,NULL,NULL,1,NULL,03:40.6,NULL,NULL,NULL,NULL,96
3003,8082,C17072544104,NULL,96,NULL,I000241,NULL,NULL,NULL,1,NULL,03:40.6,NULL,NULL,NULL,NULL,96
3004,8084,C17072550600,NULL,96,NULL,F000146,NULL,NULL,NULL,1,NULL,03:40.6,NULL,NULL,NULL,NULL,96
3005,8085,C17072572653,NULL,96,NULL,C000577,NULL,NULL,NULL,1,NULL,03:40.6,NULL,NULL,NULL,NULL,96
3006,8099,C17072552182,NULL,96,NULL,T001134,NULL,NULL,NULL,1,NULL,03:40.6,NULL,NULL,NULL,NULL,96
3007,8125,C17072580799,NULL,96,NULL,G101025,NULL,NULL,NULL,1,NULL,03:40.6,NULL,NULL,NULL,NULL,96
3008,8179,C17072549953,NULL,96,NULL,D000478,NULL,NULL,NULL,1,NULL,03:40.6,NULL,NULL,NULL,NULL,96
3009,8193,C17072592427,NULL,96,NULL,M000546,NULL,NULL,NULL,1,NULL,03:40.6,NULL,NULL,NULL,NULL,96
3010,8195,C17072528569,NULL,96,NULL,A002535,NULL,NULL,NULL,1,NULL,03:40.6,NULL,NULL,NULL,NULL,96
3011,8204,C17072588333,NULL,96,NULL,B000015,NULL,NULL,NULL,1,NULL,03:40.6,NULL,NULL,NULL,NULL,96
3012,8210,C17072516950,NULL,96,NULL,I007013,NULL,NULL,NULL,1,NULL,03:40.6,NULL,NULL,NULL,NULL,96
3013,8220,C17072555876,NULL,96,NULL,P007016,NULL,NULL,NULL,1,NULL,03:40.6,NULL,NULL,NULL,NULL,96
3014,8248,C17072570025,NULL,96,NULL,S007718,NULL,NULL,NULL,1,NULL,03:40.6,NULL,NULL,NULL,NULL,96
3015,8249,C17072536364,NULL,96,NULL,G101262,NULL,NULL,NULL,1,NULL,03:40.6,NULL,NULL,NULL,NULL,96
3016,8258,C17072558689,NULL,96,NULL,G100375,NULL,NULL,NULL,1,NULL,03:40.6,NULL,NULL,NULL,NULL,96
3017,8281,C17072559352,NULL,96,NULL,G101325,NULL,NULL,NULL,1,NULL,03:40.6,NULL,NULL,NULL,NULL,96
3018,8289,C17072581204,NULL,96,NULL,C000192,NULL,NULL,NULL,1,NULL,03:40.6,NULL,NULL,NULL,NULL,96
3019,8317,C17072583761,NULL,96,NULL,B007032,NULL,NULL,NULL,1,NULL,03:40.6,NULL,NULL,NULL,NULL,96
3020,8327,C17072532556,NULL,96,NULL,M007063,NULL,NULL,NULL,1,NULL,03:40.6,NULL,NULL,NULL,NULL,96
3021,8332,C17072577862,NULL,96,NULL,C000586,NULL,NULL,NULL,1,NULL,03:40.6,NULL,NULL,NULL,NULL,96
3022,8350,C17072525674,NULL,96,NULL,G002281,NULL,NULL,NULL,1,NULL,03:40.6,NULL,NULL,NULL,NULL,96
3023,8352,C17072540584,NULL,96,NULL,D000289,NULL,NULL,NULL,1,NULL,03:40.6,NULL,NULL,NULL,NULL,96
3024,8354,C17072582804,NULL,96,NULL,G100091,NULL,NULL,NULL,1,NULL,03:40.6,NULL,NULL,NULL,NULL,96
3025,8358,C17072582279,NULL,96,NULL,M000587,NULL,NULL,NULL,1,NULL,03:40.6,NULL,NULL,NULL,NULL,96
3026,8432,C17072581030,NULL,96,NULL,A000834,NULL,NULL,NULL,1,NULL,03:40.6,NULL,NULL,NULL,NULL,96
3027,8434,C17072532737,NULL,96,NULL,T001098,NULL,NULL,NULL,1,NULL,03:40.6,NULL,NULL,NULL,NULL,96
3028,8436,C17072584451,NULL,96,NULL,D000421,NULL,NULL,NULL,1,NULL,03:40.6,NULL,NULL,NULL,NULL,96
3029,8452,C17072573141,NULL,96,NULL,G100133,NULL,NULL,NULL,1,NULL,03:40.6,NULL,NULL,NULL,NULL,96
3030,8453,C17072564137,NULL,96,NULL,A002629,NULL,NULL,NULL,1,NULL,03:40.6,NULL,NULL,NULL,NULL,96
3031,8457,C17072559457,NULL,96,NULL,G101229,NULL,NULL,NULL,1,NULL,03:40.6,NULL,NULL,NULL,NULL,96
3032,8463,C17072570287,NULL,96,NULL,M000805,NULL,NULL,NULL,1,NULL,03:40.6,NULL,NULL,NULL,NULL,96
3033,8473,C17072568483,NULL,96,NULL,R007036,NULL,NULL,NULL,1,NULL,03:40.6,NULL,NULL,NULL,NULL,96
3034,8474,C17072514617,NULL,96,NULL,A000010,NULL,NULL,NULL,1,NULL,03:40.6,NULL,NULL,NULL,NULL,96
3035,8475,C17072512804,NULL,96,NULL,I000411,NULL,NULL,NULL,1,NULL,03:40.6,NULL,NULL,NULL,NULL,96
3036,8483,C17072519373,NULL,96,NULL,P000715,NULL,NULL,NULL,1,NULL,03:40.6,NULL,NULL,NULL,NULL,96
3037,8491,C17072525586,NULL,96,NULL,O000073,NULL,NULL,NULL,1,NULL,03:40.6,NULL,NULL,NULL,NULL,96
3038,8500,C17072525087,NULL,96,NULL,E007037,NULL,NULL,NULL,1,NULL,03:40.6,NULL,NULL,NULL,NULL,96
3039,8501,C17072531139,NULL,96,NULL,A007044,NULL,NULL,NULL,1,NULL,03:40.6,NULL,NULL,NULL,NULL,96
3040,8510,C17072598053,NULL,96,NULL,C000298,NULL,NULL,NULL,1,NULL,03:40.6,NULL,NULL,NULL,NULL,96
3041,8513,C17072561678,NULL,96,NULL,M000745,NULL,NULL,NULL,1,NULL,03:40.6,NULL,NULL,NULL,NULL,96
3042,8519,C17072597725,NULL,96,NULL,A007003,NULL,NULL,NULL,1,NULL,03:40.6,NULL,NULL,NULL,NULL,96
3043,8559,C17072524303,NULL,96,NULL,E000187,NULL,NULL,NULL,1,NULL,03:40.6,NULL,NULL,NULL,NULL,96
3044,8560,C17072538674,NULL,96,NULL,I000406,NULL,NULL,NULL,1,NULL,03:40.6,NULL,NULL,NULL,NULL,96
3045,8571,C17072540015,NULL,96,NULL,B008016,NULL,NULL,NULL,1,NULL,03:40.6,NULL,NULL,NULL,NULL,96
3046,8574,C17072540023,NULL,96,NULL,G100277,NULL,NULL,NULL,1,NULL,03:40.6,NULL,NULL,NULL,NULL,96
3047,8589,C17072548447,NULL,96,NULL,M000099,NULL,NULL,NULL,1,NULL,03:40.6,NULL,NULL,NULL,NULL,96
3048,8592,C17072580227,NULL,96,NULL,S000142,NULL,NULL,NULL,1,NULL,03:40.6,NULL,NULL,NULL,NULL,96
3049,8594,C17072549888,NULL,96,NULL,A000765,NULL,NULL,NULL,1,NULL,03:40.6,NULL,NULL,NULL,NULL,96
3050,8596,C17072549388,NULL,96,NULL,V000542,NULL,NULL,NULL,1,NULL,03:40.6,NULL,NULL,NULL,NULL,96
3051,8613,C17072584900,NULL,96,NULL,D000491,NULL,NULL,NULL,1,NULL,03:40.6,NULL,NULL,NULL,NULL,96
3052,8616,C17072596166,NULL,96,NULL,G100793,NULL,NULL,NULL,1,NULL,03:40.6,NULL,NULL,NULL,NULL,96
3053,8617,C17072597129,NULL,96,NULL,I007046,NULL,NULL,NULL,1,NULL,03:40.6,NULL,NULL,NULL,NULL,96
3054,8618,C17072510675,NULL,96,NULL,I000292,NULL,NULL,NULL,1,NULL,03:40.6,NULL,NULL,NULL,NULL,96
3055,8626,C17072594319,NULL,96,NULL,E007050,NULL,NULL,NULL,1,NULL,03:40.6,NULL,NULL,NULL,NULL,96
3056,8638,C17072593228,NULL,96,NULL,G100238,NULL,NULL,NULL,1,NULL,03:40.6,NULL,NULL,NULL,NULL,96
3057,8656,C17072536679,NULL,96,NULL,R000189,NULL,NULL,NULL,1,NULL,03:40.6,NULL,NULL,NULL,NULL,96
3058,8662,C17072569028,NULL,96,NULL,N000193,NULL,NULL,NULL,1,NULL,03:40.6,NULL,NULL,NULL,NULL,96
3059,8670,C17072582751,NULL,96,NULL,A000782,NULL,NULL,NULL,1,NULL,03:40.6,NULL,NULL,NULL,NULL,96
3060,8674,C17072538889,NULL,96,NULL,I000101,NULL,NULL,NULL,1,NULL,03:40.6,NULL,NULL,NULL,NULL,96
3061,8678,C17072581042,NULL,96,NULL,M006058,NULL,NULL,NULL,1,NULL,03:40.6,NULL,NULL,NULL,NULL,96
3062,8746,C17072546107,NULL,96,NULL,P000790,NULL,NULL,NULL,1,NULL,03:40.6,NULL,NULL,NULL,NULL,96
3063,8759,C17072586416,NULL,96,NULL,R007042,NULL,NULL,NULL,1,NULL,03:40.6,NULL,NULL,NULL,NULL,96
3064,8766,C17072534826,NULL,96,NULL,P000393,NULL,NULL,NULL,1,NULL,03:40.6,NULL,NULL,NULL,NULL,96
3065,8779,C17072597712,NULL,96,NULL,B000562,NULL,NULL,NULL,1,NULL,03:40.6,NULL,NULL,NULL,NULL,96
3066,8799,C17072536804,NULL,96,NULL,G002262,NULL,NULL,NULL,1,NULL,03:40.6,NULL,NULL,NULL,NULL,96
3067,8801,C17072559577,NULL,96,NULL,R000228,NULL,NULL,NULL,1,NULL,03:40.6,NULL,NULL,NULL,NULL,96
3068,8807,C17072519557,NULL,96,NULL,G100151,NULL,NULL,NULL,1,NULL,03:40.6,NULL,NULL,NULL,NULL,96
3069,8808,C17072510116,NULL,96,NULL,D000459,NULL,NULL,NULL,1,NULL,03:40.6,NULL,NULL,NULL,NULL,96
3070,8815,C17072511886,NULL,96,NULL,G100751,NULL,NULL,NULL,1,NULL,03:40.7,NULL,NULL,NULL,NULL,96
3071,8855,C17072563740,NULL,96,NULL,G100102,NULL,NULL,NULL,1,NULL,03:40.7,NULL,NULL,NULL,NULL,96
3072,8885,C17072541029,NULL,96,NULL,R000164,NULL,NULL,NULL,1,NULL,03:40.7,NULL,NULL,NULL,NULL,96
3073,8921,C17072534347,NULL,96,NULL,N007083,NULL,NULL,NULL,1,NULL,03:40.7,NULL,NULL,NULL,NULL,96
3074,8939,C17072540693,NULL,96,NULL,G002238,NULL,NULL,NULL,1,NULL,03:40.7,NULL,NULL,NULL,NULL,96
3075,8951,C17072535862,NULL,96,NULL,G101151,NULL,NULL,NULL,1,NULL,03:40.7,NULL,NULL,NULL,NULL,96
3076,8957,C17072585762,NULL,96,NULL,G100374,NULL,NULL,NULL,1,NULL,03:40.7,NULL,NULL,NULL,NULL,96
3077,8959,C17072529441,NULL,96,NULL,B000404,NULL,NULL,NULL,1,NULL,03:40.7,NULL,NULL,NULL,NULL,96
3078,8970,C17072562289,NULL,96,NULL,R000754,NULL,NULL,NULL,1,NULL,03:40.7,NULL,NULL,NULL,NULL,96
3079,8971,C17072510962,NULL,96,NULL,B000579,NULL,NULL,NULL,1,NULL,03:40.7,NULL,NULL,NULL,NULL,96
3080,8983,C17072544811,NULL,96,NULL,N000371,NULL,NULL,NULL,1,NULL,03:40.7,NULL,NULL,NULL,NULL,96
3081,8986,C17072567808,NULL,96,NULL,B007061,NULL,NULL,NULL,1,NULL,03:40.7,NULL,NULL,NULL,NULL,96
3082,8989,C17072599406,NULL,96,NULL,G100028,NULL,NULL,NULL,1,NULL,03:40.7,NULL,NULL,NULL,NULL,96
3083,9036,C17072583467,NULL,96,NULL,Q000016,NULL,NULL,NULL,1,NULL,03:40.7,NULL,NULL,NULL,NULL,96
3084,9042,C17072510914,NULL,96,NULL,G101201,NULL,NULL,NULL,1,NULL,03:40.7,NULL,NULL,NULL,NULL,96
3085,9045,C17072539520,NULL,96,NULL,T001177,NULL,NULL,NULL,1,NULL,03:40.7,NULL,NULL,NULL,NULL,96
3086,9051,C17072530271,NULL,96,NULL,L000584,NULL,NULL,NULL,1,NULL,03:40.7,NULL,NULL,NULL,NULL,96
3087,9062,C17072534103,NULL,96,NULL,G100774,NULL,NULL,NULL,1,NULL,03:40.7,NULL,NULL,NULL,NULL,96
3088,9068,C17072591441,NULL,96,NULL,D000455,NULL,NULL,NULL,1,NULL,03:40.7,NULL,NULL,NULL,NULL,96
3089,9081,C17072513848,NULL,96,NULL,A007063,NULL,NULL,NULL,1,NULL,03:40.7,NULL,NULL,NULL,NULL,96
3090,9087,C17072574423,NULL,96,NULL,E000675,NULL,NULL,NULL,1,NULL,03:40.7,NULL,NULL,NULL,NULL,96
3091,9090,C17072594153,NULL,96,NULL,T001138,NULL,NULL,NULL,1,NULL,03:40.7,NULL,NULL,NULL,NULL,96
3092,9092,C17072561527,NULL,96,NULL,E000724,NULL,NULL,NULL,1,NULL,03:40.7,NULL,NULL,NULL,NULL,96
3093,9095,C17072587993,NULL,96,NULL,N000321,NULL,NULL,NULL,1,NULL,03:40.7,NULL,NULL,NULL,NULL,96
3094,9107,C17072580734,NULL,96,NULL,B000580,NULL,NULL,NULL,1,NULL,03:40.7,NULL,NULL,NULL,NULL,96
3095,9121,C17072578353,NULL,96,NULL,G100208,NULL,NULL,NULL,1,NULL,03:40.7,NULL,NULL,NULL,NULL,96
3096,9124,C17072555811,NULL,96,NULL,I000388,NULL,NULL,NULL,1,NULL,03:40.7,NULL,NULL,NULL,NULL,96
3097,9126,C17072546754,NULL,96,NULL,A002679,NULL,NULL,NULL,1,NULL,03:40.7,NULL,NULL,NULL,NULL,96
3098,9133,C17072582830,NULL,96,NULL,G100257,NULL,NULL,NULL,1,NULL,03:40.7,NULL,NULL,NULL,NULL,96
3099,9150,C17072567156,NULL,96,NULL,T007014,NULL,NULL,NULL,1,NULL,03:40.7,NULL,NULL,NULL,NULL,96
3100,9175,C17072549618,NULL,96,NULL,B000391,NULL,NULL,NULL,1,NULL,03:40.7,NULL,NULL,NULL,NULL,96
3101,9186,C17072535724,NULL,96,NULL,M000837,NULL,NULL,NULL,1,NULL,03:40.7,NULL,NULL,NULL,NULL,96
3102,9191,C17072552891,NULL,96,NULL,C000776,NULL,NULL,NULL,1,NULL,03:40.7,NULL,NULL,NULL,NULL,96
3103,9204,C17072551019,NULL,96,NULL,R007039,NULL,NULL,NULL,1,NULL,03:40.7,NULL,NULL,NULL,NULL,96
3104,9205,C17072510896,NULL,96,NULL,R000326,NULL,NULL,NULL,1,NULL,03:40.7,NULL,NULL,NULL,NULL,96
3105,9206,C17072532143,NULL,96,NULL,A000838,NULL,NULL,NULL,1,NULL,03:40.7,NULL,NULL,NULL,NULL,96
3106,9213,C17072581003,NULL,96,NULL,M000821,NULL,NULL,NULL,1,NULL,03:40.7,NULL,NULL,NULL,NULL,96
3107,9214,C17072596653,NULL,96,NULL,E000718,NULL,NULL,NULL,1,NULL,03:40.7,NULL,NULL,NULL,NULL,96
3108,9216,C17072528034,NULL,96,NULL,A002547,NULL,NULL,NULL,1,NULL,03:40.7,NULL,NULL,NULL,NULL,96
3109,9254,C17072556406,NULL,96,NULL,G100407,NULL,NULL,NULL,1,NULL,03:40.7,NULL,NULL,NULL,NULL,96
3110,9264,C17072513070,NULL,96,NULL,A002593,NULL,NULL,NULL,1,NULL,03:40.7,NULL,NULL,NULL,NULL,96
3111,9279,C17072599587,NULL,96,NULL,S007771,NULL,NULL,NULL,1,NULL,03:40.7,NULL,NULL,NULL,NULL,96
3112,9288,C17072534752,NULL,96,NULL,N000364,NULL,NULL,NULL,1,NULL,03:40.7,NULL,NULL,NULL,NULL,96
3113,9294,C17072557903,NULL,96,NULL,V000467,NULL,NULL,NULL,1,NULL,03:40.7,NULL,NULL,NULL,NULL,96
3114,9296,C17072580162,NULL,96,NULL,R000294,NULL,NULL,NULL,1,NULL,03:40.7,NULL,NULL,NULL,NULL,96
3115,9311,C17072586288,NULL,96,NULL,G100286,NULL,NULL,NULL,1,NULL,03:40.7,NULL,NULL,NULL,NULL,96
3116,9322,C17072529990,NULL,96,NULL,T001124,NULL,NULL,NULL,1,NULL,03:40.7,NULL,NULL,NULL,NULL,96
3117,9326,C17072553605,NULL,96,NULL,C000739,NULL,NULL,NULL,1,NULL,03:40.7,NULL,NULL,NULL,NULL,96
3118,9335,C17072570924,NULL,96,NULL,R000762,NULL,NULL,NULL,1,NULL,03:40.7,NULL,NULL,NULL,NULL,96
3119,9344,C17072561867,NULL,96,NULL,Z000079,NULL,NULL,NULL,1,NULL,03:40.7,NULL,NULL,NULL,NULL,96
3120,9346,C17072517447,NULL,96,NULL,I000361,NULL,NULL,NULL,1,NULL,03:40.7,NULL,NULL,NULL,NULL,96
3121,9352,C17072582988,NULL,96,NULL,A001317,NULL,NULL,NULL,1,NULL,03:40.7,NULL,NULL,NULL,NULL,96
3122,9375,C17072542034,NULL,96,NULL,N000252,NULL,NULL,NULL,1,NULL,03:40.7,NULL,NULL,NULL,NULL,96
3123,9388,C17072589514,NULL,96,NULL,A001287,NULL,NULL,NULL,1,NULL,03:40.7,NULL,NULL,NULL,NULL,96
3124,9401,C17072515875,NULL,96,NULL,G100055,NULL,NULL,NULL,1,NULL,03:40.7,NULL,NULL,NULL,NULL,96
3125,9406,C17072585297,NULL,96,NULL,X007001,NULL,NULL,NULL,1,NULL,03:40.7,NULL,NULL,NULL,NULL,96
3126,9433,C17072576703,NULL,96,NULL,G101200,NULL,NULL,NULL,1,NULL,03:40.7,NULL,NULL,NULL,NULL,96
3127,9441,C17072528391,NULL,96,NULL,A007070,NULL,NULL,NULL,1,NULL,03:40.7,NULL,NULL,NULL,NULL,96
3128,9479,C17072510729,NULL,96,NULL,T001058,NULL,NULL,NULL,1,NULL,03:40.7,NULL,NULL,NULL,NULL,96
3129,9481,C17072594170,NULL,96,NULL,G002277,NULL,NULL,NULL,1,NULL,03:40.7,NULL,NULL,NULL,NULL,96
3130,9490,C17072561281,NULL,96,NULL,A002680,NULL,NULL,NULL,1,NULL,03:40.7,NULL,NULL,NULL,NULL,96
3131,9500,C17072551198,NULL,96,NULL,A000859,NULL,NULL,NULL,1,NULL,03:40.7,NULL,NULL,NULL,NULL,96
3132,9502,C17072516020,NULL,96,NULL,R000755,NULL,NULL,NULL,1,NULL,03:40.7,NULL,NULL,NULL,NULL,96
3133,9503,C17072568683,NULL,96,NULL,L000625,NULL,NULL,NULL,1,NULL,03:40.7,NULL,NULL,NULL,NULL,96
3134,9514,C17072549643,NULL,96,NULL,K000460,NULL,NULL,NULL,1,NULL,03:40.7,NULL,NULL,NULL,NULL,96
3135,9530,C17072543501,NULL,96,NULL,C000555,NULL,NULL,NULL,1,NULL,03:40.7,NULL,NULL,NULL,NULL,96
3136,9587,C17072577148,NULL,96,NULL,G002282,NULL,NULL,NULL,1,NULL,03:40.7,NULL,NULL,NULL,NULL,96
3137,9590,C17072585247,NULL,96,NULL,S007794,NULL,NULL,NULL,1,NULL,03:40.7,NULL,NULL,NULL,NULL,96
3138,9595,C17072592339,NULL,96,NULL,R000784,NULL,NULL,NULL,1,NULL,03:40.7,NULL,NULL,NULL,NULL,96
3139,9601,C17072592978,NULL,96,NULL,S002030,NULL,NULL,NULL,1,NULL,03:40.7,NULL,NULL,NULL,NULL,96
3140,9614,C17072548560,NULL,96,NULL,A002646,NULL,NULL,NULL,1,NULL,03:40.7,NULL,NULL,NULL,NULL,96
3141,9618,C17072523472,NULL,96,NULL,G101192,NULL,NULL,NULL,1,NULL,03:40.7,NULL,NULL,NULL,NULL,96
3142,9619,C17072577202,NULL,96,NULL,K000472,NULL,NULL,NULL,1,NULL,03:40.7,NULL,NULL,NULL,NULL,96
3143,9653,C17072564084,NULL,96,NULL,V007027,NULL,NULL,NULL,1,NULL,03:40.7,NULL,NULL,NULL,NULL,96
3144,9670,C17072586765,NULL,96,NULL,G101083,NULL,NULL,NULL,1,NULL,03:40.7,NULL,NULL,NULL,NULL,96
3145,9723,C17072521318,NULL,96,NULL,F000201,NULL,NULL,NULL,1,NULL,03:40.7,NULL,NULL,NULL,NULL,96
3146,9738,C17072578545,NULL,96,NULL,N000373,NULL,NULL,NULL,1,NULL,03:40.7,NULL,NULL,NULL,NULL,96
3147,9805,C17072588538,NULL,96,NULL,G100967,NULL,NULL,NULL,1,NULL,03:40.7,NULL,NULL,NULL,NULL,96
3148,9829,C17072536026,NULL,96,NULL,F000113,NULL,NULL,NULL,1,NULL,03:40.7,NULL,NULL,NULL,NULL,96
3149,9831,C17072529263,NULL,96,NULL,S001267,NULL,NULL,NULL,1,NULL,03:40.7,NULL,NULL,NULL,NULL,96
3150,9834,C17072536096,NULL,96,NULL,U000122,NULL,NULL,NULL,1,NULL,03:40.7,NULL,NULL,NULL,NULL,96
3151,9837,C17072553298,NULL,96,NULL,S002151,NULL,NULL,NULL,1,NULL,03:40.7,NULL,NULL,NULL,NULL,96
3152,9840,C17072569221,NULL,96,NULL,D007043,NULL,NULL,NULL,1,NULL,03:40.7,NULL,NULL,NULL,NULL,96
3153,9851,C17072553477,NULL,96,NULL,I000426,NULL,NULL,NULL,1,NULL,03:40.7,NULL,NULL,NULL,NULL,96
3154,9872,C17072572281,NULL,96,NULL,A002557,NULL,NULL,NULL,1,NULL,03:40.7,NULL,NULL,NULL,NULL,96
3155,9873,C17072598103,NULL,96,NULL,V000448,NULL,NULL,NULL,1,NULL,03:40.7,NULL,NULL,NULL,NULL,96
3156,9895,C17072515527,NULL,96,NULL,P000734,NULL,NULL,NULL,1,NULL,03:40.7,NULL,NULL,NULL,NULL,96
3157,9912,C17072520390,NULL,96,NULL,T007045,NULL,NULL,NULL,1,NULL,03:40.7,NULL,NULL,NULL,NULL,96
3158,9939,C17072567757,NULL,96,NULL,S001236,NULL,NULL,NULL,1,NULL,03:40.7,NULL,NULL,NULL,NULL,96
3159,9942,C17072545164,NULL,96,NULL,G101292,NULL,NULL,NULL,1,NULL,03:40.7,NULL,NULL,NULL,NULL,96
3160,9951,C17072541651,NULL,96,NULL,J000286,NULL,NULL,NULL,1,NULL,03:40.7,NULL,NULL,NULL,NULL,96
3161,9990,C17072524592,NULL,96,NULL,R006077,NULL,NULL,NULL,1,NULL,03:40.7,NULL,NULL,NULL,NULL,96
3162,9991,C17072511504,NULL,96,NULL,M000571,NULL,NULL,NULL,1,NULL,03:40.7,NULL,NULL,NULL,NULL,96
3163,9993,C17072581683,NULL,96,NULL,R000218,NULL,NULL,NULL,1,NULL,03:40.7,NULL,NULL,NULL,NULL,96
3164,9994,C17072547879,NULL,96,NULL,M000802,NULL,NULL,NULL,1,NULL,03:40.7,NULL,NULL,NULL,NULL,96
3165,10067,C17072539563,NULL,96,NULL,B000218,NULL,NULL,NULL,1,NULL,03:40.7,NULL,NULL,NULL,NULL,96
3166,10078,C17072584387,NULL,96,NULL,A000811,NULL,NULL,NULL,1,NULL,03:40.7,NULL,NULL,NULL,NULL,96
3167,10085,C17072556994,NULL,96,NULL,T000069,NULL,NULL,NULL,1,NULL,03:40.7,NULL,NULL,NULL,NULL,96
3168,10088,C17072566834,NULL,96,NULL,P000386,NULL,NULL,NULL,1,NULL,03:40.7,NULL,NULL,NULL,NULL,96
3169,10097,C17072588245,NULL,96,NULL,K000213,NULL,NULL,NULL,1,NULL,03:40.7,NULL,NULL,NULL,NULL,96
3170,10108,C17072534949,NULL,96,NULL,A002692,NULL,NULL,NULL,1,NULL,03:40.7,NULL,NULL,NULL,NULL,96
3171,10131,C17072527674,NULL,96,NULL,R000328,NULL,NULL,NULL,1,NULL,03:40.7,NULL,NULL,NULL,NULL,96
3172,10182,C17072523316,NULL,96,NULL,P000760,NULL,NULL,NULL,1,NULL,03:40.7,NULL,NULL,NULL,NULL,96
3173,10187,C17072588076,NULL,96,NULL,G100335,NULL,NULL,NULL,1,NULL,03:40.7,NULL,NULL,NULL,NULL,96
3174,10200,C17072558955,NULL,96,NULL,E000560,NULL,NULL,NULL,1,NULL,03:40.7,NULL,NULL,NULL,NULL,96
3175,10201,C17072556486,NULL,96,NULL,J000094,NULL,NULL,NULL,1,NULL,03:40.7,NULL,NULL,NULL,NULL,96
3176,10203,C17072559374,NULL,96,NULL,D007007,NULL,NULL,NULL,1,NULL,03:40.7,NULL,NULL,NULL,NULL,96
3177,10204,C17072565721,NULL,96,NULL,D000322,NULL,NULL,NULL,1,NULL,03:40.7,NULL,NULL,NULL,NULL,96
3178,10209,C17072528916,NULL,96,NULL,M000327,NULL,NULL,NULL,1,NULL,03:40.7,NULL,NULL,NULL,NULL,96
3179,10217,C17072596836,NULL,96,NULL,D000502,NULL,NULL,NULL,1,NULL,03:40.7,NULL,NULL,NULL,NULL,96
3180,10241,C17072559787,NULL,96,NULL,P000777,NULL,NULL,NULL,1,NULL,03:40.7,NULL,NULL,NULL,NULL,96
3181,10269,C17072527804,NULL,96,NULL,A002484,NULL,NULL,NULL,1,NULL,03:40.7,NULL,NULL,NULL,NULL,96
3182,10274,C17072537249,NULL,96,NULL,A002619,NULL,NULL,NULL,1,NULL,03:40.7,NULL,NULL,NULL,NULL,96
3183,10276,C17072569482,NULL,96,NULL,G101329,NULL,NULL,NULL,1,NULL,03:40.7,NULL,NULL,NULL,NULL,96
3184,10288,C17072541076,NULL,96,NULL,C000590,NULL,NULL,NULL,1,NULL,03:40.7,NULL,NULL,NULL,NULL,96
3185,10291,C17072539712,NULL,96,NULL,F007015,NULL,NULL,NULL,1,NULL,03:40.7,NULL,NULL,NULL,NULL,96
3186,10292,C17072528500,NULL,96,NULL,S002231,NULL,NULL,NULL,1,NULL,03:40.7,NULL,NULL,NULL,NULL,96
3187,10317,C17072593976,NULL,96,NULL,I007066,NULL,NULL,NULL,1,NULL,03:40.7,NULL,NULL,NULL,NULL,96
3188,10323,C17072557822,NULL,96,NULL,J000298,NULL,NULL,NULL,1,NULL,03:40.7,NULL,NULL,NULL,NULL,96
3189,10329,C17072578188,NULL,96,NULL,S002148,NULL,NULL,NULL,1,NULL,03:40.7,NULL,NULL,NULL,NULL,96
3190,10344,C17072565467,NULL,96,NULL,P000828,NULL,NULL,NULL,1,NULL,03:40.7,NULL,NULL,NULL,NULL,96
3191,10347,C17072545793,NULL,96,NULL,F000111,NULL,NULL,NULL,1,NULL,03:40.7,NULL,NULL,NULL,NULL,96
3192,10374,C17072535112,NULL,96,NULL,K007006,NULL,NULL,NULL,1,NULL,03:40.7,NULL,NULL,NULL,NULL,96
3193,10429,C17072546265,NULL,96,NULL,T007001,NULL,NULL,NULL,1,NULL,03:40.7,NULL,NULL,NULL,NULL,96
3194,10594,C17072516098,NULL,96,NULL,M000603,NULL,NULL,NULL,1,NULL,03:40.7,NULL,NULL,NULL,NULL,96
3195,10818,C17072598172,NULL,96,NULL,V000316,NULL,NULL,NULL,1,NULL,03:40.7,NULL,NULL,NULL,NULL,96
3196,10952,C17072593686,NULL,96,NULL,I000281,NULL,NULL,NULL,1,NULL,03:40.7,NULL,NULL,NULL,NULL,96
3197,11026,C17072539671,NULL,96,NULL,T000037,NULL,NULL,NULL,1,NULL,03:40.7,NULL,NULL,NULL,NULL,96
3198,11074,C17072529430,NULL,96,NULL,M000544,NULL,NULL,NULL,1,NULL,03:40.7,NULL,NULL,NULL,NULL,96
3199,11160,C17072514381,NULL,96,NULL,D000507,NULL,NULL,NULL,1,NULL,03:40.7,NULL,NULL,NULL,NULL,96
3200,11370,C17072543697,NULL,96,NULL,A002533,NULL,NULL,NULL,1,NULL,03:40.7,NULL,NULL,NULL,NULL,96
3201,11644,C17072541515,NULL,96,NULL,M000771,NULL,NULL,NULL,1,NULL,03:40.7,NULL,NULL,NULL,NULL,96
3202,11685,C17072527363,NULL,96,NULL,G101335,NULL,NULL,NULL,1,NULL,03:40.7,NULL,NULL,NULL,NULL,96
3203,11733,C17072514551,NULL,96,NULL,A002699,NULL,NULL,NULL,1,NULL,03:40.7,NULL,NULL,NULL,NULL,96
3204,11734,C17072527465,NULL,96,NULL,B000432,NULL,NULL,NULL,1,NULL,03:40.7,NULL,NULL,NULL,NULL,96
3205,11872,C17072566633,NULL,96,NULL,A002566,NULL,NULL,NULL,1,NULL,03:40.7,NULL,NULL,NULL,NULL,96
3206,11873,C17072536022,NULL,96,NULL,L007003,NULL,NULL,NULL,1,NULL,03:40.7,NULL,NULL,NULL,NULL,96
3207,11988,C17072566568,NULL,96,NULL,T000483,NULL,NULL,NULL,1,NULL,03:40.7,NULL,NULL,NULL,NULL,96
3208,12117,C17072510848,NULL,96,NULL,A002651,NULL,NULL,NULL,1,NULL,03:40.7,NULL,NULL,NULL,NULL,96
3209,12160,C17072523503,NULL,96,NULL,K000391,NULL,NULL,NULL,1,NULL,03:40.7,NULL,NULL,NULL,NULL,96
3210,12181,C17072539525,NULL,96,NULL,L000611,NULL,NULL,NULL,1,NULL,03:40.7,NULL,NULL,NULL,NULL,96
3211,12215,C17072584412,NULL,96,NULL,U007012,NULL,NULL,NULL,1,NULL,03:40.7,NULL,NULL,NULL,NULL,96
3212,12676,C17072558529,NULL,96,NULL,G101134,NULL,NULL,NULL,1,NULL,03:40.7,NULL,NULL,NULL,NULL,96
3213,11,C17072524873,NULL,98,NULL,310000079,NULL,NULL,NULL,1,NULL,17:25.3,NULL,NULL,NULL,NULL,98
3214,17,C17072527635,NULL,98,NULL,200005244,NULL,NULL,NULL,1,NULL,17:25.3,NULL,NULL,NULL,NULL,98
3215,19,C17072558804,NULL,98,NULL,310000004,NULL,NULL,NULL,1,NULL,17:25.3,NULL,NULL,NULL,NULL,98
3216,23,C17072569694,NULL,98,NULL,200003946,NULL,NULL,NULL,1,NULL,17:25.3,NULL,NULL,NULL,NULL,98
3217,28,C17072523002,NULL,98,NULL,200003924,NULL,NULL,NULL,1,NULL,17:25.3,NULL,NULL,NULL,NULL,98
3218,30,C17072565792,NULL,98,NULL,200004126,NULL,NULL,NULL,1,NULL,17:25.3,NULL,NULL,NULL,NULL,98
3219,33,C17072588621,NULL,98,NULL,200000562,NULL,NULL,NULL,1,NULL,17:25.3,NULL,NULL,NULL,NULL,98
3220,43,C17072530998,NULL,98,NULL,200004770,NULL,NULL,NULL,1,NULL,17:25.3,NULL,NULL,NULL,NULL,98
3221,56,C17072548399,NULL,98,NULL,200005058,NULL,NULL,NULL,1,NULL,17:25.3,NULL,NULL,NULL,NULL,98
3222,62,C17072515833,NULL,98,NULL,310000070,NULL,NULL,NULL,1,NULL,17:25.3,NULL,NULL,NULL,NULL,98
3223,69,C17072545246,NULL,98,NULL,200002244,NULL,NULL,NULL,1,NULL,17:25.3,NULL,NULL,NULL,NULL,98
3224,106,C17072551308,NULL,98,NULL,200004510,NULL,NULL,NULL,1,NULL,17:25.3,NULL,NULL,NULL,NULL,98
3225,121,C17072536706,NULL,98,NULL,200005758,NULL,NULL,NULL,1,NULL,17:25.3,NULL,NULL,NULL,NULL,98
3226,140,C17072582549,NULL,98,NULL,200000324,NULL,NULL,NULL,1,NULL,17:25.3,NULL,NULL,NULL,NULL,98
3227,145,C17072524595,NULL,98,NULL,100001082,NULL,NULL,NULL,1,NULL,17:25.3,NULL,NULL,NULL,NULL,98
3228,146,C17072581356,NULL,98,NULL,200001747,NULL,NULL,NULL,1,NULL,17:25.3,NULL,NULL,NULL,NULL,98
3229,147,C17072583278,NULL,98,NULL,200000627,NULL,NULL,NULL,1,NULL,17:25.4,NULL,NULL,NULL,NULL,98
3230,179,C17072540134,NULL,98,NULL,200002413,NULL,NULL,NULL,1,NULL,17:25.4,NULL,NULL,NULL,NULL,98
3231,180,C17072577563,NULL,98,NULL,200005759,NULL,NULL,NULL,1,NULL,17:25.4,NULL,NULL,NULL,NULL,98
3232,189,C17072583441,NULL,98,NULL,200000886,NULL,NULL,NULL,1,NULL,17:25.4,NULL,NULL,NULL,NULL,98
3233,191,C17072594270,NULL,98,NULL,100000687,NULL,NULL,NULL,1,NULL,17:25.4,NULL,NULL,NULL,NULL,98
3234,194,C17072519541,NULL,98,NULL,200000630,NULL,NULL,NULL,1,NULL,17:25.4,NULL,NULL,NULL,NULL,98
3235,206,C17072528335,NULL,98,NULL,200004921,NULL,NULL,NULL,1,NULL,17:25.4,NULL,NULL,NULL,NULL,98
3236,208,C17072512321,NULL,98,NULL,100000428,NULL,NULL,NULL,1,NULL,17:25.4,NULL,NULL,NULL,NULL,98
3237,211,C17072531063,NULL,98,NULL,200001963,NULL,NULL,NULL,1,NULL,17:25.4,NULL,NULL,NULL,NULL,98
3238,213,C17072526167,NULL,98,NULL,200002687,NULL,NULL,NULL,1,NULL,17:25.4,NULL,NULL,NULL,NULL,98
3239,215,C17072531011,NULL,98,NULL,200005205,NULL,NULL,NULL,1,NULL,17:25.4,NULL,NULL,NULL,NULL,98
3240,222,C17072511030,NULL,98,NULL,200005767,NULL,NULL,NULL,1,NULL,17:25.4,NULL,NULL,NULL,NULL,98
3241,223,C17072514853,NULL,98,NULL,200005766,NULL,NULL,NULL,1,NULL,17:25.4,NULL,NULL,NULL,NULL,98
3242,234,C17072544591,NULL,98,NULL,200003955,NULL,NULL,NULL,1,NULL,17:25.4,NULL,NULL,NULL,NULL,98
3243,236,C17072558170,NULL,98,NULL,200001347,NULL,NULL,NULL,1,NULL,17:25.4,NULL,NULL,NULL,NULL,98
3244,240,C17072554333,NULL,98,NULL,200002457,NULL,NULL,NULL,1,NULL,17:25.4,NULL,NULL,NULL,NULL,98
3245,244,C17072535317,NULL,98,NULL,200000888,NULL,NULL,NULL,1,NULL,17:25.4,NULL,NULL,NULL,NULL,98
3246,245,C17072517247,NULL,98,NULL,200002453,NULL,NULL,NULL,1,NULL,17:25.4,NULL,NULL,NULL,NULL,98
3247,249,C17072560630,NULL,98,NULL,200001970,NULL,NULL,NULL,1,NULL,17:25.4,NULL,NULL,NULL,NULL,98
3248,251,C17072596309,NULL,98,NULL,200002458,NULL,NULL,NULL,1,NULL,17:25.4,NULL,NULL,NULL,NULL,98
3249,252,C17072513034,NULL,98,NULL,200001357,NULL,NULL,NULL,1,NULL,17:25.4,NULL,NULL,NULL,NULL,98
3250,270,C17072528065,NULL,98,NULL,200001379,NULL,NULL,NULL,1,NULL,17:25.4,NULL,NULL,NULL,NULL,98
3251,277,C17072529743,NULL,98,NULL,310000032,NULL,NULL,NULL,1,NULL,17:25.4,NULL,NULL,NULL,NULL,98
3252,282,C17072546700,NULL,98,NULL,200005267,NULL,NULL,NULL,1,NULL,17:25.4,NULL,NULL,NULL,NULL,98
3253,285,C17072563327,NULL,98,NULL,100001097,NULL,NULL,NULL,1,NULL,17:25.4,NULL,NULL,NULL,NULL,98
3254,288,C17072577173,NULL,98,NULL,200002068,NULL,NULL,NULL,1,NULL,17:25.4,NULL,NULL,NULL,NULL,98
3255,289,C17072553188,NULL,98,NULL,200005752,NULL,NULL,NULL,1,NULL,17:25.4,NULL,NULL,NULL,NULL,98
3256,296,C17072579915,NULL,98,NULL,200006287,NULL,NULL,NULL,1,NULL,17:25.4,NULL,NULL,NULL,NULL,98
3257,298,C17072567671,NULL,98,NULL,100000590,NULL,NULL,NULL,1,NULL,17:25.4,NULL,NULL,NULL,NULL,98
3258,304,C17072556263,NULL,98,NULL,200005122,NULL,NULL,NULL,1,NULL,17:25.4,NULL,NULL,NULL,NULL,98
3259,312,C17072592622,NULL,98,NULL,200003964,NULL,NULL,NULL,1,NULL,17:25.4,NULL,NULL,NULL,NULL,98
3260,323,C17072593088,NULL,98,NULL,200003815,NULL,NULL,NULL,1,NULL,17:25.4,NULL,NULL,NULL,NULL,98
3261,328,C17072548991,NULL,98,NULL,200005771,NULL,NULL,NULL,1,NULL,17:25.4,NULL,NULL,NULL,NULL,98
3262,338,C17072589173,NULL,98,NULL,200001386,NULL,NULL,NULL,1,NULL,17:25.4,NULL,NULL,NULL,NULL,98
3263,343,C17072555598,NULL,98,NULL,200006110,NULL,NULL,NULL,1,NULL,17:25.4,NULL,NULL,NULL,NULL,98
3264,345,C17072538535,NULL,98,NULL,200005790,NULL,NULL,NULL,1,NULL,17:25.4,NULL,NULL,NULL,NULL,98
3265,348,C17072569557,NULL,98,NULL,100000015,NULL,NULL,NULL,1,NULL,17:25.4,NULL,NULL,NULL,NULL,98
3266,354,C17072540843,NULL,98,NULL,200005659,NULL,NULL,NULL,1,NULL,17:25.4,NULL,NULL,NULL,NULL,98
3267,359,C17072531613,NULL,98,NULL,200005744,NULL,NULL,NULL,1,NULL,17:25.4,NULL,NULL,NULL,NULL,98
3268,360,C17072548838,NULL,98,NULL,310000068,NULL,NULL,NULL,1,NULL,17:25.4,NULL,NULL,NULL,NULL,98
3269,363,C17072596947,NULL,98,NULL,310000067,NULL,NULL,NULL,1,NULL,17:25.4,NULL,NULL,NULL,NULL,98
3270,371,C17072532376,NULL,98,NULL,100000638,NULL,NULL,NULL,1,NULL,17:25.4,NULL,NULL,NULL,NULL,98
3271,375,C17072588313,NULL,98,NULL,200001673,NULL,NULL,NULL,1,NULL,17:25.4,NULL,NULL,NULL,NULL,98
3272,376,C17072547450,NULL,98,NULL,200005762,NULL,NULL,NULL,1,NULL,17:25.4,NULL,NULL,NULL,NULL,98
3273,387,C17072577927,NULL,98,NULL,310000043,NULL,NULL,NULL,1,NULL,17:25.4,NULL,NULL,NULL,NULL,98
3274,392,C17072565788,NULL,98,NULL,200001759,NULL,NULL,NULL,1,NULL,17:25.4,NULL,NULL,NULL,NULL,98
3275,393,C17072577979,NULL,98,NULL,310000005,NULL,NULL,NULL,1,NULL,17:25.4,NULL,NULL,NULL,NULL,98
3276,394,C17072563016,NULL,98,NULL,200006155,NULL,NULL,NULL,1,NULL,17:25.4,NULL,NULL,NULL,NULL,98
3277,395,C17072530158,NULL,98,NULL,200006071,NULL,NULL,NULL,1,NULL,17:25.4,NULL,NULL,NULL,NULL,98
3278,396,C17072598625,NULL,98,NULL,200000402,NULL,NULL,NULL,1,NULL,17:25.4,NULL,NULL,NULL,NULL,98
3279,402,C17072582980,NULL,98,NULL,200005671,NULL,NULL,NULL,1,NULL,17:25.4,NULL,NULL,NULL,NULL,98
3280,410,C17072584462,NULL,98,NULL,200006089,NULL,NULL,NULL,1,NULL,17:25.4,NULL,NULL,NULL,NULL,98
3281,435,C17072595810,NULL,98,NULL,200002186,NULL,NULL,NULL,1,NULL,17:25.4,NULL,NULL,NULL,NULL,98
3282,453,C17072511100,NULL,98,NULL,200005994,NULL,NULL,NULL,1,NULL,17:25.4,NULL,NULL,NULL,NULL,98
3283,459,C17072536396,NULL,98,NULL,200005190,NULL,NULL,NULL,1,NULL,17:25.4,NULL,NULL,NULL,NULL,98
3284,465,C17072587449,NULL,98,NULL,310000069,NULL,NULL,NULL,1,NULL,17:25.4,NULL,NULL,NULL,NULL,98
3285,469,C17072540360,NULL,98,NULL,200003128,NULL,NULL,NULL,1,NULL,17:25.4,NULL,NULL,NULL,NULL,98
3286,480,C17072599215,NULL,98,NULL,200005748,NULL,NULL,NULL,1,NULL,17:25.4,NULL,NULL,NULL,NULL,98
3287,482,C17072593565,NULL,98,NULL,200004057,NULL,NULL,NULL,1,NULL,17:25.4,NULL,NULL,NULL,NULL,98
3288,483,C17072524944,NULL,98,NULL,200005770,NULL,NULL,NULL,1,NULL,17:25.4,NULL,NULL,NULL,NULL,98
3289,485,C17072593293,NULL,98,NULL,100000024,NULL,NULL,NULL,1,NULL,17:25.4,NULL,NULL,NULL,NULL,98
3290,494,C17072535454,NULL,98,NULL,100001071,NULL,NULL,NULL,1,NULL,17:25.4,NULL,NULL,NULL,NULL,98
3291,508,C17072510318,NULL,98,NULL,200002748,NULL,NULL,NULL,1,NULL,17:25.4,NULL,NULL,NULL,NULL,98
3292,513,C17072564257,NULL,98,NULL,200001275,NULL,NULL,NULL,1,NULL,17:25.4,NULL,NULL,NULL,NULL,98
3293,522,C17072593454,NULL,98,NULL,310000002,NULL,NULL,NULL,1,NULL,17:25.4,NULL,NULL,NULL,NULL,98
3294,541,C17072518056,NULL,98,NULL,200005751,NULL,NULL,NULL,1,NULL,17:25.4,NULL,NULL,NULL,NULL,98
3295,543,C17072594687,NULL,98,NULL,200005746,NULL,NULL,NULL,1,NULL,17:25.4,NULL,NULL,NULL,NULL,98
3296,550,C17072533314,NULL,98,NULL,100000462,NULL,NULL,NULL,1,NULL,17:25.4,NULL,NULL,NULL,NULL,98
3297,555,C17072580059,NULL,98,NULL,200005774,NULL,NULL,NULL,1,NULL,17:25.4,NULL,NULL,NULL,NULL,98
3298,561,C17072580484,NULL,98,NULL,100000737,NULL,NULL,NULL,1,NULL,17:25.4,NULL,NULL,NULL,NULL,98
3299,564,C17072548446,NULL,98,NULL,200005275,NULL,NULL,NULL,1,NULL,17:25.4,NULL,NULL,NULL,NULL,98
3300,565,C17072543685,NULL,98,NULL,200005101,NULL,NULL,NULL,1,NULL,17:25.4,NULL,NULL,NULL,NULL,98
3301,585,C17072515987,NULL,98,NULL,200005754,NULL,NULL,NULL,1,NULL,17:25.4,NULL,NULL,NULL,NULL,98
3302,590,C17072536472,NULL,98,NULL,200001827,NULL,NULL,NULL,1,NULL,17:25.4,NULL,NULL,NULL,NULL,98
3303,591,C17072542368,NULL,98,NULL,310000044,NULL,NULL,NULL,1,NULL,17:25.4,NULL,NULL,NULL,NULL,98
3304,594,C17072548016,NULL,98,NULL,200001782,NULL,NULL,NULL,1,NULL,17:25.4,NULL,NULL,NULL,NULL,98
3305,596,C17072565934,NULL,98,NULL,100000006,NULL,NULL,NULL,1,NULL,17:25.4,NULL,NULL,NULL,NULL,98
3306,628,C17072515801,NULL,98,NULL,200005792,NULL,NULL,NULL,1,NULL,17:25.4,NULL,NULL,NULL,NULL,98
3307,639,C17072582721,NULL,98,NULL,100000651,NULL,NULL,NULL,1,NULL,17:25.4,NULL,NULL,NULL,NULL,98
3308,645,C17072587042,NULL,98,NULL,200003843,NULL,NULL,NULL,1,NULL,17:25.4,NULL,NULL,NULL,NULL,98
3309,663,C17072568894,NULL,98,NULL,200000765,NULL,NULL,NULL,1,NULL,17:25.4,NULL,NULL,NULL,NULL,98
3310,685,C17072541208,NULL,98,NULL,200003681,NULL,NULL,NULL,1,NULL,17:25.4,NULL,NULL,NULL,NULL,98
3311,699,C17072589642,NULL,98,NULL,200003065,NULL,NULL,NULL,1,NULL,17:25.4,NULL,NULL,NULL,NULL,98
3312,745,C17072522410,NULL,98,NULL,200005022,NULL,NULL,NULL,1,NULL,17:25.4,NULL,NULL,NULL,NULL,98
3313,773,C17072575252,NULL,98,NULL,100000791,NULL,NULL,NULL,1,NULL,17:25.4,NULL,NULL,NULL,NULL,98
3314,779,C17072562237,NULL,98,NULL,200001410,NULL,NULL,NULL,1,NULL,17:25.4,NULL,NULL,NULL,NULL,98
3315,780,C17072592491,NULL,98,NULL,100001209,NULL,NULL,NULL,1,NULL,17:25.4,NULL,NULL,NULL,NULL,98
3316,790,C17072553618,NULL,98,NULL,200003951,NULL,NULL,NULL,1,NULL,17:25.4,NULL,NULL,NULL,NULL,98
3317,799,C17072514128,NULL,98,NULL,200002745,NULL,NULL,NULL,1,NULL,17:25.4,NULL,NULL,NULL,NULL,98
3318,906,C17072554621,NULL,98,NULL,200004738,NULL,NULL,NULL,1,NULL,17:25.4,NULL,NULL,NULL,NULL,98
3319,950,C17072577382,NULL,98,NULL,200003792,NULL,NULL,NULL,1,NULL,17:25.4,NULL,NULL,NULL,NULL,98
3320,955,C17072546245,NULL,98,NULL,200000520,NULL,NULL,NULL,1,NULL,17:25.4,NULL,NULL,NULL,NULL,98
3321,959,C17072558721,NULL,98,NULL,100001007,NULL,NULL,NULL,1,NULL,17:25.4,NULL,NULL,NULL,NULL,98
3322,986,C17072511732,NULL,98,NULL,100000123,NULL,NULL,NULL,1,NULL,17:25.4,NULL,NULL,NULL,NULL,98
3323,1027,C17072577503,NULL,98,NULL,200001943,NULL,NULL,NULL,1,NULL,17:25.4,NULL,NULL,NULL,NULL,98
3324,1064,C17072510438,NULL,98,NULL,200002778,NULL,NULL,NULL,1,NULL,17:25.4,NULL,NULL,NULL,NULL,98
3325,1070,C17072553801,NULL,98,NULL,100000815,NULL,NULL,NULL,1,NULL,17:25.4,NULL,NULL,NULL,NULL,98
3326,1082,C17072587987,NULL,98,NULL,200005295,NULL,NULL,NULL,1,NULL,17:25.4,NULL,NULL,NULL,NULL,98
3327,1121,C17072535852,NULL,98,NULL,200002992,NULL,NULL,NULL,1,NULL,17:25.4,NULL,NULL,NULL,NULL,98
3328,1128,C17072576624,NULL,98,NULL,200005086,NULL,NULL,NULL,1,NULL,17:25.4,NULL,NULL,NULL,NULL,98
3329,1170,C17072587861,NULL,98,NULL,100000877,NULL,NULL,NULL,1,NULL,17:25.4,NULL,NULL,NULL,NULL,98
3330,1194,C17072572010,NULL,98,NULL,200005562,NULL,NULL,NULL,1,NULL,17:25.4,NULL,NULL,NULL,NULL,98
3331,1201,C17072540692,NULL,98,NULL,200004698,NULL,NULL,NULL,1,NULL,17:25.4,NULL,NULL,NULL,NULL,98
3332,1208,C17072516062,NULL,98,NULL,200005803,NULL,NULL,NULL,1,NULL,17:25.5,NULL,NULL,NULL,NULL,98
3333,1222,C17072567402,NULL,98,NULL,200000574,NULL,NULL,NULL,1,NULL,17:25.5,NULL,NULL,NULL,NULL,98
3334,1227,C17072533866,NULL,98,NULL,200004159,NULL,NULL,NULL,1,NULL,17:25.5,NULL,NULL,NULL,NULL,98
3335,1228,C17072522697,NULL,98,NULL,200005745,NULL,NULL,NULL,1,NULL,17:25.5,NULL,NULL,NULL,NULL,98
3336,1236,C17072596274,NULL,98,NULL,100000309,NULL,NULL,NULL,1,NULL,17:25.5,NULL,NULL,NULL,NULL,98
3337,1264,C17072583211,NULL,98,NULL,200003327,NULL,NULL,NULL,1,NULL,17:25.5,NULL,NULL,NULL,NULL,98
3338,1275,C17072567137,NULL,98,NULL,200003950,NULL,NULL,NULL,1,NULL,17:25.5,NULL,NULL,NULL,NULL,98
3339,1312,C17072545318,NULL,98,NULL,100000062,NULL,NULL,NULL,1,NULL,17:25.5,NULL,NULL,NULL,NULL,98
3340,1313,C17072562448,NULL,98,NULL,100000002,NULL,NULL,NULL,1,NULL,17:25.5,NULL,NULL,NULL,NULL,98
3341,1328,C17072563924,NULL,98,NULL,200003210,NULL,NULL,NULL,1,NULL,17:25.5,NULL,NULL,NULL,NULL,98
3342,1403,C17072555415,NULL,98,NULL,200004041,NULL,NULL,NULL,1,NULL,17:25.5,NULL,NULL,NULL,NULL,98
3343,1416,C17072526435,NULL,98,NULL,200004060,NULL,NULL,NULL,1,NULL,17:25.5,NULL,NULL,NULL,NULL,98
3344,1420,C17072523498,NULL,98,NULL,200001440,NULL,NULL,NULL,1,NULL,17:25.5,NULL,NULL,NULL,NULL,98
3345,1425,C17072517216,NULL,98,NULL,200003817,NULL,NULL,NULL,1,NULL,17:25.5,NULL,NULL,NULL,NULL,98
3346,1430,C17072582481,NULL,98,NULL,200006045,NULL,NULL,NULL,1,NULL,17:25.5,NULL,NULL,NULL,NULL,98
3347,1433,C17072571541,NULL,98,NULL,200003891,NULL,NULL,NULL,1,NULL,17:25.5,NULL,NULL,NULL,NULL,98
3348,1434,C17072595654,NULL,98,NULL,200005747,NULL,NULL,NULL,1,NULL,17:25.5,NULL,NULL,NULL,NULL,98
3349,1446,C17072525225,NULL,98,NULL,200001467,NULL,NULL,NULL,1,NULL,17:25.5,NULL,NULL,NULL,NULL,98
3350,1461,C17072541257,NULL,98,NULL,100000292,NULL,NULL,NULL,1,NULL,17:25.5,NULL,NULL,NULL,NULL,98
3351,1485,C17072548998,NULL,98,NULL,200002357,NULL,NULL,NULL,1,NULL,17:25.5,NULL,NULL,NULL,NULL,98
3352,1641,C17072564760,NULL,98,NULL,200001670,NULL,NULL,NULL,1,NULL,17:25.5,NULL,NULL,NULL,NULL,98
3353,1656,C17072542447,NULL,98,NULL,100000594,NULL,NULL,NULL,1,NULL,17:25.5,NULL,NULL,NULL,NULL,98
3354,1678,C17072513504,NULL,98,NULL,200004465,NULL,NULL,NULL,1,NULL,17:25.5,NULL,NULL,NULL,NULL,98
3355,1695,C17072524796,NULL,98,NULL,100000966,NULL,NULL,NULL,1,NULL,17:25.5,NULL,NULL,NULL,NULL,98
3356,1700,C17072572287,NULL,98,NULL,200002659,NULL,NULL,NULL,1,NULL,17:25.5,NULL,NULL,NULL,NULL,98
3357,1708,C17072562018,NULL,98,NULL,100001182,NULL,NULL,NULL,1,NULL,17:25.5,NULL,NULL,NULL,NULL,98
3358,1739,C17072525696,NULL,98,NULL,100001070,NULL,NULL,NULL,1,NULL,17:25.5,NULL,NULL,NULL,NULL,98
3359,1756,C17072544741,NULL,98,NULL,200002054,NULL,NULL,NULL,1,NULL,17:25.5,NULL,NULL,NULL,NULL,98
3360,1759,C17072595380,NULL,98,NULL,100001105,NULL,NULL,NULL,1,NULL,17:25.5,NULL,NULL,NULL,NULL,98
3361,1760,C17072528170,NULL,98,NULL,100000423,NULL,NULL,NULL,1,NULL,17:25.5,NULL,NULL,NULL,NULL,98
3362,1762,C17072523989,NULL,98,NULL,200002710,NULL,NULL,NULL,1,NULL,17:25.5,NULL,NULL,NULL,NULL,98
3363,1781,C17072589110,NULL,98,NULL,100000621,NULL,NULL,NULL,1,NULL,17:25.5,NULL,NULL,NULL,NULL,98
3364,1798,C17072571570,NULL,98,NULL,200004038,NULL,NULL,NULL,1,NULL,17:25.5,NULL,NULL,NULL,NULL,98
3365,1806,C17072566559,NULL,98,NULL,100000161,NULL,NULL,NULL,1,NULL,17:25.5,NULL,NULL,NULL,NULL,98
3366,1879,C17072575015,NULL,98,NULL,100000394,NULL,NULL,NULL,1,NULL,17:25.5,NULL,NULL,NULL,NULL,98
3367,1884,C17072572798,NULL,98,NULL,100001322,NULL,NULL,NULL,1,NULL,17:25.5,NULL,NULL,NULL,NULL,98
3368,1909,C17072560035,NULL,98,NULL,200004542,NULL,NULL,NULL,1,NULL,17:25.5,NULL,NULL,NULL,NULL,98
3369,1912,C17072532405,NULL,98,NULL,200001504,NULL,NULL,NULL,1,NULL,17:25.5,NULL,NULL,NULL,NULL,98
3370,1936,C17072572681,NULL,98,NULL,200002511,NULL,NULL,NULL,1,NULL,17:25.5,NULL,NULL,NULL,NULL,98
3371,1979,C17072571021,NULL,98,NULL,200001274,NULL,NULL,NULL,1,NULL,17:25.5,NULL,NULL,NULL,NULL,98
3372,1994,C17072517791,NULL,98,NULL,200002379,NULL,NULL,NULL,1,NULL,17:25.5,NULL,NULL,NULL,NULL,98
3373,1995,C17072536353,NULL,98,NULL,200005772,NULL,NULL,NULL,1,NULL,17:25.5,NULL,NULL,NULL,NULL,98
3374,2028,C17072580294,NULL,98,NULL,200003316,NULL,NULL,NULL,1,NULL,17:25.5,NULL,NULL,NULL,NULL,98
3375,2029,C17072544625,NULL,98,NULL,200002904,NULL,NULL,NULL,1,NULL,17:25.5,NULL,NULL,NULL,NULL,98
3376,2044,C17072594959,NULL,98,NULL,200005035,NULL,NULL,NULL,1,NULL,17:25.5,NULL,NULL,NULL,NULL,98
3377,2056,C17072514169,NULL,98,NULL,100000456,NULL,NULL,NULL,1,NULL,17:25.5,NULL,NULL,NULL,NULL,98
3378,2062,C17072514189,NULL,98,NULL,200005364,NULL,NULL,NULL,1,NULL,17:25.5,NULL,NULL,NULL,NULL,98
3379,2080,C17072510424,NULL,98,NULL,200005802,NULL,NULL,NULL,1,NULL,17:25.5,NULL,NULL,NULL,NULL,98
3380,2084,C17072568806,NULL,98,NULL,100000306,NULL,NULL,NULL,1,NULL,17:25.5,NULL,NULL,NULL,NULL,98
3381,2089,C17072594487,NULL,98,NULL,200001298,NULL,NULL,NULL,1,NULL,17:25.5,NULL,NULL,NULL,NULL,98
3382,2099,C17072599272,NULL,98,NULL,200001952,NULL,NULL,NULL,1,NULL,17:25.5,NULL,NULL,NULL,NULL,98
3383,2107,C17072560191,NULL,98,NULL,200004067,NULL,NULL,NULL,1,NULL,17:25.5,NULL,NULL,NULL,NULL,98
3384,2112,C17072599820,NULL,98,NULL,200005843,NULL,NULL,NULL,1,NULL,17:25.5,NULL,NULL,NULL,NULL,98
3385,2117,C17072592465,NULL,98,NULL,200001809,NULL,NULL,NULL,1,NULL,17:25.5,NULL,NULL,NULL,NULL,98
3386,2120,C17072586298,NULL,98,NULL,200004751,NULL,NULL,NULL,1,NULL,17:25.5,NULL,NULL,NULL,NULL,98
3387,2121,C17072538263,NULL,98,NULL,100000831,NULL,NULL,NULL,1,NULL,17:25.5,NULL,NULL,NULL,NULL,98
3388,2145,C17072523553,NULL,98,NULL,200005315,NULL,NULL,NULL,1,NULL,17:25.5,NULL,NULL,NULL,NULL,98
3389,2160,C17072554428,NULL,98,NULL,200005783,NULL,NULL,NULL,1,NULL,17:25.5,NULL,NULL,NULL,NULL,98
3390,2216,C17072562126,NULL,98,NULL,200002355,NULL,NULL,NULL,1,NULL,17:25.5,NULL,NULL,NULL,NULL,98
3391,2217,C17072523043,NULL,98,NULL,200004942,NULL,NULL,NULL,1,NULL,17:25.5,NULL,NULL,NULL,NULL,98
3392,2218,C17072549623,NULL,98,NULL,200003075,NULL,NULL,NULL,1,NULL,17:25.5,NULL,NULL,NULL,NULL,98
3393,2225,C17072562758,NULL,98,NULL,310000039,NULL,NULL,NULL,1,NULL,17:25.5,NULL,NULL,NULL,NULL,98
3394,2229,C17072536399,NULL,98,NULL,200002205,NULL,NULL,NULL,1,NULL,17:25.5,NULL,NULL,NULL,NULL,98
3395,2230,C17072544405,NULL,98,NULL,200005610,NULL,NULL,NULL,1,NULL,17:25.5,NULL,NULL,NULL,NULL,98
3396,2233,C17072585509,NULL,98,NULL,200000123,NULL,NULL,NULL,1,NULL,17:25.5,NULL,NULL,NULL,NULL,98
3397,2257,C17072555720,NULL,98,NULL,100000693,NULL,NULL,NULL,1,NULL,17:25.5,NULL,NULL,NULL,NULL,98
3398,2282,C17072540684,NULL,98,NULL,100000525,NULL,NULL,NULL,1,NULL,17:25.5,NULL,NULL,NULL,NULL,98
3399,2289,C17072528294,NULL,98,NULL,200001327,NULL,NULL,NULL,1,NULL,17:25.5,NULL,NULL,NULL,NULL,98
3400,2290,C17072566113,NULL,98,NULL,200005986,NULL,NULL,NULL,1,NULL,17:25.5,NULL,NULL,NULL,NULL,98
3401,2292,C17072589093,NULL,98,NULL,200004849,NULL,NULL,NULL,1,NULL,17:25.5,NULL,NULL,NULL,NULL,98
3402,2318,C17072551506,NULL,98,NULL,100000378,NULL,NULL,NULL,1,NULL,17:25.5,NULL,NULL,NULL,NULL,98
3403,2321,C17072563169,NULL,98,NULL,100000801,NULL,NULL,NULL,1,NULL,17:25.5,NULL,NULL,NULL,NULL,98
3404,2322,C17072552532,NULL,98,NULL,200005591,NULL,NULL,NULL,1,NULL,17:25.5,NULL,NULL,NULL,NULL,98
3405,2394,C17072563153,NULL,98,NULL,200001192,NULL,NULL,NULL,1,NULL,17:25.5,NULL,NULL,NULL,NULL,98
3406,2400,C17072540609,NULL,98,NULL,100000284,NULL,NULL,NULL,1,NULL,17:25.5,NULL,NULL,NULL,NULL,98
3407,2419,C17072542959,NULL,98,NULL,200004539,NULL,NULL,NULL,1,NULL,17:25.5,NULL,NULL,NULL,NULL,98
3408,2426,C17072564372,NULL,98,NULL,200002311,NULL,NULL,NULL,1,NULL,17:25.5,NULL,NULL,NULL,NULL,98
3409,2427,C17072582922,NULL,98,NULL,100000999,NULL,NULL,NULL,1,NULL,17:25.5,NULL,NULL,NULL,NULL,98
3410,2452,C17072587838,NULL,98,NULL,200000900,NULL,NULL,NULL,1,NULL,17:25.5,NULL,NULL,NULL,NULL,98
3411,2469,C17072526706,NULL,98,NULL,200002389,NULL,NULL,NULL,1,NULL,17:25.5,NULL,NULL,NULL,NULL,98
3412,2472,C17072551547,NULL,98,NULL,100000308,NULL,NULL,NULL,1,NULL,17:25.5,NULL,NULL,NULL,NULL,98
3413,2504,C17072596286,NULL,98,NULL,100001236,NULL,NULL,NULL,1,NULL,17:25.5,NULL,NULL,NULL,NULL,98
3414,2531,C17072538876,NULL,98,NULL,100000788,NULL,NULL,NULL,1,NULL,17:25.5,NULL,NULL,NULL,NULL,98
3415,2553,C17072564883,NULL,98,NULL,200001000,NULL,NULL,NULL,1,NULL,17:25.5,NULL,NULL,NULL,NULL,98
3416,2605,C17072544114,NULL,98,NULL,100000286,NULL,NULL,NULL,1,NULL,17:25.5,NULL,NULL,NULL,NULL,98
3417,2609,C17072527076,NULL,98,NULL,200002743,NULL,NULL,NULL,1,NULL,17:25.5,NULL,NULL,NULL,NULL,98
3418,2627,C17072518087,NULL,98,NULL,100000805,NULL,NULL,NULL,1,NULL,17:25.5,NULL,NULL,NULL,NULL,98
3419,2664,C17072555475,NULL,98,NULL,200005259,NULL,NULL,NULL,1,NULL,17:25.5,NULL,NULL,NULL,NULL,98
3420,2666,C17072558119,NULL,98,NULL,200003183,NULL,NULL,NULL,1,NULL,17:25.5,NULL,NULL,NULL,NULL,98
3421,2677,C17072594466,NULL,98,NULL,100000529,NULL,NULL,NULL,1,NULL,17:25.5,NULL,NULL,NULL,NULL,98
3422,2681,C17072564947,NULL,98,NULL,200000362,NULL,NULL,NULL,1,NULL,17:25.5,NULL,NULL,NULL,NULL,98
3423,2719,C17072591657,NULL,98,NULL,100000997,NULL,NULL,NULL,1,NULL,17:25.5,NULL,NULL,NULL,NULL,98
3424,2722,C17072544656,NULL,98,NULL,200002202,NULL,NULL,NULL,1,NULL,17:25.5,NULL,NULL,NULL,NULL,98
3425,2747,C17072589789,NULL,98,NULL,200006264,NULL,NULL,NULL,1,NULL,17:25.5,NULL,NULL,NULL,NULL,98
3426,2751,C17072519352,NULL,98,NULL,200001757,NULL,NULL,NULL,1,NULL,17:25.5,NULL,NULL,NULL,NULL,98
3427,2756,C17072530729,NULL,98,NULL,200001419,NULL,NULL,NULL,1,NULL,17:25.5,NULL,NULL,NULL,NULL,98
3428,2770,C17072590460,NULL,98,NULL,200004528,NULL,NULL,NULL,1,NULL,17:25.5,NULL,NULL,NULL,NULL,98
3429,2785,C17072529790,NULL,98,NULL,100001356,NULL,NULL,NULL,1,NULL,17:25.5,NULL,NULL,NULL,NULL,98
3430,2827,C17072540522,NULL,98,NULL,200005181,NULL,NULL,NULL,1,NULL,17:25.5,NULL,NULL,NULL,NULL,98
3431,2832,C17072578129,NULL,98,NULL,200005115,NULL,NULL,NULL,1,NULL,17:25.5,NULL,NULL,NULL,NULL,98
3432,2837,C17072510024,NULL,98,NULL,200006323,NULL,NULL,NULL,1,NULL,17:25.5,NULL,NULL,NULL,NULL,98
3433,2838,C17072556397,NULL,98,NULL,200004816,NULL,NULL,NULL,1,NULL,17:25.5,NULL,NULL,NULL,NULL,98
3434,2841,C17072572175,NULL,98,NULL,100000460,NULL,NULL,NULL,1,NULL,17:25.5,NULL,NULL,NULL,NULL,98
3435,2845,C17072549290,NULL,98,NULL,100001009,NULL,NULL,NULL,1,NULL,17:25.6,NULL,NULL,NULL,NULL,98
3436,2853,C17072513250,NULL,98,NULL,100000846,NULL,NULL,NULL,1,NULL,17:25.6,NULL,NULL,NULL,NULL,98
3437,2884,C17072513017,NULL,98,NULL,100000809,NULL,NULL,NULL,1,NULL,17:25.6,NULL,NULL,NULL,NULL,98
3438,2893,C17072598363,NULL,98,NULL,200001492,NULL,NULL,NULL,1,NULL,17:25.6,NULL,NULL,NULL,NULL,98
3439,2901,C17072593425,NULL,98,NULL,200002552,NULL,NULL,NULL,1,NULL,17:25.6,NULL,NULL,NULL,NULL,98
3440,2914,C17072546066,NULL,98,NULL,100000268,NULL,NULL,NULL,1,NULL,17:25.6,NULL,NULL,NULL,NULL,98
3441,2933,C17072575198,NULL,98,NULL,200000029,NULL,NULL,NULL,1,NULL,17:25.6,NULL,NULL,NULL,NULL,98
3442,2943,C17072573646,NULL,98,NULL,100000676,NULL,NULL,NULL,1,NULL,17:25.6,NULL,NULL,NULL,NULL,98
3443,2946,C17072524154,NULL,98,NULL,100000152,NULL,NULL,NULL,1,NULL,17:25.6,NULL,NULL,NULL,NULL,98
3444,2949,C17072588694,NULL,98,NULL,200005505,NULL,NULL,NULL,1,NULL,17:25.6,NULL,NULL,NULL,NULL,98
3445,2956,C17072557098,NULL,98,NULL,200004158,NULL,NULL,NULL,1,NULL,17:25.6,NULL,NULL,NULL,NULL,98
3446,2957,C17072545007,NULL,98,NULL,200003182,NULL,NULL,NULL,1,NULL,17:25.6,NULL,NULL,NULL,NULL,98
3447,2992,C17072565322,NULL,98,NULL,100000727,NULL,NULL,NULL,1,NULL,17:25.6,NULL,NULL,NULL,NULL,98
3448,2997,C17072582803,NULL,98,NULL,200001718,NULL,NULL,NULL,1,NULL,17:25.6,NULL,NULL,NULL,NULL,98
3449,2998,C17072567702,NULL,98,NULL,200005254,NULL,NULL,NULL,1,NULL,17:25.6,NULL,NULL,NULL,NULL,98
3450,3020,C17072591040,NULL,98,NULL,100000134,NULL,NULL,NULL,1,NULL,17:25.6,NULL,NULL,NULL,NULL,98
3451,3061,C17072579032,NULL,98,NULL,200002122,NULL,NULL,NULL,1,NULL,17:25.6,NULL,NULL,NULL,NULL,98
3452,3108,C17072552251,NULL,98,NULL,200001658,NULL,NULL,NULL,1,NULL,17:25.6,NULL,NULL,NULL,NULL,98
3453,3120,C17072587155,NULL,98,NULL,100001012,NULL,NULL,NULL,1,NULL,17:25.6,NULL,NULL,NULL,NULL,98
3454,3131,C17072566531,NULL,98,NULL,100000942,NULL,NULL,NULL,1,NULL,17:25.6,NULL,NULL,NULL,NULL,98
3455,3164,C17072525076,NULL,98,NULL,100001470,NULL,NULL,NULL,1,NULL,17:25.6,NULL,NULL,NULL,NULL,98
3456,3184,C17072574993,NULL,98,NULL,200006161,NULL,NULL,NULL,1,NULL,17:25.6,NULL,NULL,NULL,NULL,98
3457,3189,C17072580271,NULL,98,NULL,100000834,NULL,NULL,NULL,1,NULL,17:25.6,NULL,NULL,NULL,NULL,98
3458,3198,C17072559033,NULL,98,NULL,200000061,NULL,NULL,NULL,1,NULL,17:25.6,NULL,NULL,NULL,NULL,98
3459,3206,C17072564182,NULL,98,NULL,100000265,NULL,NULL,NULL,1,NULL,17:25.6,NULL,NULL,NULL,NULL,98
3460,3208,C17072562429,NULL,98,NULL,100000722,NULL,NULL,NULL,1,NULL,17:25.6,NULL,NULL,NULL,NULL,98
3461,3221,C17072598648,NULL,98,NULL,200000203,NULL,NULL,NULL,1,NULL,17:25.6,NULL,NULL,NULL,NULL,98
3462,3223,C17072546414,NULL,98,NULL,200000727,NULL,NULL,NULL,1,NULL,17:25.6,NULL,NULL,NULL,NULL,98
3463,3224,C17072588911,NULL,98,NULL,200000234,NULL,NULL,NULL,1,NULL,17:25.6,NULL,NULL,NULL,NULL,98
3464,3238,C17072593140,NULL,98,NULL,200000531,NULL,NULL,NULL,1,NULL,17:25.6,NULL,NULL,NULL,NULL,98
3465,3243,C17072565897,NULL,98,NULL,100001396,NULL,NULL,NULL,1,NULL,17:25.6,NULL,NULL,NULL,NULL,98
3466,3253,C17072543833,NULL,98,NULL,100000549,NULL,NULL,NULL,1,NULL,17:25.6,NULL,NULL,NULL,NULL,98
3467,3261,C17072535328,NULL,98,NULL,200004736,NULL,NULL,NULL,1,NULL,17:25.6,NULL,NULL,NULL,NULL,98
3468,3262,C17072523948,NULL,98,NULL,200002019,NULL,NULL,NULL,1,NULL,17:25.6,NULL,NULL,NULL,NULL,98
3469,3264,C17072544018,NULL,98,NULL,100000424,NULL,NULL,NULL,1,NULL,17:25.6,NULL,NULL,NULL,NULL,98
3470,3272,C17072541715,NULL,98,NULL,200002649,NULL,NULL,NULL,1,NULL,17:25.6,NULL,NULL,NULL,NULL,98
3471,3278,C17072599963,NULL,98,NULL,200001676,NULL,NULL,NULL,1,NULL,17:25.6,NULL,NULL,NULL,NULL,98
3472,3284,C17072537467,NULL,98,NULL,200001276,NULL,NULL,NULL,1,NULL,17:25.6,NULL,NULL,NULL,NULL,98
3473,3287,C17072591510,NULL,98,NULL,200003372,NULL,NULL,NULL,1,NULL,17:25.6,NULL,NULL,NULL,NULL,98
3474,3293,C17072516864,NULL,98,NULL,200001022,NULL,NULL,NULL,1,NULL,17:25.6,NULL,NULL,NULL,NULL,98
3475,3295,C17072576604,NULL,98,NULL,200004456,NULL,NULL,NULL,1,NULL,17:25.6,NULL,NULL,NULL,NULL,98
3476,3298,C17072597648,NULL,98,NULL,200001435,NULL,NULL,NULL,1,NULL,17:25.6,NULL,NULL,NULL,NULL,98
3477,3300,C17072578532,NULL,98,NULL,100001473,NULL,NULL,NULL,1,NULL,17:25.6,NULL,NULL,NULL,NULL,98
3478,3313,C17072584074,NULL,98,NULL,100000289,NULL,NULL,NULL,1,NULL,17:25.6,NULL,NULL,NULL,NULL,98
3479,3325,C17072594064,NULL,98,NULL,200003779,NULL,NULL,NULL,1,NULL,17:25.6,NULL,NULL,NULL,NULL,98
3480,3328,C17072581027,NULL,98,NULL,200001554,NULL,NULL,NULL,1,NULL,17:25.6,NULL,NULL,NULL,NULL,98
3481,3336,C17072534509,NULL,98,NULL,100000685,NULL,NULL,NULL,1,NULL,17:25.6,NULL,NULL,NULL,NULL,98
3482,3361,C17072531284,NULL,98,NULL,200001647,NULL,NULL,NULL,1,NULL,17:25.6,NULL,NULL,NULL,NULL,98
3483,3387,C17072515679,NULL,98,NULL,200004072,NULL,NULL,NULL,1,NULL,17:25.6,NULL,NULL,NULL,NULL,98
3484,3397,C17072568287,NULL,98,NULL,200003534,NULL,NULL,NULL,1,NULL,17:25.6,NULL,NULL,NULL,NULL,98
3485,3404,C17072576167,NULL,98,NULL,200003059,NULL,NULL,NULL,1,NULL,17:25.6,NULL,NULL,NULL,NULL,98
3486,3406,C17072595773,NULL,98,NULL,100000545,NULL,NULL,NULL,1,NULL,17:25.6,NULL,NULL,NULL,NULL,98
3487,3407,C17072555461,NULL,98,NULL,200005805,NULL,NULL,NULL,1,NULL,17:25.6,NULL,NULL,NULL,NULL,98
3488,3409,C17072592656,NULL,98,NULL,200005578,NULL,NULL,NULL,1,NULL,17:25.6,NULL,NULL,NULL,NULL,98
3489,3413,C17072558442,NULL,98,NULL,100001415,NULL,NULL,NULL,1,NULL,17:25.6,NULL,NULL,NULL,NULL,98
3490,3433,C17072539404,NULL,98,NULL,300000078,NULL,NULL,NULL,1,NULL,17:25.6,NULL,NULL,NULL,NULL,98
3491,3449,C17072557095,NULL,98,NULL,200004749,NULL,NULL,NULL,1,NULL,17:25.6,NULL,NULL,NULL,NULL,98
3492,3463,C17072564829,NULL,98,NULL,100001344,NULL,NULL,NULL,1,NULL,17:25.6,NULL,NULL,NULL,NULL,98
3493,3466,C17072554178,NULL,98,NULL,200001614,NULL,NULL,NULL,1,NULL,17:25.6,NULL,NULL,NULL,NULL,98
3494,3468,C17072594774,NULL,98,NULL,100001083,NULL,NULL,NULL,1,NULL,17:25.6,NULL,NULL,NULL,NULL,98
3495,3470,C17072589078,NULL,98,NULL,100000450,NULL,NULL,NULL,1,NULL,17:25.6,NULL,NULL,NULL,NULL,98
3496,3472,C17072544417,NULL,98,NULL,200004195,NULL,NULL,NULL,1,NULL,17:25.6,NULL,NULL,NULL,NULL,98
3497,3473,C17072534925,NULL,98,NULL,100000166,NULL,NULL,NULL,1,NULL,17:25.6,NULL,NULL,NULL,NULL,98
3498,3475,C17072528081,NULL,98,NULL,100000398,NULL,NULL,NULL,1,NULL,17:25.6,NULL,NULL,NULL,NULL,98
3499,3476,C17072593322,NULL,98,NULL,200006212,NULL,NULL,NULL,1,NULL,17:25.6,NULL,NULL,NULL,NULL,98
3500,3479,C17072543293,NULL,98,NULL,200005157,NULL,NULL,NULL,1,NULL,17:25.6,NULL,NULL,NULL,NULL,98
3501,3496,C17072539482,NULL,98,NULL,200001637,NULL,NULL,NULL,1,NULL,17:25.6,NULL,NULL,NULL,NULL,98
3502,3534,C17072516313,NULL,98,NULL,100000733,NULL,NULL,NULL,1,NULL,17:25.6,NULL,NULL,NULL,NULL,98
3503,3538,C17072574010,NULL,98,NULL,200006219,NULL,NULL,NULL,1,NULL,17:25.6,NULL,NULL,NULL,NULL,98
3504,3544,C17072543680,NULL,98,NULL,200003006,NULL,NULL,NULL,1,NULL,17:25.6,NULL,NULL,NULL,NULL,98
3505,3589,C17072555407,NULL,98,NULL,200002525,NULL,NULL,NULL,1,NULL,17:25.6,NULL,NULL,NULL,NULL,98
3506,3590,C17072527199,NULL,98,NULL,200002103,NULL,NULL,NULL,1,NULL,17:25.6,NULL,NULL,NULL,NULL,98
3507,3603,C17072514536,NULL,98,NULL,200001672,NULL,NULL,NULL,1,NULL,17:25.6,NULL,NULL,NULL,NULL,98
3508,3629,C17072599774,NULL,98,NULL,200000190,NULL,NULL,NULL,1,NULL,17:25.6,NULL,NULL,NULL,NULL,98
3509,3643,C17072541813,NULL,98,NULL,200002421,NULL,NULL,NULL,1,NULL,17:25.6,NULL,NULL,NULL,NULL,98
3510,3670,C17072547299,NULL,98,NULL,100001106,NULL,NULL,NULL,1,NULL,17:25.6,NULL,NULL,NULL,NULL,98
3511,3671,C17072578727,NULL,98,NULL,200000816,NULL,NULL,NULL,1,NULL,17:25.6,NULL,NULL,NULL,NULL,98
3512,3675,C17072592586,NULL,98,NULL,100001047,NULL,NULL,NULL,1,NULL,17:25.6,NULL,NULL,NULL,NULL,98
3513,3676,C17072580501,NULL,98,NULL,200005993,NULL,NULL,NULL,1,NULL,17:25.6,NULL,NULL,NULL,NULL,98
3514,3706,C17072529621,NULL,98,NULL,100001265,NULL,NULL,NULL,1,NULL,17:25.6,NULL,NULL,NULL,NULL,98
3515,3709,C17072558664,NULL,98,NULL,100000177,NULL,NULL,NULL,1,NULL,17:25.6,NULL,NULL,NULL,NULL,98
3516,3710,C17072573941,NULL,98,NULL,200001505,NULL,NULL,NULL,1,NULL,17:25.6,NULL,NULL,NULL,NULL,98
3517,3746,C17072583742,NULL,98,NULL,200005756,NULL,NULL,NULL,1,NULL,17:25.6,NULL,NULL,NULL,NULL,98
3518,3763,C17072590309,NULL,98,NULL,200003518,NULL,NULL,NULL,1,NULL,17:25.6,NULL,NULL,NULL,NULL,98
3519,3807,C17072515618,NULL,98,NULL,200001651,NULL,NULL,NULL,1,NULL,17:25.6,NULL,NULL,NULL,NULL,98
3520,3810,C17072554295,NULL,98,NULL,200003865,NULL,NULL,NULL,1,NULL,17:25.6,NULL,NULL,NULL,NULL,98
3521,3832,C17072512119,NULL,98,NULL,100000030,NULL,NULL,NULL,1,NULL,17:25.6,NULL,NULL,NULL,NULL,98
3522,3835,C17072589375,NULL,98,NULL,200006203,NULL,NULL,NULL,1,NULL,17:25.6,NULL,NULL,NULL,NULL,98
3523,3836,C17072543044,NULL,98,NULL,200003361,NULL,NULL,NULL,1,NULL,17:25.6,NULL,NULL,NULL,NULL,98
3524,3837,C17072513441,NULL,98,NULL,100001118,NULL,NULL,NULL,1,NULL,17:25.6,NULL,NULL,NULL,NULL,98
3525,3838,C17072523130,NULL,98,NULL,200006297,NULL,NULL,NULL,1,NULL,17:25.6,NULL,NULL,NULL,NULL,98
3526,3897,C17072525933,NULL,98,NULL,200001450,NULL,NULL,NULL,1,NULL,17:25.6,NULL,NULL,NULL,NULL,98
3527,3899,C17072560804,NULL,98,NULL,100001331,NULL,NULL,NULL,1,NULL,17:25.6,NULL,NULL,NULL,NULL,98
3528,3915,C17072574432,NULL,98,NULL,100000168,NULL,NULL,NULL,1,NULL,17:25.6,NULL,NULL,NULL,NULL,98
3529,3920,C17072511993,NULL,98,NULL,100000873,NULL,NULL,NULL,1,NULL,17:25.6,NULL,NULL,NULL,NULL,98
3530,3926,C17072520386,NULL,98,NULL,100000800,NULL,NULL,NULL,1,NULL,17:25.6,NULL,NULL,NULL,NULL,98
3531,3927,C17072551539,NULL,98,NULL,200000062,NULL,NULL,NULL,1,NULL,17:25.6,NULL,NULL,NULL,NULL,98
3532,3954,C17072550692,NULL,98,NULL,100001287,NULL,NULL,NULL,1,NULL,17:25.6,NULL,NULL,NULL,NULL,98
3533,3990,C17072563410,NULL,98,NULL,310000028,NULL,NULL,NULL,1,NULL,17:25.6,NULL,NULL,NULL,NULL,98
3534,3994,C17072559763,NULL,98,NULL,200002803,NULL,NULL,NULL,1,NULL,17:25.6,NULL,NULL,NULL,NULL,98
3535,4054,C17072595298,NULL,98,NULL,100000387,NULL,NULL,NULL,1,NULL,17:25.6,NULL,NULL,NULL,NULL,98
3536,4077,C17072561297,NULL,98,NULL,100001050,NULL,NULL,NULL,1,NULL,17:25.6,NULL,NULL,NULL,NULL,98
3537,4083,C17072510647,NULL,98,NULL,200001029,NULL,NULL,NULL,1,NULL,17:25.6,NULL,NULL,NULL,NULL,98
3538,4090,C17072594069,NULL,98,NULL,100000610,NULL,NULL,NULL,1,NULL,17:25.6,NULL,NULL,NULL,NULL,98
3539,4105,C17072570869,NULL,98,NULL,200001908,NULL,NULL,NULL,1,NULL,17:25.6,NULL,NULL,NULL,NULL,98
3540,4108,C17072528353,NULL,98,NULL,200003654,NULL,NULL,NULL,1,NULL,17:25.6,NULL,NULL,NULL,NULL,98
3541,4111,C17072580605,NULL,98,NULL,200005337,NULL,NULL,NULL,1,NULL,17:25.6,NULL,NULL,NULL,NULL,98
3542,4112,C17072543637,NULL,98,NULL,100000455,NULL,NULL,NULL,1,NULL,17:25.6,NULL,NULL,NULL,NULL,98
3543,4118,C17072549533,NULL,98,NULL,200000064,NULL,NULL,NULL,1,NULL,17:25.6,NULL,NULL,NULL,NULL,98
3544,4127,C17072510807,NULL,98,NULL,200000951,NULL,NULL,NULL,1,NULL,17:25.6,NULL,NULL,NULL,NULL,98
3545,4147,C17072591649,NULL,98,NULL,100000199,NULL,NULL,NULL,1,NULL,17:25.6,NULL,NULL,NULL,NULL,98
3546,4163,C17072512498,NULL,98,NULL,200003454,NULL,NULL,NULL,1,NULL,17:25.6,NULL,NULL,NULL,NULL,98
3547,4204,C17072514684,NULL,98,NULL,100001057,NULL,NULL,NULL,1,NULL,17:25.6,NULL,NULL,NULL,NULL,98
3548,4214,C17072579514,NULL,98,NULL,100000461,NULL,NULL,NULL,1,NULL,17:25.6,NULL,NULL,NULL,NULL,98
3549,4222,C17072534254,NULL,98,NULL,200000706,NULL,NULL,NULL,1,NULL,17:25.6,NULL,NULL,NULL,NULL,98
3550,4263,C17072569530,NULL,98,NULL,200003993,NULL,NULL,NULL,1,NULL,17:25.6,NULL,NULL,NULL,NULL,98
3551,4281,C17072592429,NULL,98,NULL,100001333,NULL,NULL,NULL,1,NULL,17:25.6,NULL,NULL,NULL,NULL,98
3552,4287,C17072544780,NULL,98,NULL,200000438,NULL,NULL,NULL,1,NULL,17:25.6,NULL,NULL,NULL,NULL,98
3553,4297,C17072538148,NULL,98,NULL,100001222,NULL,NULL,NULL,1,NULL,17:25.6,NULL,NULL,NULL,NULL,98
3554,4330,C17072569163,NULL,98,NULL,200004148,NULL,NULL,NULL,1,NULL,17:25.6,NULL,NULL,NULL,NULL,98
3555,4357,C17072539386,NULL,98,NULL,100000502,NULL,NULL,NULL,1,NULL,17:25.6,NULL,NULL,NULL,NULL,98
3556,4389,C17072517144,NULL,98,NULL,100000223,NULL,NULL,NULL,1,NULL,17:25.6,NULL,NULL,NULL,NULL,98
3557,4427,C17072530849,NULL,98,NULL,100001192,NULL,NULL,NULL,1,NULL,17:25.6,NULL,NULL,NULL,NULL,98
3558,4432,C17072519841,NULL,98,NULL,100000673,NULL,NULL,NULL,1,NULL,17:25.6,NULL,NULL,NULL,NULL,98
3559,4484,C17072546439,NULL,98,NULL,200001524,NULL,NULL,NULL,1,NULL,17:25.6,NULL,NULL,NULL,NULL,98
3560,4497,C17072594314,NULL,98,NULL,200003608,NULL,NULL,NULL,1,NULL,17:25.6,NULL,NULL,NULL,NULL,98
3561,4533,C17072512279,NULL,98,NULL,100001092,NULL,NULL,NULL,1,NULL,17:25.6,NULL,NULL,NULL,NULL,98
3562,4535,C17072563867,NULL,98,NULL,200000784,NULL,NULL,NULL,1,NULL,17:25.6,NULL,NULL,NULL,NULL,98
3563,4540,C17072596913,NULL,98,NULL,200003198,NULL,NULL,NULL,1,NULL,17:25.7,NULL,NULL,NULL,NULL,98
3564,4546,C17072598323,NULL,98,NULL,100000237,NULL,NULL,NULL,1,NULL,17:25.7,NULL,NULL,NULL,NULL,98
3565,4549,C17072528553,NULL,98,NULL,200005764,NULL,NULL,NULL,1,NULL,17:25.7,NULL,NULL,NULL,NULL,98
3566,4551,C17072584674,NULL,98,NULL,200003859,NULL,NULL,NULL,1,NULL,17:25.7,NULL,NULL,NULL,NULL,98
3567,4556,C17072591722,NULL,98,NULL,200004323,NULL,NULL,NULL,1,NULL,17:25.7,NULL,NULL,NULL,NULL,98
3568,4557,C17072543714,NULL,98,NULL,200004637,NULL,NULL,NULL,1,NULL,17:25.7,NULL,NULL,NULL,NULL,98
3569,4591,C17072594290,NULL,98,NULL,200005543,NULL,NULL,NULL,1,NULL,17:25.7,NULL,NULL,NULL,NULL,98
3570,4598,C17072542082,NULL,98,NULL,200004183,NULL,NULL,NULL,1,NULL,17:25.7,NULL,NULL,NULL,NULL,98
3571,4602,C17072545823,NULL,98,NULL,100000536,NULL,NULL,NULL,1,NULL,17:25.7,NULL,NULL,NULL,NULL,98
3572,4624,C17072556776,NULL,98,NULL,200000181,NULL,NULL,NULL,1,NULL,17:25.7,NULL,NULL,NULL,NULL,98
3573,4626,C17072560966,NULL,98,NULL,200006058,NULL,NULL,NULL,1,NULL,17:25.7,NULL,NULL,NULL,NULL,98
3574,4639,C17072523133,NULL,98,NULL,100000305,NULL,NULL,NULL,1,NULL,17:25.7,NULL,NULL,NULL,NULL,98
3575,4641,C17072528888,NULL,98,NULL,200001527,NULL,NULL,NULL,1,NULL,17:25.7,NULL,NULL,NULL,NULL,98
3576,4647,C17072578892,NULL,98,NULL,200002509,NULL,NULL,NULL,1,NULL,17:25.7,NULL,NULL,NULL,NULL,98
3577,4649,C17072518085,NULL,98,NULL,100000242,NULL,NULL,NULL,1,NULL,17:25.7,NULL,NULL,NULL,NULL,98
3578,4650,C17072579145,NULL,98,NULL,200000813,NULL,NULL,NULL,1,NULL,17:25.7,NULL,NULL,NULL,NULL,98
3579,4652,C17072573350,NULL,98,NULL,100000511,NULL,NULL,NULL,1,NULL,17:25.7,NULL,NULL,NULL,NULL,98
3580,4653,C17072541361,NULL,98,NULL,100000912,NULL,NULL,NULL,1,NULL,17:25.7,NULL,NULL,NULL,NULL,98
3581,4658,C17072529550,NULL,98,NULL,100000842,NULL,NULL,NULL,1,NULL,17:25.7,NULL,NULL,NULL,NULL,98
3582,4665,C17072525970,NULL,98,NULL,200004451,NULL,NULL,NULL,1,NULL,17:25.7,NULL,NULL,NULL,NULL,98
3583,4668,C17072596140,NULL,98,NULL,200000549,NULL,NULL,NULL,1,NULL,17:25.7,NULL,NULL,NULL,NULL,98
3584,4671,C17072524573,NULL,98,NULL,200002187,NULL,NULL,NULL,1,NULL,17:25.7,NULL,NULL,NULL,NULL,98
3585,4720,C17072590786,NULL,98,NULL,200000497,NULL,NULL,NULL,1,NULL,17:25.7,NULL,NULL,NULL,NULL,98
3586,4726,C17072513914,NULL,98,NULL,200002206,NULL,NULL,NULL,1,NULL,17:25.7,NULL,NULL,NULL,NULL,98
3587,4730,C17072562692,NULL,98,NULL,200000512,NULL,NULL,NULL,1,NULL,17:25.7,NULL,NULL,NULL,NULL,98
3588,4738,C17072522374,NULL,98,NULL,200004028,NULL,NULL,NULL,1,NULL,17:25.7,NULL,NULL,NULL,NULL,98
3589,4742,C17072515835,NULL,98,NULL,100000968,NULL,NULL,NULL,1,NULL,17:25.7,NULL,NULL,NULL,NULL,98
3590,4756,C17072551525,NULL,98,NULL,100000193,NULL,NULL,NULL,1,NULL,17:25.7,NULL,NULL,NULL,NULL,98
3591,4782,C17072531178,NULL,98,NULL,100000994,NULL,NULL,NULL,1,NULL,17:25.7,NULL,NULL,NULL,NULL,98
3592,4783,C17072586029,NULL,98,NULL,200005238,NULL,NULL,NULL,1,NULL,17:25.7,NULL,NULL,NULL,NULL,98
3593,4803,C17072577224,NULL,98,NULL,200001684,NULL,NULL,NULL,1,NULL,17:25.7,NULL,NULL,NULL,NULL,98
3594,4862,C17072521293,NULL,98,NULL,200002268,NULL,NULL,NULL,1,NULL,17:25.7,NULL,NULL,NULL,NULL,98
3595,4888,C17072513010,NULL,98,NULL,200001871,NULL,NULL,NULL,1,NULL,17:25.7,NULL,NULL,NULL,NULL,98
3596,4902,C17072568307,NULL,98,NULL,100001180,NULL,NULL,NULL,1,NULL,17:25.7,NULL,NULL,NULL,NULL,98
3597,4912,C17072599248,NULL,98,NULL,200005411,NULL,NULL,NULL,1,NULL,17:25.7,NULL,NULL,NULL,NULL,98
3598,4920,C17072554345,NULL,98,NULL,200003569,NULL,NULL,NULL,1,NULL,17:25.7,NULL,NULL,NULL,NULL,98
3599,4931,C17072595961,NULL,98,NULL,200006268,NULL,NULL,NULL,1,NULL,17:25.7,NULL,NULL,NULL,NULL,98
3600,4967,C17072596138,NULL,98,NULL,200005838,NULL,NULL,NULL,1,NULL,17:25.7,NULL,NULL,NULL,NULL,98
3601,4991,C17072523602,NULL,98,NULL,100000808,NULL,NULL,NULL,1,NULL,17:25.7,NULL,NULL,NULL,NULL,98
3602,5008,C17072553294,NULL,98,NULL,100001220,NULL,NULL,NULL,1,NULL,17:25.7,NULL,NULL,NULL,NULL,98
3603,5016,C17072523373,NULL,98,NULL,200001234,NULL,NULL,NULL,1,NULL,17:25.7,NULL,NULL,NULL,NULL,98
3604,5026,C17072521950,NULL,98,NULL,100000153,NULL,NULL,NULL,1,NULL,17:25.7,NULL,NULL,NULL,NULL,98
3605,5038,C17072565911,NULL,98,NULL,200002749,NULL,NULL,NULL,1,NULL,17:25.7,NULL,NULL,NULL,NULL,98
3606,5085,C17072566385,NULL,98,NULL,100000608,NULL,NULL,NULL,1,NULL,17:25.7,NULL,NULL,NULL,NULL,98
3607,5086,C17072516047,NULL,98,NULL,200003827,NULL,NULL,NULL,1,NULL,17:25.7,NULL,NULL,NULL,NULL,98
3608,5087,C17072548819,NULL,98,NULL,100000680,NULL,NULL,NULL,1,NULL,17:25.7,NULL,NULL,NULL,NULL,98
3609,5089,C17072520721,NULL,98,NULL,100000029,NULL,NULL,NULL,1,NULL,17:25.7,NULL,NULL,NULL,NULL,98
3610,5090,C17072576491,NULL,98,NULL,200001860,NULL,NULL,NULL,1,NULL,17:25.7,NULL,NULL,NULL,NULL,98
3611,5092,C17072574876,NULL,98,NULL,100000528,NULL,NULL,NULL,1,NULL,17:25.7,NULL,NULL,NULL,NULL,98
3612,5093,C17072582580,NULL,98,NULL,200002589,NULL,NULL,NULL,1,NULL,17:25.7,NULL,NULL,NULL,NULL,98
3613,5106,C17072564704,NULL,98,NULL,200003752,NULL,NULL,NULL,1,NULL,17:25.7,NULL,NULL,NULL,NULL,98
3614,5113,C17072597237,NULL,98,NULL,200002267,NULL,NULL,NULL,1,NULL,17:25.7,NULL,NULL,NULL,NULL,98
3615,5115,C17072546893,NULL,98,NULL,100000836,NULL,NULL,NULL,1,NULL,17:25.7,NULL,NULL,NULL,NULL,98
3616,5134,C17072512822,NULL,98,NULL,200002101,NULL,NULL,NULL,1,NULL,17:25.7,NULL,NULL,NULL,NULL,98
3617,5157,C17072540430,NULL,98,NULL,100000126,NULL,NULL,NULL,1,NULL,17:25.7,NULL,NULL,NULL,NULL,98
3618,5166,C17072571447,NULL,98,NULL,200000766,NULL,NULL,NULL,1,NULL,17:25.7,NULL,NULL,NULL,NULL,98
3619,5169,C17072571273,NULL,98,NULL,100000366,NULL,NULL,NULL,1,NULL,17:25.7,NULL,NULL,NULL,NULL,98
3620,5171,C17072521292,NULL,98,NULL,310000020,NULL,NULL,NULL,1,NULL,17:25.7,NULL,NULL,NULL,NULL,98
3621,5182,C17072579931,NULL,98,NULL,100001076,NULL,NULL,NULL,1,NULL,17:25.7,NULL,NULL,NULL,NULL,98
3622,5216,C17072590294,NULL,98,NULL,200005804,NULL,NULL,NULL,1,NULL,17:25.7,NULL,NULL,NULL,NULL,98
3623,5227,C17072578612,NULL,98,NULL,200006004,NULL,NULL,NULL,1,NULL,17:25.7,NULL,NULL,NULL,NULL,98
3624,5229,C17072581737,NULL,98,NULL,100001358,NULL,NULL,NULL,1,NULL,17:25.7,NULL,NULL,NULL,NULL,98
3625,5238,C17072524447,NULL,98,NULL,200004979,NULL,NULL,NULL,1,NULL,17:25.7,NULL,NULL,NULL,NULL,98
3626,5288,C17072536988,NULL,98,NULL,100000198,NULL,NULL,NULL,1,NULL,17:25.7,NULL,NULL,NULL,NULL,98
3627,5292,C17072556981,NULL,98,NULL,200000085,NULL,NULL,NULL,1,NULL,17:25.7,NULL,NULL,NULL,NULL,98
3628,5301,C17072524649,NULL,98,NULL,200003694,NULL,NULL,NULL,1,NULL,17:25.7,NULL,NULL,NULL,NULL,98
3629,5324,C17072544116,NULL,98,NULL,100000861,NULL,NULL,NULL,1,NULL,17:25.7,NULL,NULL,NULL,NULL,98
3630,5330,C17072526739,NULL,98,NULL,200003803,NULL,NULL,NULL,1,NULL,17:25.7,NULL,NULL,NULL,NULL,98
3631,5335,C17072568707,NULL,98,NULL,100000453,NULL,NULL,NULL,1,NULL,17:25.7,NULL,NULL,NULL,NULL,98
3632,5340,C17072557812,NULL,98,NULL,100001081,NULL,NULL,NULL,1,NULL,17:25.7,NULL,NULL,NULL,NULL,98
3633,5358,C17072518592,NULL,98,NULL,100000848,NULL,NULL,NULL,1,NULL,17:25.7,NULL,NULL,NULL,NULL,98
3634,5376,C17072565207,NULL,98,NULL,100000761,NULL,NULL,NULL,1,NULL,17:25.7,NULL,NULL,NULL,NULL,98
3635,5402,C17072592375,NULL,98,NULL,100000508,NULL,NULL,NULL,1,NULL,17:25.7,NULL,NULL,NULL,NULL,98
3636,5408,C17072514753,NULL,98,NULL,200003222,NULL,NULL,NULL,1,NULL,17:25.7,NULL,NULL,NULL,NULL,98
3637,5419,C17072587904,NULL,98,NULL,200005755,NULL,NULL,NULL,1,NULL,17:25.7,NULL,NULL,NULL,NULL,98
3638,5462,C17072586583,NULL,98,NULL,100000202,NULL,NULL,NULL,1,NULL,17:25.7,NULL,NULL,NULL,NULL,98
3639,5473,C17072577831,NULL,98,NULL,200004603,NULL,NULL,NULL,1,NULL,17:25.7,NULL,NULL,NULL,NULL,98
3640,5481,C17072596873,NULL,98,NULL,200003902,NULL,NULL,NULL,1,NULL,17:25.7,NULL,NULL,NULL,NULL,98
3641,5493,C17072559806,NULL,98,NULL,200005198,NULL,NULL,NULL,1,NULL,17:25.7,NULL,NULL,NULL,NULL,98
3642,5516,C17072529434,NULL,98,NULL,200001257,NULL,NULL,NULL,1,NULL,17:25.7,NULL,NULL,NULL,NULL,98
3643,5521,C17072532467,NULL,98,NULL,200006303,NULL,NULL,NULL,1,NULL,17:25.7,NULL,NULL,NULL,NULL,98
3644,5529,C17072547242,NULL,98,NULL,200002409,NULL,NULL,NULL,1,NULL,17:25.7,NULL,NULL,NULL,NULL,98
3645,5539,C17072589743,NULL,98,NULL,200005761,NULL,NULL,NULL,1,NULL,17:25.7,NULL,NULL,NULL,NULL,98
3646,5546,C17072527974,NULL,98,NULL,100000972,NULL,NULL,NULL,1,NULL,17:25.7,NULL,NULL,NULL,NULL,98
3647,5610,C17072516361,NULL,98,NULL,200004533,NULL,NULL,NULL,1,NULL,17:25.7,NULL,NULL,NULL,NULL,98
3648,5653,C17072568639,NULL,98,NULL,100000300,NULL,NULL,NULL,1,NULL,17:25.7,NULL,NULL,NULL,NULL,98
3649,5705,C17072529426,NULL,98,NULL,200000513,NULL,NULL,NULL,1,NULL,17:25.7,NULL,NULL,NULL,NULL,98
3650,5707,C17072555179,NULL,98,NULL,200001442,NULL,NULL,NULL,1,NULL,17:25.7,NULL,NULL,NULL,NULL,98
3651,5711,C17072513357,NULL,98,NULL,100001079,NULL,NULL,NULL,1,NULL,17:25.7,NULL,NULL,NULL,NULL,98
3652,5714,C17072543884,NULL,98,NULL,200004541,NULL,NULL,NULL,1,NULL,17:25.7,NULL,NULL,NULL,NULL,98
3653,5715,C17072595798,NULL,98,NULL,100001095,NULL,NULL,NULL,1,NULL,17:25.7,NULL,NULL,NULL,NULL,98
3654,5716,C17072570022,NULL,98,NULL,100000807,NULL,NULL,NULL,1,NULL,17:25.7,NULL,NULL,NULL,NULL,98
3655,5719,C17072531926,NULL,98,NULL,100000122,NULL,NULL,NULL,1,NULL,17:25.7,NULL,NULL,NULL,NULL,98
3656,5720,C17072525762,NULL,98,NULL,100000519,NULL,NULL,NULL,1,NULL,17:25.7,NULL,NULL,NULL,NULL,98
3657,5722,C17072564832,NULL,98,NULL,100001014,NULL,NULL,NULL,1,NULL,17:25.7,NULL,NULL,NULL,NULL,98
3658,5724,C17072528595,NULL,98,NULL,100000022,NULL,NULL,NULL,1,NULL,17:25.7,NULL,NULL,NULL,NULL,98
3659,5741,C17072586939,NULL,98,NULL,200001753,NULL,NULL,NULL,1,NULL,17:25.7,NULL,NULL,NULL,NULL,98
3660,5759,C17072548954,NULL,98,NULL,200001244,NULL,NULL,NULL,1,NULL,17:25.7,NULL,NULL,NULL,NULL,98
3661,5777,C17072599748,NULL,98,NULL,200003033,NULL,NULL,NULL,1,NULL,17:25.7,NULL,NULL,NULL,NULL,98
3662,5798,C17072529364,NULL,98,NULL,200003502,NULL,NULL,NULL,1,NULL,17:25.7,NULL,NULL,NULL,NULL,98
3663,5818,C17072567175,NULL,98,NULL,100001064,NULL,NULL,NULL,1,NULL,17:25.7,NULL,NULL,NULL,NULL,98
3664,5845,C17072526759,NULL,98,NULL,200002230,NULL,NULL,NULL,1,NULL,17:25.7,NULL,NULL,NULL,NULL,98
3665,5856,C17072515884,NULL,98,NULL,100000646,NULL,NULL,NULL,1,NULL,17:25.7,NULL,NULL,NULL,NULL,98
3666,5859,C17072522617,NULL,98,NULL,200005262,NULL,NULL,NULL,1,NULL,17:25.7,NULL,NULL,NULL,NULL,98
3667,5880,C17072575916,NULL,98,NULL,100000527,NULL,NULL,NULL,1,NULL,17:25.7,NULL,NULL,NULL,NULL,98
3668,5886,C17072561832,NULL,98,NULL,200004987,NULL,NULL,NULL,1,NULL,17:25.7,NULL,NULL,NULL,NULL,98
3669,5892,C17072530518,NULL,98,NULL,200000742,NULL,NULL,NULL,1,NULL,17:25.7,NULL,NULL,NULL,NULL,98
3670,5893,C17072565544,NULL,98,NULL,200005847,NULL,NULL,NULL,1,NULL,17:25.7,NULL,NULL,NULL,NULL,98
3671,5902,C17072560038,NULL,98,NULL,100001459,NULL,NULL,NULL,1,NULL,17:25.7,NULL,NULL,NULL,NULL,98
3672,5909,C17072517563,NULL,98,NULL,200003733,NULL,NULL,NULL,1,NULL,17:25.7,NULL,NULL,NULL,NULL,98
3673,5951,C17072532429,NULL,98,NULL,200004102,NULL,NULL,NULL,1,NULL,17:25.7,NULL,NULL,NULL,NULL,98
3674,5973,C17072597552,NULL,98,NULL,200003845,NULL,NULL,NULL,1,NULL,17:25.7,NULL,NULL,NULL,NULL,98
3675,5975,C17072532678,NULL,98,NULL,200003258,NULL,NULL,NULL,1,NULL,17:25.7,NULL,NULL,NULL,NULL,98
3676,6007,C17072595483,NULL,98,NULL,100000715,NULL,NULL,NULL,1,NULL,17:25.7,NULL,NULL,NULL,NULL,98
3677,6020,C17072554795,NULL,98,NULL,100000689,NULL,NULL,NULL,1,NULL,17:25.7,NULL,NULL,NULL,NULL,98
3678,6029,C17072596248,NULL,98,NULL,100000075,NULL,NULL,NULL,1,NULL,17:25.7,NULL,NULL,NULL,NULL,98
3679,6033,C17072597269,NULL,98,NULL,100000179,NULL,NULL,NULL,1,NULL,17:25.8,NULL,NULL,NULL,NULL,98
3680,6071,C17072553459,NULL,98,NULL,100000395,NULL,NULL,NULL,1,NULL,17:25.8,NULL,NULL,NULL,NULL,98
3681,6077,C17072591114,NULL,98,NULL,200004152,NULL,NULL,NULL,1,NULL,17:25.8,NULL,NULL,NULL,NULL,98
3682,6090,C17072595026,NULL,98,NULL,200002761,NULL,NULL,NULL,1,NULL,17:25.8,NULL,NULL,NULL,NULL,98
3683,6156,C17072518863,NULL,98,NULL,200001205,NULL,NULL,NULL,1,NULL,17:25.8,NULL,NULL,NULL,NULL,98
3684,6160,C17072582976,NULL,98,NULL,200002593,NULL,NULL,NULL,1,NULL,17:25.8,NULL,NULL,NULL,NULL,98
3685,6174,C17072548048,NULL,98,NULL,100000816,NULL,NULL,NULL,1,NULL,17:25.8,NULL,NULL,NULL,NULL,98
3686,6184,C17072544101,NULL,98,NULL,200004958,NULL,NULL,NULL,1,NULL,17:25.8,NULL,NULL,NULL,NULL,98
3687,6247,C17072568186,NULL,98,NULL,200002058,NULL,NULL,NULL,1,NULL,17:25.8,NULL,NULL,NULL,NULL,98
3688,6269,C17072532516,NULL,98,NULL,200001296,NULL,NULL,NULL,1,NULL,17:25.8,NULL,NULL,NULL,NULL,98
3689,6294,C17072584392,NULL,98,NULL,200005780,NULL,NULL,NULL,1,NULL,17:25.8,NULL,NULL,NULL,NULL,98
3690,6297,C17072538321,NULL,98,NULL,200000798,NULL,NULL,NULL,1,NULL,17:25.8,NULL,NULL,NULL,NULL,98
3691,6316,C17072587784,NULL,98,NULL,100000544,NULL,NULL,NULL,1,NULL,17:25.8,NULL,NULL,NULL,NULL,98
3692,6339,C17072547825,NULL,98,NULL,200003085,NULL,NULL,NULL,1,NULL,17:25.8,NULL,NULL,NULL,NULL,98
3693,6348,C17072512828,NULL,98,NULL,100000563,NULL,NULL,NULL,1,NULL,17:25.8,NULL,NULL,NULL,NULL,98
3694,6351,C17072595079,NULL,98,NULL,200005370,NULL,NULL,NULL,1,NULL,17:25.8,NULL,NULL,NULL,NULL,98
3695,6366,C17072580020,NULL,98,NULL,200000073,NULL,NULL,NULL,1,NULL,17:25.8,NULL,NULL,NULL,NULL,98
3696,6367,C17072595899,NULL,98,NULL,100001078,NULL,NULL,NULL,1,NULL,17:25.8,NULL,NULL,NULL,NULL,98
3697,6379,C17072581201,NULL,98,NULL,100000797,NULL,NULL,NULL,1,NULL,17:25.8,NULL,NULL,NULL,NULL,98
3698,6425,C17072572377,NULL,98,NULL,200003188,NULL,NULL,NULL,1,NULL,17:25.8,NULL,NULL,NULL,NULL,98
3699,6477,C17072517633,NULL,98,NULL,200000510,NULL,NULL,NULL,1,NULL,17:25.8,NULL,NULL,NULL,NULL,98
3700,6498,C17072532921,NULL,98,NULL,200001300,NULL,NULL,NULL,1,NULL,17:25.8,NULL,NULL,NULL,NULL,98
3701,6504,C17072575555,NULL,98,NULL,200003151,NULL,NULL,NULL,1,NULL,17:25.8,NULL,NULL,NULL,NULL,98
3702,6511,C17072581842,NULL,98,NULL,200005281,NULL,NULL,NULL,1,NULL,17:25.8,NULL,NULL,NULL,NULL,98
3703,6518,C17072532031,NULL,98,NULL,200002475,NULL,NULL,NULL,1,NULL,17:25.8,NULL,NULL,NULL,NULL,98
3704,6537,C17072519080,NULL,98,NULL,100001069,NULL,NULL,NULL,1,NULL,17:25.8,NULL,NULL,NULL,NULL,98
3705,6564,C17072579053,NULL,98,NULL,200004996,NULL,NULL,NULL,1,NULL,17:25.8,NULL,NULL,NULL,NULL,98
3706,6565,C17072516755,NULL,98,NULL,100000825,NULL,NULL,NULL,1,NULL,17:25.8,NULL,NULL,NULL,NULL,98
3707,6587,C17072551105,NULL,98,NULL,100000617,NULL,NULL,NULL,1,NULL,17:25.8,NULL,NULL,NULL,NULL,98
3708,6599,C17072557920,NULL,98,NULL,100000221,NULL,NULL,NULL,1,NULL,17:25.8,NULL,NULL,NULL,NULL,98
3709,6621,C17072559220,NULL,98,NULL,200005003,NULL,NULL,NULL,1,NULL,17:25.8,NULL,NULL,NULL,NULL,98
3710,6638,C17072538063,NULL,98,NULL,100001086,NULL,NULL,NULL,1,NULL,17:25.8,NULL,NULL,NULL,NULL,98
3711,6640,C17072588792,NULL,98,NULL,100000363,NULL,NULL,NULL,1,NULL,17:25.8,NULL,NULL,NULL,NULL,98
3712,6651,C17072572247,NULL,98,NULL,200004053,NULL,NULL,NULL,1,NULL,17:25.8,NULL,NULL,NULL,NULL,98
3713,6672,C17072584497,NULL,98,NULL,200001642,NULL,NULL,NULL,1,NULL,17:25.8,NULL,NULL,NULL,NULL,98
3714,6706,C17072510960,NULL,98,NULL,200003074,NULL,NULL,NULL,1,NULL,17:25.8,NULL,NULL,NULL,NULL,98
3715,6709,C17072512299,NULL,98,NULL,200004231,NULL,NULL,NULL,1,NULL,17:25.8,NULL,NULL,NULL,NULL,98
3716,6731,C17072534032,NULL,98,NULL,200003759,NULL,NULL,NULL,1,NULL,17:25.8,NULL,NULL,NULL,NULL,98
3717,6737,C17072532851,NULL,98,NULL,200003771,NULL,NULL,NULL,1,NULL,17:25.8,NULL,NULL,NULL,NULL,98
3718,6763,C17072548040,NULL,98,NULL,200001503,NULL,NULL,NULL,1,NULL,17:25.8,NULL,NULL,NULL,NULL,98
3719,6785,C17072574271,NULL,98,NULL,100000691,NULL,NULL,NULL,1,NULL,17:25.8,NULL,NULL,NULL,NULL,98
3720,6811,C17072598017,NULL,98,NULL,100001199,NULL,NULL,NULL,1,NULL,17:25.8,NULL,NULL,NULL,NULL,98
3721,6821,C17072573174,NULL,98,NULL,100000633,NULL,NULL,NULL,1,NULL,17:25.8,NULL,NULL,NULL,NULL,98
3722,6825,C17072571253,NULL,98,NULL,200004651,NULL,NULL,NULL,1,NULL,17:25.8,NULL,NULL,NULL,NULL,98
3723,6840,C17072538315,NULL,98,NULL,100000819,NULL,NULL,NULL,1,NULL,17:25.8,NULL,NULL,NULL,NULL,98
3724,6849,C17072523611,NULL,98,NULL,100001103,NULL,NULL,NULL,1,NULL,17:25.8,NULL,NULL,NULL,NULL,98
3725,6853,C17072581990,NULL,98,NULL,200003704,NULL,NULL,NULL,1,NULL,17:25.8,NULL,NULL,NULL,NULL,98
3726,6859,C17072547409,NULL,98,NULL,200002547,NULL,NULL,NULL,1,NULL,17:25.8,NULL,NULL,NULL,NULL,98
3727,6917,C17072534081,NULL,98,NULL,200005036,NULL,NULL,NULL,1,NULL,17:25.8,NULL,NULL,NULL,NULL,98
3728,6971,C17072510286,NULL,98,NULL,200005750,NULL,NULL,NULL,1,NULL,17:25.8,NULL,NULL,NULL,NULL,98
3729,6984,C17072579923,NULL,98,NULL,200002531,NULL,NULL,NULL,1,NULL,17:25.8,NULL,NULL,NULL,NULL,98
3730,6985,C17072547354,NULL,98,NULL,200004960,NULL,NULL,NULL,1,NULL,17:25.8,NULL,NULL,NULL,NULL,98
3731,6987,C17072535938,NULL,98,NULL,200005757,NULL,NULL,NULL,1,NULL,17:25.8,NULL,NULL,NULL,NULL,98
3732,6988,C17072556226,NULL,98,NULL,200003211,NULL,NULL,NULL,1,NULL,17:25.8,NULL,NULL,NULL,NULL,98
3733,6989,C17072566396,NULL,98,NULL,200004647,NULL,NULL,NULL,1,NULL,17:25.8,NULL,NULL,NULL,NULL,98
3734,6990,C17072561851,NULL,98,NULL,200005681,NULL,NULL,NULL,1,NULL,17:25.8,NULL,NULL,NULL,NULL,98
3735,6992,C17072553342,NULL,98,NULL,200005791,NULL,NULL,NULL,1,NULL,17:25.8,NULL,NULL,NULL,NULL,98
3736,7053,C17072570127,NULL,98,NULL,200000710,NULL,NULL,NULL,1,NULL,17:25.8,NULL,NULL,NULL,NULL,98
3737,7065,C17072556906,NULL,98,NULL,200002559,NULL,NULL,NULL,1,NULL,17:25.8,NULL,NULL,NULL,NULL,98
3738,7074,C17072572229,NULL,98,NULL,200001023,NULL,NULL,NULL,1,NULL,17:25.8,NULL,NULL,NULL,NULL,98
3739,7075,C17072579216,NULL,98,NULL,200005918,NULL,NULL,NULL,1,NULL,17:25.8,NULL,NULL,NULL,NULL,98
3740,7076,C17072525773,NULL,98,NULL,200004991,NULL,NULL,NULL,1,NULL,17:25.8,NULL,NULL,NULL,NULL,98
3741,7088,C17072580077,NULL,98,NULL,100001077,NULL,NULL,NULL,1,NULL,17:25.8,NULL,NULL,NULL,NULL,98
3742,7110,C17072588451,NULL,98,NULL,100000812,NULL,NULL,NULL,1,NULL,17:25.8,NULL,NULL,NULL,NULL,98
3743,7111,C17072542756,NULL,98,NULL,200002407,NULL,NULL,NULL,1,NULL,17:25.8,NULL,NULL,NULL,NULL,98
3744,7117,C17072564211,NULL,98,NULL,200001889,NULL,NULL,NULL,1,NULL,17:25.8,NULL,NULL,NULL,NULL,98
3745,7126,C17072573727,NULL,98,NULL,200000877,NULL,NULL,NULL,1,NULL,17:25.8,NULL,NULL,NULL,NULL,98
3746,7176,C17072583368,NULL,98,NULL,200002549,NULL,NULL,NULL,1,NULL,17:25.8,NULL,NULL,NULL,NULL,98
3747,7185,C17072546313,NULL,98,NULL,200003351,NULL,NULL,NULL,1,NULL,17:25.8,NULL,NULL,NULL,NULL,98
3748,7193,C17072576972,NULL,98,NULL,100001450,NULL,NULL,NULL,1,NULL,17:25.8,NULL,NULL,NULL,NULL,98
3749,7195,C17072544105,NULL,98,NULL,200004646,NULL,NULL,NULL,1,NULL,17:25.8,NULL,NULL,NULL,NULL,98
3750,7245,C17072512476,NULL,98,NULL,200003956,NULL,NULL,NULL,1,NULL,17:25.8,NULL,NULL,NULL,NULL,98
3751,7250,C17072550974,NULL,98,NULL,200004994,NULL,NULL,NULL,1,NULL,17:25.8,NULL,NULL,NULL,NULL,98
3752,7323,C17072560428,NULL,98,NULL,100000339,NULL,NULL,NULL,1,NULL,17:25.8,NULL,NULL,NULL,NULL,98
3753,7326,C17072564223,NULL,98,NULL,200000376,NULL,NULL,NULL,1,NULL,17:25.8,NULL,NULL,NULL,NULL,98
3754,7343,C17072584113,NULL,98,NULL,100000246,NULL,NULL,NULL,1,NULL,17:25.8,NULL,NULL,NULL,NULL,98
3755,7355,C17072543459,NULL,98,NULL,100001408,NULL,NULL,NULL,1,NULL,17:25.8,NULL,NULL,NULL,NULL,98
3756,7372,C17072587582,NULL,98,NULL,100000980,NULL,NULL,NULL,1,NULL,17:25.8,NULL,NULL,NULL,NULL,98
3757,7383,C17072522646,NULL,98,NULL,200005012,NULL,NULL,NULL,1,NULL,17:25.8,NULL,NULL,NULL,NULL,98
3758,7390,C17072534745,NULL,98,NULL,100000552,NULL,NULL,NULL,1,NULL,17:25.8,NULL,NULL,NULL,NULL,98
3759,7406,C17072554016,NULL,98,NULL,100000951,NULL,NULL,NULL,1,NULL,17:25.8,NULL,NULL,NULL,NULL,98
3760,7407,C17072543103,NULL,98,NULL,100000132,NULL,NULL,NULL,1,NULL,17:25.8,NULL,NULL,NULL,NULL,98
3761,7425,C17072580616,NULL,98,NULL,200005749,NULL,NULL,NULL,1,NULL,17:25.8,NULL,NULL,NULL,NULL,98
3762,7436,C17072566384,NULL,98,NULL,100000256,NULL,NULL,NULL,1,NULL,17:25.8,NULL,NULL,NULL,NULL,98
3763,7466,C17072520906,NULL,98,NULL,200001605,NULL,NULL,NULL,1,NULL,17:25.8,NULL,NULL,NULL,NULL,98
3764,7517,C17072515244,NULL,98,NULL,200001519,NULL,NULL,NULL,1,NULL,17:25.8,NULL,NULL,NULL,NULL,98
3765,7578,C17072577948,NULL,98,NULL,100000579,NULL,NULL,NULL,1,NULL,17:25.8,NULL,NULL,NULL,NULL,98
3766,7586,C17072586220,NULL,98,NULL,100000203,NULL,NULL,NULL,1,NULL,17:25.8,NULL,NULL,NULL,NULL,98
3767,7594,C17072526001,NULL,98,NULL,200001434,NULL,NULL,NULL,1,NULL,17:25.8,NULL,NULL,NULL,NULL,98
3768,7631,C17072575807,NULL,98,NULL,100001080,NULL,NULL,NULL,1,NULL,17:25.8,NULL,NULL,NULL,NULL,98
3769,7745,C17072544524,NULL,98,NULL,200004719,NULL,NULL,NULL,1,NULL,17:25.8,NULL,NULL,NULL,NULL,98
3770,7774,C17072575069,NULL,98,NULL,100001452,NULL,NULL,NULL,1,NULL,17:25.8,NULL,NULL,NULL,NULL,98
3771,7820,C17072562716,NULL,98,NULL,200005162,NULL,NULL,NULL,1,NULL,17:25.8,NULL,NULL,NULL,NULL,98
3772,7922,C17072557223,NULL,98,NULL,200000927,NULL,NULL,NULL,1,NULL,17:25.9,NULL,NULL,NULL,NULL,98
3773,7957,C17072575021,NULL,98,NULL,200005573,NULL,NULL,NULL,1,NULL,17:25.9,NULL,NULL,NULL,NULL,98
3774,8046,C17072589798,NULL,98,NULL,100001329,NULL,NULL,NULL,1,NULL,17:25.9,NULL,NULL,NULL,NULL,98
3775,8056,C17072566259,NULL,98,NULL,100000404,NULL,NULL,NULL,1,NULL,17:25.9,NULL,NULL,NULL,NULL,98
3776,8076,C17072568151,NULL,98,NULL,200005981,NULL,NULL,NULL,1,NULL,17:25.9,NULL,NULL,NULL,NULL,98
3777,8083,C17072564470,NULL,98,NULL,200005786,NULL,NULL,NULL,1,NULL,17:25.9,NULL,NULL,NULL,NULL,98
3778,8193,C17072592427,NULL,98,NULL,200002978,NULL,NULL,NULL,1,NULL,17:25.9,NULL,NULL,NULL,NULL,98
3779,8206,C17072527755,NULL,98,NULL,100000208,NULL,NULL,NULL,1,NULL,17:25.9,NULL,NULL,NULL,NULL,98
3780,8209,C17072576792,NULL,98,NULL,200002998,NULL,NULL,NULL,1,NULL,17:25.9,NULL,NULL,NULL,NULL,98
3781,8219,C17072523379,NULL,98,NULL,100000052,NULL,NULL,NULL,1,NULL,17:25.9,NULL,NULL,NULL,NULL,98
3782,8270,C17072547335,NULL,98,NULL,200001432,NULL,NULL,NULL,1,NULL,17:25.9,NULL,NULL,NULL,NULL,98
3783,8280,C17072582099,NULL,98,NULL,200003192,NULL,NULL,NULL,1,NULL,17:25.9,NULL,NULL,NULL,NULL,98
3784,8294,C17072598156,NULL,98,NULL,100000504,NULL,NULL,NULL,1,NULL,17:25.9,NULL,NULL,NULL,NULL,98
3785,8311,C17072548414,NULL,98,NULL,200002104,NULL,NULL,NULL,1,NULL,17:25.9,NULL,NULL,NULL,NULL,98
3786,8313,C17072522231,NULL,98,NULL,200005235,NULL,NULL,NULL,1,NULL,17:25.9,NULL,NULL,NULL,NULL,98
3787,8315,C17072577033,NULL,98,NULL,200003404,NULL,NULL,NULL,1,NULL,17:25.9,NULL,NULL,NULL,NULL,98
3788,8317,C17072583761,NULL,98,NULL,100000127,NULL,NULL,NULL,1,NULL,17:25.9,NULL,NULL,NULL,NULL,98
3789,8323,C17072516692,NULL,98,NULL,200005788,NULL,NULL,NULL,1,NULL,17:25.9,NULL,NULL,NULL,NULL,98
3790,8348,C17072572602,NULL,98,NULL,200001326,NULL,NULL,NULL,1,NULL,17:25.9,NULL,NULL,NULL,NULL,98
3791,8358,C17072582279,NULL,98,NULL,200002983,NULL,NULL,NULL,1,NULL,17:25.9,NULL,NULL,NULL,NULL,98
3792,8361,C17072581371,NULL,98,NULL,200005203,NULL,NULL,NULL,1,NULL,17:25.9,NULL,NULL,NULL,NULL,98
3793,8427,C17072589012,NULL,98,NULL,100000364,NULL,NULL,NULL,1,NULL,17:25.9,NULL,NULL,NULL,NULL,98
3794,8434,C17072532737,NULL,98,NULL,100000975,NULL,NULL,NULL,1,NULL,17:25.9,NULL,NULL,NULL,NULL,98
3795,8449,C17072510131,NULL,98,NULL,100000269,NULL,NULL,NULL,1,NULL,17:25.9,NULL,NULL,NULL,NULL,98
3796,8457,C17072559457,NULL,98,NULL,100001259,NULL,NULL,NULL,1,NULL,17:25.9,NULL,NULL,NULL,NULL,98
3797,8463,C17072570287,NULL,98,NULL,200003120,NULL,NULL,NULL,1,NULL,17:25.9,NULL,NULL,NULL,NULL,98
3798,8483,C17072519373,NULL,98,NULL,200003824,NULL,NULL,NULL,1,NULL,17:25.9,NULL,NULL,NULL,NULL,98
3799,8489,C17072574158,NULL,98,NULL,100001184,NULL,NULL,NULL,1,NULL,17:25.9,NULL,NULL,NULL,NULL,98
3800,8496,C17072595809,NULL,98,NULL,200005377,NULL,NULL,NULL,1,NULL,17:25.9,NULL,NULL,NULL,NULL,98
3801,8498,C17072577822,NULL,98,NULL,200005380,NULL,NULL,NULL,1,NULL,17:25.9,NULL,NULL,NULL,NULL,98
3802,8502,C17072528768,NULL,98,NULL,100001074,NULL,NULL,NULL,1,NULL,17:25.9,NULL,NULL,NULL,NULL,98
3803,8504,C17072551918,NULL,98,NULL,200004394,NULL,NULL,NULL,1,NULL,17:25.9,NULL,NULL,NULL,NULL,98
3804,8505,C17072569718,NULL,98,NULL,100000998,NULL,NULL,NULL,1,NULL,17:25.9,NULL,NULL,NULL,NULL,98
3805,8513,C17072561678,NULL,98,NULL,200003096,NULL,NULL,NULL,1,NULL,17:25.9,NULL,NULL,NULL,NULL,98
3806,8529,C17072595790,NULL,98,NULL,100000190,NULL,NULL,NULL,1,NULL,17:25.9,NULL,NULL,NULL,NULL,98
3807,8530,C17072521712,NULL,98,NULL,100000302,NULL,NULL,NULL,1,NULL,17:25.9,NULL,NULL,NULL,NULL,98
3808,8548,C17072586776,NULL,98,NULL,200003755,NULL,NULL,NULL,1,NULL,17:25.9,NULL,NULL,NULL,NULL,98
3809,8556,C17072526405,NULL,98,NULL,200002392,NULL,NULL,NULL,1,NULL,17:25.9,NULL,NULL,NULL,NULL,98
3810,8561,C17072523739,NULL,98,NULL,200003354,NULL,NULL,NULL,1,NULL,17:25.9,NULL,NULL,NULL,NULL,98
3811,8569,C17072543074,NULL,98,NULL,200004266,NULL,NULL,NULL,1,NULL,17:25.9,NULL,NULL,NULL,NULL,98
3812,8571,C17072540015,NULL,98,NULL,200006142,NULL,NULL,NULL,1,NULL,17:25.9,NULL,NULL,NULL,NULL,98
3813,8574,C17072540023,NULL,98,NULL,200006301,NULL,NULL,NULL,1,NULL,17:25.9,NULL,NULL,NULL,NULL,98
3814,8577,C17072574050,NULL,98,NULL,200005037,NULL,NULL,NULL,1,NULL,17:25.9,NULL,NULL,NULL,NULL,98
3815,8587,C17072591536,NULL,98,NULL,100000970,NULL,NULL,NULL,1,NULL,17:25.9,NULL,NULL,NULL,NULL,98
3816,8611,C17072570688,NULL,98,NULL,100000362,NULL,NULL,NULL,1,NULL,17:25.9,NULL,NULL,NULL,NULL,98
3817,8618,C17072510675,NULL,98,NULL,100000419,NULL,NULL,NULL,1,NULL,17:25.9,NULL,NULL,NULL,NULL,98
3818,8619,C17072548725,NULL,98,NULL,200002228,NULL,NULL,NULL,1,NULL,17:25.9,NULL,NULL,NULL,NULL,98
3819,8628,C17072590416,NULL,98,NULL,200003830,NULL,NULL,NULL,1,NULL,17:25.9,NULL,NULL,NULL,NULL,98
3820,8642,C17072546774,NULL,98,NULL,310000033,NULL,NULL,NULL,1,NULL,17:25.9,NULL,NULL,NULL,NULL,98
3821,8650,C17072519176,NULL,98,NULL,200002076,NULL,NULL,NULL,1,NULL,17:25.9,NULL,NULL,NULL,NULL,98
3822,8670,C17072582751,NULL,98,NULL,200000305,NULL,NULL,NULL,1,NULL,17:25.9,NULL,NULL,NULL,NULL,98
3823,8696,C17072558951,NULL,98,NULL,200003983,NULL,NULL,NULL,1,NULL,17:25.9,NULL,NULL,NULL,NULL,98
3824,8702,C17072584245,NULL,98,NULL,200004328,NULL,NULL,NULL,1,NULL,17:25.9,NULL,NULL,NULL,NULL,98
3825,8725,C17072538091,NULL,98,NULL,200001722,NULL,NULL,NULL,1,NULL,17:25.9,NULL,NULL,NULL,NULL,98
3826,8754,C17072538619,NULL,98,NULL,100001510,NULL,NULL,NULL,1,NULL,17:25.9,NULL,NULL,NULL,NULL,98
3827,8759,C17072586416,NULL,98,NULL,200005765,NULL,NULL,NULL,1,NULL,17:25.9,NULL,NULL,NULL,NULL,98
3828,8760,C17072584619,NULL,98,NULL,200003898,NULL,NULL,NULL,1,NULL,17:25.9,NULL,NULL,NULL,NULL,98
3829,8766,C17072534826,NULL,98,NULL,100000692,NULL,NULL,NULL,1,NULL,17:25.9,NULL,NULL,NULL,NULL,98
3830,8788,C17072532331,NULL,98,NULL,100000835,NULL,NULL,NULL,1,NULL,17:25.9,NULL,NULL,NULL,NULL,98
3831,8888,C17072547154,NULL,98,NULL,200004800,NULL,NULL,NULL,1,NULL,17:25.9,NULL,NULL,NULL,NULL,98
3832,8909,C17072529900,NULL,98,NULL,200000142,NULL,NULL,NULL,1,NULL,17:25.9,NULL,NULL,NULL,NULL,98
3833,8921,C17072534347,NULL,98,NULL,200003345,NULL,NULL,NULL,1,NULL,17:25.9,NULL,NULL,NULL,NULL,98
3834,8949,C17072563214,NULL,98,NULL,200005509,NULL,NULL,NULL,1,NULL,17:25.9,NULL,NULL,NULL,NULL,98
3835,8957,C17072585762,NULL,98,NULL,100001368,NULL,NULL,NULL,1,NULL,17:25.9,NULL,NULL,NULL,NULL,98
3836,8964,C17072518359,NULL,98,NULL,200003581,NULL,NULL,NULL,1,NULL,17:25.9,NULL,NULL,NULL,NULL,98
3837,8970,C17072562289,NULL,98,NULL,200003969,NULL,NULL,NULL,1,NULL,17:25.9,NULL,NULL,NULL,NULL,98
3838,8971,C17072510962,NULL,98,NULL,200000793,NULL,NULL,NULL,1,NULL,17:25.9,NULL,NULL,NULL,NULL,98
3839,8986,C17072567808,NULL,98,NULL,200000763,NULL,NULL,NULL,1,NULL,17:25.9,NULL,NULL,NULL,NULL,98
3840,8989,C17072599406,NULL,98,NULL,200004792,NULL,NULL,NULL,1,NULL,17:25.9,NULL,NULL,NULL,NULL,98
3841,9002,C17072553503,NULL,98,NULL,200001663,NULL,NULL,NULL,1,NULL,17:25.9,NULL,NULL,NULL,NULL,98
3842,9003,C17072580090,NULL,98,NULL,200005773,NULL,NULL,NULL,1,NULL,17:25.9,NULL,NULL,NULL,NULL,98
3843,9015,C17072546433,NULL,98,NULL,200000731,NULL,NULL,NULL,1,NULL,17:25.9,NULL,NULL,NULL,NULL,98
3844,9028,C17072538225,NULL,98,NULL,100000742,NULL,NULL,NULL,1,NULL,17:25.9,NULL,NULL,NULL,NULL,98
3845,9035,C17072588058,NULL,98,NULL,100000847,NULL,NULL,NULL,1,NULL,17:25.9,NULL,NULL,NULL,NULL,98
3846,9055,C17072512307,NULL,98,NULL,200001869,NULL,NULL,NULL,1,NULL,17:25.9,NULL,NULL,NULL,NULL,98
3847,9062,C17072534103,NULL,98,NULL,100000344,NULL,NULL,NULL,1,NULL,17:25.9,NULL,NULL,NULL,NULL,98
3848,9071,C17072587432,NULL,98,NULL,100000013,NULL,NULL,NULL,1,NULL,17:25.9,NULL,NULL,NULL,NULL,98
3849,9087,C17072574423,NULL,98,NULL,200001476,NULL,NULL,NULL,1,NULL,17:25.9,NULL,NULL,NULL,NULL,98
3850,9104,C17072594019,NULL,98,NULL,200001021,NULL,NULL,NULL,1,NULL,17:25.9,NULL,NULL,NULL,NULL,98
3851,9154,C17072588159,NULL,98,NULL,200000778,NULL,NULL,NULL,1,NULL,17:25.9,NULL,NULL,NULL,NULL,98
3852,9161,C17072532243,NULL,98,NULL,100000613,NULL,NULL,NULL,1,NULL,17:25.9,NULL,NULL,NULL,NULL,98
3853,9175,C17072549618,NULL,98,NULL,100000124,NULL,NULL,NULL,1,NULL,17:25.9,NULL,NULL,NULL,NULL,98
3854,9176,C17072595580,NULL,98,NULL,200005782,NULL,NULL,NULL,1,NULL,17:25.9,NULL,NULL,NULL,NULL,98
3855,9213,C17072581003,NULL,98,NULL,100000546,NULL,NULL,NULL,1,NULL,17:25.9,NULL,NULL,NULL,NULL,98
3856,9224,C17072589086,NULL,98,NULL,200003773,NULL,NULL,NULL,1,NULL,17:25.9,NULL,NULL,NULL,NULL,98
3857,9254,C17072556406,NULL,98,NULL,100001309,NULL,NULL,NULL,1,NULL,17:25.9,NULL,NULL,NULL,NULL,98
3858,9271,C17072533629,NULL,98,NULL,200003115,NULL,NULL,NULL,1,NULL,17:25.9,NULL,NULL,NULL,NULL,98
3859,9311,C17072586288,NULL,98,NULL,100000913,NULL,NULL,NULL,1,NULL,17:25.9,NULL,NULL,NULL,NULL,98
3860,9314,C17072569642,NULL,98,NULL,200001082,NULL,NULL,NULL,1,NULL,17:25.9,NULL,NULL,NULL,NULL,98
3861,9317,C17072528744,NULL,98,NULL,200004496,NULL,NULL,NULL,1,NULL,17:25.9,NULL,NULL,NULL,NULL,98
3862,9319,C17072584639,NULL,98,NULL,200001068,NULL,NULL,NULL,1,NULL,17:25.9,NULL,NULL,NULL,NULL,98
3863,9321,C17072570137,NULL,98,NULL,200003356,NULL,NULL,NULL,1,NULL,17:25.9,NULL,NULL,NULL,NULL,98
3864,9329,C17072567130,NULL,98,NULL,200003338,NULL,NULL,NULL,1,NULL,17:25.9,NULL,NULL,NULL,NULL,98
3865,9344,C17072561867,NULL,98,NULL,100001345,NULL,NULL,NULL,1,NULL,17:25.9,NULL,NULL,NULL,NULL,98
3866,9351,C17072540756,NULL,98,NULL,200001525,NULL,NULL,NULL,1,NULL,17:25.9,NULL,NULL,NULL,NULL,98
3867,9360,C17072532226,NULL,98,NULL,200003762,NULL,NULL,NULL,1,NULL,17:25.9,NULL,NULL,NULL,NULL,98
3868,9369,C17072545663,NULL,98,NULL,100000367,NULL,NULL,NULL,1,NULL,17:25.9,NULL,NULL,NULL,NULL,98
3869,9397,C17072511251,NULL,98,NULL,100001058,NULL,NULL,NULL,1,NULL,17:25.9,NULL,NULL,NULL,NULL,98
3870,9406,C17072585297,NULL,98,NULL,100001062,NULL,NULL,NULL,1,NULL,17:25.9,NULL,NULL,NULL,NULL,98
3871,9499,C17072513460,NULL,98,NULL,100000314,NULL,NULL,NULL,1,NULL,17:26.0,NULL,NULL,NULL,NULL,98
3872,9507,C17072588350,NULL,98,NULL,100000882,NULL,NULL,NULL,1,NULL,17:26.0,NULL,NULL,NULL,NULL,98
3873,9619,C17072577202,NULL,98,NULL,310000071,NULL,NULL,NULL,1,NULL,17:26.0,NULL,NULL,NULL,NULL,98
3874,9627,C17072561940,NULL,98,NULL,200002290,NULL,NULL,NULL,1,NULL,17:26.0,NULL,NULL,NULL,NULL,98
3875,9635,C17072583813,NULL,98,NULL,200000150,NULL,NULL,NULL,1,NULL,17:26.0,NULL,NULL,NULL,NULL,98
3876,9638,C17072598422,NULL,98,NULL,200002832,NULL,NULL,NULL,1,NULL,17:26.0,NULL,NULL,NULL,NULL,98
3877,9642,C17072574362,NULL,98,NULL,200000500,NULL,NULL,NULL,1,NULL,17:26.0,NULL,NULL,NULL,NULL,98
3878,9647,C17072555093,NULL,98,NULL,200003156,NULL,NULL,NULL,1,NULL,17:26.0,NULL,NULL,NULL,NULL,98
3879,9653,C17072564084,NULL,98,NULL,200005769,NULL,NULL,NULL,1,NULL,17:26.0,NULL,NULL,NULL,NULL,98
3880,9659,C17072559628,NULL,98,NULL,100000196,NULL,NULL,NULL,1,NULL,17:26.0,NULL,NULL,NULL,NULL,98
3881,9666,C17072549054,NULL,98,NULL,100000677,NULL,NULL,NULL,1,NULL,17:26.0,NULL,NULL,NULL,NULL,98
3882,9668,C17072552718,NULL,98,NULL,200001825,NULL,NULL,NULL,1,NULL,17:26.0,NULL,NULL,NULL,NULL,98
3883,9670,C17072586765,NULL,98,NULL,200004815,NULL,NULL,NULL,1,NULL,17:26.0,NULL,NULL,NULL,NULL,98
3884,9673,C17072556459,NULL,98,NULL,200004030,NULL,NULL,NULL,1,NULL,17:26.0,NULL,NULL,NULL,NULL,98
3885,9681,C17072523063,NULL,98,NULL,100000192,NULL,NULL,NULL,1,NULL,17:26.0,NULL,NULL,NULL,NULL,98
3886,9692,C17072519398,NULL,98,NULL,100000392,NULL,NULL,NULL,1,NULL,17:26.0,NULL,NULL,NULL,NULL,98
3887,9696,C17072571351,NULL,98,NULL,200000585,NULL,NULL,NULL,1,NULL,17:26.0,NULL,NULL,NULL,NULL,98
3888,9715,C17072519464,NULL,98,NULL,200005253,NULL,NULL,NULL,1,NULL,17:26.0,NULL,NULL,NULL,NULL,98
3889,9734,C17072560893,NULL,98,NULL,200003196,NULL,NULL,NULL,1,NULL,17:26.0,NULL,NULL,NULL,NULL,98
3890,9758,C17072566813,NULL,98,NULL,100000635,NULL,NULL,NULL,1,NULL,17:26.0,NULL,NULL,NULL,NULL,98
3891,9762,C17072584742,NULL,98,NULL,200003874,NULL,NULL,NULL,1,NULL,17:26.0,NULL,NULL,NULL,NULL,98
3892,9789,C17072567696,NULL,98,NULL,200005737,NULL,NULL,NULL,1,NULL,17:26.0,NULL,NULL,NULL,NULL,98
3893,9825,C17072515119,NULL,98,NULL,100001045,NULL,NULL,NULL,1,NULL,17:26.0,NULL,NULL,NULL,NULL,98
3894,9841,C17072592106,NULL,98,NULL,100001046,NULL,NULL,NULL,1,NULL,17:26.0,NULL,NULL,NULL,NULL,98
3895,9882,C17072510555,NULL,98,NULL,100000763,NULL,NULL,NULL,1,NULL,17:26.0,NULL,NULL,NULL,NULL,98
3896,9884,C17072550074,NULL,98,NULL,100000541,NULL,NULL,NULL,1,NULL,17:26.0,NULL,NULL,NULL,NULL,98
3897,10187,C17072588076,NULL,98,NULL,100000019,NULL,NULL,NULL,1,NULL,17:26.0,NULL,NULL,NULL,NULL,98
3898,10199,C17072553515,NULL,98,NULL,200001514,NULL,NULL,NULL,1,NULL,17:26.0,NULL,NULL,NULL,NULL,98
3899,10226,C17072587513,NULL,98,NULL,100001238,NULL,NULL,NULL,1,NULL,17:26.0,NULL,NULL,NULL,NULL,98
3900,10229,C17072513346,NULL,98,NULL,100001332,NULL,NULL,NULL,1,NULL,17:26.0,NULL,NULL,NULL,NULL,98
3901,10232,C17072540187,NULL,98,NULL,100000010,NULL,NULL,NULL,1,NULL,17:26.0,NULL,NULL,NULL,NULL,98
3902,10233,C17072564965,NULL,98,NULL,100000823,NULL,NULL,NULL,1,NULL,17:26.0,NULL,NULL,NULL,NULL,98
3903,10235,C17072566696,NULL,98,NULL,100000001,NULL,NULL,NULL,1,NULL,17:26.0,NULL,NULL,NULL,NULL,98
3904,10269,C17072527804,NULL,98,NULL,200000421,NULL,NULL,NULL,1,NULL,17:26.0,NULL,NULL,NULL,NULL,98
3905,10291,C17072539712,NULL,98,NULL,200001620,NULL,NULL,NULL,1,NULL,17:26.0,NULL,NULL,NULL,NULL,98
3906,10309,C17072519616,NULL,98,NULL,200002383,NULL,NULL,NULL,1,NULL,17:26.0,NULL,NULL,NULL,NULL,98
3907,10314,C17072541765,NULL,98,NULL,200005131,NULL,NULL,NULL,1,NULL,17:26.0,NULL,NULL,NULL,NULL,98
3908,10319,C17072544509,NULL,98,NULL,100000606,NULL,NULL,NULL,1,NULL,17:26.0,NULL,NULL,NULL,NULL,98
3909,10321,C17072531030,NULL,98,NULL,100000358,NULL,NULL,NULL,1,NULL,17:26.0,NULL,NULL,NULL,NULL,98
3910,10329,C17072578188,NULL,98,NULL,100000810,NULL,NULL,NULL,1,NULL,17:26.0,NULL,NULL,NULL,NULL,98
3911,10332,C17072561931,NULL,98,NULL,200005646,NULL,NULL,NULL,1,NULL,17:26.0,NULL,NULL,NULL,NULL,98
3912,10347,C17072545793,NULL,98,NULL,200005753,NULL,NULL,NULL,1,NULL,17:26.0,NULL,NULL,NULL,NULL,98
3913,10358,C17072528502,NULL,98,NULL,200005138,NULL,NULL,NULL,1,NULL,17:26.0,NULL,NULL,NULL,NULL,98
3914,10370,C17072571955,NULL,98,NULL,200000550,NULL,NULL,NULL,1,NULL,17:26.0,NULL,NULL,NULL,NULL,98
3915,10403,C17072517838,NULL,98,NULL,100001414,NULL,NULL,NULL,1,NULL,17:26.0,NULL,NULL,NULL,NULL,98
3916,10429,C17072546265,NULL,98,NULL,200005221,NULL,NULL,NULL,1,NULL,17:26.0,NULL,NULL,NULL,NULL,98
3917,10549,C17072526784,NULL,98,NULL,200004034,NULL,NULL,NULL,1,NULL,17:26.0,NULL,NULL,NULL,NULL,98
3918,10594,C17072516098,NULL,98,NULL,200006239,NULL,NULL,NULL,1,NULL,17:26.0,NULL,NULL,NULL,NULL,98
3919,10624,C17072544829,NULL,98,NULL,200006148,NULL,NULL,NULL,1,NULL,17:26.0,NULL,NULL,NULL,NULL,98
3920,11147,C17072569036,NULL,98,NULL,200004630,NULL,NULL,NULL,1,NULL,17:26.0,NULL,NULL,NULL,NULL,98
3921,11235,C17072524271,NULL,98,NULL,200005161,NULL,NULL,NULL,1,NULL,17:26.0,NULL,NULL,NULL,NULL,98
3922,11589,C17072592140,NULL,98,NULL,200000599,NULL,NULL,NULL,1,NULL,17:26.0,NULL,NULL,NULL,NULL,98
3923,11704,C17072524399,NULL,98,NULL,200000952,NULL,NULL,NULL,1,NULL,17:26.0,NULL,NULL,NULL,NULL,98
3924,12051,C17072544256,NULL,98,NULL,200004676,NULL,NULL,NULL,1,NULL,17:26.0,NULL,NULL,NULL,NULL,98
3925,19,C17072558804,NULL,99,NULL,1004639,NULL,NULL,NULL,1,NULL,21:43.3,NULL,NULL,NULL,NULL,99
3926,30,C17072565792,NULL,99,NULL,1009578,NULL,NULL,NULL,1,NULL,21:43.3,NULL,NULL,NULL,NULL,99
3927,121,C17072536706,NULL,99,NULL,1002402,NULL,NULL,NULL,1,NULL,21:43.3,NULL,NULL,NULL,NULL,99
3928,147,C17072583278,NULL,99,NULL,1002838,NULL,NULL,NULL,1,NULL,21:43.3,NULL,NULL,NULL,NULL,99
3929,158,C17072519294,NULL,99,NULL,1010547,NULL,NULL,NULL,1,NULL,21:43.3,NULL,NULL,NULL,NULL,99
3930,181,C17072538642,NULL,99,NULL,1008927,NULL,NULL,NULL,1,NULL,21:43.3,NULL,NULL,NULL,NULL,99
3931,208,C17072512321,NULL,99,NULL,1004584,NULL,NULL,NULL,1,NULL,21:43.3,NULL,NULL,NULL,NULL,99
3932,211,C17072531063,NULL,99,NULL,1011436,NULL,NULL,NULL,1,NULL,21:43.3,NULL,NULL,NULL,NULL,99
3933,212,C17072582456,NULL,99,NULL,1016393,NULL,NULL,NULL,1,NULL,21:43.3,NULL,NULL,NULL,NULL,99
3934,236,C17072558170,NULL,99,NULL,1002353,NULL,NULL,NULL,1,NULL,21:43.3,NULL,NULL,NULL,NULL,99
3935,240,C17072554333,NULL,99,NULL,1002296,NULL,NULL,NULL,1,NULL,21:43.3,NULL,NULL,NULL,NULL,99
3936,248,C17072567726,NULL,99,NULL,1015395,NULL,NULL,NULL,1,NULL,21:43.3,NULL,NULL,NULL,NULL,99
3937,267,C17072592293,NULL,99,NULL,1007081,NULL,NULL,NULL,1,NULL,21:43.3,NULL,NULL,NULL,NULL,99
3938,270,C17072528065,NULL,99,NULL,1003045,NULL,NULL,NULL,1,NULL,21:43.3,NULL,NULL,NULL,NULL,99
3939,312,C17072592622,NULL,99,NULL,1000031,NULL,NULL,NULL,1,NULL,21:43.3,NULL,NULL,NULL,NULL,99
3940,323,C17072593088,NULL,99,NULL,1016652,NULL,NULL,NULL,1,NULL,21:43.3,NULL,NULL,NULL,NULL,99
3941,324,C17072580214,NULL,99,NULL,1012854,NULL,NULL,NULL,1,NULL,21:43.3,NULL,NULL,NULL,NULL,99
3942,338,C17072589173,NULL,99,NULL,1011773,NULL,NULL,NULL,1,NULL,21:43.3,NULL,NULL,NULL,NULL,99
3943,343,C17072555598,NULL,99,NULL,1001938,NULL,NULL,NULL,1,NULL,21:43.3,NULL,NULL,NULL,NULL,99
3944,360,C17072548838,NULL,99,NULL,1003709,NULL,NULL,NULL,1,NULL,21:43.3,NULL,NULL,NULL,NULL,99
3945,363,C17072596947,NULL,99,NULL,1002311,NULL,NULL,NULL,1,NULL,21:43.3,NULL,NULL,NULL,NULL,99
3946,373,C17072556273,NULL,99,NULL,1016696,NULL,NULL,NULL,1,NULL,21:43.3,NULL,NULL,NULL,NULL,99
3947,392,C17072565788,NULL,99,NULL,1000266,NULL,NULL,NULL,1,NULL,21:43.3,NULL,NULL,NULL,NULL,99
3948,394,C17072563016,NULL,99,NULL,1002315,NULL,NULL,NULL,1,NULL,21:43.3,NULL,NULL,NULL,NULL,99
3949,395,C17072530158,NULL,99,NULL,1015974,NULL,NULL,NULL,1,NULL,21:43.3,NULL,NULL,NULL,NULL,99
3950,402,C17072582980,NULL,99,NULL,1002113,NULL,NULL,NULL,1,NULL,21:43.3,NULL,NULL,NULL,NULL,99
3951,465,C17072587449,NULL,99,NULL,1013301,NULL,NULL,NULL,1,NULL,21:43.3,NULL,NULL,NULL,NULL,99
3952,486,C17072558469,NULL,99,NULL,1000991,NULL,NULL,NULL,1,NULL,21:43.3,NULL,NULL,NULL,NULL,99
3953,522,C17072593454,NULL,99,NULL,1000242,NULL,NULL,NULL,1,NULL,21:43.3,NULL,NULL,NULL,NULL,99
3954,537,C17072571229,NULL,99,NULL,1000093,NULL,NULL,NULL,1,NULL,21:43.3,NULL,NULL,NULL,NULL,99
3955,550,C17072533314,NULL,99,NULL,1007492,NULL,NULL,NULL,1,NULL,21:43.3,NULL,NULL,NULL,NULL,99
3956,561,C17072580484,NULL,99,NULL,1013998,NULL,NULL,NULL,1,NULL,21:43.3,NULL,NULL,NULL,NULL,99
3957,585,C17072515987,NULL,99,NULL,1004506,NULL,NULL,NULL,1,NULL,21:43.3,NULL,NULL,NULL,NULL,99
3958,592,C17072552121,NULL,99,NULL,1008677,NULL,NULL,NULL,1,NULL,21:43.3,NULL,NULL,NULL,NULL,99
3959,628,C17072515801,NULL,99,NULL,1015029,NULL,NULL,NULL,1,NULL,21:43.3,NULL,NULL,NULL,NULL,99
3960,740,C17072536285,NULL,99,NULL,1000057,NULL,NULL,NULL,1,NULL,21:43.3,NULL,NULL,NULL,NULL,99
3961,774,C17072518587,NULL,99,NULL,1010544,NULL,NULL,NULL,1,NULL,21:43.3,NULL,NULL,NULL,NULL,99
3962,779,C17072562237,NULL,99,NULL,1000038,NULL,NULL,NULL,1,NULL,21:43.3,NULL,NULL,NULL,NULL,99
3963,801,C17072598585,NULL,99,NULL,1014766,NULL,NULL,NULL,1,NULL,21:43.4,NULL,NULL,NULL,NULL,99
3964,986,C17072511732,NULL,99,NULL,1015236,NULL,NULL,NULL,1,NULL,21:43.4,NULL,NULL,NULL,NULL,99
3965,988,C17072557933,NULL,99,NULL,1008914,NULL,NULL,NULL,1,NULL,21:43.4,NULL,NULL,NULL,NULL,99
3966,1030,C17072532181,NULL,99,NULL,1015415,NULL,NULL,NULL,1,NULL,21:43.4,NULL,NULL,NULL,NULL,99
3967,1121,C17072535852,NULL,99,NULL,1004295,NULL,NULL,NULL,1,NULL,21:43.4,NULL,NULL,NULL,NULL,99
3968,1208,C17072516062,NULL,99,NULL,1016426,NULL,NULL,NULL,1,NULL,21:43.4,NULL,NULL,NULL,NULL,99
3969,1222,C17072567402,NULL,99,NULL,1009868,NULL,NULL,NULL,1,NULL,21:43.4,NULL,NULL,NULL,NULL,99
3970,1226,C17072523298,NULL,99,NULL,1014341,NULL,NULL,NULL,1,NULL,21:43.4,NULL,NULL,NULL,NULL,99
3971,1294,C17072583301,NULL,99,NULL,1011133,NULL,NULL,NULL,1,NULL,21:43.4,NULL,NULL,NULL,NULL,99
3972,1304,C17072516494,NULL,99,NULL,1015247,NULL,NULL,NULL,1,NULL,21:43.4,NULL,NULL,NULL,NULL,99
3973,1313,C17072562448,NULL,99,NULL,1000028,NULL,NULL,NULL,1,NULL,21:43.4,NULL,NULL,NULL,NULL,99
3974,1329,C17072514049,NULL,99,NULL,1006761,NULL,NULL,NULL,1,NULL,21:43.4,NULL,NULL,NULL,NULL,99
3975,1416,C17072526435,NULL,99,NULL,1012331,NULL,NULL,NULL,1,NULL,21:43.4,NULL,NULL,NULL,NULL,99
3976,1423,C17072578436,NULL,99,NULL,1016713,NULL,NULL,NULL,1,NULL,21:43.4,NULL,NULL,NULL,NULL,99
3977,1434,C17072595654,NULL,99,NULL,1002938,NULL,NULL,NULL,1,NULL,21:43.4,NULL,NULL,NULL,NULL,99
3978,1446,C17072525225,NULL,99,NULL,1002931,NULL,NULL,NULL,1,NULL,21:43.4,NULL,NULL,NULL,NULL,99
3979,1452,C17072530684,NULL,99,NULL,1014696,NULL,NULL,NULL,1,NULL,21:43.4,NULL,NULL,NULL,NULL,99
3980,1454,C17072558823,NULL,99,NULL,1012664,NULL,NULL,NULL,1,NULL,21:43.4,NULL,NULL,NULL,NULL,99
3981,1477,C17072596908,NULL,99,NULL,1013928,NULL,NULL,NULL,1,NULL,21:43.4,NULL,NULL,NULL,NULL,99
3982,1485,C17072548998,NULL,99,NULL,1005825,NULL,NULL,NULL,1,NULL,21:43.4,NULL,NULL,NULL,NULL,99
3983,1488,C17072523392,NULL,99,NULL,1015954,NULL,NULL,NULL,1,NULL,21:43.4,NULL,NULL,NULL,NULL,99
3984,1510,C17072552431,NULL,99,NULL,1011969,NULL,NULL,NULL,1,NULL,21:43.4,NULL,NULL,NULL,NULL,99
3985,1570,C17072586823,NULL,99,NULL,1008965,NULL,NULL,NULL,1,NULL,21:43.4,NULL,NULL,NULL,NULL,99
3986,1571,C17072551212,NULL,99,NULL,1012849,NULL,NULL,NULL,1,NULL,21:43.4,NULL,NULL,NULL,NULL,99
3987,1637,C17072557775,NULL,99,NULL,1003282,NULL,NULL,NULL,1,NULL,21:43.4,NULL,NULL,NULL,NULL,99
3988,1639,C17072516125,NULL,99,NULL,1013702,NULL,NULL,NULL,1,NULL,21:43.4,NULL,NULL,NULL,NULL,99
3989,1643,C17072518438,NULL,99,NULL,1015012,NULL,NULL,NULL,1,NULL,21:43.4,NULL,NULL,NULL,NULL,99
3990,1656,C17072542447,NULL,99,NULL,1014995,NULL,NULL,NULL,1,NULL,21:43.4,NULL,NULL,NULL,NULL,99
3991,1696,C17072597815,NULL,99,NULL,1003150,NULL,NULL,NULL,1,NULL,21:43.4,NULL,NULL,NULL,NULL,99
3992,1700,C17072572287,NULL,99,NULL,1002103,NULL,NULL,NULL,1,NULL,21:43.4,NULL,NULL,NULL,NULL,99
3993,1798,C17072571570,NULL,99,NULL,1002220,NULL,NULL,NULL,1,NULL,21:43.4,NULL,NULL,NULL,NULL,99
3994,1879,C17072575015,NULL,99,NULL,1015060,NULL,NULL,NULL,1,NULL,21:43.4,NULL,NULL,NULL,NULL,99
3995,1884,C17072572798,NULL,99,NULL,1014080,NULL,NULL,NULL,1,NULL,21:43.4,NULL,NULL,NULL,NULL,99
3996,1939,C17072557475,NULL,99,NULL,1005482,NULL,NULL,NULL,1,NULL,21:43.4,NULL,NULL,NULL,NULL,99
3997,1993,C17072565205,NULL,99,NULL,1014441,NULL,NULL,NULL,1,NULL,21:43.4,NULL,NULL,NULL,NULL,99
3998,1994,C17072517791,NULL,99,NULL,1011869,NULL,NULL,NULL,1,NULL,21:43.4,NULL,NULL,NULL,NULL,99
3999,1995,C17072536353,NULL,99,NULL,1015764,NULL,NULL,NULL,1,NULL,21:43.4,NULL,NULL,NULL,NULL,99
4000,2056,C17072514169,NULL,99,NULL,1000062,NULL,NULL,NULL,1,NULL,21:43.4,NULL,NULL,NULL,NULL,99
4001,2062,C17072514189,NULL,99,NULL,1003191,NULL,NULL,NULL,1,NULL,21:43.4,NULL,NULL,NULL,NULL,99
4002,2073,C17072573326,NULL,99,NULL,1010500,NULL,NULL,NULL,1,NULL,21:43.4,NULL,NULL,NULL,NULL,99
4003,2088,C17072533225,NULL,99,NULL,1012645,NULL,NULL,NULL,1,NULL,21:43.4,NULL,NULL,NULL,NULL,99
4004,2110,C17072558405,NULL,99,NULL,1014036,NULL,NULL,NULL,1,NULL,21:43.4,NULL,NULL,NULL,NULL,99
4005,2117,C17072592465,NULL,99,NULL,1006775,NULL,NULL,NULL,1,NULL,21:43.4,NULL,NULL,NULL,NULL,99
4006,2122,C17072557367,NULL,99,NULL,1015574,NULL,NULL,NULL,1,NULL,21:43.4,NULL,NULL,NULL,NULL,99
4007,2139,C17072562110,NULL,99,NULL,1007382,NULL,NULL,NULL,1,NULL,21:43.4,NULL,NULL,NULL,NULL,99
4008,2153,C17072584290,NULL,99,NULL,1015601,NULL,NULL,NULL,1,NULL,21:43.4,NULL,NULL,NULL,NULL,99
4009,2160,C17072554428,NULL,99,NULL,1000314,NULL,NULL,NULL,1,NULL,21:43.4,NULL,NULL,NULL,NULL,99
4010,2216,C17072562126,NULL,99,NULL,1013245,NULL,NULL,NULL,1,NULL,21:43.4,NULL,NULL,NULL,NULL,99
4011,2218,C17072549623,NULL,99,NULL,1011533,NULL,NULL,NULL,1,NULL,21:43.4,NULL,NULL,NULL,NULL,99
4012,2230,C17072544405,NULL,99,NULL,1012197,NULL,NULL,NULL,1,NULL,21:43.4,NULL,NULL,NULL,NULL,99
4013,2247,C17072518459,NULL,99,NULL,1009172,NULL,NULL,NULL,1,NULL,21:43.4,NULL,NULL,NULL,NULL,99
4014,2278,C17072559445,NULL,99,NULL,1012533,NULL,NULL,NULL,1,NULL,21:43.4,NULL,NULL,NULL,NULL,99
4015,2290,C17072566113,NULL,99,NULL,1016144,NULL,NULL,NULL,1,NULL,21:43.4,NULL,NULL,NULL,NULL,99
4016,2302,C17072524128,NULL,99,NULL,1014468,NULL,NULL,NULL,1,NULL,21:43.4,NULL,NULL,NULL,NULL,99
4017,2304,C17072533512,NULL,99,NULL,1008648,NULL,NULL,NULL,1,NULL,21:43.4,NULL,NULL,NULL,NULL,99
4018,2462,C17072516639,NULL,99,NULL,1006639,NULL,NULL,NULL,1,NULL,21:43.4,NULL,NULL,NULL,NULL,99
4019,2492,C17072536952,NULL,99,NULL,1012988,NULL,NULL,NULL,1,NULL,21:43.4,NULL,NULL,NULL,NULL,99
4020,2523,C17072592520,NULL,99,NULL,1013154,NULL,NULL,NULL,1,NULL,21:43.4,NULL,NULL,NULL,NULL,99
4021,2531,C17072538876,NULL,99,NULL,1016077,NULL,NULL,NULL,1,NULL,21:43.4,NULL,NULL,NULL,NULL,99
4022,2555,C17072565435,NULL,99,NULL,1016192,NULL,NULL,NULL,1,NULL,21:43.4,NULL,NULL,NULL,NULL,99
4023,2563,C17072576724,NULL,99,NULL,1008694,NULL,NULL,NULL,1,NULL,21:43.4,NULL,NULL,NULL,NULL,99
4024,2620,C17072510284,NULL,99,NULL,1010505,NULL,NULL,NULL,1,NULL,21:43.4,NULL,NULL,NULL,NULL,99
4025,2622,C17072531984,NULL,99,NULL,1003139,NULL,NULL,NULL,1,NULL,21:43.4,NULL,NULL,NULL,NULL,99
4026,2625,C17072588831,NULL,99,NULL,1015571,NULL,NULL,NULL,1,NULL,21:43.4,NULL,NULL,NULL,NULL,99
4027,2627,C17072518087,NULL,99,NULL,1002364,NULL,NULL,NULL,1,NULL,21:43.4,NULL,NULL,NULL,NULL,99
4028,2708,C17072514423,NULL,99,NULL,1013649,NULL,NULL,NULL,1,NULL,21:43.4,NULL,NULL,NULL,NULL,99
4029,2744,C17072564272,NULL,99,NULL,1001985,NULL,NULL,NULL,1,NULL,21:43.4,NULL,NULL,NULL,NULL,99
4030,2751,C17072519352,NULL,99,NULL,1005348,NULL,NULL,NULL,1,NULL,21:43.4,NULL,NULL,NULL,NULL,99
4031,2760,C17072580986,NULL,99,NULL,1015152,NULL,NULL,NULL,1,NULL,21:43.4,NULL,NULL,NULL,NULL,99
4032,2833,C17072550131,NULL,99,NULL,1008102,NULL,NULL,NULL,1,NULL,21:43.4,NULL,NULL,NULL,NULL,99
4033,2845,C17072549290,NULL,99,NULL,1005478,NULL,NULL,NULL,1,NULL,21:43.4,NULL,NULL,NULL,NULL,99
4034,2848,C17072596763,NULL,99,NULL,1012454,NULL,NULL,NULL,1,NULL,21:43.4,NULL,NULL,NULL,NULL,99
4035,2849,C17072556811,NULL,99,NULL,1012132,NULL,NULL,NULL,1,NULL,21:43.4,NULL,NULL,NULL,NULL,99
4036,2869,C17072529037,NULL,99,NULL,1000147,NULL,NULL,NULL,1,NULL,21:43.4,NULL,NULL,NULL,NULL,99
4037,2901,C17072593425,NULL,99,NULL,1007127,NULL,NULL,NULL,1,NULL,21:43.4,NULL,NULL,NULL,NULL,99
4038,2917,C17072542958,NULL,99,NULL,1011853,NULL,NULL,NULL,1,NULL,21:43.4,NULL,NULL,NULL,NULL,99
4039,2930,C17072568296,NULL,99,NULL,1010541,NULL,NULL,NULL,1,NULL,21:43.4,NULL,NULL,NULL,NULL,99
4040,2934,C17072529698,NULL,99,NULL,1014266,NULL,NULL,NULL,1,NULL,21:43.4,NULL,NULL,NULL,NULL,99
4041,2946,C17072524154,NULL,99,NULL,1001974,NULL,NULL,NULL,1,NULL,21:43.4,NULL,NULL,NULL,NULL,99
4042,2948,C17072567663,NULL,99,NULL,1012005,NULL,NULL,NULL,1,NULL,21:43.4,NULL,NULL,NULL,NULL,99
4043,2949,C17072588694,NULL,99,NULL,1007319,NULL,NULL,NULL,1,NULL,21:43.4,NULL,NULL,NULL,NULL,99
4044,2976,C17072594540,NULL,99,NULL,1015843,NULL,NULL,NULL,1,NULL,21:43.4,NULL,NULL,NULL,NULL,99
4045,2984,C17072511498,NULL,99,NULL,1015248,NULL,NULL,NULL,1,NULL,21:43.4,NULL,NULL,NULL,NULL,99
4046,2997,C17072582803,NULL,99,NULL,1000066,NULL,NULL,NULL,1,NULL,21:43.4,NULL,NULL,NULL,NULL,99
4047,3006,C17072549206,NULL,99,NULL,1014831,NULL,NULL,NULL,1,NULL,21:43.4,NULL,NULL,NULL,NULL,99
4048,3077,C17072593564,NULL,99,NULL,1006577,NULL,NULL,NULL,1,NULL,21:43.4,NULL,NULL,NULL,NULL,99
4049,3083,C17072563834,NULL,99,NULL,1012162,NULL,NULL,NULL,1,NULL,21:43.4,NULL,NULL,NULL,NULL,99
4050,3091,C17072524009,NULL,99,NULL,1012376,NULL,NULL,NULL,1,NULL,21:43.4,NULL,NULL,NULL,NULL,99
4051,3102,C17072556034,NULL,99,NULL,1012076,NULL,NULL,NULL,1,NULL,21:43.4,NULL,NULL,NULL,NULL,99
4052,3108,C17072552251,NULL,99,NULL,1014397,NULL,NULL,NULL,1,NULL,21:43.4,NULL,NULL,NULL,NULL,99
4053,3120,C17072587155,NULL,99,NULL,1003380,NULL,NULL,NULL,1,NULL,21:43.4,NULL,NULL,NULL,NULL,99
4054,3121,C17072530456,NULL,99,NULL,1002043,NULL,NULL,NULL,1,NULL,21:43.4,NULL,NULL,NULL,NULL,99
4055,3224,C17072588911,NULL,99,NULL,1012235,NULL,NULL,NULL,1,NULL,21:43.4,NULL,NULL,NULL,NULL,99
4056,3226,C17072532666,NULL,99,NULL,1004588,NULL,NULL,NULL,1,NULL,21:43.4,NULL,NULL,NULL,NULL,99
4057,3238,C17072593140,NULL,99,NULL,1015186,NULL,NULL,NULL,1,NULL,21:43.4,NULL,NULL,NULL,NULL,99
4058,3257,C17072515260,NULL,99,NULL,1007388,NULL,NULL,NULL,1,NULL,21:43.4,NULL,NULL,NULL,NULL,99
4059,3265,C17072523678,NULL,99,NULL,1002631,NULL,NULL,NULL,1,NULL,21:43.4,NULL,NULL,NULL,NULL,99
4060,3269,C17072555047,NULL,99,NULL,1013641,NULL,NULL,NULL,1,NULL,21:43.4,NULL,NULL,NULL,NULL,99
4061,3278,C17072599963,NULL,99,NULL,1016173,NULL,NULL,NULL,1,NULL,21:43.4,NULL,NULL,NULL,NULL,99
4062,3336,C17072534509,NULL,99,NULL,1010530,NULL,NULL,NULL,1,NULL,21:43.4,NULL,NULL,NULL,NULL,99
4063,3407,C17072555461,NULL,99,NULL,1015190,NULL,NULL,NULL,1,NULL,21:43.4,NULL,NULL,NULL,NULL,99
4064,3422,C17072571692,NULL,99,NULL,1011668,NULL,NULL,NULL,1,NULL,21:43.4,NULL,NULL,NULL,NULL,99
4065,3424,C17072539797,NULL,99,NULL,1016253,NULL,NULL,NULL,1,NULL,21:43.4,NULL,NULL,NULL,NULL,99
4066,3457,C17072522213,NULL,99,NULL,1010526,NULL,NULL,NULL,1,NULL,21:43.4,NULL,NULL,NULL,NULL,99
4067,3468,C17072594774,NULL,99,NULL,1001955,NULL,NULL,NULL,1,NULL,21:43.4,NULL,NULL,NULL,NULL,99
4068,3475,C17072528081,NULL,99,NULL,1009351,NULL,NULL,NULL,1,NULL,21:43.4,NULL,NULL,NULL,NULL,99
4069,3522,C17072559298,NULL,99,NULL,1012268,NULL,NULL,NULL,1,NULL,21:43.4,NULL,NULL,NULL,NULL,99
4070,3541,C17072556358,NULL,99,NULL,1011532,NULL,NULL,NULL,1,NULL,21:43.4,NULL,NULL,NULL,NULL,99
4071,3543,C17072566824,NULL,99,NULL,1005321,NULL,NULL,NULL,1,NULL,21:43.4,NULL,NULL,NULL,NULL,99
4072,3544,C17072543680,NULL,99,NULL,1010532,NULL,NULL,NULL,1,NULL,21:43.4,NULL,NULL,NULL,NULL,99
4073,3578,C17072541398,NULL,99,NULL,1012194,NULL,NULL,NULL,1,NULL,21:43.4,NULL,NULL,NULL,NULL,99
4074,3599,C17072584306,NULL,99,NULL,1011896,NULL,NULL,NULL,1,NULL,21:43.5,NULL,NULL,NULL,NULL,99
4075,3650,C17072588763,NULL,99,NULL,1015417,NULL,NULL,NULL,1,NULL,21:43.5,NULL,NULL,NULL,NULL,99
4076,3664,C17072518273,NULL,99,NULL,1000730,NULL,NULL,NULL,1,NULL,21:43.5,NULL,NULL,NULL,NULL,99
4077,3669,C17072523237,NULL,99,NULL,1016156,NULL,NULL,NULL,1,NULL,21:43.5,NULL,NULL,NULL,NULL,99
4078,3706,C17072529621,NULL,99,NULL,1007551,NULL,NULL,NULL,1,NULL,21:43.5,NULL,NULL,NULL,NULL,99
4079,3710,C17072573941,NULL,99,NULL,1013325,NULL,NULL,NULL,1,NULL,21:43.5,NULL,NULL,NULL,NULL,99
4080,3832,C17072512119,NULL,99,NULL,1009929,NULL,NULL,NULL,1,NULL,21:43.5,NULL,NULL,NULL,NULL,99
4081,3841,C17072540466,NULL,99,NULL,1011208,NULL,NULL,NULL,1,NULL,21:43.5,NULL,NULL,NULL,NULL,99
4082,3844,C17072520839,NULL,99,NULL,1014010,NULL,NULL,NULL,1,NULL,21:43.5,NULL,NULL,NULL,NULL,99
4083,3845,C17072542077,NULL,99,NULL,1011602,NULL,NULL,NULL,1,NULL,21:43.5,NULL,NULL,NULL,NULL,99
4084,3916,C17072575628,NULL,99,NULL,1012296,NULL,NULL,NULL,1,NULL,21:43.5,NULL,NULL,NULL,NULL,99
4085,3926,C17072520386,NULL,99,NULL,1000020,NULL,NULL,NULL,1,NULL,21:43.5,NULL,NULL,NULL,NULL,99
4086,3956,C17072556092,NULL,99,NULL,1005610,NULL,NULL,NULL,1,NULL,21:43.5,NULL,NULL,NULL,NULL,99
4087,3957,C17072528936,NULL,99,NULL,1006021,NULL,NULL,NULL,1,NULL,21:43.5,NULL,NULL,NULL,NULL,99
4088,3958,C17072555967,NULL,99,NULL,1016363,NULL,NULL,NULL,1,NULL,21:43.5,NULL,NULL,NULL,NULL,99
4089,4020,C17072594739,NULL,99,NULL,1015128,NULL,NULL,NULL,1,NULL,21:43.5,NULL,NULL,NULL,NULL,99
4090,4096,C17072543889,NULL,99,NULL,1013994,NULL,NULL,NULL,1,NULL,21:43.5,NULL,NULL,NULL,NULL,99
4091,4105,C17072570869,NULL,99,NULL,1014481,NULL,NULL,NULL,1,NULL,21:43.5,NULL,NULL,NULL,NULL,99
4092,4109,C17072533166,NULL,99,NULL,1012612,NULL,NULL,NULL,1,NULL,21:43.5,NULL,NULL,NULL,NULL,99
4093,4137,C17072523080,NULL,99,NULL,1012114,NULL,NULL,NULL,1,NULL,21:43.5,NULL,NULL,NULL,NULL,99
4094,4147,C17072591649,NULL,99,NULL,1007060,NULL,NULL,NULL,1,NULL,21:43.5,NULL,NULL,NULL,NULL,99
4095,4204,C17072514684,NULL,99,NULL,1007689,NULL,NULL,NULL,1,NULL,21:43.5,NULL,NULL,NULL,NULL,99
4096,4222,C17072534254,NULL,99,NULL,1016355,NULL,NULL,NULL,1,NULL,21:43.5,NULL,NULL,NULL,NULL,99
4097,4287,C17072544780,NULL,99,NULL,1013240,NULL,NULL,NULL,1,NULL,21:43.5,NULL,NULL,NULL,NULL,99
4098,4411,C17072522390,NULL,99,NULL,1015406,NULL,NULL,NULL,1,NULL,21:43.5,NULL,NULL,NULL,NULL,99
4099,4451,C17072517892,NULL,99,NULL,1007403,NULL,NULL,NULL,1,NULL,21:43.5,NULL,NULL,NULL,NULL,99
4100,4472,C17072540175,NULL,99,NULL,1005907,NULL,NULL,NULL,1,NULL,21:43.5,NULL,NULL,NULL,NULL,99
4101,4475,C17072515300,NULL,99,NULL,1013242,NULL,NULL,NULL,1,NULL,21:43.5,NULL,NULL,NULL,NULL,99
4102,4481,C17072588641,NULL,99,NULL,1009416,NULL,NULL,NULL,1,NULL,21:43.5,NULL,NULL,NULL,NULL,99
4103,4532,C17072530250,NULL,99,NULL,1008393,NULL,NULL,NULL,1,NULL,21:43.5,NULL,NULL,NULL,NULL,99
4104,4555,C17072567279,NULL,99,NULL,1012200,NULL,NULL,NULL,1,NULL,21:43.5,NULL,NULL,NULL,NULL,99
4105,4556,C17072591722,NULL,99,NULL,1001837,NULL,NULL,NULL,1,NULL,21:43.5,NULL,NULL,NULL,NULL,99
4106,4598,C17072542082,NULL,99,NULL,1016122,NULL,NULL,NULL,1,NULL,21:43.5,NULL,NULL,NULL,NULL,99
4107,4622,C17072549530,NULL,99,NULL,1016778,NULL,NULL,NULL,1,NULL,21:43.5,NULL,NULL,NULL,NULL,99
4108,4624,C17072556776,NULL,99,NULL,1008561,NULL,NULL,NULL,1,NULL,21:43.5,NULL,NULL,NULL,NULL,99
4109,4658,C17072529550,NULL,99,NULL,1005480,NULL,NULL,NULL,1,NULL,21:43.5,NULL,NULL,NULL,NULL,99
4110,4665,C17072525970,NULL,99,NULL,1000086,NULL,NULL,NULL,1,NULL,21:43.5,NULL,NULL,NULL,NULL,99
4111,4668,C17072596140,NULL,99,NULL,1012392,NULL,NULL,NULL,1,NULL,21:43.5,NULL,NULL,NULL,NULL,99
4112,4716,C17072514418,NULL,99,NULL,1010011,NULL,NULL,NULL,1,NULL,21:43.5,NULL,NULL,NULL,NULL,99
4113,4719,C17072595599,NULL,99,NULL,1015181,NULL,NULL,NULL,1,NULL,21:43.5,NULL,NULL,NULL,NULL,99
4114,4720,C17072590786,NULL,99,NULL,1001923,NULL,NULL,NULL,1,NULL,21:43.5,NULL,NULL,NULL,NULL,99
4115,4734,C17072562958,NULL,99,NULL,1015011,NULL,NULL,NULL,1,NULL,21:43.5,NULL,NULL,NULL,NULL,99
4116,4756,C17072551525,NULL,99,NULL,1000063,NULL,NULL,NULL,1,NULL,21:43.5,NULL,NULL,NULL,NULL,99
4117,4813,C17072560736,NULL,99,NULL,1012565,NULL,NULL,NULL,1,NULL,21:43.5,NULL,NULL,NULL,NULL,99
4118,4818,C17072571841,NULL,99,NULL,1006730,NULL,NULL,NULL,1,NULL,21:43.5,NULL,NULL,NULL,NULL,99
4119,4846,C17072575656,NULL,99,NULL,1011508,NULL,NULL,NULL,1,NULL,21:43.5,NULL,NULL,NULL,NULL,99
4120,4874,C17072556709,NULL,99,NULL,1004661,NULL,NULL,NULL,1,NULL,21:43.5,NULL,NULL,NULL,NULL,99
4121,4917,C17072518222,NULL,99,NULL,1013221,NULL,NULL,NULL,1,NULL,21:43.5,NULL,NULL,NULL,NULL,99
4122,5031,C17072592333,NULL,99,NULL,1003622,NULL,NULL,NULL,1,NULL,21:43.5,NULL,NULL,NULL,NULL,99
4123,5038,C17072565911,NULL,99,NULL,1007866,NULL,NULL,NULL,1,NULL,21:43.5,NULL,NULL,NULL,NULL,99
4124,5092,C17072574876,NULL,99,NULL,1009994,NULL,NULL,NULL,1,NULL,21:43.5,NULL,NULL,NULL,NULL,99
4125,5106,C17072564704,NULL,99,NULL,1001500,NULL,NULL,NULL,1,NULL,21:43.5,NULL,NULL,NULL,NULL,99
4126,5157,C17072540430,NULL,99,NULL,1012009,NULL,NULL,NULL,1,NULL,21:43.5,NULL,NULL,NULL,NULL,99
4127,5161,C17072590200,NULL,99,NULL,1013356,NULL,NULL,NULL,1,NULL,21:43.5,NULL,NULL,NULL,NULL,99
4128,5206,C17072565686,NULL,99,NULL,1012179,NULL,NULL,NULL,1,NULL,21:43.5,NULL,NULL,NULL,NULL,99
4129,5208,C17072563024,NULL,99,NULL,1015078,NULL,NULL,NULL,1,NULL,21:43.5,NULL,NULL,NULL,NULL,99
4130,5227,C17072578612,NULL,99,NULL,1015410,NULL,NULL,NULL,1,NULL,21:43.5,NULL,NULL,NULL,NULL,99
4131,5238,C17072524447,NULL,99,NULL,1016327,NULL,NULL,NULL,1,NULL,21:43.5,NULL,NULL,NULL,NULL,99
4132,5282,C17072557681,NULL,99,NULL,1015710,NULL,NULL,NULL,1,NULL,21:43.5,NULL,NULL,NULL,NULL,99
4133,5299,C17072522362,NULL,99,NULL,1008201,NULL,NULL,NULL,1,NULL,21:43.5,NULL,NULL,NULL,NULL,99
4134,5307,C17072570078,NULL,99,NULL,1012115,NULL,NULL,NULL,1,NULL,21:43.5,NULL,NULL,NULL,NULL,99
4135,5316,C17072545244,NULL,99,NULL,1013927,NULL,NULL,NULL,1,NULL,21:43.5,NULL,NULL,NULL,NULL,99
4136,5402,C17072592375,NULL,99,NULL,1000200,NULL,NULL,NULL,1,NULL,21:43.5,NULL,NULL,NULL,NULL,99
4137,5403,C17072574332,NULL,99,NULL,1006735,NULL,NULL,NULL,1,NULL,21:43.5,NULL,NULL,NULL,NULL,99
4138,5411,C17072596569,NULL,99,NULL,1015188,NULL,NULL,NULL,1,NULL,21:43.5,NULL,NULL,NULL,NULL,99
4139,5438,C17072588671,NULL,99,NULL,1008239,NULL,NULL,NULL,1,NULL,21:43.5,NULL,NULL,NULL,NULL,99
4140,5462,C17072586583,NULL,99,NULL,1012663,NULL,NULL,NULL,1,NULL,21:43.5,NULL,NULL,NULL,NULL,99
4141,5481,C17072596873,NULL,99,NULL,1007134,NULL,NULL,NULL,1,NULL,21:43.5,NULL,NULL,NULL,NULL,99
4142,5714,C17072543884,NULL,99,NULL,1003584,NULL,NULL,NULL,1,NULL,21:43.5,NULL,NULL,NULL,NULL,99
4143,5730,C17072511466,NULL,99,NULL,1014488,NULL,NULL,NULL,1,NULL,21:43.5,NULL,NULL,NULL,NULL,99
4144,5818,C17072567175,NULL,99,NULL,1000160,NULL,NULL,NULL,1,NULL,21:43.5,NULL,NULL,NULL,NULL,99
4145,5867,C17072544708,NULL,99,NULL,1014415,NULL,NULL,NULL,1,NULL,21:43.5,NULL,NULL,NULL,NULL,99
4146,5885,C17072546524,NULL,99,NULL,1014127,NULL,NULL,NULL,1,NULL,21:43.5,NULL,NULL,NULL,NULL,99
4147,5903,C17072563311,NULL,99,NULL,1014958,NULL,NULL,NULL,1,NULL,21:43.5,NULL,NULL,NULL,NULL,99
4148,5926,C17072598981,NULL,99,NULL,1015144,NULL,NULL,NULL,1,NULL,21:43.5,NULL,NULL,NULL,NULL,99
4149,5935,C17072526011,NULL,99,NULL,1015967,NULL,NULL,NULL,1,NULL,21:43.5,NULL,NULL,NULL,NULL,99
4150,5951,C17072532429,NULL,99,NULL,1011293,NULL,NULL,NULL,1,NULL,21:43.5,NULL,NULL,NULL,NULL,99
4151,6033,C17072597269,NULL,99,NULL,1015453,NULL,NULL,NULL,1,NULL,21:43.5,NULL,NULL,NULL,NULL,99
4152,6063,C17072574614,NULL,99,NULL,1007436,NULL,NULL,NULL,1,NULL,21:43.5,NULL,NULL,NULL,NULL,99
4153,6065,C17072517966,NULL,99,NULL,1016976,NULL,NULL,NULL,1,NULL,21:43.5,NULL,NULL,NULL,NULL,99
4154,6077,C17072591114,NULL,99,NULL,1012003,NULL,NULL,NULL,1,NULL,21:43.5,NULL,NULL,NULL,NULL,99
4155,6092,C17072513540,NULL,99,NULL,1009143,NULL,NULL,NULL,1,NULL,21:43.5,NULL,NULL,NULL,NULL,99
4156,6129,C17072518495,NULL,99,NULL,1004519,NULL,NULL,NULL,1,NULL,21:43.5,NULL,NULL,NULL,NULL,99
4157,6144,C17072551054,NULL,99,NULL,1015751,NULL,NULL,NULL,1,NULL,21:43.5,NULL,NULL,NULL,NULL,99
4158,6173,C17072549546,NULL,99,NULL,1012741,NULL,NULL,NULL,1,NULL,21:43.5,NULL,NULL,NULL,NULL,99
4159,6174,C17072548048,NULL,99,NULL,1015316,NULL,NULL,NULL,1,NULL,21:43.5,NULL,NULL,NULL,NULL,99
4160,6184,C17072544101,NULL,99,NULL,1011949,NULL,NULL,NULL,1,NULL,21:43.5,NULL,NULL,NULL,NULL,99
4161,6294,C17072584392,NULL,99,NULL,1005413,NULL,NULL,NULL,1,NULL,21:43.5,NULL,NULL,NULL,NULL,99
4162,6309,C17072550871,NULL,99,NULL,1016303,NULL,NULL,NULL,1,NULL,21:43.5,NULL,NULL,NULL,NULL,99
4163,6312,C17072557887,NULL,99,NULL,1011540,NULL,NULL,NULL,1,NULL,21:43.5,NULL,NULL,NULL,NULL,99
4164,6367,C17072595899,NULL,99,NULL,1003204,NULL,NULL,NULL,1,NULL,21:43.5,NULL,NULL,NULL,NULL,99
4165,6379,C17072581201,NULL,99,NULL,1001915,NULL,NULL,NULL,1,NULL,21:43.5,NULL,NULL,NULL,NULL,99
4166,6444,C17072564421,NULL,99,NULL,1011304,NULL,NULL,NULL,1,NULL,21:43.5,NULL,NULL,NULL,NULL,99
4167,6499,C17072562369,NULL,99,NULL,1015991,NULL,NULL,NULL,1,NULL,21:43.5,NULL,NULL,NULL,NULL,99
4168,6518,C17072532031,NULL,99,NULL,1000207,NULL,NULL,NULL,1,NULL,21:43.6,NULL,NULL,NULL,NULL,99
4169,6520,C17072562987,NULL,99,NULL,1012298,NULL,NULL,NULL,1,NULL,21:43.6,NULL,NULL,NULL,NULL,99
4170,6526,C17072570246,NULL,99,NULL,1004577,NULL,NULL,NULL,1,NULL,21:43.6,NULL,NULL,NULL,NULL,99
4171,6547,C17072558399,NULL,99,NULL,1008867,NULL,NULL,NULL,1,NULL,21:43.6,NULL,NULL,NULL,NULL,99
4172,6548,C17072587399,NULL,99,NULL,1012503,NULL,NULL,NULL,1,NULL,21:43.6,NULL,NULL,NULL,NULL,99
4173,6549,C17072571902,NULL,99,NULL,1004621,NULL,NULL,NULL,1,NULL,21:43.6,NULL,NULL,NULL,NULL,99
4174,6555,C17072586433,NULL,99,NULL,1016121,NULL,NULL,NULL,1,NULL,21:43.6,NULL,NULL,NULL,NULL,99
4175,6587,C17072551105,NULL,99,NULL,1009062,NULL,NULL,NULL,1,NULL,21:43.6,NULL,NULL,NULL,NULL,99
4176,6640,C17072588792,NULL,99,NULL,1004593,NULL,NULL,NULL,1,NULL,21:43.6,NULL,NULL,NULL,NULL,99
4177,6650,C17072524191,NULL,99,NULL,1014757,NULL,NULL,NULL,1,NULL,21:43.6,NULL,NULL,NULL,NULL,99
4178,6709,C17072512299,NULL,99,NULL,1004545,NULL,NULL,NULL,1,NULL,21:43.6,NULL,NULL,NULL,NULL,99
4179,6715,C17072543722,NULL,99,NULL,1013178,NULL,NULL,NULL,1,NULL,21:43.6,NULL,NULL,NULL,NULL,99
4180,6785,C17072574271,NULL,99,NULL,1012662,NULL,NULL,NULL,1,NULL,21:43.6,NULL,NULL,NULL,NULL,99
4181,6840,C17072538315,NULL,99,NULL,1010151,NULL,NULL,NULL,1,NULL,21:43.6,NULL,NULL,NULL,NULL,99
4182,6853,C17072581990,NULL,99,NULL,1009188,NULL,NULL,NULL,1,NULL,21:43.6,NULL,NULL,NULL,NULL,99
4183,6881,C17072595615,NULL,99,NULL,1000111,NULL,NULL,NULL,1,NULL,21:43.6,NULL,NULL,NULL,NULL,99
4184,6966,C17072590640,NULL,99,NULL,1002886,NULL,NULL,NULL,1,NULL,21:43.6,NULL,NULL,NULL,NULL,99
4185,6989,C17072566396,NULL,99,NULL,1007963,NULL,NULL,NULL,1,NULL,21:43.6,NULL,NULL,NULL,NULL,99
4186,6991,C17072549960,NULL,99,NULL,1012485,NULL,NULL,NULL,1,NULL,21:43.6,NULL,NULL,NULL,NULL,99
4187,7016,C17072562435,NULL,99,NULL,1005893,NULL,NULL,NULL,1,NULL,21:43.6,NULL,NULL,NULL,NULL,99
4188,7046,C17072566698,NULL,99,NULL,1012067,NULL,NULL,NULL,1,NULL,21:43.6,NULL,NULL,NULL,NULL,99
4189,7082,C17072581828,NULL,99,NULL,1011569,NULL,NULL,NULL,1,NULL,21:43.6,NULL,NULL,NULL,NULL,99
4190,7088,C17072580077,NULL,99,NULL,1000117,NULL,NULL,NULL,1,NULL,21:43.6,NULL,NULL,NULL,NULL,99
4191,7093,C17072599304,NULL,99,NULL,1008090,NULL,NULL,NULL,1,NULL,21:43.6,NULL,NULL,NULL,NULL,99
4192,7094,C17072516977,NULL,99,NULL,1000229,NULL,NULL,NULL,1,NULL,21:43.6,NULL,NULL,NULL,NULL,99
4193,7096,C17072574208,NULL,99,NULL,1012511,NULL,NULL,NULL,1,NULL,21:43.6,NULL,NULL,NULL,NULL,99
4194,7117,C17072564211,NULL,99,NULL,1012283,NULL,NULL,NULL,1,NULL,21:43.6,NULL,NULL,NULL,NULL,99
4195,7157,C17072531085,NULL,99,NULL,1014851,NULL,NULL,NULL,1,NULL,21:43.6,NULL,NULL,NULL,NULL,99
4196,7194,C17072519381,NULL,99,NULL,1007225,NULL,NULL,NULL,1,NULL,21:43.6,NULL,NULL,NULL,NULL,99
4197,7210,C17072579285,NULL,99,NULL,1012329,NULL,NULL,NULL,1,NULL,21:43.6,NULL,NULL,NULL,NULL,99
4198,7245,C17072512476,NULL,99,NULL,1002357,NULL,NULL,NULL,1,NULL,21:43.6,NULL,NULL,NULL,NULL,99
4199,7309,C17072543725,NULL,99,NULL,1008911,NULL,NULL,NULL,1,NULL,21:43.6,NULL,NULL,NULL,NULL,99
4200,7332,C17072542818,NULL,99,NULL,1009212,NULL,NULL,NULL,1,NULL,21:43.6,NULL,NULL,NULL,NULL,99
4201,7343,C17072584113,NULL,99,NULL,1013014,NULL,NULL,NULL,1,NULL,21:43.6,NULL,NULL,NULL,NULL,99
4202,7348,C17072538891,NULL,99,NULL,1014277,NULL,NULL,NULL,1,NULL,21:43.6,NULL,NULL,NULL,NULL,99
4203,7353,C17072589456,NULL,99,NULL,1016966,NULL,NULL,NULL,1,NULL,21:43.6,NULL,NULL,NULL,NULL,99
4204,7407,C17072543103,NULL,99,NULL,1006795,NULL,NULL,NULL,1,NULL,21:43.6,NULL,NULL,NULL,NULL,99
4205,7466,C17072520906,NULL,99,NULL,1003574,NULL,NULL,NULL,1,NULL,21:43.6,NULL,NULL,NULL,NULL,99
4206,7575,C17072573371,NULL,99,NULL,1015072,NULL,NULL,NULL,1,NULL,21:43.6,NULL,NULL,NULL,NULL,99
4207,7583,C17072543542,NULL,99,NULL,1011576,NULL,NULL,NULL,1,NULL,21:43.6,NULL,NULL,NULL,NULL,99
4208,7586,C17072586220,NULL,99,NULL,1008457,NULL,NULL,NULL,1,NULL,21:43.6,NULL,NULL,NULL,NULL,99
4209,7589,C17072517938,NULL,99,NULL,1013267,NULL,NULL,NULL,1,NULL,21:43.6,NULL,NULL,NULL,NULL,99
4210,7642,C17072561104,NULL,99,NULL,1008055,NULL,NULL,NULL,1,NULL,21:43.6,NULL,NULL,NULL,NULL,99
4211,7687,C17072582238,NULL,99,NULL,1016295,NULL,NULL,NULL,1,NULL,21:43.6,NULL,NULL,NULL,NULL,99
4212,7819,C17072552349,NULL,99,NULL,1006632,NULL,NULL,NULL,1,NULL,21:43.6,NULL,NULL,NULL,NULL,99
4213,7829,C17072577444,NULL,99,NULL,1014578,NULL,NULL,NULL,1,NULL,21:43.6,NULL,NULL,NULL,NULL,99
4214,7935,C17072512751,NULL,99,NULL,1012760,NULL,NULL,NULL,1,NULL,21:43.6,NULL,NULL,NULL,NULL,99
4215,8023,C17072586449,NULL,99,NULL,1011328,NULL,NULL,NULL,1,NULL,21:43.6,NULL,NULL,NULL,NULL,99
4216,8032,C17072542661,NULL,99,NULL,1012539,NULL,NULL,NULL,1,NULL,21:43.6,NULL,NULL,NULL,NULL,99
4217,8036,C17072520500,NULL,99,NULL,1013141,NULL,NULL,NULL,1,NULL,21:43.6,NULL,NULL,NULL,NULL,99
4218,8039,C17072580202,NULL,99,NULL,1012209,NULL,NULL,NULL,1,NULL,21:43.6,NULL,NULL,NULL,NULL,99
4219,8046,C17072589798,NULL,99,NULL,1016954,NULL,NULL,NULL,1,NULL,21:43.6,NULL,NULL,NULL,NULL,99
4220,8054,C17072527483,NULL,99,NULL,1009686,NULL,NULL,NULL,1,NULL,21:43.6,NULL,NULL,NULL,NULL,99
4221,8083,C17072564470,NULL,99,NULL,1008897,NULL,NULL,NULL,1,NULL,21:43.6,NULL,NULL,NULL,NULL,99
4222,8206,C17072527755,NULL,99,NULL,1003140,NULL,NULL,NULL,1,NULL,21:43.6,NULL,NULL,NULL,NULL,99
4223,8209,C17072576792,NULL,99,NULL,1004640,NULL,NULL,NULL,1,NULL,21:43.6,NULL,NULL,NULL,NULL,99
4224,8278,C17072533282,NULL,99,NULL,1009966,NULL,NULL,NULL,1,NULL,21:43.6,NULL,NULL,NULL,NULL,99
4225,8311,C17072548414,NULL,99,NULL,1008840,NULL,NULL,NULL,1,NULL,21:43.6,NULL,NULL,NULL,NULL,99
4226,8313,C17072522231,NULL,99,NULL,1011565,NULL,NULL,NULL,1,NULL,21:43.6,NULL,NULL,NULL,NULL,99
4227,8318,C17072527189,NULL,99,NULL,1011352,NULL,NULL,NULL,1,NULL,21:43.6,NULL,NULL,NULL,NULL,99
4228,8321,C17072585250,NULL,99,NULL,1014469,NULL,NULL,NULL,1,NULL,21:43.6,NULL,NULL,NULL,NULL,99
4229,8332,C17072577862,NULL,99,NULL,1014497,NULL,NULL,NULL,1,NULL,21:43.6,NULL,NULL,NULL,NULL,99
4230,8348,C17072572602,NULL,99,NULL,1015079,NULL,NULL,NULL,1,NULL,21:43.6,NULL,NULL,NULL,NULL,99
4231,8361,C17072581371,NULL,99,NULL,1003094,NULL,NULL,NULL,1,NULL,21:43.6,NULL,NULL,NULL,NULL,99
4232,8388,C17072555586,NULL,99,NULL,1010546,NULL,NULL,NULL,1,NULL,21:43.6,NULL,NULL,NULL,NULL,99
4233,8394,C17072579832,NULL,99,NULL,1013219,NULL,NULL,NULL,1,NULL,21:43.6,NULL,NULL,NULL,NULL,99
4234,8397,C17072558881,NULL,99,NULL,1011495,NULL,NULL,NULL,1,NULL,21:43.6,NULL,NULL,NULL,NULL,99
4235,8458,C17072516217,NULL,99,NULL,1012378,NULL,NULL,NULL,1,NULL,21:43.6,NULL,NULL,NULL,NULL,99
4236,8460,C17072521237,NULL,99,NULL,1011922,NULL,NULL,NULL,1,NULL,21:43.6,NULL,NULL,NULL,NULL,99
4237,8505,C17072569718,NULL,99,NULL,1012669,NULL,NULL,NULL,1,NULL,21:43.6,NULL,NULL,NULL,NULL,99
4238,8546,C17072531897,NULL,99,NULL,1013018,NULL,NULL,NULL,1,NULL,21:43.6,NULL,NULL,NULL,NULL,99
4239,8556,C17072526405,NULL,99,NULL,1000166,NULL,NULL,NULL,1,NULL,21:43.6,NULL,NULL,NULL,NULL,99
4240,8566,C17072598953,NULL,99,NULL,1013266,NULL,NULL,NULL,1,NULL,21:43.6,NULL,NULL,NULL,NULL,99
4241,8581,C17072582033,NULL,99,NULL,1015598,NULL,NULL,NULL,1,NULL,21:43.6,NULL,NULL,NULL,NULL,99
4242,8619,C17072548725,NULL,99,NULL,1002698,NULL,NULL,NULL,1,NULL,21:43.6,NULL,NULL,NULL,NULL,99
4243,8621,C17072575880,NULL,99,NULL,1016254,NULL,NULL,NULL,1,NULL,21:43.6,NULL,NULL,NULL,NULL,99
4244,8638,C17072593228,NULL,99,NULL,1000181,NULL,NULL,NULL,1,NULL,21:43.6,NULL,NULL,NULL,NULL,99
4245,8670,C17072582751,NULL,99,NULL,1005871,NULL,NULL,NULL,1,NULL,21:43.6,NULL,NULL,NULL,NULL,99
4246,8696,C17072558951,NULL,99,NULL,1001913,NULL,NULL,NULL,1,NULL,21:43.6,NULL,NULL,NULL,NULL,99
4247,8725,C17072538091,NULL,99,NULL,1002020,NULL,NULL,NULL,1,NULL,21:43.6,NULL,NULL,NULL,NULL,99
4248,8727,C17072550786,NULL,99,NULL,1011612,NULL,NULL,NULL,1,NULL,21:43.6,NULL,NULL,NULL,NULL,99
4249,8760,C17072584619,NULL,99,NULL,1008329,NULL,NULL,NULL,1,NULL,21:43.6,NULL,NULL,NULL,NULL,99
4250,8875,C17072528289,NULL,99,NULL,1010555,NULL,NULL,NULL,1,NULL,21:43.6,NULL,NULL,NULL,NULL,99
4251,8970,C17072562289,NULL,99,NULL,1009555,NULL,NULL,NULL,1,NULL,21:43.6,NULL,NULL,NULL,NULL,99
4252,8971,C17072510962,NULL,99,NULL,1003470,NULL,NULL,NULL,1,NULL,21:43.6,NULL,NULL,NULL,NULL,99
4253,8972,C17072519364,NULL,99,NULL,1016404,NULL,NULL,NULL,1,NULL,21:43.6,NULL,NULL,NULL,NULL,99
4254,8989,C17072599406,NULL,99,NULL,1008518,NULL,NULL,NULL,1,NULL,21:43.6,NULL,NULL,NULL,NULL,99
4255,9021,C17072536764,NULL,99,NULL,1013188,NULL,NULL,NULL,1,NULL,21:43.6,NULL,NULL,NULL,NULL,99
4256,9024,C17072533896,NULL,99,NULL,1014181,NULL,NULL,NULL,1,NULL,21:43.6,NULL,NULL,NULL,NULL,99
4257,9035,C17072588058,NULL,99,NULL,1009291,NULL,NULL,NULL,1,NULL,21:43.6,NULL,NULL,NULL,NULL,99
4258,9042,C17072510914,NULL,99,NULL,1015054,NULL,NULL,NULL,1,NULL,21:43.6,NULL,NULL,NULL,NULL,99
4259,9071,C17072587432,NULL,99,NULL,1000140,NULL,NULL,NULL,1,NULL,21:43.6,NULL,NULL,NULL,NULL,99
4260,9157,C17072575548,NULL,99,NULL,1013132,NULL,NULL,NULL,1,NULL,21:43.6,NULL,NULL,NULL,NULL,99
4261,9159,C17072565100,NULL,99,NULL,1010478,NULL,NULL,NULL,1,NULL,21:43.6,NULL,NULL,NULL,NULL,99
4262,9161,C17072532243,NULL,99,NULL,1008216,NULL,NULL,NULL,1,NULL,21:43.6,NULL,NULL,NULL,NULL,99
4263,9163,C17072553063,NULL,99,NULL,1009773,NULL,NULL,NULL,1,NULL,21:43.6,NULL,NULL,NULL,NULL,99
4264,9175,C17072549618,NULL,99,NULL,1007322,NULL,NULL,NULL,1,NULL,21:43.6,NULL,NULL,NULL,NULL,99
4265,9262,C17072542693,NULL,99,NULL,1015424,NULL,NULL,NULL,1,NULL,21:43.6,NULL,NULL,NULL,NULL,99
4266,9296,C17072580162,NULL,99,NULL,1009025,NULL,NULL,NULL,1,NULL,21:43.6,NULL,NULL,NULL,NULL,99
4267,9310,C17072566436,NULL,99,NULL,1009881,NULL,NULL,NULL,1,NULL,21:43.6,NULL,NULL,NULL,NULL,99
4268,9313,C17072537837,NULL,99,NULL,1006480,NULL,NULL,NULL,1,NULL,21:43.6,NULL,NULL,NULL,NULL,99
4269,9314,C17072569642,NULL,99,NULL,1008229,NULL,NULL,NULL,1,NULL,21:43.6,NULL,NULL,NULL,NULL,99
4270,9317,C17072528744,NULL,99,NULL,1000121,NULL,NULL,NULL,1,NULL,21:43.6,NULL,NULL,NULL,NULL,99
4271,9406,C17072585297,NULL,99,NULL,1013320,NULL,NULL,NULL,1,NULL,21:43.6,NULL,NULL,NULL,NULL,99
4272,9507,C17072588350,NULL,99,NULL,1014470,NULL,NULL,NULL,1,NULL,21:43.6,NULL,NULL,NULL,NULL,99
4273,9635,C17072583813,NULL,99,NULL,1002469,NULL,NULL,NULL,1,NULL,21:43.6,NULL,NULL,NULL,NULL,99
4274,9654,C17072567131,NULL,99,NULL,1010609,NULL,NULL,NULL,1,NULL,21:43.6,NULL,NULL,NULL,NULL,99
4275,9666,C17072549054,NULL,99,NULL,1002503,NULL,NULL,NULL,1,NULL,21:43.6,NULL,NULL,NULL,NULL,99
4276,9667,C17072518249,NULL,99,NULL,1008655,NULL,NULL,NULL,1,NULL,21:43.6,NULL,NULL,NULL,NULL,99
4277,9670,C17072586765,NULL,99,NULL,1012487,NULL,NULL,NULL,1,NULL,21:43.6,NULL,NULL,NULL,NULL,99
4278,9671,C17072573519,NULL,99,NULL,1010560,NULL,NULL,NULL,1,NULL,21:43.6,NULL,NULL,NULL,NULL,99
4279,9674,C17072587099,NULL,99,NULL,1010561,NULL,NULL,NULL,1,NULL,21:43.6,NULL,NULL,NULL,NULL,99
4280,9677,C17072565642,NULL,99,NULL,1014214,NULL,NULL,NULL,1,NULL,21:43.6,NULL,NULL,NULL,NULL,99
4281,9684,C17072533108,NULL,99,NULL,1012317,NULL,NULL,NULL,1,NULL,21:43.6,NULL,NULL,NULL,NULL,99
4282,9687,C17072565917,NULL,99,NULL,1015066,NULL,NULL,NULL,1,NULL,21:43.6,NULL,NULL,NULL,NULL,99
4283,9688,C17072596329,NULL,99,NULL,1012437,NULL,NULL,NULL,1,NULL,21:43.6,NULL,NULL,NULL,NULL,99
4284,9715,C17072519464,NULL,99,NULL,1004148,NULL,NULL,NULL,1,NULL,21:43.6,NULL,NULL,NULL,NULL,99
4285,9734,C17072560893,NULL,99,NULL,1013930,NULL,NULL,NULL,1,NULL,21:43.6,NULL,NULL,NULL,NULL,99
4286,9748,C17072576291,NULL,99,NULL,1015808,NULL,NULL,NULL,1,NULL,21:43.6,NULL,NULL,NULL,NULL,99
4287,9758,C17072566813,NULL,99,NULL,1015827,NULL,NULL,NULL,1,NULL,21:43.6,NULL,NULL,NULL,NULL,99
4288,9762,C17072584742,NULL,99,NULL,1016477,NULL,NULL,NULL,1,NULL,21:43.6,NULL,NULL,NULL,NULL,99
4289,9764,C17072578455,NULL,99,NULL,1015530,NULL,NULL,NULL,1,NULL,21:43.6,NULL,NULL,NULL,NULL,99
4290,9768,C17072569828,NULL,99,NULL,1016061,NULL,NULL,NULL,1,NULL,21:43.6,NULL,NULL,NULL,NULL,99
4291,9782,C17072597964,NULL,99,NULL,1015607,NULL,NULL,NULL,1,NULL,21:43.6,NULL,NULL,NULL,NULL,99
4292,9810,C17072529053,NULL,99,NULL,1016552,NULL,NULL,NULL,1,NULL,21:43.6,NULL,NULL,NULL,NULL,99
4293,9874,C17072539176,NULL,99,NULL,1012471,NULL,NULL,NULL,1,NULL,21:43.6,NULL,NULL,NULL,NULL,99
4294,10016,C17072578217,NULL,99,NULL,1015672,NULL,NULL,NULL,1,NULL,21:43.6,NULL,NULL,NULL,NULL,99
4295,10113,C17072576509,NULL,99,NULL,1014253,NULL,NULL,NULL,1,NULL,21:43.6,NULL,NULL,NULL,NULL,99
4296,10185,C17072598669,NULL,99,NULL,1000015,NULL,NULL,NULL,1,NULL,21:43.6,NULL,NULL,NULL,NULL,99
4297,10187,C17072588076,NULL,99,NULL,1002411,NULL,NULL,NULL,1,NULL,21:43.6,NULL,NULL,NULL,NULL,99
4298,10217,C17072596836,NULL,99,NULL,1016025,NULL,NULL,NULL,1,NULL,21:43.6,NULL,NULL,NULL,NULL,99
4299,10232,C17072540187,NULL,99,NULL,1003232,NULL,NULL,NULL,1,NULL,21:43.6,NULL,NULL,NULL,NULL,99
4300,10233,C17072564965,NULL,99,NULL,1006405,NULL,NULL,NULL,1,NULL,21:43.6,NULL,NULL,NULL,NULL,99
4301,10235,C17072566696,NULL,99,NULL,1003137,NULL,NULL,NULL,1,NULL,21:43.6,NULL,NULL,NULL,NULL,99
4302,10276,C17072569482,NULL,99,NULL,1014389,NULL,NULL,NULL,1,NULL,21:43.6,NULL,NULL,NULL,NULL,99
4303,10313,C17072596756,NULL,99,NULL,1011921,NULL,NULL,NULL,1,NULL,21:43.6,NULL,NULL,NULL,NULL,99
4304,10322,C17072537943,NULL,99,NULL,1000021,NULL,NULL,NULL,1,NULL,21:43.6,NULL,NULL,NULL,NULL,99
4305,10324,C17072510324,NULL,99,NULL,1004158,NULL,NULL,NULL,1,NULL,21:43.6,NULL,NULL,NULL,NULL,99
4306,10328,C17072516914,NULL,99,NULL,1012251,NULL,NULL,NULL,1,NULL,21:43.6,NULL,NULL,NULL,NULL,99
4307,10333,C17072528226,NULL,99,NULL,1011395,NULL,NULL,NULL,1,NULL,21:43.6,NULL,NULL,NULL,NULL,99
4308,10352,C17072591753,NULL,99,NULL,1012273,NULL,NULL,NULL,1,NULL,21:43.6,NULL,NULL,NULL,NULL,99
4309,10370,C17072571955,NULL,99,NULL,1004141,NULL,NULL,NULL,1,NULL,21:43.6,NULL,NULL,NULL,NULL,99
4310,10602,C17072544302,NULL,99,NULL,1005777,NULL,NULL,NULL,1,NULL,21:43.6,NULL,NULL,NULL,NULL,99
4311,10624,C17072544829,NULL,99,NULL,1015291,NULL,NULL,NULL,1,NULL,21:43.6,NULL,NULL,NULL,NULL,99
4312,11012,C17072576009,NULL,99,NULL,1011003,NULL,NULL,NULL,1,NULL,21:43.6,NULL,NULL,NULL,NULL,99
4313,11597,C17072545143,NULL,99,NULL,1011999,NULL,NULL,NULL,1,NULL,21:43.6,NULL,NULL,NULL,NULL,99
4314,12072,C17072595063,NULL,99,NULL,1011754,NULL,NULL,NULL,1,NULL,21:43.6,NULL,NULL,NULL,NULL,99
4315,12117,C17072510848,NULL,99,NULL,1015002,NULL,NULL,NULL,1,NULL,21:43.6,NULL,NULL,NULL,NULL,99
4316,12183,C17072544974,NULL,99,NULL,1012755,NULL,NULL,NULL,1,NULL,21:43.6,NULL,NULL,NULL,NULL,99
4317,12670,C17072580859,NULL,99,NULL,1015924,NULL,NULL,NULL,1,NULL,21:43.6,NULL,NULL,NULL,NULL,99
4318,12676,C17072558529,NULL,99,NULL,1017091,NULL,NULL,NULL,1,NULL,21:43.6,NULL,NULL,NULL,NULL,99
4319,21,C17072567871,NULL,100,NULL,M000921017,NULL,NULL,NULL,1,NULL,32:07.6,NULL,NULL,NULL,NULL,100
4320,31,C17072566024,NULL,100,NULL,J000721001,NULL,NULL,NULL,1,NULL,32:07.6,NULL,NULL,NULL,NULL,100
4321,32,C17072551946,NULL,100,NULL,S009925025,NULL,NULL,NULL,1,NULL,32:07.6,NULL,NULL,NULL,NULL,100
4322,36,C17072579553,NULL,100,NULL,R001121001,NULL,NULL,NULL,1,NULL,32:07.6,NULL,NULL,NULL,NULL,100
4323,123,C17072582693,NULL,100,NULL,B000921003,NULL,NULL,NULL,1,NULL,32:07.6,NULL,NULL,NULL,NULL,100
4324,598,C17072588958,NULL,100,NULL,S013421001,NULL,NULL,NULL,1,NULL,32:07.6,NULL,NULL,NULL,NULL,100
4325,892,C17072593130,NULL,100,NULL,E000925040,NULL,NULL,NULL,1,NULL,32:07.6,NULL,NULL,NULL,NULL,100
4326,903,C17072540139,NULL,100,NULL,V003821014,NULL,NULL,NULL,1,NULL,32:07.6,NULL,NULL,NULL,NULL,100
4327,943,C17072552674,NULL,100,NULL,T003621022,NULL,NULL,NULL,1,NULL,32:07.6,NULL,NULL,NULL,NULL,100
4328,944,C17072593078,NULL,100,NULL,V004721006,NULL,NULL,NULL,1,NULL,32:07.6,NULL,NULL,NULL,NULL,100
4329,971,C17072598909,NULL,100,NULL,H000958007,NULL,NULL,NULL,1,NULL,32:07.6,NULL,NULL,NULL,NULL,100
4330,972,C17072550474,NULL,100,NULL,O000921013,NULL,NULL,NULL,1,NULL,32:07.6,NULL,NULL,NULL,NULL,100
4331,990,C17072554204,NULL,100,NULL,U000915008,NULL,NULL,NULL,1,NULL,32:07.6,NULL,NULL,NULL,NULL,100
4332,995,C17072564741,NULL,100,NULL,M002521018,NULL,NULL,NULL,1,NULL,32:07.6,NULL,NULL,NULL,NULL,100
4333,1000,C17072533381,NULL,100,NULL,U000915030,NULL,NULL,NULL,1,NULL,32:07.6,NULL,NULL,NULL,NULL,100
4334,1063,C17072589991,NULL,100,NULL,C000720063,NULL,NULL,NULL,1,NULL,32:07.6,NULL,NULL,NULL,NULL,100
4335,1279,C17072532086,NULL,100,NULL,E000925057,NULL,NULL,NULL,1,NULL,32:07.6,NULL,NULL,NULL,NULL,100
4336,1361,C17072564408,NULL,100,NULL,P000916181,NULL,NULL,NULL,1,NULL,32:07.6,NULL,NULL,NULL,NULL,100
4337,1426,C17072554802,NULL,100,NULL,S000921234,NULL,NULL,NULL,1,NULL,32:07.6,NULL,NULL,NULL,NULL,100
4338,1433,C17072571541,NULL,100,NULL,P000916187,NULL,NULL,NULL,1,NULL,32:07.6,NULL,NULL,NULL,NULL,100
4339,1535,C17072522744,NULL,100,NULL,M000421005,NULL,NULL,NULL,1,NULL,32:07.6,NULL,NULL,NULL,NULL,100
4340,1739,C17072525696,NULL,100,NULL,Z000259011,NULL,NULL,NULL,1,NULL,32:07.6,NULL,NULL,NULL,NULL,100
4341,1797,C17072572402,NULL,100,NULL,U000925004,NULL,NULL,NULL,1,NULL,32:07.6,NULL,NULL,NULL,NULL,100
4342,1900,C17072575470,NULL,100,NULL,G000925086,NULL,NULL,NULL,1,NULL,32:07.6,NULL,NULL,NULL,NULL,100
4343,1918,C17072528549,NULL,100,NULL,A000929206,NULL,NULL,NULL,1,NULL,32:07.6,NULL,NULL,NULL,NULL,100
4344,2368,C17072570816,NULL,100,NULL,A008421074,NULL,NULL,NULL,1,NULL,32:07.6,NULL,NULL,NULL,NULL,100
4345,2420,C17072532291,NULL,100,NULL,S000525000,NULL,NULL,NULL,1,NULL,32:07.6,NULL,NULL,NULL,NULL,100
4346,4414,C17072571108,NULL,100,NULL,F000914047,NULL,NULL,NULL,1,NULL,32:07.6,NULL,NULL,NULL,NULL,100
4347,4752,C17072591694,NULL,100,NULL,U000915035,NULL,NULL,NULL,1,NULL,32:07.6,NULL,NULL,NULL,NULL,100
4348,5706,C17072561996,NULL,100,NULL,P000916154,NULL,NULL,NULL,1,NULL,32:07.6,NULL,NULL,NULL,NULL,100
4349,5847,C17072527574,NULL,100,NULL,T000914030,NULL,NULL,NULL,1,NULL,32:07.6,NULL,NULL,NULL,NULL,100
4350,5922,C17072538271,NULL,100,NULL,S000921387,NULL,NULL,NULL,1,NULL,32:07.6,NULL,NULL,NULL,NULL,100
4351,6601,C17072531615,NULL,100,NULL,F000914032,NULL,NULL,NULL,1,NULL,32:07.6,NULL,NULL,NULL,NULL,100
4352,7176,C17072583368,NULL,100,NULL,K000921157,NULL,NULL,NULL,1,NULL,32:07.6,NULL,NULL,NULL,NULL,100
4353,7501,C17072523068,NULL,100,NULL,L000925050,NULL,NULL,NULL,1,NULL,32:07.6,NULL,NULL,NULL,NULL,100
4354,8862,C17072564939,NULL,100,NULL,R000921042,NULL,NULL,NULL,1,NULL,32:07.6,NULL,NULL,NULL,NULL,100
4355,8960,C17072578793,NULL,100,NULL,P000916176,NULL,NULL,NULL,1,NULL,32:07.6,NULL,NULL,NULL,NULL,100
4356,9678,C17072573599,NULL,100,NULL,J000921068,NULL,NULL,NULL,1,NULL,32:07.6,NULL,NULL,NULL,NULL,100
4357,9920,C17072518399,NULL,100,NULL,J000921076,NULL,NULL,NULL,1,NULL,32:07.6,NULL,NULL,NULL,NULL,100
4358,10567,C17072593712,NULL,100,NULL,S009925009,NULL,NULL,NULL,1,NULL,32:07.6,NULL,NULL,NULL,NULL,100
4359,11124,C17072598969,NULL,100,NULL,D000921029,NULL,NULL,NULL,1,NULL,32:07.6,NULL,NULL,NULL,NULL,100
4360,12614,C17072557973,NULL,100,NULL,S000921418,NULL,NULL,NULL,1,NULL,32:07.6,NULL,NULL,NULL,NULL,100
4361,13574,C17072519588,NULL,100,NULL,N004821035,NULL,NULL,NULL,1,NULL,32:07.6,NULL,NULL,NULL,NULL,100
4362,14673,C17072577347,NULL,100,NULL,C000720013,NULL,NULL,NULL,1,NULL,32:07.6,NULL,NULL,NULL,NULL,100
4363,280,C17072547139,NULL,101,NULL,P40644,NULL,NULL,NULL,1,NULL,56:15.3,NULL,NULL,NULL,NULL,101
4364,1268,C17072526884,NULL,101,NULL,C3019,NULL,NULL,NULL,1,NULL,56:15.3,NULL,NULL,NULL,NULL,101
4365,1870,C17072558466,NULL,101,NULL,P13677,NULL,NULL,NULL,1,NULL,56:15.3,NULL,NULL,NULL,NULL,101
4366,2095,C17072542203,NULL,101,NULL,E13499,NULL,NULL,NULL,1,NULL,56:15.3,NULL,NULL,NULL,NULL,101
4367,2438,C17072548317,NULL,101,NULL,V13936,NULL,NULL,NULL,1,NULL,56:15.3,NULL,NULL,NULL,NULL,101
4368,2490,C17072570211,NULL,101,NULL,L13521,NULL,NULL,NULL,1,NULL,56:15.3,NULL,NULL,NULL,NULL,101
4369,2697,C17072528873,NULL,101,NULL,D13298,NULL,NULL,NULL,1,NULL,56:15.3,NULL,NULL,NULL,NULL,101
4370,3133,C17072578110,NULL,101,NULL,P40558,NULL,NULL,NULL,1,NULL,56:15.3,NULL,NULL,NULL,NULL,101
4371,3143,C17072596740,NULL,101,NULL,T13775,NULL,NULL,NULL,1,NULL,56:15.3,NULL,NULL,NULL,NULL,101
4372,3188,C17072534693,NULL,101,NULL,A13290,NULL,NULL,NULL,1,NULL,56:15.3,NULL,NULL,NULL,NULL,101
4373,3791,C17072528889,NULL,101,NULL,S13650,NULL,NULL,NULL,1,NULL,56:15.3,NULL,NULL,NULL,NULL,101
4374,3905,C17072529187,NULL,101,NULL,P13004,NULL,NULL,NULL,1,NULL,56:15.3,NULL,NULL,NULL,NULL,101
4375,4349,C17072534603,NULL,101,NULL,H13957,NULL,NULL,NULL,1,NULL,56:15.3,NULL,NULL,NULL,NULL,101
4376,4374,C17072548634,NULL,101,NULL,S13374,NULL,NULL,NULL,1,NULL,56:15.3,NULL,NULL,NULL,NULL,101
4377,4484,C17072546439,NULL,101,NULL,E22346,NULL,NULL,NULL,1,NULL,56:15.3,NULL,NULL,NULL,NULL,101
4378,4564,C17072520667,NULL,101,NULL,T60463,NULL,NULL,NULL,1,NULL,56:15.3,NULL,NULL,NULL,NULL,101
4379,5240,C17072591360,NULL,101,NULL,A22298,NULL,NULL,NULL,1,NULL,56:15.3,NULL,NULL,NULL,NULL,101
4380,5483,C17072534459,NULL,101,NULL,P13528,NULL,NULL,NULL,1,NULL,56:15.3,NULL,NULL,NULL,NULL,101
4381,5537,C17072553576,NULL,101,NULL,O50300,NULL,NULL,NULL,1,NULL,56:15.3,NULL,NULL,NULL,NULL,101
4382,6473,C17072576933,NULL,101,NULL,E13837,NULL,NULL,NULL,1,NULL,56:15.3,NULL,NULL,NULL,NULL,101
4383,6658,C17072592072,NULL,101,NULL,E13825,NULL,NULL,NULL,1,NULL,56:15.3,NULL,NULL,NULL,NULL,101
4384,6896,C17072545286,NULL,101,NULL,M50297,NULL,NULL,NULL,1,NULL,56:15.3,NULL,NULL,NULL,NULL,101
4385,7140,C17072572467,NULL,101,NULL,C13464,NULL,NULL,NULL,1,NULL,56:15.3,NULL,NULL,NULL,NULL,101
4386,7270,C17072591248,NULL,101,NULL,V13666,NULL,NULL,NULL,1,NULL,56:15.3,NULL,NULL,NULL,NULL,101
4387,8193,C17072592427,NULL,101,NULL,M12969,NULL,NULL,NULL,1,NULL,56:15.3,NULL,NULL,NULL,NULL,101
4388,8358,C17072582279,NULL,101,NULL,M13039,NULL,NULL,NULL,1,NULL,56:15.3,NULL,NULL,NULL,NULL,101
4389,8481,C17072513369,NULL,101,NULL,J13733,NULL,NULL,NULL,1,NULL,56:15.3,NULL,NULL,NULL,NULL,101
4390,9376,C17072579344,NULL,101,NULL,N11982,NULL,NULL,NULL,1,NULL,56:15.3,NULL,NULL,NULL,NULL,101
4391,9379,C17072557055,NULL,101,NULL,R13541,NULL,NULL,NULL,1,NULL,56:15.3,NULL,NULL,NULL,NULL,101
4392,10248,C17072559648,NULL,101,NULL,J22747,NULL,NULL,NULL,1,NULL,56:15.3,NULL,NULL,NULL,NULL,101
4393,10506,C17072537076,NULL,101,NULL,P1100,NULL,NULL,NULL,1,NULL,56:15.3,NULL,NULL,NULL,NULL,101
4394,11245,C17072561047,NULL,101,NULL,R11663,NULL,NULL,NULL,1,NULL,56:15.3,NULL,NULL,NULL,NULL,101
4395,11973,C17072576340,NULL,101,NULL,N2109,NULL,NULL,NULL,1,NULL,56:15.3,NULL,NULL,NULL,NULL,101
4396,12124,C17072533248,NULL,101,NULL,J2198,NULL,NULL,NULL,1,NULL,56:15.3,NULL,NULL,NULL,NULL,101
4397,13298,C17072547074,NULL,101,NULL,S13659,NULL,NULL,NULL,1,NULL,56:15.3,NULL,NULL,NULL,NULL,101
4398,13715,C17072556382,NULL,101,NULL,R13393,NULL,NULL,NULL,1,NULL,56:15.3,NULL,NULL,NULL,NULL,101
4399,13742,C17072530779,NULL,101,NULL,M22626,NULL,NULL,NULL,1,NULL,56:15.3,NULL,NULL,NULL,NULL,101
4400,13825,C17072597462,NULL,101,NULL,V12852,NULL,NULL,NULL,1,NULL,56:15.3,NULL,NULL,NULL,NULL,101
4401,13862,C17072521777,NULL,101,NULL,Y13857,NULL,NULL,NULL,1,NULL,56:15.3,NULL,NULL,NULL,NULL,101
4402,14538,C17072540656,NULL,101,NULL,S13847,NULL,NULL,NULL,1,NULL,56:15.3,NULL,NULL,NULL,NULL,101
4403,14732,C17072560637,NULL,101,NULL,A13871,NULL,NULL,NULL,1,NULL,56:15.3,NULL,NULL,NULL,NULL,101
4404,14965,C17072573496,NULL,101,NULL,K90295,NULL,NULL,NULL,1,NULL,56:15.3,NULL,NULL,NULL,NULL,101
4405,14976,C17072582454,NULL,101,NULL,P13673,NULL,NULL,NULL,1,NULL,56:15.3,NULL,NULL,NULL,NULL,101
4406,15143,C17072566513,NULL,101,NULL,D13379,NULL,NULL,NULL,1,NULL,56:15.3,NULL,NULL,NULL,NULL,101
4407,15161,C17072591471,NULL,101,NULL,V13162,NULL,NULL,NULL,1,NULL,56:15.3,NULL,NULL,NULL,NULL,101
4408,15220,C17072560161,NULL,101,NULL,V14092,NULL,NULL,NULL,1,NULL,56:15.3,NULL,NULL,NULL,NULL,101
4409,15347,C17072513780,NULL,101,NULL,122741,NULL,NULL,NULL,1,NULL,56:15.3,NULL,NULL,NULL,NULL,101
4410,15455,C17072510991,NULL,101,NULL,V13637,NULL,NULL,NULL,1,NULL,56:15.3,NULL,NULL,NULL,NULL,101
4411,15690,C17072578254,NULL,101,NULL,A13082,NULL,NULL,NULL,1,NULL,56:15.3,NULL,NULL,NULL,NULL,101
4412,11,C17072524873,NULL,102,NULL,11000003,NULL,NULL,NULL,1,NULL,13:31.3,NULL,NULL,NULL,NULL,102
4413,17,C17072527635,NULL,102,NULL,IT0560,NULL,NULL,NULL,1,NULL,13:31.3,NULL,NULL,NULL,NULL,102
4414,19,C17072558804,NULL,102,NULL,193386,NULL,NULL,NULL,1,NULL,13:31.3,NULL,NULL,NULL,NULL,102
4415,22,C17072581893,NULL,102,NULL,IN00804131,NULL,NULL,NULL,1,NULL,13:31.4,NULL,NULL,NULL,NULL,102
4416,32,C17072551946,NULL,102,NULL,INA1700023,NULL,NULL,NULL,1,NULL,13:31.4,NULL,NULL,NULL,NULL,102
4417,49,C17072527459,NULL,102,NULL,15001081,NULL,NULL,NULL,1,NULL,13:31.4,NULL,NULL,NULL,NULL,102
4418,61,C17072569526,NULL,102,NULL,IN00800374,NULL,NULL,NULL,1,NULL,13:31.4,NULL,NULL,NULL,NULL,102
4419,62,C17072515833,NULL,102,NULL,IN12I00061,NULL,NULL,NULL,1,NULL,13:31.4,NULL,NULL,NULL,NULL,102
4420,68,C17072594986,NULL,102,NULL,IN00800135,NULL,NULL,NULL,1,NULL,13:31.4,NULL,NULL,NULL,NULL,102
4421,74,C17072542146,NULL,102,NULL,IN00221601,NULL,NULL,NULL,1,NULL,13:31.4,NULL,NULL,NULL,NULL,102
4422,103,C17072599524,NULL,102,NULL,IN80000966,NULL,NULL,NULL,1,NULL,13:31.4,NULL,NULL,NULL,NULL,102
4423,113,C17072595560,NULL,102,NULL,IN80000977,NULL,NULL,NULL,1,NULL,13:31.4,NULL,NULL,NULL,NULL,102
4424,120,C17072520951,NULL,102,NULL,1600989,NULL,NULL,NULL,1,NULL,13:31.4,NULL,NULL,NULL,NULL,102
4425,132,C17072569756,NULL,102,NULL,IN08003873,NULL,NULL,NULL,1,NULL,13:31.4,NULL,NULL,NULL,NULL,102
4426,145,C17072524595,NULL,102,NULL,IN15N00115,NULL,NULL,NULL,1,NULL,13:31.4,NULL,NULL,NULL,NULL,102
4427,147,C17072583278,NULL,102,NULL,IN00220296,NULL,NULL,NULL,1,NULL,13:31.4,NULL,NULL,NULL,NULL,102
4428,151,C17072546622,NULL,102,NULL,OSE00081,NULL,NULL,NULL,1,NULL,13:31.4,NULL,NULL,NULL,NULL,102
4429,168,C17072529443,NULL,102,NULL,IN02200149,NULL,NULL,NULL,1,NULL,13:31.4,NULL,NULL,NULL,NULL,102
4430,186,C17072528349,NULL,102,NULL,15001135,NULL,NULL,NULL,1,NULL,13:31.4,NULL,NULL,NULL,NULL,102
4431,188,C17072554207,NULL,102,NULL,ES00000122,NULL,NULL,NULL,1,NULL,13:31.4,NULL,NULL,NULL,NULL,102
4432,191,C17072594270,NULL,102,NULL,IN00522002,NULL,NULL,NULL,1,NULL,13:31.4,NULL,NULL,NULL,NULL,102
4433,194,C17072519541,NULL,102,NULL,IB1103,NULL,NULL,NULL,1,NULL,13:31.4,NULL,NULL,NULL,NULL,102
4434,202,C17072564787,NULL,102,NULL,IN00382033,NULL,NULL,NULL,1,NULL,13:31.4,NULL,NULL,NULL,NULL,102
4435,208,C17072512321,NULL,102,NULL,IN00800873,NULL,NULL,NULL,1,NULL,13:31.4,NULL,NULL,NULL,NULL,102
4436,223,C17072514853,NULL,102,NULL,IN17S00766,NULL,NULL,NULL,1,NULL,13:31.4,NULL,NULL,NULL,NULL,102
4437,229,C17072525920,NULL,102,NULL,IN00800439,NULL,NULL,NULL,1,NULL,13:31.4,NULL,NULL,NULL,NULL,102
4438,230,C17072523917,NULL,102,NULL,146222,NULL,NULL,NULL,1,NULL,13:31.4,NULL,NULL,NULL,NULL,102
4439,234,C17072544591,NULL,102,NULL,ST00001741,NULL,NULL,NULL,1,NULL,13:31.4,NULL,NULL,NULL,NULL,102
4440,251,C17072596309,NULL,102,NULL,20000687,NULL,NULL,NULL,1,NULL,13:31.4,NULL,NULL,NULL,NULL,102
4441,252,C17072513034,NULL,102,NULL,ETB0000117,NULL,NULL,NULL,1,NULL,13:31.4,NULL,NULL,NULL,NULL,102
4442,259,C17072592391,NULL,102,NULL,IN00811507,NULL,NULL,NULL,1,NULL,13:31.4,NULL,NULL,NULL,NULL,102
4443,263,C17072539488,NULL,102,NULL,IN42200030,NULL,NULL,NULL,1,NULL,13:31.4,NULL,NULL,NULL,NULL,102
4444,264,C17072570001,NULL,102,NULL,IN08002432,NULL,NULL,NULL,1,NULL,13:31.4,NULL,NULL,NULL,NULL,102
4445,266,C17072526032,NULL,102,NULL,IN00801274,NULL,NULL,NULL,1,NULL,13:31.4,NULL,NULL,NULL,NULL,102
4446,272,C17072575136,NULL,102,NULL,IN00801433,NULL,NULL,NULL,1,NULL,13:31.4,NULL,NULL,NULL,NULL,102
4447,276,C17072579816,NULL,102,NULL,IN04710007,NULL,NULL,NULL,1,NULL,13:31.4,NULL,NULL,NULL,NULL,102
4448,280,C17072547139,NULL,102,NULL,INM030018,NULL,NULL,NULL,1,NULL,13:31.4,NULL,NULL,NULL,NULL,102
4449,284,C17072534896,NULL,102,NULL,IN18L00001,NULL,NULL,NULL,1,NULL,13:31.4,NULL,NULL,NULL,NULL,102
4450,299,C17072542617,NULL,102,NULL,TEMP000485,NULL,NULL,NULL,1,NULL,13:31.4,NULL,NULL,NULL,NULL,102
4451,313,C17072564057,NULL,102,NULL,ETB0000443,NULL,NULL,NULL,1,NULL,13:31.4,NULL,NULL,NULL,NULL,102
4452,348,C17072569557,NULL,102,NULL,INA1550029,NULL,NULL,NULL,1,NULL,13:31.4,NULL,NULL,NULL,NULL,102
4453,354,C17072540843,NULL,102,NULL,COMM130248,NULL,NULL,NULL,1,NULL,13:31.4,NULL,NULL,NULL,NULL,102
4454,359,C17072531613,NULL,102,NULL,IN00803958,NULL,NULL,NULL,1,NULL,13:31.4,NULL,NULL,NULL,NULL,102
4455,699,C17072596947,NULL,102,,10253584,02-03-2020,09-03-2023,NULL,1,NULL,13:31.4,NULL,sbsutar@mazdock.com,46:32.4,122.252.239.98,1
4456,377,C17072578213,NULL,102,NULL,IN00811444,NULL,NULL,NULL,1,NULL,13:31.4,NULL,NULL,NULL,NULL,102
4457,393,C17072577979,NULL,102,NULL,18000719,NULL,NULL,NULL,1,NULL,13:31.4,NULL,NULL,NULL,NULL,102
4458,397,C17072551076,NULL,102,NULL,IN17T00294,NULL,NULL,NULL,1,NULL,13:31.4,NULL,NULL,NULL,NULL,102
4459,401,C17072552030,NULL,102,NULL,ETB1055,NULL,NULL,NULL,1,NULL,13:31.4,NULL,NULL,NULL,NULL,102
4460,414,C17072528829,NULL,102,NULL,INAP010026,NULL,NULL,NULL,1,NULL,13:31.4,NULL,NULL,NULL,NULL,102
4461,437,C17072525378,NULL,102,NULL,IN00800055,NULL,NULL,NULL,1,NULL,13:31.4,NULL,NULL,NULL,NULL,102
4462,447,C17072521674,NULL,102,NULL,IN00261002,NULL,NULL,NULL,1,NULL,13:31.4,NULL,NULL,NULL,NULL,102
4463,455,C17072550565,NULL,102,NULL,IN43430001,NULL,NULL,NULL,1,NULL,13:31.4,NULL,NULL,NULL,NULL,102
4464,499,C17072577616,NULL,102,NULL,ETB0000248,NULL,NULL,NULL,1,NULL,13:31.4,NULL,NULL,NULL,NULL,102
4465,500,C17072517997,NULL,102,NULL,IN00440141,NULL,NULL,NULL,1,NULL,13:31.4,NULL,NULL,NULL,NULL,102
4466,508,C17072510318,NULL,102,NULL,IN08094457,NULL,NULL,NULL,1,NULL,13:31.4,NULL,NULL,NULL,NULL,102
4467,518,C17072519665,NULL,102,NULL,IN0048010,NULL,NULL,NULL,1,NULL,13:31.4,NULL,NULL,NULL,NULL,102
4468,537,C17072571229,NULL,102,NULL,IN00806725,NULL,NULL,NULL,1,NULL,13:31.4,NULL,NULL,NULL,NULL,102
4469,557,C17072522843,NULL,102,NULL,IN00220040,NULL,NULL,NULL,1,NULL,13:31.4,NULL,NULL,NULL,NULL,102
4470,564,C17072548446,NULL,102,NULL,17012504,NULL,NULL,NULL,1,NULL,13:31.4,NULL,NULL,NULL,NULL,102
4471,565,C17072543685,NULL,102,NULL,IN03300090,NULL,NULL,NULL,1,NULL,13:31.4,NULL,NULL,NULL,NULL,102
4472,567,C17072573208,NULL,102,NULL,IFMDCCS40,NULL,NULL,NULL,1,NULL,13:31.4,NULL,NULL,NULL,NULL,102
4473,574,C17072519593,NULL,102,NULL,IN00804675,NULL,NULL,NULL,1,NULL,13:31.4,NULL,NULL,NULL,NULL,102
4474,579,C17072582646,NULL,102,NULL,AERDC00882,NULL,NULL,NULL,1,NULL,13:31.4,NULL,NULL,NULL,NULL,102
4475,592,C17072552121,NULL,102,NULL,17100657,NULL,NULL,NULL,1,NULL,13:31.4,NULL,NULL,NULL,NULL,102
4476,596,C17072565934,NULL,102,NULL,ETB0000025,NULL,NULL,NULL,1,NULL,13:31.4,NULL,NULL,NULL,NULL,102
4477,603,C17072528351,NULL,102,NULL,IN00220056,NULL,NULL,NULL,1,NULL,13:31.4,NULL,NULL,NULL,NULL,102
4478,679,C17072510363,NULL,102,NULL,INWB010815,NULL,NULL,NULL,1,NULL,13:31.4,NULL,NULL,NULL,NULL,102
4479,681,C17072566206,NULL,102,NULL,IP0268,NULL,NULL,NULL,1,NULL,13:31.4,NULL,NULL,NULL,NULL,102
4480,688,C17072559474,NULL,102,NULL,17001494,NULL,NULL,NULL,1,NULL,13:31.4,NULL,NULL,NULL,NULL,102
4481,689,C17072528656,NULL,102,NULL,IN12S00604,NULL,NULL,NULL,1,NULL,13:31.4,NULL,NULL,NULL,NULL,102
4482,710,C17072581612,NULL,102,NULL,IN18K00051,NULL,NULL,NULL,1,NULL,13:31.4,NULL,NULL,NULL,NULL,102
4483,719,C17072586624,NULL,102,NULL,ETB0000923,NULL,NULL,NULL,1,NULL,13:31.4,NULL,NULL,NULL,NULL,102
4484,720,C17072543341,NULL,102,NULL,ETB0001310,NULL,NULL,NULL,1,NULL,13:31.4,NULL,NULL,NULL,NULL,102
4485,726,C17072541952,NULL,102,NULL,IN00800440,NULL,NULL,NULL,1,NULL,13:31.4,NULL,NULL,NULL,NULL,102
4486,728,C17072551951,NULL,102,NULL,IU0473,NULL,NULL,NULL,1,NULL,13:31.4,NULL,NULL,NULL,NULL,102
4487,765,C17072535654,NULL,102,NULL,IN08005567,NULL,NULL,NULL,1,NULL,13:31.4,NULL,NULL,NULL,NULL,102
4488,831,C17072568069,NULL,102,NULL,OSE302,NULL,NULL,NULL,1,NULL,13:31.4,NULL,NULL,NULL,NULL,102
4489,917,C17072532884,NULL,102,NULL,INGEM00542,NULL,NULL,NULL,1,NULL,13:31.4,NULL,NULL,NULL,NULL,102
4490,955,C17072546245,NULL,102,NULL,INA1700200,NULL,NULL,NULL,1,NULL,13:31.4,NULL,NULL,NULL,NULL,102
4491,959,C17072558721,NULL,102,NULL,IN07900018,NULL,NULL,NULL,1,NULL,13:31.4,NULL,NULL,NULL,NULL,102
4492,1135,C17072582630,NULL,102,NULL,IN00400093,NULL,NULL,NULL,1,NULL,13:31.4,NULL,NULL,NULL,NULL,102
4493,1221,C17072538409,NULL,102,NULL,IN00294010,NULL,NULL,NULL,1,NULL,13:31.4,NULL,NULL,NULL,NULL,102
4494,1222,C17072567402,NULL,102,NULL,IN15A00605,NULL,NULL,NULL,1,NULL,13:31.4,NULL,NULL,NULL,NULL,102
4495,1236,C17072596274,NULL,102,NULL,MFPI410961,NULL,NULL,NULL,1,NULL,13:31.4,NULL,NULL,NULL,NULL,102
4496,1244,C17072541385,NULL,102,NULL,300201,NULL,NULL,NULL,1,NULL,13:31.4,NULL,NULL,NULL,NULL,102
4497,1268,C17072526884,NULL,102,NULL,IN12C00002,NULL,NULL,NULL,1,NULL,13:31.4,NULL,NULL,NULL,NULL,102
4498,1281,C17072523238,NULL,102,NULL,IN00223973,NULL,NULL,NULL,1,NULL,13:31.4,NULL,NULL,NULL,NULL,102
4499,1282,C17072554289,NULL,102,NULL,IN00220183,NULL,NULL,NULL,1,NULL,13:31.4,NULL,NULL,NULL,NULL,102
4500,1370,C17072511888,NULL,102,NULL,INWB011316,NULL,NULL,NULL,1,NULL,13:31.4,NULL,NULL,NULL,NULL,102
4501,1379,C17072523170,NULL,102,NULL,ID0816,NULL,NULL,NULL,1,NULL,13:31.4,NULL,NULL,NULL,NULL,102
4502,1395,C17072586248,NULL,102,NULL,IN17S00084,NULL,NULL,NULL,1,NULL,13:31.4,NULL,NULL,NULL,NULL,102
4503,1409,C17072516739,NULL,102,NULL,INWB091478,NULL,NULL,NULL,1,NULL,13:31.4,NULL,NULL,NULL,NULL,102
4504,1425,C17072517216,NULL,102,NULL,IN04400470,NULL,NULL,NULL,1,NULL,13:31.4,NULL,NULL,NULL,NULL,102
4505,1430,C17072582481,NULL,102,NULL,IN03300113,NULL,NULL,NULL,1,NULL,13:31.4,NULL,NULL,NULL,NULL,102
4506,1463,C17072538283,NULL,102,NULL,IN12S00371,NULL,NULL,NULL,1,NULL,13:31.4,NULL,NULL,NULL,NULL,102
4507,1464,C17072594339,NULL,102,NULL,12000342,NULL,NULL,NULL,1,NULL,13:31.4,NULL,NULL,NULL,NULL,102
4508,1469,C17072559701,NULL,102,NULL,146962,NULL,NULL,NULL,1,NULL,13:31.4,NULL,NULL,NULL,NULL,102
4509,1516,C17072525936,NULL,102,NULL,IK0183,NULL,NULL,NULL,1,NULL,13:31.4,NULL,NULL,NULL,NULL,102
4510,1522,C17072551017,NULL,102,NULL,IC0224,NULL,NULL,NULL,1,NULL,13:31.5,NULL,NULL,NULL,NULL,102
4511,1538,C17072558887,NULL,102,NULL,IO0168,NULL,NULL,NULL,1,NULL,13:31.5,NULL,NULL,NULL,NULL,102
4512,1599,C17072580633,NULL,102,NULL,INAP031675,NULL,NULL,NULL,1,NULL,13:31.5,NULL,NULL,NULL,NULL,102
4513,1641,C17072564760,NULL,102,NULL,AERDC00442,NULL,NULL,NULL,1,NULL,13:31.5,NULL,NULL,NULL,NULL,102
4514,1655,C17072564803,NULL,102,NULL,IN00440083,NULL,NULL,NULL,1,NULL,13:31.5,NULL,NULL,NULL,NULL,102
4515,1684,C17072555756,NULL,102,NULL,IN02204566,NULL,NULL,NULL,1,NULL,13:31.5,NULL,NULL,NULL,NULL,102
4516,1696,C17072597815,NULL,102,NULL,ETB0001747,NULL,NULL,NULL,1,NULL,13:31.5,NULL,NULL,NULL,NULL,102
4517,1697,C17072585956,NULL,102,NULL,ETB0000151,NULL,NULL,NULL,1,NULL,13:31.5,NULL,NULL,NULL,NULL,102
4518,1709,C17072573879,NULL,102,NULL,IS3790,NULL,NULL,NULL,1,NULL,13:31.5,NULL,NULL,NULL,NULL,102
4519,1743,C17072580344,NULL,102,NULL,IN00220295,NULL,NULL,NULL,1,NULL,13:31.5,NULL,NULL,NULL,NULL,102
4520,1791,C17072535076,NULL,102,NULL,120737,NULL,NULL,NULL,1,NULL,13:31.5,NULL,NULL,NULL,NULL,102
4521,1802,C17072531067,NULL,102,NULL,INAP031488,NULL,NULL,NULL,1,NULL,13:31.5,NULL,NULL,NULL,NULL,102
4522,1807,C17072524430,NULL,102,NULL,IU0002,NULL,NULL,NULL,1,NULL,13:31.5,NULL,NULL,NULL,NULL,102
4523,1832,C17072526300,NULL,102,NULL,TEMP000654,NULL,NULL,NULL,1,NULL,13:31.5,NULL,NULL,NULL,NULL,102
4524,1878,C17072560230,NULL,102,NULL,ST00001517,NULL,NULL,NULL,1,NULL,13:31.5,NULL,NULL,NULL,NULL,102
4525,1924,C17072550891,NULL,102,NULL,IN00440194,NULL,NULL,NULL,1,NULL,13:31.5,NULL,NULL,NULL,NULL,102
4526,1936,C17072572681,NULL,102,NULL,IN00801268,NULL,NULL,NULL,1,NULL,13:31.5,NULL,NULL,NULL,NULL,102
4527,1953,C17072572563,NULL,102,NULL,ES00000101,NULL,NULL,NULL,1,NULL,13:31.5,NULL,NULL,NULL,NULL,102
4528,1976,C17072538326,NULL,102,NULL,IN17H00015,NULL,NULL,NULL,1,NULL,13:31.5,NULL,NULL,NULL,NULL,102
4529,2092,C17072542370,NULL,102,NULL,IN02825001,NULL,NULL,NULL,1,NULL,13:31.5,NULL,NULL,NULL,NULL,102
4530,2187,C17072521688,NULL,102,NULL,IN02000033,NULL,NULL,NULL,1,NULL,13:31.5,NULL,NULL,NULL,NULL,102
4531,2216,C17072562126,NULL,102,NULL,ST00002062,NULL,NULL,NULL,1,NULL,13:31.5,NULL,NULL,NULL,NULL,102
4532,2221,C17072568294,NULL,102,NULL,ETB 1026,NULL,NULL,NULL,1,NULL,13:31.5,NULL,NULL,NULL,NULL,102
4533,2292,C17072589093,NULL,102,NULL,IN00110112,NULL,NULL,NULL,1,NULL,13:31.5,NULL,NULL,NULL,NULL,102
4534,2293,C17072536657,NULL,102,NULL,C433023,NULL,NULL,NULL,1,NULL,13:31.5,NULL,NULL,NULL,NULL,102
4535,2312,C17072513240,NULL,102,NULL,ETB0000001,NULL,NULL,NULL,1,NULL,13:31.5,NULL,NULL,NULL,NULL,102
4536,2318,C17072551506,NULL,102,NULL,IMMD110049,NULL,NULL,NULL,1,NULL,13:31.5,NULL,NULL,NULL,NULL,102
4537,2328,C17072525975,NULL,102,NULL,SSPI410233,NULL,NULL,NULL,1,NULL,13:31.5,NULL,NULL,NULL,NULL,102
4538,2359,C17072546038,NULL,102,NULL,IN00033101,NULL,NULL,NULL,1,NULL,13:31.5,NULL,NULL,NULL,NULL,102
4539,2407,C17072554945,NULL,102,NULL,IN12H00007,NULL,NULL,NULL,1,NULL,13:31.5,NULL,NULL,NULL,NULL,102
4540,2408,C17072565328,NULL,102,NULL,IN00803890,NULL,NULL,NULL,1,NULL,13:31.5,NULL,NULL,NULL,NULL,102
4541,2430,C17072595320,NULL,102,NULL,IN00022357,NULL,NULL,NULL,1,NULL,13:31.5,NULL,NULL,NULL,NULL,102
4542,2458,C17072549887,NULL,102,NULL,IN00806031,NULL,NULL,NULL,1,NULL,13:31.5,NULL,NULL,NULL,NULL,102
4543,2469,C17072526706,NULL,102,NULL,AERDC00530,NULL,NULL,NULL,1,NULL,13:31.5,NULL,NULL,NULL,NULL,102
4544,2476,C17072524269,NULL,102,NULL,IN13420031,NULL,NULL,NULL,1,NULL,13:31.5,NULL,NULL,NULL,NULL,102
4545,2491,C17072562729,NULL,102,NULL,IN00220270,NULL,NULL,NULL,1,NULL,13:31.5,NULL,NULL,NULL,NULL,102
4546,2572,C17072519377,NULL,102,NULL,IN01290036,NULL,NULL,NULL,1,NULL,13:31.5,NULL,NULL,NULL,NULL,102
4547,2592,C17072557795,NULL,102,NULL,IN00403966,NULL,NULL,NULL,1,NULL,13:31.5,NULL,NULL,NULL,NULL,102
4548,2614,C17072515854,NULL,102,NULL,IN18C00003,NULL,NULL,NULL,1,NULL,13:31.5,NULL,NULL,NULL,NULL,102
4549,2630,C17072558536,NULL,102,NULL,IN00808943,NULL,NULL,NULL,1,NULL,13:31.5,NULL,NULL,NULL,NULL,102
4550,2634,C17072546404,NULL,102,NULL,INA1700660,NULL,NULL,NULL,1,NULL,13:31.5,NULL,NULL,NULL,NULL,102
4551,2690,C17072542436,NULL,102,NULL,IN00805325,NULL,NULL,NULL,1,NULL,13:31.5,NULL,NULL,NULL,NULL,102
4552,2691,C17072532532,NULL,102,NULL,IN01200007,NULL,NULL,NULL,1,NULL,13:31.5,NULL,NULL,NULL,NULL,102
4553,2723,C17072552430,NULL,102,NULL,119706,NULL,NULL,NULL,1,NULL,13:31.5,NULL,NULL,NULL,NULL,102
4554,2733,C17072591301,NULL,102,NULL,IN00221606,NULL,NULL,NULL,1,NULL,13:31.5,NULL,NULL,NULL,NULL,102
4555,2747,C17072589789,NULL,102,NULL,ETB 1037,NULL,NULL,NULL,1,NULL,13:31.5,NULL,NULL,NULL,NULL,102
4556,2758,C17072580318,NULL,102,NULL,IN00803690,NULL,NULL,NULL,1,NULL,13:31.5,NULL,NULL,NULL,NULL,102
4557,2761,C17072588150,NULL,102,NULL,147002,NULL,NULL,NULL,1,NULL,13:31.5,NULL,NULL,NULL,NULL,102
4558,2783,C17072523364,NULL,102,NULL,IN01262001,NULL,NULL,NULL,1,NULL,13:31.5,NULL,NULL,NULL,NULL,102
4559,2828,C17072565894,NULL,102,NULL,IN02200738,NULL,NULL,NULL,1,NULL,13:31.5,NULL,NULL,NULL,NULL,102
4560,2856,C17072527846,NULL,102,NULL,IN02204563,NULL,NULL,NULL,1,NULL,13:31.5,NULL,NULL,NULL,NULL,102
4561,2859,C17072576309,NULL,102,NULL,IN00804077,NULL,NULL,NULL,1,NULL,13:31.5,NULL,NULL,NULL,NULL,102
4562,2864,C17072546045,NULL,102,NULL,INA1420002,NULL,NULL,NULL,1,NULL,13:31.5,NULL,NULL,NULL,NULL,102
4563,2872,C17072513374,NULL,102,NULL,IS1356,NULL,NULL,NULL,1,NULL,13:31.5,NULL,NULL,NULL,NULL,102
4564,2878,C17072560891,NULL,102,NULL,IN0044041,NULL,NULL,NULL,1,NULL,13:31.5,NULL,NULL,NULL,NULL,102
4565,2934,C17072529698,NULL,102,NULL,IN04400438,NULL,NULL,NULL,1,NULL,13:31.5,NULL,NULL,NULL,NULL,102
4566,2951,C17072513729,NULL,102,NULL,IA1909,NULL,NULL,NULL,1,NULL,13:31.5,NULL,NULL,NULL,NULL,102
4567,2953,C17072525468,NULL,102,NULL,COMM130527,NULL,NULL,NULL,1,NULL,13:31.5,NULL,NULL,NULL,NULL,102
4568,2955,C17072571985,NULL,102,NULL,IN00400067,NULL,NULL,NULL,1,NULL,13:31.5,NULL,NULL,NULL,NULL,102
4569,2964,C17072511955,NULL,102,NULL,SSPI411688,NULL,NULL,NULL,1,NULL,13:31.5,NULL,NULL,NULL,NULL,102
4570,2965,C17072545955,NULL,102,NULL,ETB0001153,NULL,NULL,NULL,1,NULL,13:31.5,NULL,NULL,NULL,NULL,102
4571,2998,C17072567702,NULL,102,NULL,ST00001721,NULL,NULL,NULL,1,NULL,13:31.5,NULL,NULL,NULL,NULL,102
4572,3014,C17072573327,NULL,102,NULL,IN00790002,NULL,NULL,NULL,1,NULL,13:31.5,NULL,NULL,NULL,NULL,102
4573,3050,C17072541763,NULL,102,NULL,IN00040110,NULL,NULL,NULL,1,NULL,13:31.5,NULL,NULL,NULL,NULL,102
4574,3069,C17072511635,NULL,102,NULL,MFPI411033,NULL,NULL,NULL,1,NULL,13:31.5,NULL,NULL,NULL,NULL,102
4575,3099,C17072565217,NULL,102,NULL,IN00800223,NULL,NULL,NULL,1,NULL,13:31.5,NULL,NULL,NULL,NULL,102
4576,3117,C17072517178,NULL,102,NULL,IN08002436,NULL,NULL,NULL,1,NULL,13:31.5,NULL,NULL,NULL,NULL,102
4577,3157,C17072573420,NULL,102,NULL,IN02200723,NULL,NULL,NULL,1,NULL,13:31.5,NULL,NULL,NULL,NULL,102
4578,3182,C17072563597,NULL,102,NULL,IN00891049,NULL,NULL,NULL,1,NULL,13:31.5,NULL,NULL,NULL,NULL,102
4579,3188,C17072534693,NULL,102,NULL,INM070782,NULL,NULL,NULL,1,NULL,13:31.5,NULL,NULL,NULL,NULL,102
4580,3194,C17072511630,NULL,102,NULL,IN08062202,NULL,NULL,NULL,1,NULL,13:31.5,NULL,NULL,NULL,NULL,102
4581,3211,C17072596691,NULL,102,NULL,IN08062321,NULL,NULL,NULL,1,NULL,13:31.5,NULL,NULL,NULL,NULL,102
4582,3225,C17072543844,NULL,102,NULL,IN00803625,NULL,NULL,NULL,1,NULL,13:31.5,NULL,NULL,NULL,NULL,102
4583,3252,C17072582939,NULL,102,NULL,IN00819977,NULL,NULL,NULL,1,NULL,13:31.5,NULL,NULL,NULL,NULL,102
4584,3281,C17072556500,NULL,102,NULL,AERDC00611,NULL,NULL,NULL,1,NULL,13:31.5,NULL,NULL,NULL,NULL,102
4585,3347,C17072550327,NULL,102,NULL,ETB0001878,NULL,NULL,NULL,1,NULL,13:31.5,NULL,NULL,NULL,NULL,102
4586,3356,C17072530189,NULL,102,NULL,IN08002263,NULL,NULL,NULL,1,NULL,13:31.5,NULL,NULL,NULL,NULL,102
4587,3369,C17072548751,NULL,102,NULL,IG0816,NULL,NULL,NULL,1,NULL,13:31.5,NULL,NULL,NULL,NULL,102
4588,3395,C17072521925,NULL,102,NULL,ETB0002053,NULL,NULL,NULL,1,NULL,13:31.5,NULL,NULL,NULL,NULL,102
4589,3418,C17072558495,NULL,102,NULL,IN89400251,NULL,NULL,NULL,1,NULL,13:31.5,NULL,NULL,NULL,NULL,102
4590,3443,C17072591874,NULL,102,NULL,IN00809861,NULL,NULL,NULL,1,NULL,13:31.5,NULL,NULL,NULL,NULL,102
4591,3461,C17072535715,NULL,102,NULL,INWB072635,NULL,NULL,NULL,1,NULL,13:31.5,NULL,NULL,NULL,NULL,102
4592,3464,C17072556520,NULL,102,NULL,IN00129017,NULL,NULL,NULL,1,NULL,13:31.5,NULL,NULL,NULL,NULL,102
4593,3486,C17072564442,NULL,102,NULL,IN08094140,NULL,NULL,NULL,1,NULL,13:31.5,NULL,NULL,NULL,NULL,102
4594,3491,C17072590104,NULL,102,NULL,IN00200195,NULL,NULL,NULL,1,NULL,13:31.5,NULL,NULL,NULL,NULL,102
4595,3493,C17072598576,NULL,102,NULL,COMM110252,NULL,NULL,NULL,1,NULL,13:31.5,NULL,NULL,NULL,NULL,102
4596,3494,C17072530277,NULL,102,NULL,IN08015005,NULL,NULL,NULL,1,NULL,13:31.5,NULL,NULL,NULL,NULL,102
4597,3525,C17072524589,NULL,102,NULL,IN00806457,NULL,NULL,NULL,1,NULL,13:31.5,NULL,NULL,NULL,NULL,102
4598,3530,C17072541498,NULL,102,NULL,IN08001173,NULL,NULL,NULL,1,NULL,13:31.5,NULL,NULL,NULL,NULL,102
4599,3532,C17072565791,NULL,102,NULL,IN00804813,NULL,NULL,NULL,1,NULL,13:31.5,NULL,NULL,NULL,NULL,102
4600,3536,C17072510349,NULL,102,NULL,ETB0001532,NULL,NULL,NULL,1,NULL,13:31.5,NULL,NULL,NULL,NULL,102
4601,3553,C17072526030,NULL,102,NULL,20000686,NULL,NULL,NULL,1,NULL,13:31.5,NULL,NULL,NULL,NULL,102
4602,3569,C17072585260,NULL,102,NULL,IN00802584,NULL,NULL,NULL,1,NULL,13:31.5,NULL,NULL,NULL,NULL,102
4603,3577,C17072531534,NULL,102,NULL,IN02205022,NULL,NULL,NULL,1,NULL,13:31.5,NULL,NULL,NULL,NULL,102
4604,3590,C17072527199,NULL,102,NULL,IN00220266,NULL,NULL,NULL,1,NULL,13:31.6,NULL,NULL,NULL,NULL,102
4605,3612,C17072579076,NULL,102,NULL,IN0020372,NULL,NULL,NULL,1,NULL,13:31.6,NULL,NULL,NULL,NULL,102
4606,3625,C17072528040,NULL,102,NULL,IN00400090,NULL,NULL,NULL,1,NULL,13:31.6,NULL,NULL,NULL,NULL,102
4607,3634,C17072566346,NULL,102,NULL,IN04000015,NULL,NULL,NULL,1,NULL,13:31.6,NULL,NULL,NULL,NULL,102
4608,3635,C17072542202,NULL,102,NULL,113185,NULL,NULL,NULL,1,NULL,13:31.6,NULL,NULL,NULL,NULL,102
4609,3637,C17072530337,NULL,102,NULL,OSE015,NULL,NULL,NULL,1,NULL,13:31.6,NULL,NULL,NULL,NULL,102
4610,3654,C17072579784,NULL,102,NULL,18000055,NULL,NULL,NULL,1,NULL,13:31.6,NULL,NULL,NULL,NULL,102
4611,3656,C17072596068,NULL,102,NULL,IN08003117,NULL,NULL,NULL,1,NULL,13:31.6,NULL,NULL,NULL,NULL,102
4612,3660,C17072585326,NULL,102,NULL,IN08078657,NULL,NULL,NULL,1,NULL,13:31.6,NULL,NULL,NULL,NULL,102
4613,3664,C17072518273,NULL,102,NULL,ST00001607,NULL,NULL,NULL,1,NULL,13:31.6,NULL,NULL,NULL,NULL,102
4614,3675,C17072592586,NULL,102,NULL,OSM00616,NULL,NULL,NULL,1,NULL,13:31.6,NULL,NULL,NULL,NULL,102
4615,3678,C17072530476,NULL,102,NULL,IN17A00138,NULL,NULL,NULL,1,NULL,13:31.6,NULL,NULL,NULL,NULL,102
4616,3689,C17072512026,NULL,102,NULL,IN17400006,NULL,NULL,NULL,1,NULL,13:31.6,NULL,NULL,NULL,NULL,102
4617,3712,C17072531381,NULL,102,NULL,IS0026,NULL,NULL,NULL,1,NULL,13:31.6,NULL,NULL,NULL,NULL,102
4618,3755,C17072530627,NULL,102,NULL,IN00079213,NULL,NULL,NULL,1,NULL,13:31.6,NULL,NULL,NULL,NULL,102
4619,3759,C17072551488,NULL,102,NULL,ETB 1088,NULL,NULL,NULL,1,NULL,13:31.6,NULL,NULL,NULL,NULL,102
4620,3763,C17072590309,NULL,102,NULL,INGEM00529,NULL,NULL,NULL,1,NULL,13:31.6,NULL,NULL,NULL,NULL,102
4621,3772,C17072544243,NULL,102,NULL,INA1700483,NULL,NULL,NULL,1,NULL,13:31.6,NULL,NULL,NULL,NULL,102
4622,3786,C17072530774,NULL,102,NULL,IN01102141,NULL,NULL,NULL,1,NULL,13:31.6,NULL,NULL,NULL,NULL,102
4623,3803,C17072540256,NULL,102,NULL,IN00807303,NULL,NULL,NULL,1,NULL,13:31.6,NULL,NULL,NULL,NULL,102
4624,3807,C17072515618,NULL,102,NULL,ETB0001885,NULL,NULL,NULL,1,NULL,13:31.6,NULL,NULL,NULL,NULL,102
4625,3810,C17072554295,NULL,102,NULL,AERDC00323,NULL,NULL,NULL,1,NULL,13:31.6,NULL,NULL,NULL,NULL,102
4626,3822,C17072531535,NULL,102,NULL,IN08094002,NULL,NULL,NULL,1,NULL,13:31.6,NULL,NULL,NULL,NULL,102
4627,3823,C17072528465,NULL,102,NULL,IN08310003,NULL,NULL,NULL,1,NULL,13:31.6,NULL,NULL,NULL,NULL,102
4628,3878,C17072540538,NULL,102,NULL,OSE00058,NULL,NULL,NULL,1,NULL,13:31.6,NULL,NULL,NULL,NULL,102
4629,3890,C17072537339,NULL,102,NULL,IN17T00020,NULL,NULL,NULL,1,NULL,13:31.6,NULL,NULL,NULL,NULL,102
4630,3907,C17072579565,NULL,102,NULL,ETB 1063,NULL,NULL,NULL,1,NULL,13:31.6,NULL,NULL,NULL,NULL,102
4631,3929,C17072546712,NULL,102,NULL,IN26500010,NULL,NULL,NULL,1,NULL,13:31.6,NULL,NULL,NULL,NULL,102
4632,3945,C17072529329,NULL,102,NULL,ETB0000792,NULL,NULL,NULL,1,NULL,13:31.6,NULL,NULL,NULL,NULL,102
4633,3964,C17072550412,NULL,102,NULL,OSM00602,NULL,NULL,NULL,1,NULL,13:31.6,NULL,NULL,NULL,NULL,102
4634,4019,C17072513979,NULL,102,NULL,IN08002154,NULL,NULL,NULL,1,NULL,13:31.6,NULL,NULL,NULL,NULL,102
4635,4023,C17072515384,NULL,102,NULL,IN00801978,NULL,NULL,NULL,1,NULL,13:31.6,NULL,NULL,NULL,NULL,102
4636,4034,C17072517296,NULL,102,NULL,309407,NULL,NULL,NULL,1,NULL,13:31.6,NULL,NULL,NULL,NULL,102
4637,4047,C17072541600,NULL,102,NULL,IN00802774,NULL,NULL,NULL,1,NULL,13:31.6,NULL,NULL,NULL,NULL,102
4638,4048,C17072574372,NULL,102,NULL,INKA032854,NULL,NULL,NULL,1,NULL,13:31.6,NULL,NULL,NULL,NULL,102
4639,4079,C17072526323,NULL,102,NULL,IN00472008,NULL,NULL,NULL,1,NULL,13:31.6,NULL,NULL,NULL,NULL,102
4640,4080,C17072520337,NULL,102,NULL,17100816,NULL,NULL,NULL,1,NULL,13:31.6,NULL,NULL,NULL,NULL,102
4641,4082,C17072525383,NULL,102,NULL,IN02200213,NULL,NULL,NULL,1,NULL,13:31.6,NULL,NULL,NULL,NULL,102
4642,4087,C17072530762,NULL,102,NULL,INA1700697,NULL,NULL,NULL,1,NULL,13:31.6,NULL,NULL,NULL,NULL,102
4643,4089,C17072535379,NULL,102,NULL,IN02000018,NULL,NULL,NULL,1,NULL,13:31.6,NULL,NULL,NULL,NULL,102
4644,4110,C17072589314,NULL,102,NULL,INO8014740,NULL,NULL,NULL,1,NULL,13:31.6,NULL,NULL,NULL,NULL,102
4645,4138,C17072594733,NULL,102,NULL,IN00200073,NULL,NULL,NULL,1,NULL,13:31.6,NULL,NULL,NULL,NULL,102
4646,4156,C17072573148,NULL,102,NULL,COM130004,NULL,NULL,NULL,1,NULL,13:31.6,NULL,NULL,NULL,NULL,102
4647,4172,C17072582833,NULL,102,NULL,IN00040013,NULL,NULL,NULL,1,NULL,13:31.6,NULL,NULL,NULL,NULL,102
4648,4196,C17072596923,NULL,102,NULL,IN08094932,NULL,NULL,NULL,1,NULL,13:31.6,NULL,NULL,NULL,NULL,102
4649,4207,C17072548910,NULL,102,NULL,122063,NULL,NULL,NULL,1,NULL,13:31.6,NULL,NULL,NULL,NULL,102
4650,4208,C17072562425,NULL,102,NULL,32000041,NULL,NULL,NULL,1,NULL,13:31.6,NULL,NULL,NULL,NULL,102
4651,4242,C17072590220,NULL,102,NULL,IH0258,NULL,NULL,NULL,1,NULL,13:31.6,NULL,NULL,NULL,NULL,102
4652,4290,C17072517725,NULL,102,NULL,INM000001,NULL,NULL,NULL,1,NULL,13:31.6,NULL,NULL,NULL,NULL,102
4653,4325,C17072523540,NULL,102,NULL,INUP033048,NULL,NULL,NULL,1,NULL,13:31.6,NULL,NULL,NULL,NULL,102
4654,4354,C17072514985,NULL,102,NULL,IN0220642,NULL,NULL,NULL,1,NULL,13:31.6,NULL,NULL,NULL,NULL,102
4655,4355,C17072563286,NULL,102,NULL,IA3139,NULL,NULL,NULL,1,NULL,13:31.6,NULL,NULL,NULL,NULL,102
4656,4395,C17072513000,NULL,102,NULL,OSM00599,NULL,NULL,NULL,1,NULL,13:31.6,NULL,NULL,NULL,NULL,102
4657,4400,C17072537568,NULL,102,NULL,120449,NULL,NULL,NULL,1,NULL,13:31.6,NULL,NULL,NULL,NULL,102
4658,4420,C17072579107,NULL,102,NULL,AIN0565933,NULL,NULL,NULL,1,NULL,13:31.6,NULL,NULL,NULL,NULL,102
4659,4463,C17072523741,NULL,102,NULL,16000153,NULL,NULL,NULL,1,NULL,13:31.6,NULL,NULL,NULL,NULL,102
4660,4467,C17072510308,NULL,102,NULL,105088,NULL,NULL,NULL,1,NULL,13:31.6,NULL,NULL,NULL,NULL,102
4661,4471,C17072568655,NULL,102,NULL,ETB0000655,NULL,NULL,NULL,1,NULL,13:31.6,NULL,NULL,NULL,NULL,102
4662,4515,C17072547228,NULL,102,NULL,IN08005030,NULL,NULL,NULL,1,NULL,13:31.6,NULL,NULL,NULL,NULL,102
4663,4535,C17072563867,NULL,102,NULL,IB0927,NULL,NULL,NULL,1,NULL,13:31.6,NULL,NULL,NULL,NULL,102
4664,4573,C17072528319,NULL,102,NULL,IN08092578,NULL,NULL,NULL,1,NULL,13:31.6,NULL,NULL,NULL,NULL,102
4665,4575,C17072550468,NULL,102,NULL,IFMDEL0214,NULL,NULL,NULL,1,NULL,13:31.6,NULL,NULL,NULL,NULL,102
4666,4599,C17072524633,NULL,102,NULL,GEM000570,NULL,NULL,NULL,1,NULL,13:31.6,NULL,NULL,NULL,NULL,102
4667,4644,C17072582034,NULL,102,NULL,IN08002238,NULL,NULL,NULL,1,NULL,13:31.6,NULL,NULL,NULL,NULL,102
4668,4681,C17072555726,NULL,102,NULL,ETB0000110,NULL,NULL,NULL,1,NULL,13:31.6,NULL,NULL,NULL,NULL,102
4669,4702,C17072525945,NULL,102,NULL,IN07900020,NULL,NULL,NULL,1,NULL,13:31.6,NULL,NULL,NULL,NULL,102
4670,4716,C17072514418,NULL,102,NULL,102019,NULL,NULL,NULL,1,NULL,13:31.6,NULL,NULL,NULL,NULL,102
4671,4738,C17072522374,NULL,102,NULL,INAP010140,NULL,NULL,NULL,1,NULL,13:31.6,NULL,NULL,NULL,NULL,102
4672,4741,C17072560838,NULL,102,NULL,122313,NULL,NULL,NULL,1,NULL,13:31.6,NULL,NULL,NULL,NULL,102
4673,4775,C17072579431,NULL,102,NULL,INMH012982,NULL,NULL,NULL,1,NULL,13:31.6,NULL,NULL,NULL,NULL,102
4674,4783,C17072586029,NULL,102,NULL,IT1173,NULL,NULL,NULL,1,NULL,13:31.6,NULL,NULL,NULL,NULL,102
4675,4785,C17072530549,NULL,102,NULL,IN08078476,NULL,NULL,NULL,1,NULL,13:31.6,NULL,NULL,NULL,NULL,102
4676,4793,C17072533109,NULL,102,NULL,GEM480,NULL,NULL,NULL,1,NULL,13:31.6,NULL,NULL,NULL,NULL,102
4677,4803,C17072577224,NULL,102,NULL,IN00803946,NULL,NULL,NULL,1,NULL,13:31.6,NULL,NULL,NULL,NULL,102
4678,4833,C17072577741,NULL,102,NULL,WC01100139,NULL,NULL,NULL,1,NULL,13:31.6,NULL,NULL,NULL,NULL,102
4679,4841,C17072516447,NULL,102,NULL,16110154,NULL,NULL,NULL,1,NULL,13:31.6,NULL,NULL,NULL,NULL,102
4680,4897,C17072546491,NULL,102,NULL,IN00440176,NULL,NULL,NULL,1,NULL,13:31.6,NULL,NULL,NULL,NULL,102
4681,4913,C17072583604,NULL,102,NULL,OSM00618,NULL,NULL,NULL,1,NULL,13:31.6,NULL,NULL,NULL,NULL,102
4682,4967,C17072596138,NULL,102,NULL,IN03300071,NULL,NULL,NULL,1,NULL,13:31.6,NULL,NULL,NULL,NULL,102
4683,4975,C17072525610,NULL,102,NULL,MFPI411315,NULL,NULL,NULL,1,NULL,13:31.6,NULL,NULL,NULL,NULL,102
4684,4982,C17072535056,NULL,102,NULL,OSE145,NULL,NULL,NULL,1,NULL,13:31.6,NULL,NULL,NULL,NULL,102
4685,4987,C17072583155,NULL,102,NULL,IN00203968,NULL,NULL,NULL,1,NULL,13:31.6,NULL,NULL,NULL,NULL,102
4686,5009,C17072594372,NULL,102,NULL,AERDC00955,NULL,NULL,NULL,1,NULL,13:31.6,NULL,NULL,NULL,NULL,102
4687,5013,C17072540292,NULL,102,NULL,COMM110253,NULL,NULL,NULL,1,NULL,13:31.6,NULL,NULL,NULL,NULL,102
4688,5016,C17072523373,NULL,102,NULL,INHR012351,NULL,NULL,NULL,1,NULL,13:31.7,NULL,NULL,NULL,NULL,102
4689,5030,C17072583633,NULL,102,NULL,IN00803752,NULL,NULL,NULL,1,NULL,13:31.7,NULL,NULL,NULL,NULL,102
4690,5031,C17072592333,NULL,102,NULL,17002631,NULL,NULL,NULL,1,NULL,13:31.7,NULL,NULL,NULL,NULL,102
4691,5032,C17072578505,NULL,102,NULL,ST00001684,NULL,NULL,NULL,1,NULL,13:31.7,NULL,NULL,NULL,NULL,102
4692,5039,C17072537117,NULL,102,NULL,AIN0800055,NULL,NULL,NULL,1,NULL,13:31.7,NULL,NULL,NULL,NULL,102
4693,5047,C17072592011,NULL,102,NULL,IN00808825,NULL,NULL,NULL,1,NULL,13:31.7,NULL,NULL,NULL,NULL,102
4694,5057,C17072534046,NULL,102,NULL,IN00804783,NULL,NULL,NULL,1,NULL,13:31.7,NULL,NULL,NULL,NULL,102
4695,5058,C17072585477,NULL,102,NULL,IN17I00014,NULL,NULL,NULL,1,NULL,13:31.7,NULL,NULL,NULL,NULL,102
4696,5074,C17072553874,NULL,102,NULL,IS1982,NULL,NULL,NULL,1,NULL,13:31.7,NULL,NULL,NULL,NULL,102
4697,5084,C17072513736,NULL,102,NULL,IN08092953,NULL,NULL,NULL,1,NULL,13:31.7,NULL,NULL,NULL,NULL,102
4698,5091,C17072593383,NULL,102,NULL,IL0477,NULL,NULL,NULL,1,NULL,13:31.7,NULL,NULL,NULL,NULL,102
4699,5096,C17072549938,NULL,102,NULL,INWB010125,NULL,NULL,NULL,1,NULL,13:31.7,NULL,NULL,NULL,NULL,102
4700,5110,C17072578356,NULL,102,NULL,IN02000040,NULL,NULL,NULL,1,NULL,13:31.7,NULL,NULL,NULL,NULL,102
4701,5114,C17072562764,NULL,102,NULL,IN02005679,NULL,NULL,NULL,1,NULL,13:31.7,NULL,NULL,NULL,NULL,102
4702,5125,C17072514167,NULL,102,NULL,OSE00044,NULL,NULL,NULL,1,NULL,13:31.7,NULL,NULL,NULL,NULL,102
4703,5145,C17072559634,NULL,102,NULL,15000312,NULL,NULL,NULL,1,NULL,13:31.7,NULL,NULL,NULL,NULL,102
4704,5171,C17072521292,NULL,102,NULL,110061,NULL,NULL,NULL,1,NULL,13:31.7,NULL,NULL,NULL,NULL,102
4705,5183,C17072525642,NULL,102,NULL,102060,NULL,NULL,NULL,1,NULL,13:31.7,NULL,NULL,NULL,NULL,102
4706,5185,C17072571444,NULL,102,NULL,17008292,NULL,NULL,NULL,1,NULL,13:31.7,NULL,NULL,NULL,NULL,102
4707,5189,C17072512999,NULL,102,NULL,OSE00043,NULL,NULL,NULL,1,NULL,13:31.7,NULL,NULL,NULL,NULL,102
4708,5190,C17072552706,NULL,102,NULL,OSE00046,NULL,NULL,NULL,1,NULL,13:31.7,NULL,NULL,NULL,NULL,102
4709,5192,C17072524881,NULL,102,NULL,17008412,NULL,NULL,NULL,1,NULL,13:31.7,NULL,NULL,NULL,NULL,102
4710,5212,C17072591729,NULL,102,NULL,193352,NULL,NULL,NULL,1,NULL,13:31.7,NULL,NULL,NULL,NULL,102
4711,5267,C17072571254,NULL,102,NULL,IN00805374,NULL,NULL,NULL,1,NULL,13:31.7,NULL,NULL,NULL,NULL,102
4712,5276,C17072535519,NULL,102,NULL,183108,NULL,NULL,NULL,1,NULL,13:31.7,NULL,NULL,NULL,NULL,102
4713,5279,C17072585285,NULL,102,NULL,AERDC00532,NULL,NULL,NULL,1,NULL,13:31.7,NULL,NULL,NULL,NULL,102
4714,5284,C17072561589,NULL,102,NULL,ETB0000020,NULL,NULL,NULL,1,NULL,13:31.7,NULL,NULL,NULL,NULL,102
4715,5288,C17072536988,NULL,102,NULL,AERDC00736,NULL,NULL,NULL,1,NULL,13:31.7,NULL,NULL,NULL,NULL,102
4716,5293,C17072591965,NULL,102,NULL,IR0897,NULL,NULL,NULL,1,NULL,13:31.7,NULL,NULL,NULL,NULL,102
4717,5303,C17072567779,NULL,102,NULL,ETB 1091,NULL,NULL,NULL,1,NULL,13:31.7,NULL,NULL,NULL,NULL,102
4718,5330,C17072526739,NULL,102,NULL,OVPI410885,NULL,NULL,NULL,1,NULL,13:31.7,NULL,NULL,NULL,NULL,102
4719,5343,C17072596169,NULL,102,NULL,20001902,NULL,NULL,NULL,1,NULL,13:31.7,NULL,NULL,NULL,NULL,102
4720,5345,C17072582686,NULL,102,NULL,INKL011974,NULL,NULL,NULL,1,NULL,13:31.7,NULL,NULL,NULL,NULL,102
4721,5354,C17072544772,NULL,102,NULL,INWB071732,NULL,NULL,NULL,1,NULL,13:31.7,NULL,NULL,NULL,NULL,102
4722,5359,C17072525750,NULL,102,NULL,INM080038,NULL,NULL,NULL,1,NULL,13:31.7,NULL,NULL,NULL,NULL,102
4723,5382,C17072547638,NULL,102,NULL,AERDC00723,NULL,NULL,NULL,1,NULL,13:31.7,NULL,NULL,NULL,NULL,102
4724,5419,C17072587904,NULL,102,NULL,IN00440321,NULL,NULL,NULL,1,NULL,13:31.7,NULL,NULL,NULL,NULL,102
4725,5438,C17072588671,NULL,102,NULL,INMH012343,NULL,NULL,NULL,1,NULL,13:31.7,NULL,NULL,NULL,NULL,102
4726,5440,C17072526770,NULL,102,NULL,IO0829,NULL,NULL,NULL,1,NULL,13:31.7,NULL,NULL,NULL,NULL,102
4727,5446,C17072554072,NULL,102,NULL,IN00800324,NULL,NULL,NULL,1,NULL,13:31.7,NULL,NULL,NULL,NULL,102
4728,5459,C17072583791,NULL,102,NULL,20000413,NULL,NULL,NULL,1,NULL,13:31.7,NULL,NULL,NULL,NULL,102
4729,5481,C17072596873,NULL,102,NULL,GEM162,NULL,NULL,NULL,1,NULL,13:31.7,NULL,NULL,NULL,NULL,102
4730,5482,C17072561094,NULL,102,NULL,IN08001262,NULL,NULL,NULL,1,NULL,13:31.7,NULL,NULL,NULL,NULL,102
4731,5493,C17072559806,NULL,102,NULL,IN00803412,NULL,NULL,NULL,1,NULL,13:31.7,NULL,NULL,NULL,NULL,102
4732,5495,C17072572406,NULL,102,NULL,IN02200431,NULL,NULL,NULL,1,NULL,13:31.7,NULL,NULL,NULL,NULL,102
4733,5496,C17072547786,NULL,102,NULL,IN20H00065,NULL,NULL,NULL,1,NULL,13:31.7,NULL,NULL,NULL,NULL,102
4734,5497,C17072539806,NULL,102,NULL,IN00800263,NULL,NULL,NULL,1,NULL,13:31.7,NULL,NULL,NULL,NULL,102
4735,5503,C17072545822,NULL,102,NULL,IN00802619,NULL,NULL,NULL,1,NULL,13:31.7,NULL,NULL,NULL,NULL,102
4736,5524,C17072521778,NULL,102,NULL,TEMPD00034,NULL,NULL,NULL,1,NULL,13:31.7,NULL,NULL,NULL,NULL,102
4737,5539,C17072589743,NULL,102,NULL,IN08001485,NULL,NULL,NULL,1,NULL,13:31.7,NULL,NULL,NULL,NULL,102
4738,5560,C17072542779,NULL,102,NULL,IN17A00064,NULL,NULL,NULL,1,NULL,13:31.7,NULL,NULL,NULL,NULL,102
4739,5570,C17072544032,NULL,102,NULL,16110165,NULL,NULL,NULL,1,NULL,13:31.7,NULL,NULL,NULL,NULL,102
4740,5690,C17072519545,NULL,102,NULL,IN04000187,NULL,NULL,NULL,1,NULL,13:31.7,NULL,NULL,NULL,NULL,102
4741,5729,C17072524098,NULL,102,NULL,IN00802327,NULL,NULL,NULL,1,NULL,13:31.7,NULL,NULL,NULL,NULL,102
4742,5750,C17072565808,NULL,102,NULL,ES00000044,NULL,NULL,NULL,1,NULL,13:31.7,NULL,NULL,NULL,NULL,102
4743,5754,C17072528177,NULL,102,NULL,IN12T00005,NULL,NULL,NULL,1,NULL,13:31.7,NULL,NULL,NULL,NULL,102
4744,5755,C17072575965,NULL,102,NULL,II0263,NULL,NULL,NULL,1,NULL,13:31.7,NULL,NULL,NULL,NULL,102
4745,5760,C17072587301,NULL,102,NULL,IN08005214,NULL,NULL,NULL,1,NULL,13:31.7,NULL,NULL,NULL,NULL,102
4746,5761,C17072538481,NULL,102,NULL,16000245,NULL,NULL,NULL,1,NULL,13:31.7,NULL,NULL,NULL,NULL,102
4747,5810,C17072583408,NULL,102,NULL,IN08092477,NULL,NULL,NULL,1,NULL,13:31.7,NULL,NULL,NULL,NULL,102
4748,5869,C17072518952,NULL,102,NULL,ETB0002056,NULL,NULL,NULL,1,NULL,13:31.7,NULL,NULL,NULL,NULL,102
4749,5877,C17072575633,NULL,102,NULL,ST00001854,NULL,NULL,NULL,1,NULL,13:31.7,NULL,NULL,NULL,NULL,102
4750,5880,C17072575916,NULL,102,NULL,IN08008158,NULL,NULL,NULL,1,NULL,13:31.7,NULL,NULL,NULL,NULL,102
4751,5891,C17072519629,NULL,102,NULL,AERDC00968,NULL,NULL,NULL,1,NULL,13:31.7,NULL,NULL,NULL,NULL,102
4752,5917,C17072520664,NULL,102,NULL,17001666,NULL,NULL,NULL,1,NULL,13:31.7,NULL,NULL,NULL,NULL,102
4753,5920,C17072516928,NULL,102,NULL,INGEM00367,NULL,NULL,NULL,1,NULL,13:31.7,NULL,NULL,NULL,NULL,102
4754,5951,C17072532429,NULL,102,NULL,IN08005627,NULL,NULL,NULL,1,NULL,13:31.7,NULL,NULL,NULL,NULL,102
4755,5966,C17072522859,NULL,102,NULL,IN00800164,NULL,NULL,NULL,1,NULL,13:31.7,NULL,NULL,NULL,NULL,102
4756,5967,C17072595285,NULL,102,NULL,IN00801175,NULL,NULL,NULL,1,NULL,13:31.7,NULL,NULL,NULL,NULL,102
4757,5969,C17072547160,NULL,102,NULL,IN02910004,NULL,NULL,NULL,1,NULL,13:31.7,NULL,NULL,NULL,NULL,102
4758,5977,C17072561071,NULL,102,NULL,IN01240005,NULL,NULL,NULL,1,NULL,13:31.7,NULL,NULL,NULL,NULL,102
4759,6007,C17072595483,NULL,102,NULL,20001149,NULL,NULL,NULL,1,NULL,13:31.7,NULL,NULL,NULL,NULL,102
4760,6165,C17072546953,NULL,102,NULL,IA0438,NULL,NULL,NULL,1,NULL,13:31.7,NULL,NULL,NULL,NULL,102
4761,6235,C17072523442,NULL,102,NULL,ETB0000639,NULL,NULL,NULL,1,NULL,13:31.7,NULL,NULL,NULL,NULL,102
4762,6279,C17072575879,NULL,102,NULL,IN16A00299,NULL,NULL,NULL,1,NULL,13:31.7,NULL,NULL,NULL,NULL,102
4763,6289,C17072541395,NULL,102,NULL,IN00804808,NULL,NULL,NULL,1,NULL,13:31.7,NULL,NULL,NULL,NULL,102
4764,6316,C17072587784,NULL,102,NULL,17000261,NULL,NULL,NULL,1,NULL,13:31.7,NULL,NULL,NULL,NULL,102
4765,6322,C17072534552,NULL,102,NULL,IN00400098,NULL,NULL,NULL,1,NULL,13:31.7,NULL,NULL,NULL,NULL,102
4766,6337,C17072538763,NULL,102,NULL,IN00800897,NULL,NULL,NULL,1,NULL,13:31.7,NULL,NULL,NULL,NULL,102
4767,6338,C17072562233,NULL,102,NULL,ETB0002260,NULL,NULL,NULL,1,NULL,13:31.7,NULL,NULL,NULL,NULL,102
4768,6339,C17072547825,NULL,102,NULL,IM1925,NULL,NULL,NULL,1,NULL,13:31.7,NULL,NULL,NULL,NULL,102
4769,6348,C17072512828,NULL,102,NULL,INA1700327,NULL,NULL,NULL,1,NULL,13:31.7,NULL,NULL,NULL,NULL,102
4770,6357,C17072546796,NULL,102,NULL,IS3351,NULL,NULL,NULL,1,NULL,13:31.7,NULL,NULL,NULL,NULL,102
4771,6373,C17072572176,NULL,102,NULL,COMM210201,NULL,NULL,NULL,1,NULL,13:31.7,NULL,NULL,NULL,NULL,102
4772,6463,C17072511790,NULL,102,NULL,146830,NULL,NULL,NULL,1,NULL,13:31.7,NULL,NULL,NULL,NULL,102
4773,6480,C17072550011,NULL,102,NULL,IN02000126,NULL,NULL,NULL,1,NULL,13:31.7,NULL,NULL,NULL,NULL,102
4774,6481,C17072530322,NULL,102,NULL,IN00044100,NULL,NULL,NULL,1,NULL,13:31.8,NULL,NULL,NULL,NULL,102
4775,6490,C17072587268,NULL,102,NULL,IN08078677,NULL,NULL,NULL,1,NULL,13:31.8,NULL,NULL,NULL,NULL,102
4776,6493,C17072521505,NULL,102,NULL,16110024,NULL,NULL,NULL,1,NULL,13:31.8,NULL,NULL,NULL,NULL,102
4777,6517,C17072565144,NULL,102,NULL,IN00801760,NULL,NULL,NULL,1,NULL,13:31.8,NULL,NULL,NULL,NULL,102
4778,6536,C17072522492,NULL,102,NULL,IN00220107,NULL,NULL,NULL,1,NULL,13:31.8,NULL,NULL,NULL,NULL,102
4779,6538,C17072583914,NULL,102,NULL,IN02200850,NULL,NULL,NULL,1,NULL,13:31.8,NULL,NULL,NULL,NULL,102
4780,6547,C17072558399,NULL,102,NULL,ES00000072,NULL,NULL,NULL,1,NULL,13:31.8,NULL,NULL,NULL,NULL,102
4781,6555,C17072586433,NULL,102,NULL,183194,NULL,NULL,NULL,1,NULL,13:31.8,NULL,NULL,NULL,NULL,102
4782,6559,C17072594633,NULL,102,NULL,IN02204531,NULL,NULL,NULL,1,NULL,13:31.8,NULL,NULL,NULL,NULL,102
4783,6598,C17072586159,NULL,102,NULL,IN01100398,NULL,NULL,NULL,1,NULL,13:31.8,NULL,NULL,NULL,NULL,102
4784,6615,C17072599605,NULL,102,NULL,IMMB110005,NULL,NULL,NULL,1,NULL,13:31.8,NULL,NULL,NULL,NULL,102
4785,6620,C17072546261,NULL,102,NULL,IMMD130056,NULL,NULL,NULL,1,NULL,13:31.8,NULL,NULL,NULL,NULL,102
4786,6670,C17072569305,NULL,102,NULL,IN17B00022,NULL,NULL,NULL,1,NULL,13:31.8,NULL,NULL,NULL,NULL,102
4787,6683,C17072563417,NULL,102,NULL,ETB0000909,NULL,NULL,NULL,1,NULL,13:31.8,NULL,NULL,NULL,NULL,102
4788,6687,C17072517303,NULL,102,NULL,17008472,NULL,NULL,NULL,1,NULL,13:31.8,NULL,NULL,NULL,NULL,102
4789,6689,C17072564270,NULL,102,NULL,INA1320003,NULL,NULL,NULL,1,NULL,13:31.8,NULL,NULL,NULL,NULL,102
4790,6690,C17072553220,NULL,102,NULL,INA1700580,NULL,NULL,NULL,1,NULL,13:31.8,NULL,NULL,NULL,NULL,102
4791,6701,C17072568445,NULL,102,NULL,MFPI411173,NULL,NULL,NULL,1,NULL,13:31.8,NULL,NULL,NULL,NULL,102
4792,6704,C17072527680,NULL,102,NULL,IN00022433,NULL,NULL,NULL,1,NULL,13:31.8,NULL,NULL,NULL,NULL,102
4793,6742,C17072574761,NULL,102,NULL,ES00000058,NULL,NULL,NULL,1,NULL,13:31.8,NULL,NULL,NULL,NULL,102
4794,6799,C17072560787,NULL,102,NULL,17002346,NULL,NULL,NULL,1,NULL,13:31.8,NULL,NULL,NULL,NULL,102
4795,6850,C17072520593,NULL,102,NULL,IC1032,NULL,NULL,NULL,1,NULL,13:31.8,NULL,NULL,NULL,NULL,102
4796,6879,C17072592158,NULL,102,NULL,INA1700834,NULL,NULL,NULL,1,NULL,13:31.8,NULL,NULL,NULL,NULL,102
4797,6892,C17072543535,NULL,102,NULL,INMH040598,NULL,NULL,NULL,1,NULL,13:31.8,NULL,NULL,NULL,NULL,102
4798,6975,C17072578466,NULL,102,NULL,IN08001549,NULL,NULL,NULL,1,NULL,13:31.8,NULL,NULL,NULL,NULL,102
4799,7038,C17072545360,NULL,102,NULL,IN00804810,NULL,NULL,NULL,1,NULL,13:31.8,NULL,NULL,NULL,NULL,102
4800,7060,C17072514689,NULL,102,NULL,IN08094119,NULL,NULL,NULL,1,NULL,13:31.8,NULL,NULL,NULL,NULL,102
4801,7109,C17072528977,NULL,102,NULL,IN00804151,NULL,NULL,NULL,1,NULL,13:31.8,NULL,NULL,NULL,NULL,102
4802,7116,C17072529314,NULL,102,NULL,17000978,NULL,NULL,NULL,1,NULL,13:31.8,NULL,NULL,NULL,NULL,102
4803,7129,C17072567711,NULL,102,NULL,IN12L00002,NULL,NULL,NULL,1,NULL,13:31.8,NULL,NULL,NULL,NULL,102
4804,7142,C17072580538,NULL,102,NULL,IN08078591,NULL,NULL,NULL,1,NULL,13:31.8,NULL,NULL,NULL,NULL,102
4805,7150,C17072520736,NULL,102,NULL,IN89100191,NULL,NULL,NULL,1,NULL,13:31.8,NULL,NULL,NULL,NULL,102
4806,7273,C17072533769,NULL,102,NULL,IN15B00314,NULL,NULL,NULL,1,NULL,13:31.8,NULL,NULL,NULL,NULL,102
4807,7371,C17072545940,NULL,102,NULL,17012510,NULL,NULL,NULL,1,NULL,13:31.8,NULL,NULL,NULL,NULL,102
4808,7393,C17072533442,NULL,102,NULL,IN00809909,NULL,NULL,NULL,1,NULL,13:31.8,NULL,NULL,NULL,NULL,102
4809,7397,C17072526830,NULL,102,NULL,INM030249,NULL,NULL,NULL,1,NULL,13:31.8,NULL,NULL,NULL,NULL,102
4810,7404,C17072557732,NULL,102,NULL,193050,NULL,NULL,NULL,1,NULL,13:31.8,NULL,NULL,NULL,NULL,102
4811,7405,C17072577827,NULL,102,NULL,IN08005047,NULL,NULL,NULL,1,NULL,13:31.8,NULL,NULL,NULL,NULL,102
4812,7406,C17072554016,NULL,102,NULL,IN15C00246,NULL,NULL,NULL,1,NULL,13:31.8,NULL,NULL,NULL,NULL,102
4813,7407,C17072543103,NULL,102,NULL,ETB0000426,NULL,NULL,NULL,1,NULL,13:31.8,NULL,NULL,NULL,NULL,102
4814,7412,C17072540507,NULL,102,NULL,IFMDCCS214,NULL,NULL,NULL,1,NULL,13:31.8,NULL,NULL,NULL,NULL,102
4815,7425,C17072580616,NULL,102,NULL,20001863,NULL,NULL,NULL,1,NULL,13:31.8,NULL,NULL,NULL,NULL,102
4816,7430,C17072568920,NULL,102,NULL,17002776,NULL,NULL,NULL,1,NULL,13:31.8,NULL,NULL,NULL,NULL,102
4817,7434,C17072526542,NULL,102,NULL,20001843,NULL,NULL,NULL,1,NULL,13:31.8,NULL,NULL,NULL,NULL,102
4818,7437,C17072575532,NULL,102,NULL,GEM597,NULL,NULL,NULL,1,NULL,13:31.8,NULL,NULL,NULL,NULL,102
4819,7441,C17072532471,NULL,102,NULL,103700,NULL,NULL,NULL,1,NULL,13:31.8,NULL,NULL,NULL,NULL,102
4820,7444,C17072553612,NULL,102,NULL,17002185,NULL,NULL,NULL,1,NULL,13:31.8,NULL,NULL,NULL,NULL,102
4821,7462,C17072569311,NULL,102,NULL,IN00802192,NULL,NULL,NULL,1,NULL,13:31.8,NULL,NULL,NULL,NULL,102
4822,7478,C17072576318,NULL,102,NULL,ETB0000576,NULL,NULL,NULL,1,NULL,13:31.8,NULL,NULL,NULL,NULL,102
4823,7479,C17072531866,NULL,102,NULL,18000036,NULL,NULL,NULL,1,NULL,13:31.8,NULL,NULL,NULL,NULL,102
4824,7480,C17072526195,NULL,102,NULL,IN20C00336,NULL,NULL,NULL,1,NULL,13:31.8,NULL,NULL,NULL,NULL,102
4825,7494,C17072531498,NULL,102,NULL,12000346,NULL,NULL,NULL,1,NULL,13:31.8,NULL,NULL,NULL,NULL,102
4826,7532,C17072569331,NULL,102,NULL,IN00803120,NULL,NULL,NULL,1,NULL,13:31.8,NULL,NULL,NULL,NULL,102
4827,7539,C17072569799,NULL,102,NULL,IN17C00025,NULL,NULL,NULL,1,NULL,13:31.8,NULL,NULL,NULL,NULL,102
4828,7572,C17072518230,NULL,102,NULL,IE0773,NULL,NULL,NULL,1,NULL,13:31.8,NULL,NULL,NULL,NULL,102
4829,7616,C17072519679,NULL,102,NULL,IN04000055,NULL,NULL,NULL,1,NULL,13:31.8,NULL,NULL,NULL,NULL,102
4830,7620,C17072531219,NULL,102,NULL,IN00400095,NULL,NULL,NULL,1,NULL,13:31.8,NULL,NULL,NULL,NULL,102
4831,7625,C17072590649,NULL,102,NULL,IN04000202,NULL,NULL,NULL,1,NULL,13:31.8,NULL,NULL,NULL,NULL,102
4832,7642,C17072561104,NULL,102,NULL,ETB0000329,NULL,NULL,NULL,1,NULL,13:31.8,NULL,NULL,NULL,NULL,102
4833,7653,C17072583897,NULL,102,NULL,103665,NULL,NULL,NULL,1,NULL,13:31.8,NULL,NULL,NULL,NULL,102
4834,7681,C17072531598,NULL,102,NULL,INM080042,NULL,NULL,NULL,1,NULL,13:31.8,NULL,NULL,NULL,NULL,102
4835,7682,C17072538749,NULL,102,NULL,20001283,NULL,NULL,NULL,1,NULL,13:31.8,NULL,NULL,NULL,NULL,102
4836,7717,C17072541983,NULL,102,NULL,IN01240004,NULL,NULL,NULL,1,NULL,13:31.8,NULL,NULL,NULL,NULL,102
4837,7739,C17072582156,NULL,102,NULL,AERDC00422,NULL,NULL,NULL,1,NULL,13:31.8,NULL,NULL,NULL,NULL,102
4838,7753,C17072515268,NULL,102,NULL,IB0766,NULL,NULL,NULL,1,NULL,13:31.8,NULL,NULL,NULL,NULL,102
4839,7792,C17072512805,NULL,102,NULL,193284,NULL,NULL,NULL,1,NULL,13:31.8,NULL,NULL,NULL,NULL,102
4840,7800,C17072594488,NULL,102,NULL,IN89400395,NULL,NULL,NULL,1,NULL,13:31.8,NULL,NULL,NULL,NULL,102
4841,7908,C17072555594,NULL,102,NULL,17001988,NULL,NULL,NULL,1,NULL,13:31.8,NULL,NULL,NULL,NULL,102
4842,7911,C17072530328,NULL,102,NULL,IN0469,NULL,NULL,NULL,1,NULL,13:31.8,NULL,NULL,NULL,NULL,102
4843,7914,C17072510385,NULL,102,NULL,SSPI410382,NULL,NULL,NULL,1,NULL,13:31.8,NULL,NULL,NULL,NULL,102
4844,7927,C17072567066,NULL,102,NULL,IN89400295,NULL,NULL,NULL,1,NULL,13:31.8,NULL,NULL,NULL,NULL,102
4845,7932,C17072580187,NULL,102,NULL,120298,NULL,NULL,NULL,1,NULL,13:31.8,NULL,NULL,NULL,NULL,102
4846,7935,C17072512751,NULL,102,NULL,IN00802772,NULL,NULL,NULL,1,NULL,13:31.8,NULL,NULL,NULL,NULL,102
4847,7993,C17072571510,NULL,102,NULL,IN17F00014,NULL,NULL,NULL,1,NULL,13:31.8,NULL,NULL,NULL,NULL,102
4848,8090,C17072559456,NULL,102,NULL,183133,NULL,NULL,NULL,1,NULL,13:31.8,NULL,NULL,NULL,NULL,102
4849,8179,C17072549953,NULL,102,NULL,IN08094670,NULL,NULL,NULL,1,NULL,13:31.8,NULL,NULL,NULL,NULL,102
4850,8192,C17072582714,NULL,102,NULL,IN08002437,NULL,NULL,NULL,1,NULL,13:31.8,NULL,NULL,NULL,NULL,102
4851,8193,C17072592427,NULL,102,NULL,INC010182,NULL,NULL,NULL,1,NULL,13:31.8,NULL,NULL,NULL,NULL,102
4852,8195,C17072528569,NULL,102,NULL,17002270,NULL,NULL,NULL,1,NULL,13:31.8,NULL,NULL,NULL,NULL,102
4853,8212,C17072595806,NULL,102,NULL,IA2039,NULL,NULL,NULL,1,NULL,13:31.8,NULL,NULL,NULL,NULL,102
4854,8281,C17072559352,NULL,102,NULL,AIN0755644,NULL,NULL,NULL,1,NULL,13:31.8,NULL,NULL,NULL,NULL,102
4855,8299,C17072594689,NULL,102,NULL,IN02204569,NULL,NULL,NULL,1,NULL,13:31.8,NULL,NULL,NULL,NULL,102
4856,8323,C17072516692,NULL,102,NULL,IN0020355,NULL,NULL,NULL,1,NULL,13:31.8,NULL,NULL,NULL,NULL,102
4857,8352,C17072540584,NULL,102,NULL,ETB0000109,NULL,NULL,NULL,1,NULL,13:31.8,NULL,NULL,NULL,NULL,102
4858,8354,C17072582804,NULL,102,NULL,OSM00610,NULL,NULL,NULL,1,NULL,13:31.8,NULL,NULL,NULL,NULL,102
4859,8358,C17072582279,NULL,102,NULL,20000256,NULL,NULL,NULL,1,NULL,13:31.8,NULL,NULL,NULL,NULL,102
4860,8373,C17072584217,NULL,102,NULL,OSE107,NULL,NULL,NULL,1,NULL,13:31.8,NULL,NULL,NULL,NULL,102
4861,8432,C17072581030,NULL,102,NULL,16110051,NULL,NULL,NULL,1,NULL,13:31.8,NULL,NULL,NULL,NULL,102
4862,8435,C17072564692,NULL,102,NULL,IN00802788,NULL,NULL,NULL,1,NULL,13:31.8,NULL,NULL,NULL,NULL,102
4863,8491,C17072525586,NULL,102,NULL,INAP040481,NULL,NULL,NULL,1,NULL,13:31.8,NULL,NULL,NULL,NULL,102
4864,8495,C17072593945,NULL,102,NULL,ETB0000370,NULL,NULL,NULL,1,NULL,13:31.8,NULL,NULL,NULL,NULL,102
4865,8510,C17072598053,NULL,102,NULL,103312,NULL,NULL,NULL,1,NULL,13:31.8,NULL,NULL,NULL,NULL,102
4866,8533,C17072528783,NULL,102,NULL,IN00805129,NULL,NULL,NULL,1,NULL,13:31.8,NULL,NULL,NULL,NULL,102
4867,8563,C17072594736,NULL,102,NULL,IN02205006,NULL,NULL,NULL,1,NULL,13:31.8,NULL,NULL,NULL,NULL,102
4868,8596,C17072549388,NULL,102,NULL,IN00400074,NULL,NULL,NULL,1,NULL,13:31.9,NULL,NULL,NULL,NULL,102
4869,8609,C17072570681,NULL,102,NULL,IN20M00403,NULL,NULL,NULL,1,NULL,13:31.9,NULL,NULL,NULL,NULL,102
4870,8618,C17072510675,NULL,102,NULL,INWB043206,NULL,NULL,NULL,1,NULL,13:31.9,NULL,NULL,NULL,NULL,102
4871,8628,C17072590416,NULL,102,NULL,ETB0001884,NULL,NULL,NULL,1,NULL,13:31.9,NULL,NULL,NULL,NULL,102
4872,8658,C17072599872,NULL,102,NULL,IFMDEL0306,NULL,NULL,NULL,1,NULL,13:31.9,NULL,NULL,NULL,NULL,102
4873,8670,C17072582751,NULL,102,NULL,ETB0000012,NULL,NULL,NULL,1,NULL,13:31.9,NULL,NULL,NULL,NULL,102
4874,8801,C17072559577,NULL,102,NULL,SR0103,NULL,NULL,NULL,1,NULL,13:31.9,NULL,NULL,NULL,NULL,102
4875,8815,C17072511886,NULL,102,NULL,GEM137,NULL,NULL,NULL,1,NULL,13:31.9,NULL,NULL,NULL,NULL,102
4876,8886,C17072525339,NULL,102,NULL,INA1700610,NULL,NULL,NULL,1,NULL,13:31.9,NULL,NULL,NULL,NULL,102
4877,8939,C17072540693,NULL,102,NULL,ETB0000451,NULL,NULL,NULL,1,NULL,13:31.9,NULL,NULL,NULL,NULL,102
4878,8951,C17072535862,NULL,102,NULL,IE1022,NULL,NULL,NULL,1,NULL,13:31.9,NULL,NULL,NULL,NULL,102
4879,8970,C17072562289,NULL,102,NULL,118418,NULL,NULL,NULL,1,NULL,13:31.9,NULL,NULL,NULL,NULL,102
4880,8986,C17072567808,NULL,102,NULL,ETB0001589,NULL,NULL,NULL,1,NULL,13:31.9,NULL,NULL,NULL,NULL,102
4881,9012,C17072593185,NULL,102,NULL,IN08001007,NULL,NULL,NULL,1,NULL,13:31.9,NULL,NULL,NULL,NULL,102
4882,9024,C17072533896,NULL,102,NULL,15003982,NULL,NULL,NULL,1,NULL,13:31.9,NULL,NULL,NULL,NULL,102
4883,9042,C17072510914,NULL,102,NULL,ST00002035,NULL,NULL,NULL,1,NULL,13:31.9,NULL,NULL,NULL,NULL,102
4884,9061,C17072529408,NULL,102,NULL,183010,NULL,NULL,NULL,1,NULL,13:31.9,NULL,NULL,NULL,NULL,102
4885,9087,C17072574423,NULL,102,NULL,TEMP000082,NULL,NULL,NULL,1,NULL,13:31.9,NULL,NULL,NULL,NULL,102
4886,9092,C17072561527,NULL,102,NULL,2000667,NULL,NULL,NULL,1,NULL,13:31.9,NULL,NULL,NULL,NULL,102
4887,9093,C17072522730,NULL,102,NULL,ST00001366,NULL,NULL,NULL,1,NULL,13:31.9,NULL,NULL,NULL,NULL,102
4888,9094,C17072538272,NULL,102,NULL,IN08078636,NULL,NULL,NULL,1,NULL,13:31.9,NULL,NULL,NULL,NULL,102
4889,9095,C17072587993,NULL,102,NULL,INM000306,NULL,NULL,NULL,1,NULL,13:31.9,NULL,NULL,NULL,NULL,102
4890,9107,C17072580734,NULL,102,NULL,IN08094544,NULL,NULL,NULL,1,NULL,13:31.9,NULL,NULL,NULL,NULL,102
4891,9132,C17072510232,NULL,102,NULL,AERDC00919,NULL,NULL,NULL,1,NULL,13:31.9,NULL,NULL,NULL,NULL,102
4892,9134,C17072539400,NULL,102,NULL,ETB 1080,NULL,NULL,NULL,1,NULL,13:31.9,NULL,NULL,NULL,NULL,102
4893,9140,C17072597241,NULL,102,NULL,AERDC00915,NULL,NULL,NULL,1,NULL,13:31.9,NULL,NULL,NULL,NULL,102
4894,9253,C17072592740,NULL,102,NULL,GEM407,NULL,NULL,NULL,1,NULL,13:31.9,NULL,NULL,NULL,NULL,102
4895,9295,C17072581382,NULL,102,NULL,WC01100113,NULL,NULL,NULL,1,NULL,13:31.9,NULL,NULL,NULL,NULL,102
4896,9296,C17072580162,NULL,102,NULL,IN08078807,NULL,NULL,NULL,1,NULL,13:31.9,NULL,NULL,NULL,NULL,102
4897,9345,C17072565566,NULL,102,NULL,IN01100318,NULL,NULL,NULL,1,NULL,13:31.9,NULL,NULL,NULL,NULL,102
4898,9386,C17072589724,NULL,102,NULL,INDL092957,NULL,NULL,NULL,1,NULL,13:31.9,NULL,NULL,NULL,NULL,102
4899,9394,C17072558060,NULL,102,NULL,INA1300019,NULL,NULL,NULL,1,NULL,13:31.9,NULL,NULL,NULL,NULL,102
4900,9456,C17072579010,NULL,102,NULL,193401,NULL,NULL,NULL,1,NULL,13:31.9,NULL,NULL,NULL,NULL,102
4901,9502,C17072516020,NULL,102,NULL,IN17R00021,NULL,NULL,NULL,1,NULL,13:31.9,NULL,NULL,NULL,NULL,102
4902,9534,C17072570761,NULL,102,NULL,ST00001686,NULL,NULL,NULL,1,NULL,13:31.9,NULL,NULL,NULL,NULL,102
4903,9541,C17072579215,NULL,102,NULL,IN08094805,NULL,NULL,NULL,1,NULL,13:31.9,NULL,NULL,NULL,NULL,102
4904,9569,C17072549223,NULL,102,NULL,17008508,NULL,NULL,NULL,1,NULL,13:31.9,NULL,NULL,NULL,NULL,102
4905,9634,C17072559578,NULL,102,NULL,IN00808771,NULL,NULL,NULL,1,NULL,13:31.9,NULL,NULL,NULL,NULL,102
4906,9635,C17072583813,NULL,102,NULL,15003723,NULL,NULL,NULL,1,NULL,13:31.9,NULL,NULL,NULL,NULL,102
4907,9638,C17072598422,NULL,102,NULL,20001366,NULL,NULL,NULL,1,NULL,13:31.9,NULL,NULL,NULL,NULL,102
4908,9664,C17072551132,NULL,102,NULL,IN15P00377,NULL,NULL,NULL,1,NULL,13:31.9,NULL,NULL,NULL,NULL,102
4909,9682,C17072585204,NULL,102,NULL,IN00022069,NULL,NULL,NULL,1,NULL,13:31.9,NULL,NULL,NULL,NULL,102
4910,9744,C17072590927,NULL,102,NULL,SSPI410855,NULL,NULL,NULL,1,NULL,13:31.9,NULL,NULL,NULL,NULL,102
4911,9831,C17072529263,NULL,102,NULL,193333,NULL,NULL,NULL,1,NULL,13:31.9,NULL,NULL,NULL,NULL,102
4912,9840,C17072569221,NULL,102,NULL,193340,NULL,NULL,NULL,1,NULL,13:31.9,NULL,NULL,NULL,NULL,102
4913,9873,C17072598103,NULL,102,NULL,IN04000204,NULL,NULL,NULL,1,NULL,13:31.9,NULL,NULL,NULL,NULL,102
4914,9912,C17072520390,NULL,102,NULL,GEM254,NULL,NULL,NULL,1,NULL,13:31.9,NULL,NULL,NULL,NULL,102
4915,9920,C17072518399,NULL,102,NULL,IN12J00002,NULL,NULL,NULL,1,NULL,13:31.9,NULL,NULL,NULL,NULL,102
4916,9939,C17072567757,NULL,102,NULL,ETB0001392,NULL,NULL,NULL,1,NULL,13:31.9,NULL,NULL,NULL,NULL,102
4917,9971,C17072513331,NULL,102,NULL,IN00033099,NULL,NULL,NULL,1,NULL,13:31.9,NULL,NULL,NULL,NULL,102
4918,9979,C17072598944,NULL,102,NULL,IN03300018,NULL,NULL,NULL,1,NULL,13:31.9,NULL,NULL,NULL,NULL,102
4919,10026,C17072568451,NULL,102,NULL,ETB0000062,NULL,NULL,NULL,1,NULL,13:31.9,NULL,NULL,NULL,NULL,102
4920,10101,C17072572706,NULL,102,NULL,IN00807759,NULL,NULL,NULL,1,NULL,13:31.9,NULL,NULL,NULL,NULL,102
4921,10108,C17072534949,NULL,102,NULL,IN00800449,NULL,NULL,NULL,1,NULL,13:31.9,NULL,NULL,NULL,NULL,102
4922,10114,C17072585282,NULL,102,NULL,IN12U00001,NULL,NULL,NULL,1,NULL,13:31.9,NULL,NULL,NULL,NULL,102
4923,10118,C17072574224,NULL,102,NULL,AERDC00322,NULL,NULL,NULL,1,NULL,13:31.9,NULL,NULL,NULL,NULL,102
4924,10131,C17072527674,NULL,102,NULL,IN00802806,NULL,NULL,NULL,1,NULL,13:31.9,NULL,NULL,NULL,NULL,102
4925,10147,C17072551296,NULL,102,NULL,IN44000149,NULL,NULL,NULL,1,NULL,13:31.9,NULL,NULL,NULL,NULL,102
4926,10177,C17072568257,NULL,102,NULL,IN08008091,NULL,NULL,NULL,1,NULL,13:31.9,NULL,NULL,NULL,NULL,102
4927,10182,C17072523316,NULL,102,NULL,IN00802569,NULL,NULL,NULL,1,NULL,13:31.9,NULL,NULL,NULL,NULL,102
4928,10196,C17072518498,NULL,102,NULL,IN0044060,NULL,NULL,NULL,1,NULL,13:31.9,NULL,NULL,NULL,NULL,102
4929,10204,C17072565721,NULL,102,NULL,ID0826,NULL,NULL,NULL,1,NULL,13:31.9,NULL,NULL,NULL,NULL,102
4930,10217,C17072596836,NULL,102,NULL,IN12D00151,NULL,NULL,NULL,1,NULL,13:31.9,NULL,NULL,NULL,NULL,102
4931,10269,C17072527804,NULL,102,NULL,IA3272,NULL,NULL,NULL,1,NULL,13:31.9,NULL,NULL,NULL,NULL,102
4932,10276,C17072569482,NULL,102,NULL,ES00000113,NULL,NULL,NULL,1,NULL,13:31.9,NULL,NULL,NULL,NULL,102
4933,10303,C17072518919,NULL,102,NULL,INMH010326,NULL,NULL,NULL,1,NULL,13:31.9,NULL,NULL,NULL,NULL,102
4934,10429,C17072546265,NULL,102,NULL,INWB072087,NULL,NULL,NULL,1,NULL,13:31.9,NULL,NULL,NULL,NULL,102
4935,10815,C17072572521,NULL,102,NULL,C111035,NULL,NULL,NULL,1,NULL,13:31.9,NULL,NULL,NULL,NULL,102
4936,10939,C17072569731,NULL,102,NULL,20000686,NULL,NULL,NULL,1,NULL,13:31.9,NULL,NULL,NULL,NULL,102
4937,11620,C17072530577,NULL,102,NULL,INHR012351,NULL,NULL,NULL,1,NULL,13:31.9,NULL,NULL,NULL,NULL,102
4938,11844,C17072545694,NULL,102,NULL,17002776,NULL,NULL,NULL,1,NULL,13:31.9,NULL,NULL,NULL,NULL,102
4939,12237,C17072589826,NULL,102,NULL,IT0560,NULL,NULL,NULL,1,NULL,13:31.9,NULL,NULL,NULL,NULL,102
4940,12265,C17072548684,NULL,102,NULL,COMM130248,NULL,NULL,NULL,1,NULL,13:31.9,NULL,NULL,NULL,NULL,102
4941,12294,C17072584862,NULL,102,NULL,C111035,NULL,NULL,NULL,1,NULL,13:31.9,NULL,NULL,NULL,NULL,102
4942,12301,C17072596662,NULL,102,NULL,IN03300090,NULL,NULL,NULL,1,NULL,13:31.9,NULL,NULL,NULL,NULL,102
4943,12311,C17072567196,NULL,102,NULL,ETB0000110,NULL,NULL,NULL,1,NULL,13:31.9,NULL,NULL,NULL,NULL,102
4944,12332,C17072522091,NULL,102,NULL,IN00022433,NULL,NULL,NULL,1,NULL,13:31.9,NULL,NULL,NULL,NULL,102
4945,12343,C17072531596,NULL,102,NULL,IN00800452,NULL,NULL,NULL,1,NULL,13:31.9,NULL,NULL,NULL,NULL,102
4946,12953,C17072581734,NULL,102,NULL,IN04000055,NULL,NULL,NULL,1,NULL,13:31.9,NULL,NULL,NULL,NULL,102
4947,209,C17072586663,NULL,NULL,,,NULL,NULL,0,1,mkjain.ord@ord.gov.in,11:04.4,117.250.169.34,NULL,NULL,NULL,52
4948,424,C17072556365,NULL,NULL,,UDYAM-MH-18-0004183,17-08-2020,NULL,0,1,cqav-dgqa@nic.in,11:22.5,117.222.162.6,NULL,NULL,NULL,16
4949,373,C17072556273,NULL,NULL,,509545,01-04-2024,31-03-2027,0,1,mkjain.ord@ord.gov.in,35:58.0,117.250.169.34,NULL,NULL,NULL,65
4950,373,C17072556273,NULL,NULL,,CC-2265,04-01-2023,03-01-2025,0,1,mkjain.ord@ord.gov.in,40:20.4,117.250.169.34,NULL,NULL,NULL,86
4951,1994,C17072517791,NULL,NULL,,Q-9105034196,05-03-2024,04-03-2027,0,1,mkjain.ord@ord.gov.in,01:06.1,117.250.169.34,NULL,NULL,NULL,1
4952,1994,C17072517791,NULL,NULL,,UDYAM-RJ-17-0039349,15-01-2021,NULL,0,1,mkjain.ord@ord.gov.in,10:49.5,117.250.169.34,NULL,NULL,NULL,16
4953,1994,C17072517791,NULL,NULL,,08AAACJ4816C1ZX,01-07-2017,NULL,0,1,mkjain.ord@ord.gov.in,27:37.3,117.250.169.34,NULL,NULL,NULL,10
4954,699,C17072517791,NULL,NULL,,10253584,02-03-2020,09-03-2023,0,1,mkjain.ord@ord.gov.in,30:38.6,117.250.169.34,mkjain.ord@ord.gov.in,32:56.6,117.250.169.34,1
4955,1994,C17072517791,NULL,NULL,,U26101RJ1972PTC001391,NULL,NULL,0,1,mkjain.ord@ord.gov.in,35:30.6,117.250.169.34,NULL,NULL,NULL,91
4956,10310,C17072564541,NULL,NULL,,MP24B0012010,NULL,NULL,0,1,mkjain.ord@ord.gov.in,47:20.4,117.250.169.34,NULL,NULL,NULL,5
4957,10310,C17072564541,NULL,NULL,,IAS/QMS/E1717,28-11-2020,NULL,0,1,mkjain.ord@ord.gov.in,48:08.9,117.250.169.34,NULL,NULL,NULL,1
4958,10310,C17072564541,NULL,NULL,,MUMS50937F,19-01-2018,NULL,0,1,mkjain.ord@ord.gov.in,49:13.7,117.250.169.34,NULL,NULL,NULL,54
4959,11,C17072524873,NULL,NULL,,AABCM6345A,01-06-2017,NULL,0,1,mkjain.ord@ord.gov.in,56:56.6,117.250.169.34,NULL,NULL,NULL,54
4960,11,C17072524873,NULL,NULL,,TC-7139,13-04-2018,NULL,0,1,mkjain.ord@ord.gov.in,59:03.3,117.250.169.34,NULL,NULL,NULL,74
4961,254,C17072576380,NULL,NULL,,0474346/IATF,10-05-2023,05-09-2026,0,1,cqav-dgqa@nic.in,00:21.0,117.223.83.128,NULL,NULL,NULL,62
4962,11,C17072524873,NULL,NULL,,UI4292TG1973GOI001660,NULL,NULL,0,1,mkjain.ord@ord.gov.in,03:56.1,117.250.169.34,NULL,NULL,NULL,35
4963,5630,C17072577530,NULL,NULL,,Q-13962/0,NULL,14-09-2027,0,1,cqav-dgqa@nic.in,47:47.1,117.212.252.115,NULL,NULL,NULL,1
4964,989,C17072510213,NULL,NULL,,0090408AT01SB,20-05-2023,19-05-2026,0,1,hsyadav1@ord.gov.in,33:19.9,117.251.103.193,NULL,NULL,NULL,1
4965,14912,C17072557007,NULL,NULL,,305022081015Q,10-08-2022,09-08-2025,0,1,hsyadav1@ord.gov.in,12:26.9,117.251.103.193,NULL,NULL,NULL,1
4966,10567,C17072593712,NULL,NULL,,,NULL,NULL,0,1,hsyadav1@ord.gov.in,59:10.8,117.251.103.193,NULL,NULL,NULL,0
4967,208,C17072512321,NULL,NULL,,IND.21.22230/QM/U,07-01-1998,14-01-2025,0,1,hsyadav1@ord.gov.in,51:37.2,117.251.103.193,NULL,NULL,NULL,1
4968,944,C17072593078,NULL,NULL,,Q9107198,01-01-2009,11-12-2023,0,1,hsyadav1@ord.gov.in,23:09.8,117.251.103.193,NULL,NULL,NULL,1
4969,7211,C17072513382,NULL,NULL,,NSIC/KOL/GP/RS/REGN/WB/M-742/08,01-03-2024,12-03-2026,0,1,dqawp@navy.gov.in,36:02.8,59.176.169.169,NULL,NULL,NULL,6
4970,6772,C17072554302,NULL,NULL,,,NULL,NULL,0,1,hsyadav1@ord.gov.in,39:53.9,117.251.103.193,NULL,NULL,NULL,0
4971,995,C17072564741,NULL,NULL,,,NULL,NULL,0,1,hsyadav1@ord.gov.in,47:46.0,117.251.103.193,NULL,NULL,NULL,0
4972,2090,C17072516858,NULL,NULL,,,NULL,NULL,0,1,hsyadav1@ord.gov.in,03:23.6,117.251.103.193,NULL,NULL,NULL,0
4973,32,C17072551946,NULL,NULL,,,NULL,NULL,0,1,hsyadav1@ord.gov.in,19:39.5,117.251.103.193,NULL,NULL,NULL,0
4974,36,C17072579553,NULL,NULL,,,NULL,NULL,0,1,hsyadav1@ord.gov.in,28:06.9,117.251.103.193,NULL,NULL,NULL,0
4975,21,C17072567871,NULL,NULL,,,NULL,NULL,0,1,hsyadav1@ord.gov.in,39:23.8,117.251.103.193,NULL,NULL,NULL,0
4976,14,C17072512956,NULL,NULL,,,NULL,NULL,0,1,hsyadav1@ord.gov.in,06:34.1,117.251.103.193,NULL,NULL,NULL,0
4977,6611,C17072569432,NULL,NULL,,,NULL,NULL,0,1,hsyadav1@ord.gov.in,13:28.9,117.251.103.193,NULL,NULL,NULL,0
4978,6611,C17072569432,NULL,NULL,,,NULL,NULL,0,1,hsyadav1@ord.gov.in,15:52.9,117.251.103.193,NULL,NULL,NULL,0
4979,7176,C17072583368,NULL,NULL,,,NULL,NULL,0,1,hsyadav1@ord.gov.in,17:05.8,117.251.103.193,NULL,NULL,NULL,0
4980,5847,C17072527574,NULL,NULL,,,NULL,NULL,0,1,hsyadav1@ord.gov.in,33:14.3,117.251.103.193,NULL,NULL,NULL,0
4981,5847,C17072527574,NULL,NULL,,,NULL,NULL,0,1,hsyadav1@ord.gov.in,35:04.7,117.251.103.193,NULL,NULL,NULL,0
4982,8960,C17072578793,NULL,NULL,,,NULL,NULL,0,1,hsyadav1@ord.gov.in,41:53.7,117.251.103.193,NULL,NULL,NULL,0
4983,8960,C17072578793,NULL,NULL,,,NULL,NULL,0,1,hsyadav1@ord.gov.in,42:56.2,117.251.103.193,NULL,NULL,NULL,0
4984,972,C17072550474,NULL,NULL,,,NULL,NULL,0,1,hsyadav1@ord.gov.in,47:19.9,117.251.103.193,NULL,NULL,NULL,0
4985,972,C17072550474,NULL,NULL,,,NULL,NULL,0,1,hsyadav1@ord.gov.in,48:07.6,117.251.103.193,NULL,NULL,NULL,0
4986,12134,C17072560866,NULL,NULL,,,NULL,NULL,0,1,hsyadav1@ord.gov.in,03:53.0,117.251.103.193,NULL,NULL,NULL,0
4987,12134,C17072560866,NULL,NULL,,,NULL,NULL,0,1,hsyadav1@ord.gov.in,04:42.1,117.251.103.193,NULL,NULL,NULL,0
4988,11767,C17072564611,NULL,NULL,,,NULL,NULL,0,1,hsyadav1@ord.gov.in,41:19.8,117.251.103.193,NULL,NULL,NULL,0
4989,8719,C17072520868,NULL,NULL,,,NULL,NULL,0,1,hsyadav1@ord.gov.in,10:32.4,117.251.103.193,NULL,NULL,NULL,41
4990,998,C17072547004,NULL,NULL,,109251/A/0001/NB/EN,16-12-2019,15-12-2022,0,1,hsyadav1@ord.gov.in,14:21.2,117.251.103.193,NULL,NULL,NULL,1
